payment_id,reservation_id,payment_date,payment_method,amount,payment_status
PMT-CBF2CE6A1D,RES-BA355B9B3A,05-31-2026 12:00 AM,mobile_money,1397.7,Pending
PMT-F9A8A4FB80,RES-BA355B9B3A,05-03-2025 12:00 AM,cash,1488.43,paid
PMT-026CD17532,RES-624C1EEAB7,2025-05-04 00:00:00,bank_transfer,1516.96,pending
PMT-FCCE9B467B,RES-78B4A38D88,2024-05-28 00:00:00,credit_card,1311.11,SUCCESS
PMT-96864A48CF,RES-2A3A16E2B8,2026-03-19 00:00:00,bank_transfer,1728.39,success
PMT-BE1C4DB764,RES-3F8CB3ADD5,19/10/2025 00:00,mobile_money,909.04,FAILED
PMT-C3B5DB9DB0,RES-7B09B2FF55,2025-08-26 00:00:00,mobile_money,981.62,success
PMT-36D1CDBAA6,RES-6C5F3456CA,06/09/2025 00:00,bank_transfer,1423.61,Failed
PMT-1F28F1FF55,RES-7CCA3E14F3,2024-04-04 00:00:00,cash,1101.32,paid
PMT-647585B02C,RES-5797E99E3F,2025-11-12 00:00:00,paypal,498.45,Pending
PMT-A318ED64A5,RES-93161E7D9C,30/10/2024 00:00,credit_card,232.29,PENDING
PMT-DE333DD807,RES-93161E7D9C,24/08/2025 00:00,bank_transfer,1594.1,Paid
PMT-BFA6546165,RES-4E2C27C93C,2024-09-21 00:00:00,debit_card,190.2,Paid
PMT-BE29981A50,RES-FD6EB060AC,14/06/2024 00:00,credit_card,441.57,Refunded
PMT-AD82CE54CE,RES-D980051C8D,01/12/2024 00:00,credit_card,271.0,pending
PMT-9F7CCA3A9B,RES-D980051C8D,03-26-2025 12:00 AM,cash,772.41,success
PMT-0823126D24,RES-D980051C8D,2026-04-25 00:00:00,mobile_money,1553.14,pending
PMT-8EA1B7D880,RES-05168B879E,11/06/2024 00:00,mobile_money,296.9,PENDING
PMT-3C5E50F5AA,RES-18B74254AB,11-06-2025 12:00 AM,credit_card,1657.45,PENDING
PMT-3786D5F53C,RES-CAFE3B8C5A,18/03/2026 00:00,bank_transfer,144.9,Paid
PMT-7070DBC4C6,RES-CAFE3B8C5A,2025-01-22 00:00:00,bank_transfer,1409.39,REFUNDED
PMT-8F99D89746,RES-CAFE3B8C5A,12-21-2025 12:00 AM,debit_card,1704.75,PENDING
PMT-07373446C4,RES-C5755214D7,2025-11-07 00:00:00,cash,447.33,paid
PMT-FBD1528DE1,RES-DFE78CDABC,13/12/2025 00:00,cash,743.01,REFUNDED
PMT-BCEDFAA5A5,RES-406F327026,11-16-2024 12:00 AM,bank_transfer,1384.59,paid
PMT-433CA18A44,RES-57B9850FAF,2024-04-26 00:00:00,mobile_money,1047.82,success
PMT-E3630EC312,RES-57B9850FAF,2025-12-14 00:00:00,debit_card,939.18,REFUNDED
PMT-D2B0AAAE82,RES-57B9850FAF,11-06-2024 12:00 AM,credit_card,845.36,Pending
PMT-C5B4D2898A,RES-9D2240509B,11-07-2025 12:00 AM,mobile_money,1422.33,failed
PMT-66F5721B82,RES-CB93274F7B,2025-01-16 00:00:00,bank_transfer,499.95,SUCCESS
PMT-BFBB8761A1,RES-6BD4268978,07/08/2024 00:00,credit_card,274.9,SUCCESS
PMT-C75857AB2C,RES-32592156CE,2024-03-21 00:00:00,debit_card,1541.8,Refunded
PMT-59563DC13F,RES-C5B7F0BBD8,2025-10-18 00:00:00,debit_card,1302.78,paid
PMT-288F4EE1DA,RES-A7F5A8D586,07-19-2025 12:00 AM,bank_transfer,635.01,refunded
PMT-676C5D6499,RES-8C5F55A7B5,05-02-2026 12:00 AM,cash,1547.1,DECLINED
PMT-0DF1F3E21B,RES-E3C6802D8E,2024-09-07 00:00:00,credit_card,1121.8,Refunded
PMT-4133633EC6,RES-8968B1F12F,11-19-2024 12:00 AM,cash,557.28,REFUNDED
PMT-901C0F74D2,RES-A3407C27CE,2025-11-05 00:00:00,mobile_money,248.27,REFUNDED
PMT-345D7EB0C8,RES-A43A65EABE,11-25-2024 12:00 AM,bank_transfer,1403.53,Failed
PMT-0FD567FF68,RES-A43A65EABE,06-18-2026 12:00 AM,bank_transfer,274.86,PENDING
PMT-133F458654,RES-533A253706,09-23-2024 12:00 AM,cash,701.24,PAID
PMT-64C2191C69,RES-71B23056C3,17/04/2026 00:00,cash,280.55,Pending
PMT-DEBAB12A11,RES-8FCEA74E8F,06/05/2026 00:00,bank_transfer,1093.06,FAILED
PMT-7662183FF1,RES-F8219A379A,2024-02-03 00:00:00,debit_card,806.85,Failed
PMT-C51459EEA7,RES-8D619A0D27,08/12/2024 00:00,paypal,1630.68,FAILED
PMT-E675B6F945,RES-4E3C02530B,07/11/2025 00:00,mobile_money,1676.33,refunded
PMT-50B7711AB1,RES-88DF66DBFE,05/09/2025 00:00,mobile_money,59.11,Pending
PMT-3529287DF4,RES-84412E68EF,05/02/2025 00:00,credit_card,1042.46,refunded
PMT-390A9B9E24,RES-84412E68EF,2024-02-15 00:00:00,paypal,1136.66,pending
PMT-BFA1C89478,RES-84412E68EF,12-15-2025 12:00 AM,paypal,1473.99,PAID
PMT-5796747529,RES-63F1AD8F5D,02-27-2025 12:00 AM,debit_card,1739.37,SUCCESS
PMT-8EBA176948,RES-EF0C6EEC1F,03-10-2025 12:00 AM,mobile_money,248.24,REFUNDED
PMT-D59F6D4C30,RES-EF0C6EEC1F,2026-01-30 00:00:00,paypal,959.88,Failed
PMT-1C2151D38D,RES-0C8B96B3CE,2025-08-07 00:00:00,paypal,1281.91,pending
PMT-1BAD472185,RES-04952B9014,2024-02-17 00:00:00,debit_card,1117.46,FAILED
PMT-DE9B0D4070,RES-7E3EF0B4EE,04/02/2026 00:00,debit_card,415.95,paid
PMT-5A7920DE52,RES-D5D17FC17F,11-28-2025 12:00 AM,mobile_money,160.19,PENDING
PMT-5A7D6815E4,RES-E30A4EA268,2026-02-11 00:00:00,bank_transfer,1071.45,Failed
PMT-A38DB76228,RES-E30A4EA268,14/12/2024 00:00,mobile_money,151.17,Paid
PMT-03E9F3C754,RES-C841BEEFAC,09/05/2024 00:00,paypal,1463.62,declined
PMT-8C6CDBF214,RES-407FC5EEF3,04/06/2025 00:00,debit_card,816.94,REFUNDED
PMT-B87A350C33,RES-970F1F1E15,22/03/2025 00:00,bank_transfer,737.36,paid
PMT-AD017DC927,RES-815829BC06,03/04/2024 00:00,credit_card,1089.95,SUCCESS
PMT-8DD952749B,RES-815829BC06,2025-08-08 00:00:00,debit_card,1430.96,Failed
PMT-7C8F20185C,RES-815829BC06,06/02/2024 00:00,mobile_money,251.84,Failed
PMT-668E65C091,RES-1929001493,2024-02-22 00:00:00,mobile_money,240.12,FAILED
PMT-41806C5950,RES-E282901F70,11/11/2025 00:00,credit_card,293.79,success
PMT-353582B82A,RES-D8A26AAE6F,06-02-2024 12:00 AM,credit_card,418.55,refunded
PMT-F55AC2B548,RES-1D53601C38,10-17-2024 12:00 AM,credit_card,424.16,Pending
PMT-A0B7BB4BB5,RES-758A1A57A5,2025-02-18 00:00:00,credit_card,529.72,failed
PMT-9357A90957,RES-26D9FCB7C3,2024-09-20 00:00:00,paypal,1588.83,Paid
PMT-166AE68720,RES-87EB474A0D,2025-02-01 00:00:00,cash,775.26,REFUNDED
PMT-A7ABAB5539,RES-016577552F,2024-10-23 00:00:00,paypal,76.53,Pending
PMT-BC51E5C6C1,RES-507E1096BD,09/07/2024 00:00,bank_transfer,196.14,declined
PMT-7D5CF6678B,RES-25A1A9908E,2024-01-02 00:00:00,credit_card,576.59,paid
PMT-BE4DD861F1,RES-A81AADB045,,credit_card,246.82,Pending
PMT-3DAA30D032,RES-118AC4F76C,01-20-2026 12:00 AM,bank_transfer,607.5,pending
PMT-DE53BE754E,RES-8963B68E76,2025-04-23 00:00:00,paypal,1560.15,Pending
PMT-4C2DE5B9C4,RES-75910826CB,2025-07-13 00:00:00,credit_card,393.07,Refunded
PMT-757F2814D8,RES-0359554203,2025-08-27 00:00:00,cash,875.26,Refunded
PMT-BEA27D01B7,RES-AA2B638637,2024-06-30 00:00:00,paypal,1085.24,PENDING
PMT-1D69E29BDB,RES-BDBFA702E5,05/09/2024 00:00,paypal,756.0,FAILED
PMT-7D26179D08,RES-1D7289AF1F,26/08/2024 00:00,paypal,285.02,REFUNDED
PMT-2107C77533,RES-1D7289AF1F,01-04-2026 12:00 AM,mobile_money,1736.79,Paid
PMT-9D8698E815,RES-1D7289AF1F,08-08-2025 12:00 AM,mobile_money,819.36,PAID
PMT-0FE0ABF848,RES-79E1447F58,,mobile_money,1304.01,FAILED
PMT-202F326B11,RES-56B2929859,16/10/2024 00:00,mobile_money,1667.73,declined
PMT-57D486D24B,RES-56B2929859,16/12/2025 00:00,mobile_money,935.04,success
PMT-51D9021E36,RES-0746CC0B65,2025-08-01 00:00:00,bank_transfer,624.05,PAID
PMT-8DDE973B6F,RES-E7C5083356,19/10/2025 00:00,credit_card,531.7,Pending
PMT-B3489BE623,RES-47DE87C66B,2025-01-20 00:00:00,paypal,1555.87,FAILED
PMT-4D8E2E8ABB,RES-3C03C6762C,12-30-2025 12:00 AM,cash,1425.29,pending
PMT-7A444F6E0A,RES-17AFBA037A,21/02/2026 00:00,debit_card,440.78,Refunded
PMT-07963AAE13,RES-17AFBA037A,12-26-2025 12:00 AM,bank_transfer,1141.48,Refunded
PMT-37BA3530F9,RES-8E2FA5F0AA,2024-07-21 00:00:00,mobile_money,1067.45,REFUNDED
PMT-48785FEE42,RES-E7A9CA380D,31/05/2025 00:00,credit_card,764.97,paid
PMT-E80E1E468D,RES-B7C490E307,03-01-2024 12:00 AM,cash,675.31,REFUNDED
PMT-DAC77D4665,RES-9CB535A769,09-12-2024 12:00 AM,bank_transfer,1024.55,pending
PMT-B290CA89AC,RES-6BCF2E81EE,05-24-2025 12:00 AM,credit_card,368.75,success
PMT-72D36F3FFF,RES-6F77EF71A6,2025-12-01 00:00:00,paypal,1761.71,PAID
PMT-C2F6584626,RES-BBEAE78BB7,01-28-2024 12:00 AM,debit_card,1052.64,PENDING
PMT-F727A9D51B,RES-0306B2D350,12-29-2025 12:00 AM,credit_card,1038.17,PENDING
PMT-26C99DF31F,RES-B08F6EFB3E,2025-01-09 00:00:00,paypal,104.25,DECLINED
PMT-B88DD9AFFA,RES-FC845E9A65,2025-05-28 00:00:00,bank_transfer,1132.98,pending
PMT-45B8DC999D,RES-C3AB4FF67A,2024-06-20 00:00:00,paypal,1430.26,Refunded
PMT-5406172C45,RES-8016F27903,2025-09-07 00:00:00,cash,390.8,pending
PMT-3B324E6816,RES-66F859555A,2024-06-30 00:00:00,credit_card,1158.89,SUCCESS
PMT-D0FBEDDF99,RES-18E3CA5757,2026-04-15 00:00:00,credit_card,993.57,REFUNDED
PMT-590C67FB86,RES-83795EB47D,02/08/2025 00:00,debit_card,1063.78,PAID
PMT-E4DF3C4AF8,RES-1E11D5771E,2025-03-06 00:00:00,bank_transfer,672.68,Failed
PMT-279A2D1E96,RES-1E11D5771E,02/02/2026 00:00,credit_card,1648.32,Paid
PMT-48369CF57A,RES-4F2259C177,03-08-2024 12:00 AM,mobile_money,374.15,refunded
PMT-CA2F999983,RES-0D171B5195,2025-03-22 00:00:00,mobile_money,208.65,DECLINED
PMT-2A4B27DD96,RES-2CE6EDAD13,2026-02-23 00:00:00,bank_transfer,715.74,pending
PMT-BD894A3AA1,RES-C3F637C331,2026-01-14 00:00:00,cash,708.18,refunded
PMT-6E26A966D9,RES-3583379AC3,2025-03-11 00:00:00,bank_transfer,658.17,Refunded
PMT-16B93C654B,RES-1E3925348A,03-17-2026 12:00 AM,cash,57.5,declined
PMT-DBF2C8F5C5,RES-1E3925348A,2024-07-14 00:00:00,cash,1541.33,paid
PMT-43C61993C9,RES-0B4F405B7F,12-02-2025 12:00 AM,credit_card,1156.57,Failed
PMT-D5AE33401C,RES-E596572931,2024-11-12 00:00:00,paypal,646.66,PAID
PMT-949A2CC1C0,RES-568428113D,05-18-2024 12:00 AM,credit_card,1178.53,PENDING
PMT-FB33A81832,RES-8988751EB7,,paypal,797.71,Pending
PMT-6C7890C373,RES-56E59EABC1,06-12-2025 12:00 AM,credit_card,743.58,Paid
PMT-1588D6774D,RES-56E59EABC1,17/04/2025 00:00,cash,1109.46,SUCCESS
PMT-298BFF8A7E,RES-56E59EABC1,05/07/2025 00:00,credit_card,1480.56,Failed
PMT-B0BA509B44,RES-F3C08A42DA,10-09-2024 12:00 AM,debit_card,748.01,REFUNDED
PMT-9ACFB2B0BA,RES-1428706647,2025-05-11 00:00:00,bank_transfer,821.08,pending
PMT-AEFA4713B9,RES-1428706647,22/11/2024 00:00,cash,127.75,PENDING
PMT-DD551AFE94,RES-1428706647,12-23-2024 12:00 AM,paypal,394.22,PAID
PMT-36EF1A8B5D,RES-A9EAB55CDF,06/01/2026 00:00,cash,224.95,refunded
PMT-2F5335A7EC,RES-A9EAB55CDF,2024-12-04 00:00:00,bank_transfer,1150.79,DECLINED
PMT-74B86DD04F,RES-A9EAB55CDF,2024-10-07 00:00:00,debit_card,1434.24,refunded
PMT-84DE4EC387,RES-44A729A527,06/04/2025 00:00,bank_transfer,,Failed
PMT-879D7A8E99,RES-10C561889B,06-18-2024 12:00 AM,paypal,1081.02,failed
PMT-C4A319FD77,RES-5F523A87B8,02-23-2026 12:00 AM,paypal,1260.53,failed
PMT-DE95AAE93A,RES-5ED6B4A78D,2024-12-21 00:00:00,credit_card,1660.07,PAID
PMT-016B713E0A,RES-1420F44697,2025-10-16 00:00:00,bank_transfer,756.61,PENDING
PMT-FF7A2FDB3E,RES-AF6598424D,05/02/2026 00:00,cash,973.79,PAID
PMT-059A51E055,RES-AF6598424D,2025-02-22 00:00:00,cash,1721.65,pending
PMT-B32F7564BA,RES-AF6598424D,05-18-2024 12:00 AM,mobile_money,1243.71,DECLINED
PMT-EB1F68F8E6,RES-DC3F93CC72,,credit_card,1336.32,PAID
PMT-3AF1E75564,RES-A15BE9A960,12-12-2024 12:00 AM,mobile_money,864.6,pending
PMT-03B4FFD648,RES-DAC470D1D7,2025-01-04 00:00:00,credit_card,847.26,declined
PMT-58506CA6E7,RES-ACE6271C22,2024-11-29 00:00:00,mobile_money,328.02,PAID
PMT-A5F3EF23B6,RES-7687E511B2,2024-08-06 00:00:00,bank_transfer,1150.37,DECLINED
PMT-1B53EB4BD6,RES-7687E511B2,30/08/2024 00:00,cash,658.18,Refunded
PMT-EA12AB2104,RES-2CA6361C63,03-05-2024 12:00 AM,credit_card,673.34,PAID
PMT-76F3FEA79A,RES-5B539FE538,2024-09-03 00:00:00,credit_card,1632.39,Failed
PMT-C6DA61CDE9,RES-B167A98262,04/02/2025 00:00,debit_card,1649.38,PENDING
PMT-87A4C4C4A3,RES-FBEFBFC119,04-08-2024 12:00 AM,bank_transfer,259.3,Pending
PMT-B554C5AEE2,RES-F74A471733,2025-02-10 00:00:00,paypal,265.18,failed
PMT-25AA1BB5E6,RES-C572744434,2024-05-19 00:00:00,paypal,475.79,PENDING
PMT-0F2CA1EFDD,RES-D8A8BF48E5,2025-07-17 00:00:00,mobile_money,905.57,pending
PMT-9D40433972,RES-78C4C13B71,22/12/2025 00:00,paypal,959.2,PENDING
PMT-B4116EA053,RES-44F3A8A035,08-20-2024 12:00 AM,mobile_money,928.43,refunded
PMT-2734FF3123,RES-8E9403D062,04/04/2025 00:00,debit_card,363.63,REFUNDED
PMT-6940BCC398,RES-A1F78BE7F5,29/12/2024 00:00,credit_card,934.04,REFUNDED
PMT-32EA1D0DB7,RES-82535968CD,17/08/2025 00:00,cash,1066.1,paid
PMT-99D971A0DA,RES-946B40F31B,06-02-2024 12:00 AM,paypal,1679.67,PENDING
PMT-6F00811391,RES-946B40F31B,2024-01-06 00:00:00,paypal,599.51,PAID
PMT-5D00844FEF,RES-26AD3DAEB9,2025-08-13 00:00:00,bank_transfer,1297.7,refunded
PMT-B9884E3D48,RES-8CF39B67DE,20/05/2025 00:00,cash,419.01,PAID
PMT-00D0D360B6,RES-693251F61E,04-24-2026 12:00 AM,debit_card,631.78,Pending
PMT-622EBD7B20,RES-C574583B3E,12/02/2024 00:00,bank_transfer,437.77,PENDING
PMT-668BC402F4,RES-BE91B81A04,07/11/2024 00:00,cash,1121.2,PAID
PMT-0E8232838E,RES-99FA0AD18B,2024-06-07 00:00:00,bank_transfer,1057.18,PENDING
PMT-A56FD0A17E,RES-F8AE3139F2,2024-05-22 00:00:00,cash,1001.78,REFUNDED
PMT-7360A35D6E,RES-F460C02644,2026-01-29 00:00:00,cash,280.08,paid
PMT-187655A013,RES-007FA07896,21/06/2025 00:00,mobile_money,763.71,success
PMT-EBD2E6AC6E,RES-8457B4F4AB,17/03/2026 00:00,credit_card,1640.54,PENDING
PMT-6879CFFB0C,RES-C37A39DF41,2025-07-30 00:00:00,debit_card,1652.47,Refunded
PMT-953E0C6BD6,RES-0EB956C715,03/09/2025 00:00,cash,872.02,success
PMT-044539030F,RES-1B74859ECA,04-29-2024 12:00 AM,paypal,404.41,FAILED
PMT-4992A205BC,RES-147D7AC6C2,16/08/2024 00:00,mobile_money,1296.99,failed
PMT-F2D4D639C7,RES-92685EE63B,,bank_transfer,1215.94,SUCCESS
PMT-117433E31E,RES-74F30CDC99,13/05/2025 00:00,cash,1541.0,PENDING
PMT-416C17961B,RES-A39DB52D45,2025-08-09 00:00:00,cash,1106.68,FAILED
PMT-D2A82F94A6,RES-900B62EE73,03-09-2026 12:00 AM,bank_transfer,1426.66,FAILED
PMT-A19D224FF2,RES-AF6F3C6EE3,06-29-2025 12:00 AM,cash,1672.95,Paid
PMT-822BC8C11C,RES-871A626CEC,2025-01-23 00:00:00,bank_transfer,1711.78,refunded
PMT-FBA198A608,RES-308C30B392,2025-11-04 00:00:00,bank_transfer,498.11,FAILED
PMT-ED91437E11,RES-9614C2D9E5,2024-09-06 00:00:00,debit_card,798.88,refunded
PMT-8B146AEE6D,RES-10B12BE8D3,23/02/2026 00:00,credit_card,1157.3,REFUNDED
PMT-7C35EBC369,RES-AB3070DDF8,2025-11-26 00:00:00,debit_card,424.65,pending
PMT-8198E45F6D,RES-82077CA42D,05-11-2024 12:00 AM,bank_transfer,313.88,declined
PMT-1EDF168F84,RES-9FF0383786,2024-08-05 00:00:00,credit_card,107.21,pending
PMT-AB0F70A1B5,RES-FE5E18A831,2025-11-06 00:00:00,debit_card,972.46,paid
PMT-61040B7139,RES-85B42082A9,12-04-2025 12:00 AM,cash,1526.21,success
PMT-78630E4544,RES-85B42082A9,2026-06-13 00:00:00,mobile_money,297.89,pending
PMT-0129BCF461,RES-A55D25F47E,06/05/2025 00:00,debit_card,1453.0,refunded
PMT-F252FB487B,RES-F8B6C5F55C,03-28-2025 12:00 AM,bank_transfer,876.9,Pending
PMT-B44D9CF001,RES-555E11FA8F,01-07-2025 12:00 AM,debit_card,1638.51,declined
PMT-710D8CFA19,RES-555E11FA8F,06-28-2024 12:00 AM,cash,472.36,success
PMT-39462EB7E5,RES-555E11FA8F,2026-03-07 00:00:00,credit_card,1599.3,PENDING
PMT-272A8BDD16,RES-7E93E8DD13,13/11/2025 00:00,bank_transfer,1354.16,REFUNDED
PMT-7EB4BCA850,RES-1CCF930306,03-27-2025 12:00 AM,bank_transfer,1190.59,PENDING
PMT-10E0509C92,RES-DFBC0B85F7,2024-12-23 00:00:00,bank_transfer,914.93,Pending
PMT-4C56B79FA7,RES-FD068BC679,2025-08-19 00:00:00,credit_card,485.88,Failed
PMT-F3AE7CD268,RES-86CDDBC7B3,02-07-2024 12:00 AM,credit_card,1701.66,Refunded
PMT-F6FCA018BB,RES-695199C37A,13/04/2025 00:00,bank_transfer,1656.63,Pending
PMT-CD96D36DEA,RES-8BE1723F76,28/05/2026 00:00,cash,496.73,failed
PMT-03A91CC94F,RES-1E946A1DAB,27/07/2024 00:00,mobile_money,197.98,Pending
PMT-CD7F0B1A42,RES-058B6A4621,06-05-2025 12:00 AM,paypal,1784.2,Pending
PMT-75830C8665,RES-2CB8A73B6D,2025-10-18 00:00:00,credit_card,1270.49,refunded
PMT-9F1AB575E3,RES-B483754F16,2024-11-10 00:00:00,credit_card,881.84,REFUNDED
PMT-DE4BE6F5FE,RES-2645589EAD,24/05/2024 00:00,cash,356.85,Refunded
PMT-95BB26E9F0,RES-2D1366C37E,2025-12-01 00:00:00,mobile_money,760.47,declined
PMT-5F5562EC41,RES-941DF02538,25/09/2024 00:00,debit_card,1796.69,refunded
PMT-93BE25595F,RES-BAB613D515,2025-09-06 00:00:00,bank_transfer,95.82,failed
PMT-AC8E33A3F5,RES-F8B8805249,05-14-2024 12:00 AM,credit_card,506.64,pending
PMT-A3ADB1E211,RES-F8B8805249,2025-09-14 00:00:00,debit_card,,declined
PMT-CA86E1AE80,RES-0E53E0EDC5,06/09/2024 00:00,mobile_money,465.97,DECLINED
PMT-76A18CEFBC,RES-D7DB31795D,11/08/2025 00:00,bank_transfer,,pending
PMT-DA37028ADC,RES-2399E01CF1,01/07/2025 00:00,credit_card,236.07,Refunded
PMT-35100E4A31,RES-91C33CA836,07-16-2025 12:00 AM,debit_card,1679.11,paid
PMT-AA23D5C9FD,RES-716AD09899,07-08-2025 12:00 AM,credit_card,1774.98,pending
PMT-3801A97A90,RES-716AD09899,2024-01-29 00:00:00,cash,1162.77,success
PMT-6150758E9B,RES-716AD09899,12-12-2024 12:00 AM,cash,315.62,DECLINED
PMT-39DE61E966,RES-66B8DCDFD8,2024-09-29 00:00:00,mobile_money,1141.92,SUCCESS
PMT-1C84AFA523,RES-D0294AFD97,18/11/2024 00:00,bank_transfer,353.62,success
PMT-76726AA587,RES-D6D603C2A7,07-01-2024 12:00 AM,debit_card,951.47,Pending
PMT-92EADA25CB,RES-324FCFBB9B,22/03/2025 00:00,bank_transfer,1632.24,refunded
PMT-3482134F96,RES-500C1036D1,2024-04-15 00:00:00,bank_transfer,544.57,failed
PMT-AF9C30C9A0,RES-3B5E782633,2025-07-15 00:00:00,debit_card,1170.43,REFUNDED
PMT-01E72861C6,RES-C1B588104F,07-16-2024 12:00 AM,bank_transfer,1668.89,REFUNDED
PMT-06127B9ED0,RES-8A95B841F2,16/05/2024 00:00,debit_card,882.45,refunded
PMT-EDC88A0751,RES-281AD3CEA0,22/08/2024 00:00,cash,1743.4,PENDING
PMT-C92F2DB770,RES-281AD3CEA0,2024-02-20 00:00:00,paypal,1245.96,refunded
PMT-14F5DF3599,RES-EF3454FE79,05-26-2024 12:00 AM,cash,1411.78,DECLINED
PMT-D42FE0EACC,RES-D812CA2472,2025-02-01 00:00:00,cash,306.93,Pending
PMT-E2BE63BAD0,RES-098CE7D032,09-08-2025 12:00 AM,credit_card,648.97,REFUNDED
PMT-D2D3FE05BD,RES-D02D549758,06-15-2024 12:00 AM,cash,683.87,Pending
PMT-D9B6445D5C,RES-1BF971E058,2024-11-17 00:00:00,debit_card,992.73,PAID
PMT-4EB1ED5770,RES-B75338B894,10/04/2024 00:00,cash,939.1,paid
PMT-5C8AA88905,RES-BA658E26A8,14/04/2025 00:00,mobile_money,1689.45,pending
PMT-159C787445,RES-48120A7015,13/04/2024 00:00,paypal,397.88,SUCCESS
PMT-7F483147C6,RES-94ED09086C,05/04/2026 00:00,bank_transfer,854.81,pending
PMT-DD50C78EE5,RES-18787A3C40,09-28-2024 12:00 AM,debit_card,862.99,PENDING
PMT-5272751474,RES-4FC778B3C4,08/02/2024 00:00,bank_transfer,592.68,REFUNDED
PMT-9369B34536,RES-E3EB3D821A,12-03-2025 12:00 AM,cash,457.79,REFUNDED
PMT-D360EDF68D,RES-DBE433DD9D,30/07/2025 00:00,debit_card,698.84,Refunded
PMT-1D8B9D8E0C,RES-BC8C520ADE,14/12/2025 00:00,paypal,358.87,DECLINED
PMT-859F0FF9B2,RES-F6B65E1680,17/03/2024 00:00,paypal,1574.64,DECLINED
PMT-50ACE45FA0,RES-A8D04E1CB6,06-09-2024 12:00 AM,debit_card,1552.52,REFUNDED
PMT-A00544B0B5,RES-A8D04E1CB6,13/10/2025 00:00,credit_card,183.6,Refunded
PMT-906C8BA3C9,RES-B6E194EBA0,11/01/2024 00:00,credit_card,1122.0,REFUNDED
PMT-18C9A56F1D,RES-A254B93BEE,09-26-2025 12:00 AM,mobile_money,914.75,Pending
PMT-372DE98D45,RES-5432ACC189,10-25-2025 12:00 AM,bank_transfer,356.97,Failed
PMT-4FF9FD66CB,RES-5432ACC189,15/08/2025 00:00,cash,392.49,Refunded
PMT-48AC49F1C8,RES-FC5D09592D,2026-04-01 00:00:00,paypal,1291.28,success
PMT-CE4F231350,RES-5DEEE79591,25/04/2026 00:00,bank_transfer,1540.88,Refunded
PMT-2270617D7A,RES-5DEEE79591,03-31-2026 12:00 AM,bank_transfer,897.06,failed
PMT-68EF9D899C,RES-5DEEE79591,07-24-2024 12:00 AM,mobile_money,1641.84,Refunded
PMT-208BD69A4A,RES-D4DDE47CC3,2025-07-26 00:00:00,credit_card,1320.76,FAILED
PMT-44F7253DDA,RES-EE008157DF,26/10/2025 00:00,mobile_money,438.47,FAILED
PMT-1A2C2ED90F,RES-23FCC72AB1,2026-04-26 00:00:00,cash,564.06,Pending
PMT-317A41DB70,RES-23FCC72AB1,06-20-2025 12:00 AM,cash,286.06,failed
PMT-8F1744ED3A,RES-23FCC72AB1,01-02-2026 12:00 AM,debit_card,1365.95,REFUNDED
PMT-56DBDA260F,RES-D2B48C75C3,01-11-2026 12:00 AM,cash,244.02,PENDING
PMT-8B90348CDE,RES-F3D443FDFE,2025-07-17 00:00:00,cash,1389.64,pending
PMT-CCE80C076E,RES-F3D443FDFE,29/02/2024 00:00,debit_card,835.29,success
PMT-54211901D1,RES-DEF2A36503,01/04/2025 00:00,debit_card,785.12,PENDING
PMT-4709AE2E15,RES-BE18CD0638,2026-03-01 00:00:00,credit_card,1323.47,Pending
PMT-9D49DAD849,RES-73ED82FE2A,12-04-2024 12:00 AM,mobile_money,1268.6,success
PMT-EE46EC6D80,RES-8EFF37D235,02-20-2026 12:00 AM,mobile_money,1657.21,Refunded
PMT-A03F29E844,RES-258CF0D166,06/12/2025 00:00,debit_card,531.19,failed
PMT-77F8155FA0,RES-2D31E246FA,2024-06-28 00:00:00,mobile_money,540.57,pending
PMT-9B7CA7DD88,RES-70E32E2BA9,2025-02-21 00:00:00,credit_card,1328.81,PENDING
PMT-2921986EFD,RES-105FC5E239,2024-08-10 00:00:00,debit_card,640.55,SUCCESS
PMT-22CD21658F,RES-0AB21744D6,2026-01-10 00:00:00,cash,344.69,refunded
PMT-5F179DCA97,RES-EA556EB83A,12/12/2025 00:00,credit_card,260.45,PAID
PMT-0235094217,RES-199961DA90,11/01/2026 00:00,mobile_money,1755.39,declined
PMT-1A31034331,RES-EC3F94B720,05-08-2025 12:00 AM,mobile_money,79.43,Pending
PMT-6D19CB82D5,RES-38F3E8F670,13/09/2024 00:00,paypal,378.87,pending
PMT-929CD15784,RES-0714BD9521,2025-11-09 00:00:00,cash,1513.2,success
PMT-CBD4EB8D6F,RES-191097FF87,04-19-2025 12:00 AM,mobile_money,1670.47,failed
PMT-738C557735,RES-F5829A2A11,2026-04-19 00:00:00,paypal,1710.01,PENDING
PMT-4305EDC8E8,RES-6AF16B92CA,,mobile_money,265.65,success
PMT-EEE2298582,RES-ED984C4196,19/03/2024 00:00,bank_transfer,657.08,Pending
PMT-3152E30148,RES-B873E55130,30/05/2026 00:00,paypal,479.16,Paid
PMT-207824101E,RES-C1C9B7F974,01/04/2024 00:00,debit_card,138.06,DECLINED
PMT-2F737F80A9,RES-1DD1013ABB,2025-02-15 00:00:00,credit_card,822.0,refunded
PMT-1965362967,RES-2FDD010C94,02-05-2025 12:00 AM,credit_card,1167.93,Paid
PMT-3B1F340019,RES-50C5D55E98,05-25-2025 12:00 AM,cash,868.83,Pending
PMT-DA6252E026,RES-80F6E6FE33,10-02-2024 12:00 AM,bank_transfer,315.36,success
PMT-9D4881066E,RES-29257AE394,,paypal,770.99,refunded
PMT-2FDC2F8A92,RES-BDAEF28CC2,2025-08-21 00:00:00,paypal,375.83,success
PMT-BBCC14F557,RES-699EBD1F60,2024-07-08 00:00:00,cash,220.99,refunded
PMT-44CE9BB64F,RES-21D77CCAB8,14/09/2024 00:00,credit_card,1651.08,pending
PMT-A558317BE1,RES-B4B140D12C,12-01-2024 12:00 AM,bank_transfer,866.81,Paid
PMT-A972AA7D96,RES-2815A6797F,2025-04-15 00:00:00,debit_card,1470.05,SUCCESS
PMT-91167E1388,RES-E45920E785,11/07/2024 00:00,mobile_money,415.31,paid
PMT-D7B283FB09,RES-CAD5B2DEA3,06-02-2026 12:00 AM,credit_card,1392.3,FAILED
PMT-804270F6F2,RES-C6F225CD42,10-16-2025 12:00 AM,bank_transfer,930.68,Refunded
PMT-361D009922,RES-83A7294D74,2025-11-02 00:00:00,bank_transfer,1219.31,Refunded
PMT-A39CDBC8CB,RES-EF26CEFAA3,13/08/2025 00:00,debit_card,576.58,PENDING
PMT-5C17D0F932,RES-53E9E002C5,2024-02-17 00:00:00,credit_card,628.11,refunded
PMT-E97BD82E83,RES-92EB2270EC,01-18-2026 12:00 AM,bank_transfer,1668.81,refunded
PMT-F44AC3E1D5,RES-991B481923,01-23-2025 12:00 AM,credit_card,473.95,PAID
PMT-A88CF12E7F,RES-14DCDA06E1,26/04/2026 00:00,credit_card,1469.23,refunded
PMT-E392485028,RES-01A1271FDB,2024-07-09 00:00:00,paypal,1427.19,Failed
PMT-2C9EA634EE,RES-CACBB6F6FA,14/03/2026 00:00,paypal,888.11,Paid
PMT-CFD9010ECD,RES-0AF60E33F7,2025-09-26 00:00:00,cash,1009.63,Refunded
PMT-5FEAE685E8,RES-7EAF2DFF40,08-15-2025 12:00 AM,paypal,1083.63,pending
PMT-E6E8AFA970,RES-ED9EF8856E,,debit_card,1656.52,refunded
PMT-FB4C3D3045,RES-355B92E3A8,07-02-2025 12:00 AM,cash,1732.55,failed
PMT-24E107DA6E,RES-FFCABC62A2,2026-03-01 00:00:00,cash,1031.37,Paid
PMT-1B83922BDE,RES-D45E21B0DF,04/02/2026 00:00,debit_card,115.71,PENDING
PMT-3ECAA7A85E,RES-65B35403CF,12-05-2024 12:00 AM,mobile_money,982.89,paid
PMT-EA86F01F7F,RES-65B35403CF,10/06/2026 00:00,bank_transfer,577.65,Refunded
PMT-7458579A17,RES-828B150534,11/06/2025 00:00,debit_card,448.46,Refunded
PMT-D324767EE7,RES-242EB043AD,2025-04-10 00:00:00,debit_card,1330.1,Refunded
PMT-9E40F492AB,RES-3E0AE10F35,2024-05-20 00:00:00,cash,338.23,refunded
PMT-655B69A59F,RES-C5719D9805,23/05/2024 00:00,cash,1746.73,PENDING
PMT-64AFC128F5,RES-4374265386,24/08/2024 00:00,mobile_money,1762.07,REFUNDED
PMT-B6EEF20396,RES-1C8F28D9A9,2024-07-14 00:00:00,cash,413.01,Pending
PMT-E01B957801,RES-86C797ABE0,07-29-2025 12:00 AM,mobile_money,1097.17,Refunded
PMT-DA43DEF9EE,RES-19CB11ECA3,18/06/2026 00:00,bank_transfer,188.9,declined
PMT-F15BC91A51,RES-772D57A9DE,04-05-2025 12:00 AM,cash,1148.38,Refunded
PMT-BF224A12B2,RES-482AFE183A,30/06/2024 00:00,cash,1544.42,pending
PMT-3B0664E7AA,RES-B01C3FE12F,20/03/2025 00:00,mobile_money,658.31,pending
PMT-BA9BBB73E5,RES-25E97F03FA,27/01/2026 00:00,cash,1102.83,pending
PMT-9FDE66968C,RES-25E97F03FA,03-01-2025 12:00 AM,debit_card,1273.68,FAILED
PMT-A5F2F933D6,RES-25E97F03FA,11-01-2024 12:00 AM,paypal,666.19,DECLINED
PMT-A0397C4857,RES-97395E2889,05-31-2026 12:00 AM,debit_card,720.82,refunded
PMT-4784BA71F1,RES-80E8D653D4,02/03/2026 00:00,credit_card,1015.03,pending
PMT-946703F55E,RES-A1FA250449,15/08/2025 00:00,paypal,,FAILED
PMT-B140DDEA6B,RES-A1FA250449,04-17-2025 12:00 AM,cash,1534.06,Failed
PMT-093B6D9127,RES-C58EDEDDD9,2025-12-24 00:00:00,credit_card,333.86,failed
PMT-042ED4763B,RES-86EC683D7C,11/02/2025 00:00,paypal,127.86,Failed
PMT-8FB63E4337,RES-0F78242799,2024-07-15 00:00:00,mobile_money,592.04,Paid
PMT-BCCEB5DB74,RES-26913369BC,27/09/2024 00:00,debit_card,1218.56,refunded
PMT-B413B9DF0A,RES-2388AE8B29,2024-08-28 00:00:00,bank_transfer,1535.18,Failed
PMT-F6FAEBC5C4,RES-19CD068754,27/04/2025 00:00,debit_card,504.32,PENDING
PMT-CF28DC0DB3,RES-0EABFC7D77,16/05/2024 00:00,cash,292.4,failed
PMT-241049F96B,RES-73D141A0B5,27/11/2024 00:00,mobile_money,47.76,paid
PMT-D15D4875DF,RES-73D141A0B5,10/06/2025 00:00,mobile_money,1510.08,declined
PMT-2B180F6E0B,RES-557C3C57CB,11-12-2024 12:00 AM,paypal,200.5,Refunded
PMT-F361AE84E1,RES-3FB1EF4049,19/02/2024 00:00,debit_card,1763.45,refunded
PMT-131B0875F4,RES-08F38D1A7A,06-19-2026 12:00 AM,debit_card,1534.0,Paid
PMT-05B27F1551,RES-0D90A7FED8,03/05/2025 00:00,paypal,128.02,pending
PMT-7AAA29AE8A,RES-E5C9BD2113,02/06/2024 00:00,credit_card,998.81,SUCCESS
PMT-391EEA141D,RES-D1D00B103D,29/09/2025 00:00,debit_card,546.49,paid
PMT-C0371E3527,RES-9E8833BE35,12-10-2024 12:00 AM,debit_card,749.01,Refunded
PMT-95F9314C8C,RES-C83E8E736D,2024-11-02 00:00:00,cash,1687.85,success
PMT-FF18A92203,RES-8E1147673A,2025-04-18 00:00:00,mobile_money,1403.12,refunded
PMT-D7EBD1016C,RES-3E9EE97396,2025-04-07 00:00:00,debit_card,1482.65,pending
PMT-E1A25B42A5,RES-AFA5418398,2024-11-12 00:00:00,debit_card,1567.24,Pending
PMT-21068FE37C,RES-943C178C3E,04-28-2026 12:00 AM,bank_transfer,426.48,DECLINED
PMT-D10162FB47,RES-8CD4AF8C77,27/03/2026 00:00,cash,1472.29,Pending
PMT-45782441FF,RES-DBEC7DA914,03/04/2024 00:00,credit_card,600.58,refunded
PMT-B3E208BC2A,RES-D94E103B27,08/09/2025 00:00,credit_card,83.49,success
PMT-565F184931,RES-2612EB6544,2024-07-15 00:00:00,debit_card,496.96,paid
PMT-9373BFFD87,RES-41EE13D79D,2024-06-05 00:00:00,debit_card,619.48,PAID
PMT-966FFD31B5,RES-0CB4ABB418,10-12-2024 12:00 AM,credit_card,585.9,Failed
PMT-B651C35D9B,RES-B9B2B8EA88,07/01/2026 00:00,mobile_money,442.01,SUCCESS
PMT-028F0D5A90,RES-EB3BBADC43,01-04-2025 12:00 AM,credit_card,1435.67,success
PMT-2C97149063,RES-9CED9F45F1,19/10/2025 00:00,debit_card,190.71,success
PMT-34871A38BB,RES-E3DB93AA6B,07-25-2024 12:00 AM,mobile_money,333.17,refunded
PMT-B29EA75E4B,RES-E3DB93AA6B,2024-07-25 00:00:00,bank_transfer,1231.49,declined
PMT-28CB2CAD84,RES-3C2642EE46,04/08/2024 00:00,mobile_money,732.63,PENDING
PMT-219F9DB448,RES-7A9AF1525C,2024-11-30 00:00:00,credit_card,283.79,refunded
PMT-D045AE80E1,RES-D17E6EFDFD,2024-10-06 00:00:00,credit_card,79.13,paid
PMT-DB1030A63C,RES-A89C815CE8,2024-03-12 00:00:00,cash,1725.13,SUCCESS
PMT-0DC88EBBCD,RES-B231416463,11/01/2026 00:00,credit_card,981.73,paid
PMT-447B5844EE,RES-CCAD67AD5B,2025-05-21 00:00:00,credit_card,1114.31,Pending
PMT-FB07C02913,RES-24860CAB17,2024-10-07 00:00:00,cash,943.54,Failed
PMT-222F090BE6,RES-CCE7674038,06-29-2024 12:00 AM,cash,1366.34,Refunded
PMT-56330755B8,RES-5DC0386284,04-27-2025 12:00 AM,cash,1376.54,REFUNDED
PMT-76CC404C24,RES-7F115894D3,18/06/2026 00:00,cash,177.16,pending
PMT-14FC0B2982,RES-ADFAB97622,04/03/2026 00:00,cash,469.55,PAID
PMT-89CE2DF206,RES-47C657D8CD,02-08-2025 12:00 AM,bank_transfer,384.67,paid
PMT-179B581CEA,RES-D4A8BD3756,06/06/2025 00:00,paypal,610.66,REFUNDED
PMT-BDA3870432,RES-E904F4B19C,14/11/2025 00:00,cash,1678.91,REFUNDED
PMT-B22AE53845,RES-71D8A0E65E,02-26-2026 12:00 AM,mobile_money,1101.98,paid
PMT-140F8135D2,RES-13A26CB51E,08/02/2025 00:00,paypal,925.23,PENDING
PMT-69DFDECD69,RES-2B19E9A52E,2026-03-14 00:00:00,credit_card,351.75,pending
PMT-8DA6E7FCB5,RES-5C4A2C6F46,2024-05-25 00:00:00,mobile_money,200.07,refunded
PMT-5FD9056895,RES-08F153638D,2024-06-22 00:00:00,paypal,1187.54,paid
PMT-667142CF6C,RES-2BD7E9C50C,01/04/2026 00:00,paypal,1239.89,Pending
PMT-8AA69ADC0B,RES-6301B8FD69,2025-12-30 00:00:00,cash,175.76,PAID
PMT-3BC33943E8,RES-6301B8FD69,2026-02-10 00:00:00,cash,820.48,PAID
PMT-F23095606A,RES-CB7BF749B2,10-17-2024 12:00 AM,mobile_money,1171.9,Pending
PMT-DF02A8389F,RES-3F6AB59574,05/05/2025 00:00,cash,168.23,Failed
PMT-FF323F8CA4,RES-D7C4C3B935,12-02-2024 12:00 AM,cash,1061.7,DECLINED
PMT-B9E030484D,RES-D7C4C3B935,2025-05-24 00:00:00,paypal,1436.04,pending
PMT-B5C7874D36,RES-D7C4C3B935,09/06/2025 00:00,bank_transfer,1109.07,refunded
PMT-A59E9E66C1,RES-A657DBC25D,10/01/2024 00:00,cash,1217.48,refunded
PMT-B37E6FAE8E,RES-A9081E50F6,01-12-2024 12:00 AM,paypal,474.41,declined
PMT-5D66C9B031,RES-B0D7BE9710,09-25-2025 12:00 AM,bank_transfer,105.94,REFUNDED
PMT-8D77B2685B,RES-89A9702BB7,01/04/2026 00:00,mobile_money,1463.62,failed
PMT-37295AD3A1,RES-C5C6C275CC,02-01-2024 12:00 AM,debit_card,1712.91,pending
PMT-AC486DC286,RES-D81C309342,04-21-2026 12:00 AM,bank_transfer,1621.12,PENDING
PMT-F4D554B6DD,RES-19CD585D82,09/03/2025 00:00,debit_card,301.74,Pending
PMT-24A025BD44,RES-CBAE3536E9,01-04-2025 12:00 AM,cash,1177.74,Failed
PMT-3A3546D2A4,RES-CBAE3536E9,06-30-2024 12:00 AM,credit_card,106.78,Failed
PMT-7108E4FA0D,RES-CBAE3536E9,19/03/2026 00:00,credit_card,1355.73,PAID
PMT-606AE2EC27,RES-71475E5330,2026-02-10 00:00:00,debit_card,647.79,SUCCESS
PMT-1D8965BBE9,RES-61CBE81EE6,2026-05-18 00:00:00,mobile_money,1625.51,Refunded
PMT-622CAB5425,RES-9EC9D3AB2F,26/02/2024 00:00,credit_card,804.36,declined
PMT-5420473012,RES-DD8C98B0DB,07/10/2024 00:00,paypal,,PENDING
PMT-1DC2CDD71F,RES-08F7EB1787,2024-11-03 00:00:00,paypal,897.97,Pending
PMT-9C7857E683,RES-70048F8BE1,12-18-2024 12:00 AM,bank_transfer,1625.98,FAILED
PMT-E28624C5FD,RES-48A87F1E83,04-14-2024 12:00 AM,debit_card,380.92,Pending
PMT-E90282C94F,RES-7AA2CC19F2,2024-09-22 00:00:00,paypal,346.74,Failed
PMT-08292A8861,RES-A78519ADBC,25/06/2024 00:00,cash,872.76,Failed
PMT-799ED5524B,RES-D3737F4686,10-22-2025 12:00 AM,debit_card,437.95,FAILED
PMT-0C5B990F99,RES-82FF94B092,2024-02-27 00:00:00,mobile_money,1001.48,REFUNDED
PMT-A313A6816E,RES-B8D45E7787,06-04-2024 12:00 AM,paypal,1256.71,refunded
PMT-78D8B6E008,RES-821AA454B8,22/01/2026 00:00,paypal,1051.97,FAILED
PMT-93EF6F9AD9,RES-328B55B228,25/05/2026 00:00,cash,1401.64,failed
PMT-C5D9497480,RES-E23EAD6DD4,04-17-2025 12:00 AM,paypal,446.67,declined
PMT-992558E8B4,RES-7881279625,2025-12-03 00:00:00,credit_card,1374.14,Pending
PMT-D4A1866008,RES-7881279625,26/02/2025 00:00,mobile_money,653.18,pending
PMT-FE3C345946,RES-7881279625,04/06/2026 00:00,credit_card,1454.36,Pending
PMT-1CE3B2A7F8,RES-3394BDD42E,04/03/2026 00:00,mobile_money,1756.15,PENDING
PMT-1C2607D287,RES-CEB6649B86,2024-02-27 00:00:00,paypal,1114.69,success
PMT-A7C0B1E250,RES-5645C3F1EF,10-30-2025 12:00 AM,cash,1613.98,SUCCESS
PMT-695E09FA0F,RES-30FF54DCD5,20/04/2026 00:00,bank_transfer,973.12,Refunded
PMT-BDD3559A0B,RES-4E50879CB1,01-03-2026 12:00 AM,cash,1440.07,Pending
PMT-50095C261D,RES-25D5CCD31F,12-29-2024 12:00 AM,paypal,1175.07,Refunded
PMT-2C2DFE3465,RES-796DA6BC93,2025-05-08 00:00:00,paypal,989.75,DECLINED
PMT-1428FE66A0,RES-3C5023DEDC,13/06/2026 00:00,bank_transfer,77.87,REFUNDED
PMT-4AAFB488FD,RES-99596E521C,28/08/2024 00:00,cash,529.32,success
PMT-9B8FEBB80E,RES-C51A8FF32C,07-14-2024 12:00 AM,debit_card,1553.05,DECLINED
PMT-A65447B73B,RES-5C576C0D86,2026-04-28 00:00:00,credit_card,187.22,SUCCESS
PMT-F23BA85B9B,RES-DC4AA7FE5A,02/06/2026 00:00,bank_transfer,1612.04,Refunded
PMT-9A22319ED5,RES-12E810DD06,16/02/2024 00:00,paypal,340.14,PAID
PMT-3C9555BBE1,RES-12E810DD06,05-23-2026 12:00 AM,paypal,826.9,Refunded
PMT-EDB0BB762F,RES-078A5EE605,2024-04-18 00:00:00,debit_card,1397.34,paid
PMT-561BC6BBA0,RES-078A5EE605,04/12/2024 00:00,paypal,503.94,Refunded
PMT-918E3FB4C3,RES-078A5EE605,05-31-2024 12:00 AM,mobile_money,573.6,REFUNDED
PMT-0AB67C21D2,RES-204FFEC158,09-05-2025 12:00 AM,mobile_money,277.48,DECLINED
PMT-C3E4D7A4CC,RES-388781EBAA,28/05/2026 00:00,paypal,868.65,Pending
PMT-58FB52D6E8,RES-D82734E456,01-10-2025 12:00 AM,bank_transfer,391.26,Refunded
PMT-6B8A127C05,RES-3B48D37883,31/08/2025 00:00,credit_card,1068.61,DECLINED
PMT-DF5000A1F6,RES-623341E6B9,08/04/2024 00:00,bank_transfer,1508.68,pending
PMT-1262D6CF26,RES-623341E6B9,01/03/2025 00:00,cash,393.39,SUCCESS
PMT-9B0D212484,RES-D3AE2F2526,05/03/2024 00:00,mobile_money,1641.47,Failed
PMT-37A248E2B7,RES-0FAC35119D,10/09/2025 00:00,credit_card,1279.84,pending
PMT-034CE7646D,RES-BEBA7B17FA,2025-10-21 00:00:00,debit_card,621.34,Failed
PMT-E6ADFF44E8,RES-871DD0CC69,06-26-2024 12:00 AM,cash,963.12,DECLINED
PMT-0819A690B1,RES-6982ABCE4D,2024-06-06 00:00:00,paypal,700.01,pending
PMT-D70AFB451E,RES-DE20C81D1F,08-22-2024 12:00 AM,credit_card,744.97,pending
PMT-6B61C4EBB1,RES-74A96107DE,24/09/2024 00:00,credit_card,1696.24,FAILED
PMT-EFBD38D6B0,RES-A8D3E17A0F,04-15-2025 12:00 AM,mobile_money,803.57,PAID
PMT-83872E5A7B,RES-54FA712A95,19/08/2024 00:00,credit_card,1369.72,refunded
PMT-5CFD4E00AF,RES-C009925FA9,18/12/2024 00:00,cash,168.05,pending
PMT-203E8B5201,RES-96DD7D3157,2024-04-07 00:00:00,credit_card,1455.14,refunded
PMT-7C360D3052,RES-C74278BB8C,2024-12-05 00:00:00,paypal,1461.89,pending
PMT-D0423ECDA6,RES-365303F2CF,13/09/2025 00:00,debit_card,236.57,declined
PMT-BF49E469E6,RES-351E019CCE,08-15-2025 12:00 AM,bank_transfer,1323.82,Failed
PMT-162DEFDD20,RES-170872F19D,14/09/2024 00:00,mobile_money,256.47,failed
PMT-8C352B06CA,RES-76C3A9E3A1,2025-05-26 00:00:00,debit_card,1154.96,Paid
PMT-C1A20C9D64,RES-920CC8F98D,2024-01-02 00:00:00,credit_card,417.66,Refunded
PMT-8EA294B066,RES-920CC8F98D,08-26-2024 12:00 AM,bank_transfer,896.25,Paid
PMT-3FC7697EBD,RES-92887F0FF5,02-02-2025 12:00 AM,cash,237.94,refunded
PMT-F7D26ECCB3,RES-F234468735,20/02/2025 00:00,cash,497.81,success
PMT-B8B89FADEE,RES-2CF772ABC1,09-05-2024 12:00 AM,paypal,739.16,Paid
PMT-40FE5C5C76,RES-334650904B,2024-07-15 00:00:00,cash,860.48,Refunded
PMT-13C0C5D11E,RES-F7E3ED7ECC,08/04/2024 00:00,paypal,66.59,declined
PMT-118EA4F96F,RES-A2A08D8629,12-02-2025 12:00 AM,mobile_money,61.73,REFUNDED
PMT-1AA313E987,RES-9B68562263,2026-02-20 00:00:00,mobile_money,1751.02,Pending
PMT-A7013658B3,RES-77F3598A3A,21/11/2024 00:00,credit_card,1008.67,PAID
PMT-8A0D19C984,RES-E0522CA1F5,04-17-2025 12:00 AM,paypal,765.92,DECLINED
PMT-477DA291FD,RES-DD220289C1,2026-06-08 00:00:00,credit_card,263.31,Refunded
PMT-3DEEDFE6DB,RES-7390F7248D,09-26-2025 12:00 AM,credit_card,325.29,PAID
PMT-D24F8EF445,RES-20F50D1D7D,2024-05-18 00:00:00,credit_card,930.08,Refunded
PMT-B8D7280E98,RES-E01B4A14B4,2024-04-06 00:00:00,bank_transfer,900.65,PENDING
PMT-592EC61C4D,RES-68B0608CBD,2024-08-11 00:00:00,mobile_money,1012.21,paid
PMT-9256271EE7,RES-4B960366A1,2026-04-27 00:00:00,bank_transfer,241.62,Pending
PMT-F01FC10685,RES-AF3BD2B3AB,03-04-2025 12:00 AM,credit_card,1162.17,paid
PMT-37C5F721A8,RES-DEC385B253,2026-06-01 00:00:00,mobile_money,1737.06,FAILED
PMT-7CB4C59D23,RES-0B858BA156,20/05/2026 00:00,debit_card,1503.31,FAILED
PMT-5679F1E586,RES-A63CB1DAF6,2024-07-29 00:00:00,debit_card,611.4,failed
PMT-146D0FA475,RES-5A67DB5B16,2025-07-14 00:00:00,paypal,1378.39,DECLINED
PMT-83C65FF2CF,RES-712DC1BB25,03-13-2026 12:00 AM,cash,1177.41,Refunded
PMT-992056A8B8,RES-712DC1BB25,2025-05-22 00:00:00,cash,723.74,SUCCESS
PMT-80DC02AD44,RES-25C81D01EE,02/12/2024 00:00,credit_card,955.45,Paid
PMT-A3D14ED77C,RES-46038BEE8C,23/04/2024 00:00,credit_card,1352.38,Pending
PMT-C20D3F4C02,RES-46038BEE8C,06/08/2024 00:00,credit_card,689.92,Paid
PMT-6D2A0FA022,RES-46038BEE8C,06-05-2025 12:00 AM,paypal,542.19,REFUNDED
PMT-27169D6607,RES-9751506B3E,20/07/2025 00:00,mobile_money,869.53,Failed
PMT-07127F848A,RES-84F7298D1D,01-16-2025 12:00 AM,debit_card,1432.44,refunded
PMT-AD25ED7352,RES-98B900C3EF,2024-08-07 00:00:00,cash,229.81,Pending
PMT-AA9AE35BC8,RES-7DB0C5244B,2025-03-04 00:00:00,bank_transfer,1057.87,FAILED
PMT-848945B6E3,RES-15469E12D4,2025-09-17 00:00:00,paypal,1325.92,DECLINED
PMT-6DC3FBE9A1,RES-595BB404A7,2025-09-19 00:00:00,debit_card,908.36,PENDING
PMT-91D5553354,RES-52C53985F9,2025-05-26 00:00:00,bank_transfer,740.86,Failed
PMT-32FAEC2C15,RES-52C53985F9,01/11/2024 00:00,mobile_money,1419.3,PAID
PMT-9AD040F7B8,RES-52C53985F9,2025-11-20 00:00:00,credit_card,842.26,SUCCESS
PMT-9BF78428A9,RES-C314959E02,21/04/2025 00:00,credit_card,1658.27,paid
PMT-40AD8C6B33,RES-C314959E02,06/07/2024 00:00,mobile_money,522.99,Pending
PMT-B33A9219FE,RES-C314959E02,03/09/2025 00:00,cash,793.1,REFUNDED
PMT-F83BE0B92C,RES-798BB8FF01,2024-11-09 00:00:00,mobile_money,112.4,FAILED
PMT-DBD8D358A8,RES-90E1725E08,01-12-2025 12:00 AM,paypal,1213.66,FAILED
PMT-188AA53F36,RES-5129E805CD,2024-06-28 00:00:00,mobile_money,924.16,declined
PMT-C61AF20227,RES-3D2FC8AAA1,10/10/2024 00:00,credit_card,1254.19,Refunded
PMT-E3DC0DD9E7,RES-6A4BC45214,02-27-2024 12:00 AM,cash,1760.97,REFUNDED
PMT-BFC91B60C0,RES-861ECB99DD,2025-07-06 00:00:00,debit_card,1202.94,FAILED
PMT-3E5EC93A9F,RES-52FB107433,10/03/2024 00:00,bank_transfer,1495.46,PENDING
PMT-3A89CF62E3,RES-F3D04F6050,23/01/2025 00:00,mobile_money,977.89,refunded
PMT-D9F2B7EDDE,RES-F8132869AE,23/08/2024 00:00,bank_transfer,803.82,PENDING
PMT-C068E61B74,RES-6174B7F47E,15/03/2024 00:00,paypal,642.87,pending
PMT-1E3EFED107,RES-0DFC1F6B22,2025-08-20 00:00:00,cash,1249.13,Paid
PMT-FE072973C2,RES-01AF5DD07E,2026-04-12 00:00:00,mobile_money,161.96,Paid
PMT-F6510B80E6,RES-43FC7F9241,03-25-2024 12:00 AM,cash,1400.76,refunded
PMT-39014C5DDF,RES-702D63CE5E,05-30-2025 12:00 AM,bank_transfer,556.43,refunded
PMT-70E08FC7C6,RES-0729228485,2026-03-10 00:00:00,bank_transfer,916.7,paid
PMT-DF0BE82B99,RES-23A6F0C92E,24/09/2025 00:00,debit_card,298.93,refunded
PMT-7526828A5A,RES-5E671FA182,27/06/2025 00:00,cash,1180.58,failed
PMT-60F63E2A8F,RES-E65441352A,13/07/2024 00:00,credit_card,1687.98,Paid
PMT-1838E1A792,RES-E3DA12D0E8,2025-08-07 00:00:00,cash,611.08,Failed
PMT-BC918587F2,RES-4AB6A7F858,2025-03-23 00:00:00,credit_card,296.76,failed
PMT-6819459C65,RES-BEDCA612BA,01-20-2025 12:00 AM,debit_card,1248.04,Failed
PMT-CB70A1F64B,RES-04A10F2057,2025-09-11 00:00:00,credit_card,1278.15,SUCCESS
PMT-234DFA3A1E,RES-E035E317B8,09-29-2024 12:00 AM,mobile_money,152.44,PENDING
PMT-4DD1AB86D5,RES-E035E317B8,18/01/2025 00:00,paypal,556.29,refunded
PMT-27F6CEC452,RES-C300AF3DAF,2025-11-08 00:00:00,mobile_money,1179.61,Failed
PMT-58A0C0032D,RES-C300AF3DAF,01-15-2025 12:00 AM,paypal,867.51,pending
PMT-326387B86D,RES-8A10E7DB85,18/08/2024 00:00,credit_card,1201.4,PENDING
PMT-773E24D89C,RES-BCEFACF02D,2026-03-07 00:00:00,paypal,373.56,failed
PMT-4CD1A80276,RES-B2A44034A9,2024-12-26 00:00:00,bank_transfer,1668.57,Paid
PMT-76F2C9D26D,RES-B2A44034A9,2025-12-29 00:00:00,bank_transfer,1062.56,REFUNDED
PMT-DB6BE99451,RES-B2A44034A9,04-17-2024 12:00 AM,bank_transfer,1370.19,success
PMT-4565B4E361,RES-BCED2E1D2D,2026-02-18 00:00:00,paypal,1100.04,Refunded
PMT-BC7956AA03,RES-B8FE7A176C,15/10/2024 00:00,paypal,948.74,pending
PMT-64383F0F34,RES-85B8C429A2,2024-04-27 00:00:00,credit_card,1444.48,Pending
PMT-D20ECD5060,RES-5F4E1B167C,09/03/2026 00:00,bank_transfer,1718.52,Refunded
PMT-B787300729,RES-5F4E1B167C,2025-07-20 00:00:00,bank_transfer,261.09,Failed
PMT-A27A4E37E9,RES-C18E22037D,2024-01-01 00:00:00,debit_card,79.83,REFUNDED
PMT-96D0929942,RES-C18E22037D,2024-06-10 00:00:00,paypal,1114.55,PENDING
PMT-A7F559AB9D,RES-15315424F5,22/11/2024 00:00,bank_transfer,1541.06,REFUNDED
PMT-84FB5A9B30,RES-16F7B91C66,29/05/2025 00:00,paypal,375.59,pending
PMT-BC78478BB4,RES-3E77310B9F,05-07-2025 12:00 AM,mobile_money,1580.76,paid
PMT-485216ABFF,RES-DCC40DB29D,05-11-2024 12:00 AM,debit_card,816.11,failed
PMT-A17593E5DC,RES-1AADF198F2,01-19-2024 12:00 AM,paypal,1105.15,refunded
PMT-A32BC1872B,RES-1AADF198F2,2025-05-21 00:00:00,debit_card,466.08,Refunded
PMT-788DFEF486,RES-1AADF198F2,2025-12-03 00:00:00,mobile_money,1785.08,PENDING
PMT-426E87B259,RES-B054D1FA7C,2025-09-08 00:00:00,cash,167.7,pending
PMT-475AF1657E,RES-B054D1FA7C,06-08-2026 12:00 AM,cash,774.55,Refunded
PMT-5C4B13175D,RES-8E5D771DE8,2024-04-22 00:00:00,cash,,Pending
PMT-C6BBBE9A63,RES-F3CAAA75F0,03/12/2025 00:00,cash,366.22,Paid
PMT-1B674D570E,RES-F3CAAA75F0,03-25-2024 12:00 AM,cash,397.57,Pending
PMT-C459C5FC14,RES-F3CAAA75F0,2026-06-11 00:00:00,debit_card,873.1,Refunded
PMT-E3705A93D6,RES-BD89F43356,10-13-2024 12:00 AM,debit_card,1252.6,paid
PMT-AB43B57F50,RES-BD89F43356,21/12/2025 00:00,paypal,521.95,SUCCESS
PMT-61C955D25F,RES-BD89F43356,27/01/2025 00:00,mobile_money,1796.4,paid
PMT-F7B84F9048,RES-FB25538D4E,02-25-2026 12:00 AM,cash,434.38,Pending
PMT-27F043664F,RES-A6DAD82E03,,paypal,1595.79,pending
PMT-CF07CEE8CA,RES-C453865325,11-13-2025 12:00 AM,credit_card,1272.88,Pending
PMT-CD3579D105,RES-C453865325,29/03/2025 00:00,bank_transfer,1650.82,PENDING
PMT-A3551588AD,RES-C453865325,05/09/2025 00:00,cash,185.38,FAILED
PMT-670C44162F,RES-E4721173AC,09-14-2024 12:00 AM,paypal,708.86,SUCCESS
PMT-74A03101F1,RES-2D5240EC11,30/01/2024 00:00,credit_card,147.47,REFUNDED
PMT-6459330D05,RES-8C4B5A8B54,03/04/2024 00:00,credit_card,1335.26,Paid
PMT-7B074FEDC8,RES-8C4B5A8B54,07-19-2025 12:00 AM,cash,1317.29,pending
PMT-1720BB544C,RES-48D5868C33,2024-07-27 00:00:00,cash,952.12,Pending
PMT-B2DA7E8422,RES-48D5868C33,21/01/2024 00:00,paypal,1357.0,success
PMT-49DD9E59CB,RES-EA589386B3,04-16-2026 12:00 AM,mobile_money,939.82,refunded
PMT-317881E3E2,RES-67E5012B63,02-21-2025 12:00 AM,bank_transfer,1497.54,failed
PMT-DFA0D1937E,RES-94970BCB9A,19/03/2026 00:00,debit_card,1646.84,paid
PMT-70C2875D5B,RES-C3FA9FCE78,03/02/2025 00:00,debit_card,70.66,pending
PMT-F1F8E7A84F,RES-2AA8A65166,03-23-2024 12:00 AM,cash,1759.58,PENDING
PMT-65A17DA075,RES-2AA8A65166,04-10-2026 12:00 AM,credit_card,1046.24,refunded
PMT-706714E726,RES-2AA8A65166,05-12-2024 12:00 AM,bank_transfer,1106.74,paid
PMT-2A92C4911C,RES-016E1A842E,09/11/2025 00:00,credit_card,269.81,PENDING
PMT-B6BAB7AEDA,RES-471470DB72,2026-06-13 00:00:00,mobile_money,505.44,Paid
PMT-FFE0971445,RES-471470DB72,2024-01-13 00:00:00,bank_transfer,1223.91,REFUNDED
PMT-2F3C2C061E,RES-5487FCB5E0,12-17-2024 12:00 AM,mobile_money,628.43,FAILED
PMT-9773AD3902,RES-5487FCB5E0,01/05/2025 00:00,cash,905.44,pending
PMT-908D4E0F36,RES-5487FCB5E0,2024-11-22 00:00:00,cash,284.39,failed
PMT-8809FE78B2,RES-161868545A,2024-07-18 00:00:00,credit_card,157.53,Failed
PMT-DB141D03CB,RES-D07F1E4DD3,03/10/2025 00:00,debit_card,1158.49,Refunded
PMT-2CF66C1027,RES-D07F1E4DD3,08-17-2024 12:00 AM,cash,1422.83,Pending
PMT-03703197EA,RES-D07F1E4DD3,2025-07-16 00:00:00,mobile_money,464.56,Failed
PMT-9272B32F3A,RES-05EF466886,2024-01-29 00:00:00,cash,437.05,REFUNDED
PMT-5CE9ADDC22,RES-4CCBD2C5FA,06-10-2026 12:00 AM,paypal,1780.34,Refunded
PMT-13EE77C401,RES-4CCBD2C5FA,15/10/2025 00:00,cash,854.72,success
PMT-88471446F0,RES-15692EEE23,04-17-2026 12:00 AM,bank_transfer,186.06,refunded
PMT-0E9E3E4E1E,RES-15692EEE23,11-29-2024 12:00 AM,paypal,1052.8,PENDING
PMT-CCE266B3E6,RES-15692EEE23,01/08/2024 00:00,cash,1209.61,paid
PMT-62748E952B,RES-904F17C23F,2025-05-06 00:00:00,cash,1298.88,DECLINED
PMT-700E83238A,RES-B92D223E22,04-25-2026 12:00 AM,bank_transfer,344.85,Pending
PMT-627EE810CE,RES-B92D223E22,05-13-2025 12:00 AM,mobile_money,1292.32,Refunded
PMT-BCD7195331,RES-B92D223E22,2024-03-30 00:00:00,mobile_money,409.48,Refunded
PMT-3492BCA0FE,RES-4BD1D43DE3,2025-05-01 00:00:00,paypal,588.96,Pending
PMT-FCF13A1A83,RES-10E2D16270,2024-12-06 00:00:00,cash,1092.39,refunded
PMT-B5710BC6C7,RES-6202AA5F65,2025-07-03 00:00:00,credit_card,114.65,DECLINED
PMT-E9A11E55F8,RES-F7F446D7F8,2025-04-06 00:00:00,mobile_money,1060.24,declined
PMT-509BD21BB4,RES-1AAAB07840,03-05-2026 12:00 AM,bank_transfer,1630.32,declined
PMT-89D5CFDC81,RES-060B5EAA2B,2024-06-14 00:00:00,debit_card,1291.38,PENDING
PMT-9C3C611AEF,RES-B68C8CAA33,2024-09-13 00:00:00,bank_transfer,1536.41,Pending
PMT-7A662BA96B,RES-67F92091F3,01-26-2024 12:00 AM,debit_card,1763.57,refunded
PMT-6FCB0C5845,RES-19B85090D5,07/12/2024 00:00,paypal,79.61,declined
PMT-EB72D75A5F,RES-F4E59FE7F1,06-15-2024 12:00 AM,mobile_money,501.84,SUCCESS
PMT-ADEA651761,RES-25F5846450,06/12/2025 00:00,paypal,1116.08,pending
PMT-C36E944B60,RES-BAFBD4CA1B,08-21-2025 12:00 AM,paypal,1716.7,paid
PMT-38B2CC52BB,RES-A3BC77DF06,2025-01-07 00:00:00,bank_transfer,1301.43,Failed
PMT-49BB0A097D,RES-1141A17F5F,2024-10-03 00:00:00,mobile_money,1232.54,PAID
PMT-2F56AA0903,RES-05DC57B2C1,01-11-2024 12:00 AM,mobile_money,524.18,SUCCESS
PMT-BB6E04C7DA,RES-8CA69F2F2D,26/03/2025 00:00,bank_transfer,1685.02,REFUNDED
PMT-424BE7C3FB,RES-DBAEA25D4D,2024-05-13 00:00:00,debit_card,581.04,success
PMT-4D9587AB87,RES-21DFEB25DC,26/02/2025 00:00,cash,221.43,DECLINED
PMT-85B32C225D,RES-E28F64C052,2024-02-29 00:00:00,mobile_money,1333.51,REFUNDED
PMT-FAAB97FD38,RES-B4FC968AEA,07/05/2024 00:00,credit_card,340.33,Paid
PMT-F19958377B,RES-080AC5DBF6,15/05/2026 00:00,cash,878.94,success
PMT-7715E31E6B,RES-E6E663EF29,2025-06-18 00:00:00,mobile_money,404.89,Refunded
PMT-C069D5EDB8,RES-3FDD25B7CA,08-23-2024 12:00 AM,debit_card,993.8,pending
PMT-B4F7879AA0,RES-C94CC5B267,21/07/2024 00:00,paypal,383.58,Pending
PMT-64C81DEAF4,RES-A257E202F6,2025-04-28 00:00:00,cash,1787.14,pending
PMT-1C17F1E2F8,RES-2C688A0A4F,03-07-2024 12:00 AM,credit_card,307.77,PENDING
PMT-CD3719CC18,RES-2F3418E8C4,06-27-2025 12:00 AM,debit_card,1292.98,Pending
PMT-CAC9CAA060,RES-BBFCEC934E,09-19-2025 12:00 AM,credit_card,1579.82,DECLINED
PMT-2224823AF8,RES-CF4EECE8A0,05-07-2024 12:00 AM,credit_card,66.59,FAILED
PMT-58885E59BA,RES-93C2839929,08-15-2025 12:00 AM,debit_card,629.83,failed
PMT-A575ED2F18,RES-004D40672D,03/11/2025 00:00,debit_card,1274.82,Pending
PMT-2C6E371EB3,RES-C78E103A8D,12-23-2025 12:00 AM,bank_transfer,1558.95,success
PMT-F65A8F3636,RES-07EB71832A,08-17-2024 12:00 AM,credit_card,406.83,Pending
PMT-C40BEC87FD,RES-766E6A5FB9,10-13-2024 12:00 AM,mobile_money,1363.75,refunded
PMT-DB7830CA38,RES-A430A518F2,03-09-2024 12:00 AM,mobile_money,357.69,failed
PMT-7649D5F2F0,RES-D6F2490D19,12-09-2024 12:00 AM,bank_transfer,134.03,refunded
PMT-B86E1F1C1B,RES-B6E9B68161,14/01/2026 00:00,bank_transfer,1540.56,refunded
PMT-5DE7ED2958,RES-5E63D20900,07-14-2025 12:00 AM,paypal,707.48,Refunded
PMT-EE88D7C860,RES-67BCC267C9,,bank_transfer,850.21,pending
PMT-849910254A,RES-9E7DF66EB3,2025-05-22 00:00:00,mobile_money,1066.41,Pending
PMT-48DE61A200,RES-C5106E8C46,11-21-2024 12:00 AM,mobile_money,384.46,Refunded
PMT-D61115878C,RES-9A4A809817,09-05-2024 12:00 AM,cash,1433.42,REFUNDED
PMT-E6477EAC10,RES-490C714EBF,06-06-2024 12:00 AM,credit_card,1433.87,pending
PMT-19964A7469,RES-9C4D3E3EED,29/06/2024 00:00,cash,1498.72,failed
PMT-D74A7BC819,RES-FB6B01BA66,22/04/2025 00:00,paypal,1531.54,Paid
PMT-6F23772411,RES-F2220BEA8C,,credit_card,622.26,Failed
PMT-7688EE7892,RES-76D1364A68,2024-05-30 00:00:00,bank_transfer,199.34,Pending
PMT-1260A601A2,RES-75C41AE84B,2026-03-12 00:00:00,debit_card,1347.27,SUCCESS
PMT-AA4EF85FD3,RES-E0E89F21FA,15/01/2026 00:00,cash,66.86,Refunded
PMT-1053400361,RES-834CC3130F,16/08/2025 00:00,bank_transfer,1553.29,PENDING
PMT-A37C0DF204,RES-3D37EC926D,10/10/2025 00:00,mobile_money,222.34,DECLINED
PMT-65886B886C,RES-B170402411,03/01/2025 00:00,paypal,713.57,Paid
PMT-9DDE287ADE,RES-C3FACF141D,06-10-2026 12:00 AM,paypal,291.66,Pending
PMT-AF6EF9A3BE,RES-A0DF079C97,19/08/2025 00:00,debit_card,1212.5,pending
PMT-298012175A,RES-23407F9812,23/04/2024 00:00,credit_card,975.62,PENDING
PMT-C513CB954B,RES-23407F9812,2024-06-29 00:00:00,cash,1653.0,Failed
PMT-312A07FB3B,RES-12CD494B68,2024-02-28 00:00:00,mobile_money,868.14,Paid
PMT-7031E2BBBC,RES-67AE792BEC,14/10/2024 00:00,credit_card,1024.48,pending
PMT-58F0807CED,RES-650F5C5CEE,11/07/2025 00:00,mobile_money,548.16,Refunded
PMT-0C60ABD5EB,RES-23905D6170,23/05/2025 00:00,mobile_money,899.91,PENDING
PMT-79348F1386,RES-94E8E4F1DC,2024-05-12 00:00:00,cash,286.45,PENDING
PMT-B73A906A5A,RES-4ABE46A85E,16/08/2024 00:00,debit_card,309.18,paid
PMT-B98D671345,RES-2BB672C52F,03-23-2025 12:00 AM,debit_card,1466.15,REFUNDED
PMT-15970E5617,RES-ED31FF3496,11-04-2025 12:00 AM,credit_card,1524.86,REFUNDED
PMT-C88930C4DC,RES-E2C8BC0457,2024-05-22 00:00:00,debit_card,1057.43,PAID
PMT-48FE9C57DD,RES-25E2CEA8EB,01-11-2026 12:00 AM,debit_card,549.4,PAID
PMT-DB928F513F,RES-9D187CE451,17/05/2024 00:00,bank_transfer,858.82,DECLINED
PMT-3EE94E2EE5,RES-D311314B2C,2024-06-04 00:00:00,mobile_money,1456.96,Paid
PMT-4B6EFC5C72,RES-2313154AFC,08-05-2025 12:00 AM,debit_card,1321.76,Refunded
PMT-6EDAA4C47C,RES-20CFFF250A,28/02/2026 00:00,mobile_money,1755.27,REFUNDED
PMT-EC88D346FF,RES-8F0B6B7E92,2026-01-10 00:00:00,cash,213.14,failed
PMT-9E0EC0577D,RES-1733A1A37B,14/06/2024 00:00,mobile_money,309.8,refunded
PMT-0E7C08AB15,RES-875F2610BC,2025-12-19 00:00:00,cash,1597.42,refunded
PMT-669057381F,RES-449C00A151,27/04/2025 00:00,paypal,1728.04,Failed
PMT-865A6739CB,RES-C60885FDDB,10/12/2024 00:00,cash,704.03,PENDING
PMT-43A8E23F4D,RES-BAF5118C59,04/03/2025 00:00,debit_card,1555.49,failed
PMT-5775DF976E,RES-693C4A9C69,04/02/2025 00:00,mobile_money,1225.01,PAID
PMT-EE8EE10BE5,RES-CBF4662D34,04-24-2025 12:00 AM,credit_card,1227.46,PAID
PMT-6A35AEB645,RES-D298D47086,10-28-2024 12:00 AM,paypal,964.16,success
PMT-8DB83B2920,RES-60ECBBACC6,2026-03-16 00:00:00,debit_card,1434.61,PENDING
PMT-941F631F53,RES-01AF77931B,11-30-2025 12:00 AM,bank_transfer,1167.7,DECLINED
PMT-7B88D87608,RES-90C0432163,2026-06-10 00:00:00,debit_card,94.59,PENDING
PMT-957C48D378,RES-3E9CBDF986,2025-08-01 00:00:00,cash,528.07,Refunded
PMT-344EB271D4,RES-B9086B09AB,,credit_card,551.86,Refunded
PMT-CAAFE2E654,RES-96F8FE1AD4,11/08/2024 00:00,cash,1052.46,SUCCESS
PMT-4D005A8C05,RES-D74826C868,2025-02-16 00:00:00,debit_card,232.56,PENDING
PMT-8AD646753D,RES-2067E21587,2024-05-23 00:00:00,mobile_money,1316.88,REFUNDED
PMT-81BE33175C,RES-9228C5F6BB,06-19-2025 12:00 AM,cash,1159.08,Refunded
PMT-841BDA7DE7,RES-112077EB16,2024-08-28 00:00:00,bank_transfer,1554.54,PENDING
PMT-F3DE3A8466,RES-7CC7B19F46,07-07-2024 12:00 AM,cash,686.92,REFUNDED
PMT-D96EA85754,RES-A2F8066F25,17/11/2024 00:00,bank_transfer,891.1,Paid
PMT-4B68004B36,RES-89E5DFCB28,2024-09-23 00:00:00,debit_card,1639.96,PAID
PMT-0582AA7404,RES-6FD31A02C8,12-19-2024 12:00 AM,debit_card,799.32,Failed
PMT-E414A25B83,RES-78E0FE30B9,2025-07-12 00:00:00,mobile_money,968.0,Pending
PMT-0EE23C36D6,RES-4FB34F8741,03/06/2026 00:00,paypal,956.16,pending
PMT-11A06923F4,RES-3B740B3E3C,2026-01-17 00:00:00,credit_card,1265.68,Paid
PMT-CBB408C937,RES-FF99ED45CD,2025-11-27 00:00:00,debit_card,1134.33,Refunded
PMT-890DE71771,RES-2A65BE7D4A,04-01-2025 12:00 AM,credit_card,1062.7,pending
PMT-1BF1137327,RES-ED94C553C9,06/11/2025 00:00,paypal,1439.83,pending
PMT-20189B5814,RES-445860849E,2025-10-17 00:00:00,cash,1649.03,PAID
PMT-6938C5E6D1,RES-4ABFD3E42B,04-18-2025 12:00 AM,credit_card,289.36,success
PMT-2EA5CC0868,RES-4ABFD3E42B,15/11/2024 00:00,credit_card,137.91,SUCCESS
PMT-886C68F28F,RES-4ABFD3E42B,06-19-2025 12:00 AM,credit_card,311.13,declined
PMT-EC774981E4,RES-153AAC1CFC,01-27-2024 12:00 AM,mobile_money,293.92,failed
PMT-5463C8F5E6,RES-2341C46DF1,2026-02-01 00:00:00,cash,175.62,Failed
PMT-256BFF7C87,RES-12BCDF4C1C,01/09/2024 00:00,cash,448.15,declined
PMT-2E0CEDF5CC,RES-A15697A8EB,20/10/2025 00:00,credit_card,500.17,Refunded
PMT-B17F15F363,RES-A15697A8EB,26/08/2025 00:00,credit_card,205.86,Refunded
PMT-6F599EC45B,RES-96EE934229,06-09-2024 12:00 AM,mobile_money,1584.59,DECLINED
PMT-731F263BC3,RES-CBE2AA856D,06-07-2024 12:00 AM,cash,70.11,declined
PMT-678E33218F,RES-505516FAE7,05-20-2024 12:00 AM,mobile_money,1321.41,PAID
PMT-733B7B09D5,RES-F11FBFEF8B,2024-05-05 00:00:00,mobile_money,737.84,Pending
PMT-0E6B9243D3,RES-8F81ABF001,2024-04-27 00:00:00,debit_card,1427.96,Pending
PMT-6F0840A94A,RES-5F234EE804,04-20-2024 12:00 AM,credit_card,1057.06,Paid
PMT-82BF608424,RES-40EBC93EF1,2026-01-16 00:00:00,bank_transfer,740.9,REFUNDED
PMT-2809C26B45,RES-AC9257527B,24/08/2025 00:00,cash,1203.76,failed
PMT-D94D96A663,RES-5BBB3B5373,12-30-2024 12:00 AM,credit_card,884.15,failed
PMT-275C2362F8,RES-4C08660533,06-04-2026 12:00 AM,bank_transfer,1689.26,Pending
PMT-6F0154B6CB,RES-7F0FE87A8A,16/09/2025 00:00,paypal,1444.31,pending
PMT-1185A7528E,RES-40D6A7DF66,22/02/2024 00:00,mobile_money,293.42,success
PMT-763CBB2DCF,RES-86E497E750,2025-06-18 00:00:00,credit_card,1474.44,PAID
PMT-5C4DC0C3D1,RES-B9F4F2E38C,04/06/2025 00:00,bank_transfer,823.53,DECLINED
PMT-53F1B5F53E,RES-9082F205FA,2025-04-02 00:00:00,credit_card,1243.92,pending
PMT-4CE32DBEC4,RES-9082F205FA,2025-01-16 00:00:00,mobile_money,75.19,pending
PMT-EA952D8738,RES-574A79438A,20/09/2025 00:00,bank_transfer,1771.92,PAID
PMT-2A0890127E,RES-DF4AE751A5,10-29-2024 12:00 AM,credit_card,1107.33,failed
PMT-FDBCC5A29E,RES-C694379C73,19/05/2024 00:00,debit_card,126.2,Failed
PMT-6C8F0CEEE4,RES-2F625BBEF2,10/03/2025 00:00,paypal,532.73,FAILED
PMT-305A0F9797,RES-2F625BBEF2,13/12/2025 00:00,bank_transfer,574.74,REFUNDED
PMT-520EC8F6CE,RES-2F625BBEF2,17/05/2024 00:00,bank_transfer,1239.88,failed
PMT-22C1BD2F22,RES-91040B6DCE,09/09/2025 00:00,credit_card,1756.82,Refunded
PMT-8E0A264761,RES-A53DCB2948,2026-01-19 00:00:00,cash,1476.33,REFUNDED
PMT-EFF22258D1,RES-666936736C,2024-08-11 00:00:00,debit_card,1043.18,success
PMT-ECD8CE6236,RES-AA9BBB9008,09-21-2024 12:00 AM,credit_card,1335.5,PENDING
PMT-CD35B78160,RES-619F46E944,25/04/2026 00:00,bank_transfer,316.39,success
PMT-F8C7245D4D,RES-3B0A65AD2B,01-19-2026 12:00 AM,mobile_money,115.89,refunded
PMT-FDC316FC72,RES-81E2A050DD,07/06/2024 00:00,bank_transfer,695.91,Pending
PMT-E3E1571555,RES-C9E32D5DA2,2024-08-15 00:00:00,credit_card,1447.63,PENDING
PMT-ADC64F2FE6,RES-4DD381C046,10/08/2024 00:00,paypal,1668.12,paid
PMT-5344CDB45F,RES-72D012F1B1,04-01-2026 12:00 AM,mobile_money,1095.23,Pending
PMT-148FD27837,RES-500D107C75,2025-11-25 00:00:00,mobile_money,799.39,Failed
PMT-F95DC45ABF,RES-500D107C75,01-16-2025 12:00 AM,credit_card,1149.5,paid
PMT-437DD36B4C,RES-500D107C75,2024-09-28 00:00:00,bank_transfer,735.11,Pending
PMT-D510CB22F0,RES-1DF0898C3A,2025-07-12 00:00:00,credit_card,645.83,failed
PMT-4CC1DD0EDC,RES-2AAC850471,04-29-2024 12:00 AM,bank_transfer,612.31,DECLINED
PMT-A97CAAA5AC,RES-6D532FAB33,28/05/2026 00:00,debit_card,114.38,failed
PMT-0880087656,RES-F29704E971,2024-05-30 00:00:00,debit_card,1480.85,Refunded
PMT-64DD6FE157,RES-F29704E971,12-21-2024 12:00 AM,debit_card,640.36,declined
PMT-DDFA446BCA,RES-F29704E971,10/01/2024 00:00,paypal,1579.3,Paid
PMT-2278C3F8FE,RES-5868FC948C,06/12/2024 00:00,debit_card,421.18,FAILED
PMT-D78C28A006,RES-5868FC948C,04-19-2026 12:00 AM,cash,1327.01,Paid
PMT-2FA05EA6CB,RES-55B431BB1B,2024-08-14 00:00:00,paypal,614.54,pending
PMT-34190F2664,RES-814D01B9E3,2025-05-25 00:00:00,bank_transfer,859.95,Paid
PMT-B5719664BC,RES-814D01B9E3,2025-10-15 00:00:00,cash,62.3,Paid
PMT-489B3D2269,RES-9B49B585E0,03/10/2025 00:00,cash,457.28,Refunded
PMT-1F3647506F,RES-047FC68A9F,10-13-2025 12:00 AM,cash,421.4,Refunded
PMT-FA428578F6,RES-047FC68A9F,30/10/2024 00:00,credit_card,79.29,PAID
PMT-BFDE2D505F,RES-047FC68A9F,2024-05-25 00:00:00,bank_transfer,363.74,Pending
PMT-C4F2D1C542,RES-1E0E0FE91C,06-10-2026 12:00 AM,bank_transfer,414.08,PENDING
PMT-ABA6BFAE4F,RES-60FB1E3A2E,06/06/2026 00:00,cash,291.68,DECLINED
PMT-84230A3EF4,RES-8604E0EDC1,04-17-2024 12:00 AM,bank_transfer,812.1,failed
PMT-0B438ECC87,RES-A818C4444B,2026-06-16 00:00:00,paypal,1539.5,DECLINED
PMT-49DEF93983,RES-76A12899AA,2024-07-14 00:00:00,cash,564.56,refunded
PMT-5FF5641819,RES-C01D91496C,2025-09-02 00:00:00,paypal,65.14,DECLINED
PMT-D902CB2A32,RES-5C8C9A29B0,13/07/2025 00:00,paypal,706.22,paid
PMT-38E2F386A8,RES-A5E07DB008,2025-07-28 00:00:00,paypal,1180.91,paid
PMT-C9BA27F6A3,RES-A5E07DB008,17/05/2024 00:00,mobile_money,1353.08,Pending
PMT-BE837E69C1,RES-A49E20A04D,29/09/2024 00:00,credit_card,1560.72,pending
PMT-9C11E58974,RES-932E5D548A,30/01/2025 00:00,bank_transfer,1069.52,Pending
PMT-8CC0E30782,RES-1A94819581,2026-06-16 00:00:00,bank_transfer,1596.11,paid
PMT-325F336341,RES-DD94343FAB,2024-11-22 00:00:00,mobile_money,1319.03,pending
PMT-9FB073A57F,RES-DD94343FAB,13/04/2024 00:00,cash,1673.74,paid
PMT-0E0E468FD9,RES-63DDD90EF6,02-08-2025 12:00 AM,mobile_money,260.29,SUCCESS
PMT-E3D40F8BD8,RES-560EDC3F11,21/02/2024 00:00,credit_card,1528.66,Failed
PMT-3516060350,RES-560EDC3F11,2025-01-14 00:00:00,cash,456.1,refunded
PMT-D0FA0C794E,RES-5900926D81,06-18-2025 12:00 AM,cash,1644.56,success
PMT-857954CCA8,RES-5900926D81,02-17-2026 12:00 AM,bank_transfer,497.95,refunded
PMT-4830E5FC96,RES-1DD5D9F74D,04-11-2024 12:00 AM,paypal,153.46,Paid
PMT-45A9DA2793,RES-5FABFB061E,2026-01-28 00:00:00,bank_transfer,983.43,success
PMT-8B91CE68AF,RES-3011B885BB,2024-09-22 00:00:00,mobile_money,1143.17,PAID
PMT-CFE0F7511D,RES-0746B3DF4A,27/07/2024 00:00,bank_transfer,1390.08,Failed
PMT-9812366D76,RES-75EC242CA9,2024-10-18 00:00:00,debit_card,684.07,failed
PMT-B8757E8E5B,RES-E7925AA140,02-27-2024 12:00 AM,paypal,971.8,Paid
PMT-435AA593D5,RES-CB39D2FCEC,2024-01-12 00:00:00,bank_transfer,1573.41,Refunded
PMT-FF3D6CA708,RES-3D2ED2EBA1,21/05/2024 00:00,mobile_money,202.48,PENDING
PMT-6D542C2EA1,RES-27BBECD8FD,02-18-2024 12:00 AM,debit_card,520.44,Refunded
PMT-3A300F78A5,RES-32BEA18586,2024-11-03 00:00:00,mobile_money,240.65,Refunded
PMT-17797D2DD3,RES-E25AE0FD2A,06-29-2024 12:00 AM,paypal,1266.6,DECLINED
PMT-B1718DF481,RES-9C4A10497E,08-19-2024 12:00 AM,mobile_money,952.29,refunded
PMT-C125F7AC4D,RES-BA3DB77A6D,16/02/2024 00:00,bank_transfer,796.82,Pending
PMT-48B3BABFA2,RES-9F59BDBE8D,11-28-2025 12:00 AM,debit_card,519.15,FAILED
PMT-6B1DD0BCD7,RES-DBDE4D84A2,2025-01-23 00:00:00,credit_card,182.42,declined
PMT-E7408D0831,RES-C7AC671456,09/12/2025 00:00,mobile_money,570.47,REFUNDED
PMT-DAD074E8B6,RES-389AA96EC1,2025-05-17 00:00:00,bank_transfer,1494.84,success
PMT-D1632D8A58,RES-D0B91BB124,2026-06-11 00:00:00,bank_transfer,179.6,success
PMT-7FED94EE7A,RES-569A704A89,10/05/2024 00:00,paypal,152.03,Refunded
PMT-7F5667D0F1,RES-B963C4B413,2026-02-14 00:00:00,bank_transfer,84.5,DECLINED
PMT-5F3EA3490D,RES-49CA2BF01E,2026-06-18 00:00:00,credit_card,1273.46,Refunded
PMT-2DB246A886,RES-01D710B02A,2025-09-08 00:00:00,cash,735.8,refunded
PMT-9CC417090E,RES-EB106D7DE9,2024-09-04 00:00:00,credit_card,330.13,FAILED
PMT-3009D1531E,RES-EB106D7DE9,16/12/2024 00:00,paypal,1213.67,DECLINED
PMT-0DCAEB6FC1,RES-BD97B90D42,23/04/2024 00:00,paypal,952.47,FAILED
PMT-71E56B2D29,RES-934B21E2DB,10-03-2024 12:00 AM,paypal,1313.74,refunded
PMT-010500870C,RES-3A5CE33B76,25/08/2024 00:00,credit_card,989.24,DECLINED
PMT-0CB3EB6394,RES-83F00E3304,19/02/2025 00:00,debit_card,1139.79,PENDING
PMT-F3CE832E85,RES-D2470BB286,,credit_card,1468.24,refunded
PMT-1834A6731F,RES-D2470BB286,02/03/2026 00:00,debit_card,1625.93,PENDING
PMT-80019733FB,RES-D2470BB286,10/07/2025 00:00,debit_card,211.22,success
PMT-ACE50B9FC5,RES-54CDCB504D,05-04-2025 12:00 AM,debit_card,1364.5,Pending
PMT-9A8703BFA0,RES-E1FC8335EB,12/02/2024 00:00,credit_card,125.61,success
PMT-1F3476CC55,RES-6D9FF5989E,17/05/2024 00:00,debit_card,1335.5,PAID
PMT-34EE7F812C,RES-62ABE36285,11-16-2024 12:00 AM,debit_card,860.73,pending
PMT-D5E7C8A070,RES-62ABE36285,01-27-2025 12:00 AM,credit_card,1480.58,pending
PMT-620A54E29E,RES-62ABE36285,13/10/2025 00:00,cash,1753.51,declined
PMT-BB7808D454,RES-B20D9F2EFE,24/04/2024 00:00,credit_card,1656.5,Failed
PMT-232D0D0AA1,RES-DBBB470313,10-31-2024 12:00 AM,paypal,313.79,REFUNDED
PMT-A3DC5AB489,RES-3D78B5D84E,15/09/2024 00:00,debit_card,219.77,REFUNDED
PMT-436A46BE71,RES-782403AC71,2026-03-27 00:00:00,mobile_money,159.24,refunded
PMT-80CA486F5B,RES-03804D290E,2025-06-24 00:00:00,credit_card,1407.49,Refunded
PMT-6412EF5A1E,RES-03804D290E,2024-12-31 00:00:00,debit_card,645.91,Refunded
PMT-B869300462,RES-AC9C679F5E,06-06-2024 12:00 AM,debit_card,1162.59,Refunded
PMT-9AEFBE344C,RES-49DBC5CE6D,2025-10-06 00:00:00,paypal,175.53,PENDING
PMT-04BC04369B,RES-AA8B963C8A,10/03/2026 00:00,debit_card,1687.64,paid
PMT-279C227898,RES-4F5C391869,2024-07-10 00:00:00,paypal,1399.49,pending
PMT-F9F3333B87,RES-793F203DEA,20/05/2026 00:00,bank_transfer,1077.57,REFUNDED
PMT-1318907690,RES-F9B984B2B6,02-26-2026 12:00 AM,cash,314.91,REFUNDED
PMT-27F83A4C97,RES-CAE289D64E,04-19-2026 12:00 AM,paypal,483.51,FAILED
PMT-C6EB618C7E,RES-499FCC55B3,08-02-2025 12:00 AM,cash,360.19,pending
PMT-9C1F9B1108,RES-DEC8A6D0CE,2025-10-27 00:00:00,debit_card,330.42,failed
PMT-54B9AB7DF3,RES-2A1E7595FB,10-29-2024 12:00 AM,bank_transfer,1696.41,pending
PMT-066596F218,RES-2A1E7595FB,11-24-2025 12:00 AM,paypal,1710.66,Failed
PMT-2BC1B49FB2,RES-D460D840F7,28/12/2025 00:00,paypal,1717.27,paid
PMT-067FA49F0F,RES-A021C6788D,2025-07-23 00:00:00,debit_card,1002.35,refunded
PMT-8766251CAF,RES-0569C01EBC,2026-02-26 00:00:00,paypal,1488.53,Paid
PMT-C816413841,RES-C11FDC6E20,2024-06-27 00:00:00,credit_card,615.94,REFUNDED
PMT-D069204A74,RES-D6511895CA,04-03-2026 12:00 AM,cash,351.57,pending
PMT-D33B2E6E8A,RES-9286BB4698,2024-06-30 00:00:00,paypal,1706.29,DECLINED
PMT-99A24DCEC7,RES-2B84591B24,2026-01-21 00:00:00,debit_card,456.21,failed
PMT-9DB0C072C2,RES-087EF94306,08-08-2024 12:00 AM,mobile_money,196.07,refunded
PMT-04BB7B7E81,RES-B2C6D04D81,08/01/2025 00:00,bank_transfer,956.07,Pending
PMT-56D1A5F5AD,RES-BFB93B0D68,2025-04-04 00:00:00,paypal,1268.88,SUCCESS
PMT-C3E9DA10CF,RES-96F732EC1B,05-16-2025 12:00 AM,cash,1184.78,refunded
PMT-E8BA538142,RES-96F732EC1B,03-25-2024 12:00 AM,mobile_money,1563.95,REFUNDED
PMT-7AEF90B7F1,RES-CD905F4CE4,02-16-2025 12:00 AM,bank_transfer,1081.81,FAILED
PMT-722009086B,RES-28E010E811,2024-07-01 00:00:00,paypal,226.47,FAILED
PMT-376F12A4BF,RES-89537C0F6C,2025-12-25 00:00:00,paypal,1552.44,Refunded
PMT-ED81099053,RES-ABE676D96A,2026-06-14 00:00:00,credit_card,795.83,pending
PMT-99AE39F731,RES-E438872580,05-28-2025 12:00 AM,cash,1079.12,REFUNDED
PMT-7CA45A9BE5,RES-BC6E3EF48A,05-18-2025 12:00 AM,credit_card,1078.74,refunded
PMT-3DB62AB2C0,RES-BF5F804114,2024-10-25 00:00:00,debit_card,878.39,FAILED
PMT-F3C271A326,RES-9D4D62E3B4,01-16-2024 12:00 AM,bank_transfer,218.17,failed
PMT-A216031909,RES-9D4D62E3B4,24/12/2024 00:00,paypal,1640.52,failed
PMT-D675D300FE,RES-9D4D62E3B4,19/05/2025 00:00,bank_transfer,634.82,paid
PMT-23D0766603,RES-FABB1626DD,26/01/2024 00:00,credit_card,399.49,declined
PMT-BD3ED0525B,RES-CD4317A441,10/04/2025 00:00,mobile_money,1528.06,pending
PMT-9DAE3C214F,RES-EC62787F48,06-02-2026 12:00 AM,cash,916.88,PAID
PMT-3BAE60DA32,RES-960E3D0857,07-23-2025 12:00 AM,cash,789.89,Refunded
PMT-46897445DB,RES-5C909A7278,06-03-2026 12:00 AM,cash,964.09,pending
PMT-9A1BB3E04A,RES-975B45176D,09/11/2025 00:00,debit_card,1520.96,pending
PMT-84BDCD15BA,RES-54A17D1761,06-25-2024 12:00 AM,cash,1429.15,declined
PMT-D6A967C5A6,RES-74C0BA8EDC,06-21-2025 12:00 AM,cash,1378.05,REFUNDED
PMT-CC6970ED7C,RES-595EFEC4BF,2026-01-14 00:00:00,paypal,139.27,REFUNDED
PMT-2138277505,RES-595EFEC4BF,2025-01-30 00:00:00,cash,831.12,SUCCESS
PMT-0A9C988B61,RES-595EFEC4BF,08-05-2025 12:00 AM,mobile_money,999.38,failed
PMT-9E081473EA,RES-C6A7471630,05-30-2025 12:00 AM,mobile_money,1295.83,Failed
PMT-84B1D39BF4,RES-78437A5375,04-21-2024 12:00 AM,credit_card,1360.9,PAID
PMT-835BA50336,RES-D2283A235A,2026-04-21 00:00:00,paypal,934.9,FAILED
PMT-057702C2C3,RES-66FD691F7E,03/03/2026 00:00,credit_card,439.47,refunded
PMT-BB36341416,RES-00B42A43A5,2024-05-23 00:00:00,bank_transfer,66.48,Refunded
PMT-B3AB3BFFAD,RES-00B42A43A5,2025-01-30 00:00:00,cash,1199.6,Pending
PMT-FF7CE1C8A0,RES-0BC2AABB67,2025-09-08 00:00:00,paypal,659.39,Refunded
PMT-7247884DF4,RES-0BC2AABB67,2025-05-03 00:00:00,debit_card,1450.77,REFUNDED
PMT-3DC6BC2F29,RES-0BC2AABB67,2026-02-09 00:00:00,mobile_money,1608.32,DECLINED
PMT-71F569FD17,RES-325D0787DD,07/09/2024 00:00,mobile_money,319.02,refunded
PMT-9BDF1E8F06,RES-D8F6DB696D,12/09/2024 00:00,credit_card,1569.28,FAILED
PMT-A8D708D1C0,RES-4996D3F30B,04/07/2024 00:00,cash,1003.45,REFUNDED
PMT-2CBD3741C0,RES-02FB752109,12-06-2024 12:00 AM,bank_transfer,1645.22,Pending
PMT-0A49D83F2E,RES-C9AC87AE25,2026-01-18 00:00:00,credit_card,995.66,declined
PMT-5110D9F1F4,RES-DEF2EA2B7D,29/05/2026 00:00,bank_transfer,63.43,DECLINED
PMT-1E937CB108,RES-7595D538AA,04-02-2024 12:00 AM,credit_card,1379.6,paid
PMT-37AE72EF67,RES-5A182B58A4,2024-09-30 00:00:00,credit_card,1755.94,SUCCESS
PMT-B92EB3E5E9,RES-9FE4E1FF1C,2024-05-27 00:00:00,mobile_money,1111.76,declined
PMT-1AF323079C,RES-E6230EDA51,2024-01-30 00:00:00,debit_card,1042.47,declined
PMT-01D075C20C,RES-86D4D075E9,2026-03-14 00:00:00,cash,594.91,PENDING
PMT-E3DE882637,RES-2A85435CBE,2024-12-01 00:00:00,debit_card,1624.4,pending
PMT-F7D4466BFB,RES-DCBFEF4458,01/06/2024 00:00,credit_card,850.8,FAILED
PMT-C749CBD9F3,RES-1C808416DD,24/08/2024 00:00,paypal,214.71,Refunded
PMT-37EAA7E872,RES-1C808416DD,09-07-2024 12:00 AM,paypal,592.07,PENDING
PMT-687898AD47,RES-1C808416DD,2024-09-29 00:00:00,mobile_money,1509.78,DECLINED
PMT-CB5D677DA7,RES-8B66FF0D34,2025-07-07 00:00:00,cash,871.65,refunded
PMT-0DBB365195,RES-5EB5223FD4,11/01/2024 00:00,cash,1422.69,Refunded
PMT-207A440B69,RES-76C7E76879,02/02/2024 00:00,bank_transfer,1142.62,FAILED
PMT-FFD8774293,RES-4D91120C0B,2025-04-22 00:00:00,bank_transfer,1336.8,REFUNDED
PMT-89AE2871E0,RES-4D91120C0B,17/12/2025 00:00,debit_card,488.54,Paid
PMT-D0E2604846,RES-5417A0D23A,2024-03-23 00:00:00,paypal,1703.43,Pending
PMT-31734C0E9A,RES-FB460BA55A,06-04-2025 12:00 AM,cash,592.96,failed
PMT-153D7C75CB,RES-C3E65C9B96,07/11/2025 00:00,credit_card,784.74,paid
PMT-CD4E7927DE,RES-0BD9BEBE32,2025-05-11 00:00:00,credit_card,370.24,Refunded
PMT-7F8009C9D3,RES-9ACBEFC9C0,03-19-2026 12:00 AM,paypal,712.93,SUCCESS
PMT-6B5080FB17,RES-69A8F39DB4,06-03-2026 12:00 AM,paypal,1407.97,SUCCESS
PMT-021187FF4E,RES-524C50D27A,10-09-2025 12:00 AM,bank_transfer,157.69,PAID
PMT-6F19C45FD4,RES-F4BA1C18E0,04-03-2026 12:00 AM,paypal,657.04,Pending
PMT-B1D03A1457,RES-3E39DAB49B,2026-06-13 00:00:00,credit_card,605.8,PENDING
PMT-24883399F1,RES-7C79A22260,06-04-2026 12:00 AM,mobile_money,412.34,Pending
PMT-2AB6D1B263,RES-DD8F634179,02-21-2026 12:00 AM,cash,503.7,declined
PMT-DEA413A656,RES-7256CA7495,11-26-2025 12:00 AM,mobile_money,367.26,REFUNDED
PMT-04B4E81FEB,RES-1B0A0E744E,29/12/2024 00:00,paypal,1223.26,Pending
PMT-ED63B0140C,RES-96BB52AF13,2024-06-27 00:00:00,paypal,422.62,pending
PMT-0D7398BEDA,RES-75DD1B9739,06-19-2025 12:00 AM,debit_card,1456.82,PAID
PMT-E75A3543B9,RES-B528559E0D,27/07/2024 00:00,bank_transfer,209.46,Failed
PMT-2C1F12820C,RES-8C3C410F26,2024-06-12 00:00:00,debit_card,68.65,Paid
PMT-3221E0D26D,RES-F247127AF2,02-22-2025 12:00 AM,debit_card,600.14,failed
PMT-052C62675F,RES-59D2BEC51F,02-19-2024 12:00 AM,cash,863.99,PENDING
PMT-58A48687DA,RES-55442DAFED,2025-07-22 00:00:00,paypal,1246.83,refunded
PMT-94E33977E0,RES-55442DAFED,2025-10-18 00:00:00,mobile_money,243.65,PAID
PMT-C08F91E2CA,RES-55442DAFED,2025-06-26 00:00:00,debit_card,730.11,Refunded
PMT-02424E1B8C,RES-D933B84671,2025-10-12 00:00:00,mobile_money,1430.89,SUCCESS
PMT-78C938F1F7,RES-D933B84671,2026-02-03 00:00:00,bank_transfer,1408.12,Pending
PMT-4EA6CA9FCE,RES-237288991F,2024-10-11 00:00:00,cash,1447.55,SUCCESS
PMT-AAE144BC97,RES-23E4132C39,26/05/2025 00:00,bank_transfer,782.48,SUCCESS
PMT-ADB5B8C09C,RES-3D86F70C45,15/11/2024 00:00,cash,499.41,DECLINED
PMT-CFBC1CC525,RES-960D01A673,01-27-2025 12:00 AM,mobile_money,1050.11,pending
PMT-BA516D8206,RES-F99452B3DF,05-19-2024 12:00 AM,paypal,307.7,PENDING
PMT-B01644E1A0,RES-2CD86BF8BF,2026-01-04 00:00:00,cash,1174.98,SUCCESS
PMT-1DAFA46CB3,RES-1FB4FA1742,07-20-2024 12:00 AM,bank_transfer,1607.13,FAILED
PMT-1C63CD405C,RES-1FB4FA1742,07-07-2024 12:00 AM,credit_card,944.11,pending
PMT-EA9B3C1B25,RES-6F542142A9,09-24-2025 12:00 AM,cash,1154.31,Failed
PMT-9335447C0C,RES-3AFA30E39B,10-27-2025 12:00 AM,debit_card,1112.09,refunded
PMT-89C3FA08D7,RES-EAC5A96C86,02-20-2026 12:00 AM,debit_card,1576.46,PAID
PMT-641C2665C2,RES-098DEFF194,2026-02-12 00:00:00,mobile_money,533.86,pending
PMT-B4497AE760,RES-DA6050C5B8,18/02/2026 00:00,mobile_money,1214.03,SUCCESS
PMT-2C36F1F5C0,RES-F906988212,,paypal,1551.86,Pending
PMT-5E45B7F023,RES-ABFEDDEACB,26/06/2024 00:00,mobile_money,1020.48,Failed
PMT-05EF2230A9,RES-E2FD1A7CDB,11-03-2025 12:00 AM,cash,185.01,Pending
PMT-7A50A1F523,RES-C1B0B70A49,05-31-2024 12:00 AM,credit_card,931.0,REFUNDED
PMT-E54F80857E,RES-6C2AA6DC2A,2024-10-25 00:00:00,paypal,355.22,refunded
PMT-3BFC5FFC77,RES-144198648C,18/05/2025 00:00,cash,965.22,DECLINED
PMT-869ADBB3E7,RES-144198648C,2025-06-04 00:00:00,credit_card,1387.54,Failed
PMT-269FD91CD4,RES-144198648C,08-09-2025 12:00 AM,credit_card,674.86,success
PMT-2F33927CF4,RES-E40CA2F9E1,07-26-2024 12:00 AM,mobile_money,422.41,failed
PMT-B4FBB80265,RES-E8C96EABBF,03-19-2026 12:00 AM,debit_card,779.16,PAID
PMT-2DED2375E9,RES-ABF9937F35,08-03-2025 12:00 AM,bank_transfer,1076.81,Paid
PMT-2D7CD1E768,RES-1DB8E4DF26,2024-11-26 00:00:00,credit_card,704.78,SUCCESS
PMT-9CDF6B5989,RES-600AA92E1C,05-02-2025 12:00 AM,cash,1096.33,REFUNDED
PMT-7AB0AB80DF,RES-2EB9CDD424,02/11/2025 00:00,paypal,1580.18,refunded
PMT-0EF06AEDDC,RES-AF0BA04DE0,2026-02-08 00:00:00,cash,1601.53,PENDING
PMT-ABC8A15686,RES-39D3705311,08-22-2025 12:00 AM,paypal,724.45,pending
PMT-D1DF11CE72,RES-CF75A74B5B,02/10/2024 00:00,debit_card,976.93,success
PMT-792EC9CAB4,RES-7A176E78DC,04/06/2026 00:00,cash,56.23,SUCCESS
PMT-9DC7018433,RES-7A176E78DC,2024-11-17 00:00:00,debit_card,771.27,Refunded
PMT-B346DFE8C3,RES-7A176E78DC,2025-11-16 00:00:00,debit_card,903.84,Pending
PMT-C996337BD3,RES-B28B8C40C5,09/06/2025 00:00,cash,1609.15,Pending
PMT-C9C923C066,RES-2D2FCF79D6,04-07-2026 12:00 AM,paypal,1490.59,PAID
PMT-AC3A240681,RES-68BB6BB0BB,12-25-2024 12:00 AM,bank_transfer,584.72,pending
PMT-5E17E4229D,RES-B8E240A86C,25/03/2024 00:00,credit_card,,Failed
PMT-0AE4F1527E,RES-B05E61F7CF,10/03/2025 00:00,bank_transfer,179.44,paid
PMT-6D7BD04A97,RES-962AAAAB8A,2024-02-04 00:00:00,cash,1615.73,REFUNDED
PMT-81291722F3,RES-78662345BF,2024-02-28 00:00:00,mobile_money,547.16,refunded
PMT-F8161D5AEC,RES-E735C661FB,22/01/2026 00:00,debit_card,159.46,pending
PMT-AC2268EDC5,RES-E735C661FB,11-24-2024 12:00 AM,mobile_money,614.88,SUCCESS
PMT-1BA2043CCA,RES-E735C661FB,04-08-2026 12:00 AM,mobile_money,463.21,PAID
PMT-9E145B06DE,RES-5C46D67C55,02/10/2025 00:00,mobile_money,1204.53,Paid
PMT-1D34C06C47,RES-0456483FBC,2024-02-10 00:00:00,mobile_money,1243.1,failed
PMT-D3DE1FBE9D,RES-C0D7C7AF97,05-04-2025 12:00 AM,paypal,1148.78,REFUNDED
PMT-2DCBE56DA6,RES-C0D7C7AF97,2024-10-05 00:00:00,credit_card,1128.21,refunded
PMT-6B60A7B05A,RES-575366B421,03-29-2025 12:00 AM,paypal,700.92,PENDING
PMT-19E872476F,RES-DE01F1B42A,15/01/2024 00:00,cash,1198.31,Pending
PMT-0647219DFB,RES-99EFA4C20C,2024-05-18 00:00:00,credit_card,1163.35,declined
PMT-ABCD05C319,RES-9A79737C7A,12/02/2026 00:00,cash,139.33,SUCCESS
PMT-6A0CD9DBEA,RES-77A2484884,04-08-2024 12:00 AM,paypal,1666.55,DECLINED
PMT-A81726628D,RES-381590B9E9,31/03/2026 00:00,mobile_money,705.23,pending
PMT-4F8F2FB7FB,RES-041CBAA09A,12/04/2025 00:00,paypal,253.83,PENDING
PMT-0D144EB176,RES-818FE7939A,07/07/2024 00:00,bank_transfer,841.71,REFUNDED
PMT-C8ED9A874F,RES-2D89462E22,12/10/2024 00:00,mobile_money,1546.97,declined
PMT-75414513CC,RES-C09F51A0F2,2024-03-06 00:00:00,cash,190.61,refunded
PMT-CC00DFAA3C,RES-5714C6760D,2025-12-23 00:00:00,paypal,965.55,PAID
PMT-B9549D8959,RES-EE5A451973,2024-07-08 00:00:00,credit_card,1016.7,PENDING
PMT-09642AD371,RES-73B2005244,10-02-2024 12:00 AM,paypal,1689.95,declined
PMT-5A2ED2E38E,RES-5E5B22CA37,17/05/2024 00:00,mobile_money,293.07,Refunded
PMT-6780DC2DDD,RES-3706D80B32,2026-02-06 00:00:00,debit_card,200.23,Refunded
PMT-5D6273F2D5,RES-D6E38C0EC3,28/09/2025 00:00,paypal,753.08,declined
PMT-0621FBDCFE,RES-0A8AE3514F,2024-12-24 00:00:00,credit_card,98.22,failed
PMT-99A0830F62,RES-A3CE76C68B,06-30-2025 12:00 AM,bank_transfer,964.45,Refunded
PMT-658BE0F8C4,RES-2005BC8E5B,03-23-2025 12:00 AM,cash,660.46,Pending
PMT-14A349EF19,RES-A9CC51012B,2026-03-03 00:00:00,cash,119.29,pending
PMT-811D502BDC,RES-3C3FFA7BC4,07-27-2024 12:00 AM,cash,944.67,SUCCESS
PMT-8A28FE3450,RES-6162362C95,2025-09-16 00:00:00,cash,1450.15,Pending
PMT-454757DF78,RES-1D2D0D663A,13/09/2025 00:00,cash,1440.5,REFUNDED
PMT-B7BEC80151,RES-D983F0091A,21/06/2024 00:00,mobile_money,1250.7,PENDING
PMT-28CEE4073D,RES-5AE75FD116,02/04/2026 00:00,debit_card,1647.74,success
PMT-586AAC1C3A,RES-1C1DA87AEB,2025-02-19 00:00:00,debit_card,165.37,SUCCESS
PMT-0D8921FF5A,RES-AE60EDD413,04-19-2025 12:00 AM,credit_card,312.27,pending
PMT-8D43B4CF70,RES-1BE2BBFC9B,08-12-2024 12:00 AM,mobile_money,1272.08,SUCCESS
PMT-CC00B9BA25,RES-2FD9223BF1,12-03-2024 12:00 AM,credit_card,1135.09,declined
PMT-9F20162CFC,RES-2FD9223BF1,03-29-2025 12:00 AM,paypal,735.37,REFUNDED
PMT-F16CC7619F,RES-7F885187D4,2024-06-12 00:00:00,credit_card,1079.96,Paid
PMT-ADB8FC8668,RES-5038254190,10-21-2024 12:00 AM,debit_card,261.26,PENDING
PMT-A240CCFE51,RES-5038254190,02-17-2026 12:00 AM,debit_card,426.96,DECLINED
PMT-A2F299C6FB,RES-5038254190,01/05/2025 00:00,paypal,580.84,Refunded
PMT-0D6ECF28FA,RES-8057E760D9,15/01/2025 00:00,bank_transfer,778.82,PAID
PMT-97D0D4CBE5,RES-8057E760D9,09-09-2025 12:00 AM,bank_transfer,799.74,REFUNDED
PMT-92B68B5D41,RES-8057E760D9,07/01/2026 00:00,paypal,1699.8,Refunded
PMT-A0BF66BBF4,RES-9130029E13,,paypal,1035.53,REFUNDED
PMT-ABE53EF05B,RES-44571E5DCC,06/05/2026 00:00,cash,631.04,SUCCESS
PMT-FEC5A59944,RES-44571E5DCC,12-01-2025 12:00 AM,mobile_money,613.4,refunded
PMT-D238FBD67A,RES-44571E5DCC,2025-07-21 00:00:00,bank_transfer,921.53,FAILED
PMT-9F8945EBD7,RES-03E09F57E6,13/10/2024 00:00,credit_card,210.46,pending
PMT-FAC8D93127,RES-0A3697C131,16/02/2025 00:00,mobile_money,1245.29,refunded
PMT-9D546A8C07,RES-3B547C1D9D,2024-04-03 00:00:00,bank_transfer,581.22,pending
PMT-999AB7E2DC,RES-2C9F8D5070,06-23-2025 12:00 AM,cash,1240.32,Pending
PMT-609DB83522,RES-07C27D5E99,22/03/2026 00:00,cash,288.58,pending
PMT-46B8A37445,RES-673AE78F89,2024-04-26 00:00:00,cash,232.01,paid
PMT-75EAC53C1D,RES-673AE78F89,04-19-2025 12:00 AM,bank_transfer,1290.65,Refunded
PMT-0E436AEF2C,RES-5C5FEFC78E,2025-09-07 00:00:00,debit_card,419.44,refunded
PMT-85AA712525,RES-2B7D21406D,2024-10-17 00:00:00,bank_transfer,1153.01,Pending
PMT-A472D31C8D,RES-177EF44784,2025-10-14 00:00:00,cash,870.38,Paid
PMT-2A94825825,RES-97A94C9C44,09-01-2025 12:00 AM,mobile_money,963.39,PENDING
PMT-B7CDA516C4,RES-A21B51A4E1,05-18-2024 12:00 AM,debit_card,1083.25,pending
PMT-34C2441937,RES-ABCE20F786,11-27-2024 12:00 AM,credit_card,875.85,failed
PMT-933294870C,RES-38269FAEEA,19/09/2025 00:00,debit_card,396.16,Pending
PMT-AE6208B25B,RES-38269FAEEA,26/05/2024 00:00,cash,230.97,Pending
PMT-A53CD1BA9B,RES-BE5D54F106,2025-07-05 00:00:00,paypal,1031.26,success
PMT-B2B2CD080E,RES-64759FD436,2025-08-23 00:00:00,bank_transfer,1123.01,PENDING
PMT-E0765D3089,RES-79F79942DE,06-16-2024 12:00 AM,mobile_money,1023.26,Failed
PMT-BB0E64124A,RES-63B39F19D4,2024-05-16 00:00:00,bank_transfer,63.66,Failed
PMT-44A7A34CDC,RES-413B12B760,2026-04-10 00:00:00,paypal,1131.84,Paid
PMT-67C05D7092,RES-2341AC1BF3,2024-06-19 00:00:00,credit_card,1345.03,FAILED
PMT-FC67535851,RES-3033E46598,2026-05-05 00:00:00,paypal,517.09,FAILED
PMT-85F864AC99,RES-3033E46598,10/06/2024 00:00,mobile_money,1342.29,Refunded
PMT-887F391AFA,RES-84766E8F4D,2024-07-04 00:00:00,debit_card,432.19,refunded
PMT-9E9876B758,RES-8102850F4A,01-05-2025 12:00 AM,mobile_money,,DECLINED
PMT-9B49F8746E,RES-530409A862,07-19-2025 12:00 AM,mobile_money,1038.68,Refunded
PMT-4223F199B2,RES-96324E0EE3,02-23-2026 12:00 AM,mobile_money,1415.35,paid
PMT-FF0F83DFDE,RES-D203E1BA59,23/07/2024 00:00,debit_card,1006.41,paid
PMT-7C7D00B376,RES-EA075D2FB4,04/06/2025 00:00,debit_card,227.96,success
PMT-78E4B52971,RES-30ADF5EFA7,12-22-2025 12:00 AM,credit_card,498.27,PAID
PMT-D9A4C2BB10,RES-A5FC290ACA,05-06-2024 12:00 AM,cash,952.41,failed
PMT-6F68B57394,RES-3C3B711CA5,11-09-2025 12:00 AM,debit_card,1013.19,SUCCESS
PMT-C942F354D0,RES-B55B23DE17,02/01/2024 00:00,credit_card,505.98,Pending
PMT-6B9CB0DD1E,RES-444A2F6EF9,2026-03-06 00:00:00,paypal,1153.13,Pending
PMT-1131441CB4,RES-E099AD3BE4,03-17-2024 12:00 AM,bank_transfer,391.06,Pending
PMT-9BE1279FDD,RES-AF74B4EE5D,2024-04-27 00:00:00,cash,1237.04,PENDING
PMT-11416C7583,RES-0AA739DED7,2025-10-18 00:00:00,debit_card,1435.35,refunded
PMT-9414704D53,RES-0A2537F3B0,12-01-2024 12:00 AM,bank_transfer,1786.61,pending
PMT-7B83D908F6,RES-EF5FDE293B,2026-04-30 00:00:00,bank_transfer,195.75,SUCCESS
PMT-32B6F4E637,RES-01E8397380,29/08/2025 00:00,bank_transfer,1562.3,refunded
PMT-1FD8C73BD0,RES-C26300C617,06/09/2024 00:00,bank_transfer,397.02,Refunded
PMT-DA5CEDEB41,RES-C33DE6C0FB,05/02/2024 00:00,bank_transfer,1595.02,FAILED
PMT-5163B9ABE6,RES-4E888881BA,06-10-2024 12:00 AM,mobile_money,1179.94,refunded
PMT-579D8C738E,RES-E0921A15AF,2024-03-31 00:00:00,mobile_money,1546.24,REFUNDED
PMT-594A1AD565,RES-53C7F1A9A2,04-09-2024 12:00 AM,paypal,1789.08,PENDING
PMT-3ED815C7F5,RES-53C7F1A9A2,12-01-2024 12:00 AM,paypal,747.93,PAID
PMT-2BA30B97F9,RES-F71A990E29,2025-09-21 00:00:00,cash,824.01,refunded
PMT-4FE521FEE6,RES-8A3AA99B9F,2024-10-03 00:00:00,paypal,1500.63,PENDING
PMT-AEC86AFBF9,RES-FD4D87FA91,31/05/2025 00:00,debit_card,1449.29,pending
PMT-0B3570E306,RES-B403526BC1,06-02-2026 12:00 AM,mobile_money,160.86,success
PMT-04F9ACDF65,RES-A71E682300,23/03/2025 00:00,bank_transfer,803.92,DECLINED
PMT-3A258807B9,RES-2FFF98C891,01-16-2026 12:00 AM,cash,453.95,PAID
PMT-36CBE5E1D1,RES-EE0B771F5B,10-29-2024 12:00 AM,cash,663.14,PAID
PMT-CE87EF3514,RES-EE0B771F5B,2026-01-21 00:00:00,paypal,579.62,pending
PMT-E81F40A660,RES-7D61DDFAB5,2025-08-27 00:00:00,cash,864.51,Paid
PMT-5AB682E575,RES-B9B515C3D5,01/03/2024 00:00,paypal,1041.77,declined
PMT-6FC1FFC1C5,RES-274FAA3C9A,,bank_transfer,1763.06,declined
PMT-81BDC468F8,RES-49E3025A60,2024-11-15 00:00:00,debit_card,596.82,refunded
PMT-A353AA4CA7,RES-5778A0D474,28/05/2025 00:00,credit_card,1137.89,pending
PMT-D62A9D3483,RES-8765527A66,08-24-2024 12:00 AM,paypal,1247.09,failed
PMT-D8C7A67B6D,RES-65C6ECBD0B,2024-08-28 00:00:00,bank_transfer,1083.51,paid
PMT-ECE020954C,RES-8821D40B15,2024-03-29 00:00:00,mobile_money,1213.95,Failed
PMT-45B639C53C,RES-AB1CCF1A28,29/01/2024 00:00,bank_transfer,845.05,Refunded
PMT-840A475B86,RES-9E1CA68EF5,28/06/2024 00:00,credit_card,1756.7,Refunded
PMT-8BB2387AB2,RES-9E1CA68EF5,2024-03-05 00:00:00,credit_card,925.73,Failed
PMT-27FE92413C,RES-48FAD933B3,02/12/2025 00:00,mobile_money,1043.93,paid
PMT-A8420A95A2,RES-30109B6317,02-23-2024 12:00 AM,mobile_money,1109.72,pending
PMT-80490021CB,RES-9529DB79BD,07/09/2024 00:00,cash,617.65,PENDING
PMT-9C69A0118D,RES-EA375A97AB,11-29-2024 12:00 AM,paypal,99.53,Paid
PMT-275C978650,RES-993E1C3438,2026-06-15 00:00:00,paypal,595.56,pending
PMT-2126CF7F32,RES-FF012AA667,03-09-2025 12:00 AM,credit_card,1280.85,Paid
PMT-7078978294,RES-F310D33E57,07-06-2024 12:00 AM,bank_transfer,1131.43,paid
PMT-84CBF48C71,RES-E563320811,18/12/2025 00:00,bank_transfer,,refunded
PMT-8295199B0D,RES-28937103E8,2025-04-21 00:00:00,paypal,212.55,Refunded
PMT-CBCC084C15,RES-A0DAB47A05,10-03-2024 12:00 AM,credit_card,210.81,success
PMT-B82C0264BC,RES-25E379AE18,06-22-2025 12:00 AM,credit_card,909.1,pending
PMT-CAB8ED7EF4,RES-AE79772E07,05-26-2024 12:00 AM,bank_transfer,1422.03,refunded
PMT-CC55C7036B,RES-AE79772E07,31/08/2025 00:00,cash,611.58,refunded
PMT-A04D58203A,RES-AE79772E07,01-25-2026 12:00 AM,paypal,764.74,declined
PMT-3F5F3888F3,RES-768E36559A,2026-03-30 00:00:00,bank_transfer,320.84,pending
PMT-FCE6D73E27,RES-DFD404875D,29/01/2024 00:00,credit_card,398.79,FAILED
PMT-46D99AD5D9,RES-110420CD86,12/01/2025 00:00,credit_card,441.12,PENDING
PMT-CBA803813E,RES-B130AAA5DE,30/08/2024 00:00,credit_card,1775.01,FAILED
PMT-7CF68F8434,RES-1B50B6E91D,2024-03-25 00:00:00,mobile_money,940.48,PENDING
PMT-2B7E31CEFB,RES-0862271A1B,05/07/2024 00:00,bank_transfer,1036.43,Failed
PMT-CF566E2C5D,RES-40C608F8E2,01-28-2025 12:00 AM,credit_card,1045.41,Paid
PMT-793F4258D2,RES-7D76BE52CA,14/06/2026 00:00,bank_transfer,811.72,Refunded
PMT-AD79A1A46F,RES-425C807358,04-09-2025 12:00 AM,cash,1329.86,REFUNDED
PMT-10E697DD2A,RES-26ABDC5629,02-15-2024 12:00 AM,mobile_money,1544.98,PAID
PMT-95590C1F3C,RES-116245D0FE,2024-06-25 00:00:00,credit_card,409.68,refunded
PMT-076DC2F09B,RES-26560EF503,24/03/2025 00:00,bank_transfer,745.53,failed
PMT-9FED24F9C8,RES-A884D78AC7,09/03/2026 00:00,debit_card,1528.95,DECLINED
PMT-606430D429,RES-FF576224A4,2025-06-19 00:00:00,mobile_money,1080.6,Failed
PMT-186D6C724E,RES-FF576224A4,2024-12-11 00:00:00,bank_transfer,478.31,Failed
PMT-D8BC9057F7,RES-FF576224A4,03-12-2025 12:00 AM,paypal,1195.36,refunded
PMT-FEEFB511F0,RES-868BF8CB14,14/04/2024 00:00,paypal,1658.22,PENDING
PMT-09EE8DB539,RES-35E03ADDC2,2024-05-08 00:00:00,cash,1597.53,PENDING
PMT-F1497F149C,RES-5BFF3AF100,2024-08-19 00:00:00,credit_card,1547.87,FAILED
PMT-67964DD721,RES-2B9F30EC7E,2024-05-10 00:00:00,cash,179.65,pending
PMT-37B8D30778,RES-48F09647A1,2024-02-28 00:00:00,credit_card,1213.55,pending
PMT-EA5C7A9BB9,RES-1341E03060,10-27-2025 12:00 AM,paypal,971.75,PENDING
PMT-03C2E9D524,RES-C82760823E,19/06/2024 00:00,cash,302.06,Pending
PMT-C1171A341A,RES-FC424AE359,08/04/2026 00:00,cash,1230.3,FAILED
PMT-B73094572D,RES-03058DCEB4,09-09-2024 12:00 AM,paypal,750.86,Failed
PMT-C81A35FCFA,RES-B2AB9F81B8,08/11/2024 00:00,credit_card,1103.42,DECLINED
PMT-0D4359BD88,RES-2C3126D6D5,28/04/2026 00:00,bank_transfer,1407.55,PAID
PMT-AA66CF29CB,RES-022E3941FD,07-14-2024 12:00 AM,cash,538.23,SUCCESS
PMT-5184A90669,RES-6FACE47CFA,2024-01-10 00:00:00,cash,479.17,Paid
PMT-3366E5E0D4,RES-6FACE47CFA,06/04/2024 00:00,cash,984.33,success
PMT-2ADFA80A7F,RES-85F7EC01CB,2025-04-14 00:00:00,debit_card,278.41,PAID
PMT-EBAE39CE69,RES-8FC60C8447,2024-07-25 00:00:00,debit_card,873.96,SUCCESS
PMT-0C9F41D23A,RES-6AA21BFB04,26/05/2024 00:00,debit_card,713.57,Pending
PMT-992E49823E,RES-54D54A2643,2026-05-25 00:00:00,cash,1245.35,failed
PMT-AE0280A406,RES-EA3D13EBE8,17/04/2026 00:00,paypal,945.61,refunded
PMT-78B045D357,RES-7CB8B0FBF1,22/07/2025 00:00,mobile_money,945.87,FAILED
PMT-BE9C1DE990,RES-981EC20731,06/05/2025 00:00,debit_card,998.91,REFUNDED
PMT-CF8C48A845,RES-B3AADC67D2,06/11/2025 00:00,debit_card,1200.57,paid
PMT-F629435B2F,RES-37DD4D2451,08-25-2024 12:00 AM,paypal,,FAILED
PMT-B3B92EE3DA,RES-4E9D2C8D7F,2025-07-06 00:00:00,mobile_money,1424.96,Refunded
PMT-826FBF0E58,RES-FC6115227B,01-03-2025 12:00 AM,credit_card,103.5,FAILED
PMT-4EDA79A450,RES-6DB3B61B5D,2024-09-15 00:00:00,bank_transfer,1764.68,refunded
PMT-3680100794,RES-952E0233E7,22/06/2025 00:00,mobile_money,1757.8,REFUNDED
PMT-8A389C45E8,RES-302FD60732,21/12/2025 00:00,paypal,1498.33,pending
PMT-2BE34B16EE,RES-BBF40A23A4,13/05/2026 00:00,debit_card,823.53,REFUNDED
PMT-9B97713645,RES-F212917165,01/12/2024 00:00,paypal,328.76,Pending
PMT-C766DDBB49,RES-B5DEBE3E8F,03-24-2026 12:00 AM,mobile_money,1763.66,failed
PMT-3FA8D3A6A2,RES-7BD95951A4,09/05/2026 00:00,paypal,331.02,FAILED
PMT-B9151F8C1C,RES-D3B7276CC4,21/01/2026 00:00,mobile_money,1161.39,Pending
PMT-EEF7E8DBED,RES-6FAF7F6F69,2025-02-11 00:00:00,debit_card,162.82,pending
PMT-CB37D36208,RES-BB241059D1,13/07/2024 00:00,bank_transfer,1205.54,Failed
PMT-B60E27F2FC,RES-B990FDB9FA,08/05/2024 00:00,credit_card,217.22,REFUNDED
PMT-F291DEF11E,RES-B635A28C6D,13/01/2026 00:00,debit_card,1564.75,Refunded
PMT-774D92CA81,RES-FBA9687C2A,2025-01-11 00:00:00,bank_transfer,218.11,PENDING
PMT-963CE265D3,RES-CB7600054A,10/07/2025 00:00,debit_card,723.39,pending
PMT-18ED7F8C28,RES-BABBE77EE1,2024-06-21 00:00:00,debit_card,854.66,paid
PMT-A02A215857,RES-87DF90D68C,08/02/2025 00:00,bank_transfer,431.93,Pending
PMT-C50B335809,RES-3C8ED2DFD8,2024-01-16 00:00:00,bank_transfer,546.44,success
PMT-BCF3A322D7,RES-84E7A4E3EA,2024-10-18 00:00:00,paypal,1182.94,DECLINED
PMT-C89C8F98F5,RES-85CDF2BB1C,02/05/2025 00:00,bank_transfer,257.87,REFUNDED
PMT-499D25E280,RES-FBD013C325,2025-09-19 00:00:00,debit_card,1254.04,Pending
PMT-EFE22C801E,RES-017E62931F,03-24-2025 12:00 AM,debit_card,335.17,refunded
PMT-C9A5545599,RES-F977DFD12E,13/09/2024 00:00,cash,1734.99,PENDING
PMT-7A0FA68E1B,RES-484C8940FF,04-17-2025 12:00 AM,cash,140.76,refunded
PMT-25C07838DA,RES-D5D086A8E2,09-07-2024 12:00 AM,debit_card,1486.54,pending
PMT-33BA60F79F,RES-E2F8F77D68,11-04-2024 12:00 AM,debit_card,1256.39,Pending
PMT-19808B4DDF,RES-9D0BF1E89A,18/05/2026 00:00,bank_transfer,1594.64,refunded
PMT-388F48B124,RES-9D0BF1E89A,2026-01-06 00:00:00,debit_card,1459.13,REFUNDED
PMT-D95AE4A847,RES-225D47507E,12-31-2025 12:00 AM,bank_transfer,754.7,FAILED
PMT-C0251DACC5,RES-C91933A39C,2026-03-03 00:00:00,debit_card,95.16,declined
PMT-DAB0AC303F,RES-70E8080D11,03-14-2024 12:00 AM,debit_card,1547.4,SUCCESS
PMT-04F0EFDF7F,RES-2FDEE0AD49,03-05-2025 12:00 AM,paypal,221.76,success
PMT-75746C880A,RES-964B5A2B39,01-09-2025 12:00 AM,bank_transfer,839.16,failed
PMT-B113662EC7,RES-964B5A2B39,2024-04-16 00:00:00,bank_transfer,1785.93,REFUNDED
PMT-250976693B,RES-964B5A2B39,01/06/2024 00:00,mobile_money,89.13,pending
PMT-CEC45D6DA6,RES-807FD58779,08/01/2026 00:00,cash,1764.23,paid
PMT-80E137A9DD,RES-F278D091BA,2025-12-12 00:00:00,paypal,1546.3,refunded
PMT-533C435A56,RES-1853F57960,2024-07-29 00:00:00,debit_card,939.89,FAILED
PMT-D7FA82E9EF,RES-1853F57960,2025-10-21 00:00:00,bank_transfer,956.74,PENDING
PMT-3B13ADB97E,RES-CC421D8208,13/02/2024 00:00,mobile_money,838.09,Paid
PMT-36181583FC,RES-BD9E1B6E16,2024-04-12 00:00:00,cash,1734.78,Refunded
PMT-87F8D9A58B,RES-BD9E1B6E16,01/10/2024 00:00,paypal,799.11,Refunded
PMT-C9D47014AB,RES-733EE5A916,09-21-2024 12:00 AM,paypal,230.57,PAID
PMT-AC2CCA713F,RES-689022AF44,17/07/2024 00:00,credit_card,1771.8,Refunded
PMT-400E6B74EF,RES-990229E714,02-21-2026 12:00 AM,mobile_money,715.47,refunded
PMT-B2CA0CAD42,RES-DD29C67FAA,02-08-2025 12:00 AM,mobile_money,1249.21,FAILED
PMT-87EC4613A9,RES-4F2768EDE7,02-13-2026 12:00 AM,mobile_money,649.96,pending
PMT-0798704CC1,RES-57CEDC6D7B,2024-02-23 00:00:00,mobile_money,336.09,pending
PMT-FE2CEE7F2A,RES-57CEDC6D7B,04-08-2024 12:00 AM,paypal,1034.19,refunded
PMT-966705B905,RES-472C7335D0,23/10/2024 00:00,cash,1494.53,DECLINED
PMT-A4FFA93BAB,RES-AACCB50612,2024-10-29 00:00:00,credit_card,1560.33,refunded
PMT-90744EED94,RES-2ED5FA95D8,2026-04-05 00:00:00,credit_card,1568.27,PAID
PMT-B74599A9AC,RES-BCDB7B4FE5,09-30-2024 12:00 AM,debit_card,134.28,paid
PMT-179D8EF8F6,RES-BCDB7B4FE5,2025-10-01 00:00:00,bank_transfer,395.85,FAILED
PMT-7B5167D926,RES-A593A560EF,2024-09-15 00:00:00,debit_card,1213.03,DECLINED
PMT-768F88075E,RES-A593A560EF,11-29-2025 12:00 AM,cash,1763.31,paid
PMT-D7B28A4C1F,RES-E22801C20A,27/01/2024 00:00,debit_card,1141.46,Pending
PMT-B4EE4849DA,RES-5EBB8793C9,2026-01-27 00:00:00,bank_transfer,411.88,REFUNDED
PMT-8D70F544C9,RES-22BA9C8762,01-14-2025 12:00 AM,credit_card,90.86,PENDING
PMT-894239DB71,RES-7F345F1BC0,2025-01-20 00:00:00,bank_transfer,1784.17,PENDING
PMT-60EEAE8590,RES-CA533D0BBF,,mobile_money,1357.96,DECLINED
PMT-826F3E8024,RES-F3680D0E08,03/03/2024 00:00,bank_transfer,1045.11,refunded
PMT-1E67B81B89,RES-FF7D4BC2B6,2024-09-19 00:00:00,mobile_money,1374.16,Paid
PMT-EF16A73A79,RES-FF7D4BC2B6,08-23-2025 12:00 AM,credit_card,926.48,Refunded
PMT-73F0FCE1D5,RES-FFB0AE3C44,19/07/2025 00:00,paypal,1543.21,Refunded
PMT-648892BA34,RES-8FBDC07BD4,09-10-2025 12:00 AM,credit_card,1444.29,pending
PMT-220A616655,RES-D73DD0550E,18/04/2026 00:00,paypal,774.68,Failed
PMT-6201C7CE3E,RES-BAEBF22307,2025-09-03 00:00:00,paypal,668.26,refunded
PMT-A2F8FF5E9F,RES-BAEBF22307,2026-03-02 00:00:00,mobile_money,926.57,success
PMT-166B0F2C7E,RES-58AB4DF6FA,10-07-2025 12:00 AM,paypal,1213.46,paid
PMT-FDF276F1C2,RES-829260A60E,21/01/2025 00:00,credit_card,264.57,Pending
PMT-67DF8281EF,RES-57918BB4E5,11-29-2025 12:00 AM,bank_transfer,1724.8,DECLINED
PMT-817986BBA3,RES-54879717AD,16/11/2025 00:00,paypal,1361.5,FAILED
PMT-BB700FD4AB,RES-AC02513529,2025-09-02 00:00:00,debit_card,228.67,PENDING
PMT-C4EE44A126,RES-CB55370905,05-13-2024 12:00 AM,cash,1560.6,Paid
PMT-4C6E713D12,RES-CB55370905,13/12/2025 00:00,mobile_money,195.15,SUCCESS
PMT-D8BB66E51B,RES-9983FDDC2B,15/01/2024 00:00,paypal,1154.16,PENDING
PMT-B22A7F1D04,RES-290A639A50,04/05/2026 00:00,cash,377.68,Pending
PMT-816E3DAB29,RES-FE5EA5CB50,,bank_transfer,1585.56,Refunded
PMT-8D7DD191F3,RES-A63FE01266,15/11/2024 00:00,paypal,1631.51,failed
PMT-96FDE17707,RES-EBCF61D0D8,2024-12-24 00:00:00,credit_card,1607.67,Pending
PMT-72482F1A25,RES-3B1C0836ED,05-13-2024 12:00 AM,mobile_money,225.72,FAILED
PMT-FC3F1B6C8D,RES-01D02785ED,2025-02-28 00:00:00,bank_transfer,1473.03,REFUNDED
PMT-44D2E761F9,RES-D02FB4A22C,11-14-2024 12:00 AM,debit_card,1115.82,PENDING
PMT-AB6DA57F36,RES-54F9B27AC1,2025-04-19 00:00:00,cash,250.82,SUCCESS
PMT-2F2FD86015,RES-4C09B97D99,2025-12-12 00:00:00,bank_transfer,1421.52,PAID
PMT-2D0F4712B6,RES-85E024FB40,2025-05-01 00:00:00,bank_transfer,799.84,pending
PMT-73DD1BC9F2,RES-041EE5C521,19/08/2025 00:00,paypal,1130.89,REFUNDED
PMT-80A8CB854A,RES-816F01C10B,2024-09-16 00:00:00,paypal,1151.19,Refunded
PMT-B4DE500E37,RES-816F01C10B,2026-05-16 00:00:00,cash,1642.05,paid
PMT-222932CB28,RES-816F01C10B,12-12-2025 12:00 AM,cash,219.15,Failed
PMT-6A2B9B9654,RES-86B1717B10,2025-01-01 00:00:00,bank_transfer,864.06,paid
PMT-03A08C61BA,RES-F8EC40A930,11-06-2024 12:00 AM,mobile_money,1376.8,REFUNDED
PMT-0F59E6C2ED,RES-85D131F29E,23/03/2025 00:00,debit_card,643.05,declined
PMT-CF02A87D08,RES-F5D1C9882B,2025-03-28 00:00:00,debit_card,1537.76,Refunded
PMT-751A3E0675,RES-6DC1D9B114,02-19-2026 12:00 AM,credit_card,696.34,PAID
PMT-EA49928938,RES-94EA2E1B1B,29/07/2024 00:00,credit_card,283.48,Refunded
PMT-37F29C37FB,RES-4362C95FF7,12-01-2025 12:00 AM,bank_transfer,1794.46,PENDING
PMT-1222296E65,RES-57512335C1,10-13-2025 12:00 AM,credit_card,863.51,FAILED
PMT-590B8B60AB,RES-57512335C1,01/01/2026 00:00,cash,491.35,declined
PMT-88C69AF4AF,RES-57512335C1,2026-05-13 00:00:00,cash,982.51,success
PMT-89E489E96D,RES-6B2302BD2E,01-03-2025 12:00 AM,cash,1084.32,REFUNDED
PMT-18AFD8ADB1,RES-10C24B0136,19/03/2025 00:00,bank_transfer,647.71,SUCCESS
PMT-ED51C172A4,RES-6F153A369F,14/02/2026 00:00,bank_transfer,1722.41,success
PMT-F3554E9455,RES-3369AEC333,26/02/2025 00:00,cash,718.23,REFUNDED
PMT-533322DBE6,RES-0907D0FF4D,25/02/2026 00:00,cash,837.66,PAID
PMT-28C02B3BB0,RES-60F137FDBE,2025-03-17 00:00:00,debit_card,1351.01,SUCCESS
PMT-BF664242C2,RES-68D523FBF2,07-13-2025 12:00 AM,bank_transfer,173.61,pending
PMT-3076751260,RES-6D9CEB2075,29/04/2026 00:00,paypal,84.76,pending
PMT-1BCAF61D55,RES-6D9CEB2075,01-13-2025 12:00 AM,bank_transfer,104.67,PENDING
PMT-F2BB1E5467,RES-882BB4F670,17/04/2024 00:00,credit_card,952.95,Refunded
PMT-55B9BA4993,RES-B2E200B235,2024-01-01 00:00:00,bank_transfer,218.34,SUCCESS
PMT-1CBAB2A1AB,RES-B2E200B235,2024-04-07 00:00:00,credit_card,150.88,Refunded
PMT-CA41425D0A,RES-B2E200B235,09-11-2025 12:00 AM,debit_card,1111.8,failed
PMT-2434E89E55,RES-EAD7F18851,12-13-2024 12:00 AM,bank_transfer,671.58,PENDING
PMT-0397FB2862,RES-0A5DB0A99C,,cash,875.92,FAILED
PMT-9483F38548,RES-C6276EEBAE,06-29-2024 12:00 AM,bank_transfer,774.61,PAID
PMT-FBCE8466CA,RES-C6276EEBAE,26/12/2024 00:00,paypal,1264.04,DECLINED
PMT-1F2AC52010,RES-C6276EEBAE,2025-06-14 00:00:00,bank_transfer,710.79,refunded
PMT-9936961DDA,RES-BD4FBA6094,2025-05-23 00:00:00,debit_card,1064.92,Pending
PMT-EB5EF7A30E,RES-4D0449A5DA,05-09-2026 12:00 AM,paypal,1407.88,Paid
PMT-CB4CB16867,RES-4D0449A5DA,24/08/2025 00:00,cash,1780.49,REFUNDED
PMT-86C5C58CE9,RES-4D0449A5DA,2026-05-20 00:00:00,paypal,1046.02,refunded
PMT-993D42E9F2,RES-277B6B3483,06-27-2024 12:00 AM,paypal,342.37,refunded
PMT-6BCF253D4A,RES-BCAD8AF525,22/01/2025 00:00,cash,1742.35,PAID
PMT-89780F6B28,RES-29D476CEC2,05/05/2025 00:00,paypal,698.82,REFUNDED
PMT-9B3168F423,RES-D70B7F2101,28/10/2025 00:00,credit_card,1392.76,Paid
PMT-02ED7160BA,RES-10D1CA98B8,01-27-2026 12:00 AM,bank_transfer,1598.27,failed
PMT-0DF88937E9,RES-800FBADC49,2025-09-17 00:00:00,cash,164.15,PAID
PMT-F64CF3FE05,RES-EB6C4C6D20,05-30-2026 12:00 AM,paypal,129.39,FAILED
PMT-ACD70BE3D5,RES-A42492CD6A,02-18-2025 12:00 AM,cash,185.49,PENDING
PMT-39B3F1DEF3,RES-04AF6DF9A8,2025-04-18 00:00:00,debit_card,793.42,PENDING
PMT-B1C7A5292F,RES-DCB8AD8283,23/05/2024 00:00,cash,1227.78,PAID
PMT-EA01D6EF45,RES-678D10BD68,2024-06-19 00:00:00,debit_card,1034.87,Refunded
PMT-CDCCE1929E,RES-C01E4C08F7,2025-08-30 00:00:00,mobile_money,1181.6,pending
PMT-C847F4A37E,RES-B58FC93C46,2024-03-08 00:00:00,bank_transfer,1298.97,PAID
PMT-7DDDB4A8F0,RES-B58FC93C46,16/01/2024 00:00,credit_card,620.01,Refunded
PMT-EBBD59242D,RES-B58FC93C46,2025-12-17 00:00:00,paypal,1646.38,refunded
PMT-100F9E4159,RES-A1B01B8569,25/10/2024 00:00,debit_card,397.88,pending
PMT-098F07CCCC,RES-F61FADA28A,2024-10-29 00:00:00,bank_transfer,1662.94,Paid
PMT-5370927776,RES-F61FADA28A,15/05/2024 00:00,bank_transfer,525.09,Refunded
PMT-85009432AB,RES-E740A122CE,12/05/2026 00:00,paypal,1469.66,success
PMT-6F1B543B60,RES-5D9A158719,08-08-2025 12:00 AM,paypal,348.29,refunded
PMT-CC91233A6A,RES-2255A807B0,11-30-2024 12:00 AM,cash,1727.44,PAID
PMT-F6473345C7,RES-4F6F261F00,02-16-2026 12:00 AM,credit_card,1301.03,Pending
PMT-A30964C38C,RES-BDC575FEBA,10-28-2025 12:00 AM,mobile_money,180.98,SUCCESS
PMT-5A2BAC44C2,RES-158789C502,2025-02-01 00:00:00,paypal,978.3,PAID
PMT-A52A0F61F7,RES-C17689EA4F,2025-05-11 00:00:00,bank_transfer,627.77,refunded
PMT-913E3410EF,RES-C17689EA4F,16/05/2026 00:00,cash,222.1,Failed
PMT-A7013226D9,RES-F08B8ECD69,02-13-2025 12:00 AM,mobile_money,1511.18,failed
PMT-1557F12CE5,RES-CB4AB6251A,2024-05-26 00:00:00,bank_transfer,1384.23,refunded
PMT-2733DBB1F5,RES-16EBDE734F,02-20-2025 12:00 AM,debit_card,580.04,Pending
PMT-FBBB49DD2E,RES-16EBDE734F,2024-04-28 00:00:00,paypal,266.88,Pending
PMT-417BEB74C2,RES-16EBDE734F,2024-02-21 00:00:00,bank_transfer,1062.76,paid
PMT-0C7BDEEB77,RES-4A8F93FFAE,2025-03-26 00:00:00,bank_transfer,1437.06,DECLINED
PMT-667CB08077,RES-90708D7A31,06-14-2025 12:00 AM,debit_card,340.46,refunded
PMT-353AE365E9,RES-207FFA86D0,20/05/2024 00:00,mobile_money,1113.51,Pending
PMT-AF0218D451,RES-F3CEAF78B5,01-21-2025 12:00 AM,debit_card,411.93,success
PMT-6F0E3906C3,RES-79ADB90B70,01-28-2024 12:00 AM,mobile_money,450.68,pending
PMT-621B63D038,RES-3C07E3A349,2026-04-02 00:00:00,credit_card,1091.8,pending
PMT-5C742C561D,RES-6BF2C7E1F8,21/08/2024 00:00,credit_card,1603.61,success
PMT-CFF804B45E,RES-FB577FCBFC,06-28-2024 12:00 AM,credit_card,1167.58,Failed
PMT-35C8281343,RES-101B39D23B,27/02/2026 00:00,paypal,1070.26,PAID
PMT-E7897564DA,RES-DB2088E58F,2024-11-11 00:00:00,credit_card,954.07,FAILED
PMT-FCD5BDA68A,RES-DB2088E58F,2024-08-08 00:00:00,mobile_money,476.76,pending
PMT-78A315BD3E,RES-DB2088E58F,13/01/2025 00:00,debit_card,1290.89,Refunded
PMT-2568A6453D,RES-F26414FFCD,07-18-2025 12:00 AM,mobile_money,282.6,REFUNDED
PMT-A484CEED00,RES-183A1BE279,11-23-2025 12:00 AM,paypal,881.54,success
PMT-194D028349,RES-EA37FB725F,02-22-2026 12:00 AM,cash,1195.02,paid
PMT-4D1AB0E43E,RES-351F507F63,2024-12-29 00:00:00,debit_card,1272.95,Pending
PMT-93C873F22F,RES-0E5A5525F1,30/03/2026 00:00,credit_card,1246.48,FAILED
PMT-EC53C8DDD1,RES-A4E38AE7C6,2024-04-19 00:00:00,cash,1542.37,Failed
PMT-43849697B3,RES-22B446E901,2024-03-22 00:00:00,bank_transfer,1702.64,Failed
PMT-DDCBF1BCAF,RES-346786EE6C,07/11/2025 00:00,mobile_money,350.22,Pending
PMT-84AE4359E7,RES-9EEE452F7C,2025-08-28 00:00:00,bank_transfer,,declined
PMT-EA7CC64E04,RES-D0856C6A4E,2026-04-21 00:00:00,debit_card,1574.93,Pending
PMT-A492E0FBDC,RES-D0856C6A4E,13/05/2025 00:00,credit_card,1612.72,Pending
PMT-FECDA1AE0A,RES-060FAC6026,2026-05-29 00:00:00,debit_card,1789.32,DECLINED
PMT-F0DC5E5433,RES-0DE1FC3F9F,06-05-2024 12:00 AM,credit_card,1033.85,PENDING
PMT-1F5A728FFE,RES-1C4FBFD1E7,02-10-2024 12:00 AM,cash,645.88,SUCCESS
PMT-E2BA0B4BB7,RES-7C51A36DFF,2025-01-05 00:00:00,mobile_money,141.08,Refunded
PMT-E238785CC1,RES-D0E302BCB4,2025-12-13 00:00:00,debit_card,1126.44,refunded
PMT-71BC65A074,RES-96616A78BE,27/03/2024 00:00,bank_transfer,592.49,Pending
PMT-054D1F6448,RES-6573BD67D4,13/01/2026 00:00,paypal,1532.45,pending
PMT-759908FE46,RES-F34DF6950E,,paypal,1409.78,success
PMT-0F083E1DDB,RES-1476E05EB0,04/10/2025 00:00,bank_transfer,1281.82,refunded
PMT-0811ED6D7E,RES-CCF528C16E,2026-03-03 00:00:00,credit_card,85.79,Failed
PMT-E671417D87,RES-F0546D3889,2025-01-17 00:00:00,debit_card,1208.62,declined
PMT-29BB8B1541,RES-CFCBF42754,,cash,901.68,paid
PMT-0172D65E85,RES-31C8A0DD21,2025-07-27 00:00:00,mobile_money,460.99,SUCCESS
PMT-7E719DAE93,RES-170ECBBE1A,26/04/2024 00:00,debit_card,83.5,FAILED
PMT-8CD14557FA,RES-C50EF00191,25/09/2024 00:00,paypal,1360.45,Refunded
PMT-4EF31D79CC,RES-C50EF00191,05-28-2026 12:00 AM,credit_card,1145.82,REFUNDED
PMT-D3CB2F211A,RES-C50EF00191,2024-03-23 00:00:00,credit_card,1419.7,declined
PMT-184157DF2D,RES-06A172C78B,11-20-2025 12:00 AM,credit_card,1706.13,Failed
PMT-88B2158F3D,RES-98B34E7A4F,11/03/2025 00:00,bank_transfer,226.26,declined
PMT-0558619306,RES-55268BC2A1,12/04/2024 00:00,debit_card,349.08,SUCCESS
PMT-500433037A,RES-FDEF743669,02/03/2024 00:00,paypal,564.94,Refunded
PMT-AF134B3E2F,RES-31A2824E7D,2024-10-13 00:00:00,mobile_money,177.18,declined
PMT-782B8D6F60,RES-EA7D58D052,20/04/2024 00:00,credit_card,1262.84,DECLINED
PMT-89FB2C10E6,RES-921122FC59,01/06/2026 00:00,paypal,1779.34,DECLINED
PMT-FA7DA842AD,RES-D8C485FBB3,03-22-2024 12:00 AM,paypal,571.03,pending
PMT-63DA42C58B,RES-30FE61038A,30/03/2024 00:00,debit_card,915.38,PAID
PMT-9CEBA7D127,RES-5FE6D96734,01-01-2025 12:00 AM,credit_card,1330.42,Failed
PMT-4DBF40C088,RES-CF8F679443,30/06/2024 00:00,credit_card,1122.93,paid
PMT-F4A0817A68,RES-CF8F679443,07-19-2024 12:00 AM,cash,1539.29,paid
PMT-952E313A3B,RES-CF8F679443,30/03/2026 00:00,mobile_money,741.28,declined
PMT-02E025FDF8,RES-74DC639864,26/07/2024 00:00,credit_card,1203.16,pending
PMT-756E4D5F34,RES-9486F1A25A,27/04/2026 00:00,cash,124.96,FAILED
PMT-64E80E12F1,RES-9486F1A25A,09-28-2025 12:00 AM,cash,131.01,REFUNDED
PMT-93694EA305,RES-9486F1A25A,10-28-2025 12:00 AM,paypal,494.31,refunded
PMT-43E9482166,RES-B56C3149DD,16/01/2024 00:00,paypal,257.77,Pending
PMT-1F83C61D5A,RES-A976B3FC8C,05-31-2025 12:00 AM,cash,752.17,pending
PMT-5E190CEAFA,RES-89C042F40B,2025-01-30 00:00:00,debit_card,389.28,Pending
PMT-7C5B3B71E1,RES-F1EEDED9A5,2024-10-26 00:00:00,debit_card,1237.84,FAILED
PMT-11CB494D98,RES-90F8A7FC81,2025-07-17 00:00:00,credit_card,732.32,refunded
PMT-782FAC560E,RES-7C843AD914,2024-04-06 00:00:00,bank_transfer,873.04,refunded
PMT-745B126F63,RES-F4A3B77C03,2025-12-19 00:00:00,mobile_money,617.68,Paid
PMT-BD0FCB00D8,RES-182735CB0D,2024-03-13 00:00:00,paypal,1740.35,PENDING
PMT-AEBE07618A,RES-59D6DE28BC,2024-05-09 00:00:00,mobile_money,831.2,refunded
PMT-ABC9BA3E27,RES-A8555CF0C0,2024-05-02 00:00:00,paypal,1223.15,Paid
PMT-B27D753D49,RES-DCD5EA03AE,22/06/2025 00:00,credit_card,919.28,REFUNDED
PMT-4197AD6BC3,RES-DCD5EA03AE,20/08/2024 00:00,credit_card,140.58,SUCCESS
PMT-BCA14ACD56,RES-7AA57C1328,07-26-2024 12:00 AM,paypal,261.11,Pending
PMT-BB595A51C9,RES-7AA57C1328,2025-11-06 00:00:00,cash,564.19,Refunded
PMT-35B01D6910,RES-7AA57C1328,2024-10-17 00:00:00,cash,1335.51,Paid
PMT-A27B9F5DAD,RES-6A0D269B2A,2026-01-03 00:00:00,debit_card,110.22,success
PMT-AE9841F72F,RES-9228F70414,24/07/2025 00:00,mobile_money,1131.41,paid
PMT-FA4C7B562A,RES-CFA4B9D210,2026-02-02 00:00:00,mobile_money,93.77,SUCCESS
PMT-E59FA637BD,RES-65ECF8D952,12-30-2025 12:00 AM,credit_card,382.97,Pending
PMT-8204B65871,RES-A197B70486,20/12/2025 00:00,bank_transfer,989.14,pending
PMT-7C3C35A8BC,RES-AF04F91F28,04-28-2025 12:00 AM,debit_card,1238.26,pending
PMT-4A428A1C02,RES-47C8F67594,27/03/2024 00:00,mobile_money,1042.93,Pending
PMT-928F3A27C7,RES-47C8F67594,24/08/2025 00:00,paypal,330.95,REFUNDED
PMT-946695F656,RES-795BCCF8B5,2024-01-14 00:00:00,cash,975.73,declined
PMT-9A0ADEA3BF,RES-5E548D3630,03-11-2025 12:00 AM,cash,1706.07,failed
PMT-59C0EE5DD2,RES-111BF98D12,09/10/2025 00:00,cash,1729.94,refunded
PMT-F54C33B7B4,RES-FDB26AF571,03-08-2025 12:00 AM,paypal,391.07,success
PMT-F234C4F3A7,RES-CC95DA0ECA,10/05/2025 00:00,bank_transfer,604.32,Paid
PMT-158C50F38F,RES-27036D5258,2024-10-07 00:00:00,cash,598.22,failed
PMT-D9B090BBED,RES-2BB53CFEB4,2024-08-19 00:00:00,mobile_money,1646.03,pending
PMT-203D78581E,RES-5FB421F18D,07-24-2024 12:00 AM,debit_card,1292.9,failed
PMT-652186B1BA,RES-F9F93E02BD,2024-09-09 00:00:00,debit_card,1267.7,Failed
PMT-CDE67AB4F6,RES-C6EE7D8986,04-01-2026 12:00 AM,credit_card,1107.21,REFUNDED
PMT-D49DBA45DB,RES-3CF41C9569,2024-07-31 00:00:00,credit_card,1125.59,DECLINED
PMT-FFC964552B,RES-0F67989C12,2025-01-25 00:00:00,mobile_money,1182.49,Paid
PMT-4AFC6E50C1,RES-48104466B5,10/02/2024 00:00,cash,598.24,Pending
PMT-50DEDC6529,RES-28082CCD90,2024-08-14 00:00:00,debit_card,287.66,SUCCESS
PMT-460DB1CB9E,RES-E3AF180311,02-12-2026 12:00 AM,debit_card,255.18,refunded
PMT-8642B12DC3,RES-8A973999DE,25/07/2025 00:00,bank_transfer,1680.89,declined
PMT-4CC84025D5,RES-201301A38C,2025-03-15 00:00:00,cash,414.91,success
PMT-DA8A4270C0,RES-209C7DE4FC,03-30-2026 12:00 AM,debit_card,1072.66,Paid
PMT-FCC4D9D515,RES-F7EFA3E283,06-19-2025 12:00 AM,bank_transfer,1795.39,REFUNDED
PMT-7A157B8619,RES-364BA82AFE,02-15-2025 12:00 AM,cash,1121.87,failed
PMT-1327334DF9,RES-A2EEC43BCD,05-20-2026 12:00 AM,credit_card,1125.79,DECLINED
PMT-C8EC3514B1,RES-98F778D837,05/09/2025 00:00,mobile_money,417.72,failed
PMT-52562BAD22,RES-2103BBC9E1,15/01/2026 00:00,debit_card,1578.12,DECLINED
PMT-9FF3AA6425,RES-25D97129B6,04-17-2024 12:00 AM,cash,1519.46,Pending
PMT-3CE51EFE81,RES-D5741FCFEA,03-16-2025 12:00 AM,mobile_money,1287.85,failed
PMT-1D66FF34CA,RES-D5741FCFEA,11-18-2024 12:00 AM,paypal,1389.98,paid
PMT-33B25DE75E,RES-5C5902941B,03-25-2026 12:00 AM,mobile_money,1601.72,REFUNDED
PMT-4D33DD8668,RES-36830C58F8,09-07-2024 12:00 AM,debit_card,1347.14,pending
PMT-DAE5EC8CFD,RES-9ADD8834A6,26/10/2024 00:00,bank_transfer,1484.13,Pending
PMT-1BF28BF2DC,RES-1106A00AC4,10-16-2024 12:00 AM,credit_card,1495.66,REFUNDED
PMT-3F67B11EA3,RES-FAA449B2DF,31/08/2025 00:00,credit_card,1083.4,REFUNDED
PMT-6F55D13AAD,RES-F77F880020,,paypal,1094.1,Failed
PMT-58DCF4E24D,RES-7ABDDBC38A,,debit_card,1580.39,Pending
PMT-D5F13A0630,RES-206A770AA1,05-21-2024 12:00 AM,paypal,1667.64,FAILED
PMT-292147972B,RES-206A770AA1,2025-11-06 00:00:00,mobile_money,1141.15,Pending
PMT-FC32EADFF4,RES-206A770AA1,16/04/2025 00:00,bank_transfer,266.91,Paid
PMT-2BB59DC5DB,RES-F722CD5AFD,2025-06-26 00:00:00,mobile_money,747.11,REFUNDED
PMT-6FA2A23C7C,RES-F722CD5AFD,26/05/2024 00:00,cash,499.49,REFUNDED
PMT-65176A698D,RES-D1CCB2379C,2024-11-27 00:00:00,debit_card,153.48,success
PMT-B2A19603F0,RES-5DD3AA19F7,23/05/2025 00:00,cash,271.17,Pending
PMT-46397E6916,RES-99DC12793D,2026-04-24 00:00:00,mobile_money,56.34,pending
PMT-4A78927814,RES-39D7AE851A,2024-10-13 00:00:00,paypal,863.9,Failed
PMT-A4331FD27D,RES-CE38AFE893,02-28-2026 12:00 AM,bank_transfer,684.75,Paid
PMT-815BF6D318,RES-19BE286232,14/01/2025 00:00,mobile_money,1688.4,refunded
PMT-60DCC1AA44,RES-365F08BE95,12-07-2025 12:00 AM,paypal,983.53,REFUNDED
PMT-85A21F6E51,RES-B07C1D1422,26/04/2024 00:00,bank_transfer,1722.31,refunded
PMT-987E9BC744,RES-61FC5211C5,2024-05-27 00:00:00,credit_card,390.05,refunded
PMT-81C903C226,RES-20FE20E6D0,02-18-2025 12:00 AM,debit_card,1193.83,refunded
PMT-000BEA21F2,RES-A53A81B80E,27/05/2025 00:00,mobile_money,1334.73,REFUNDED
PMT-A0E405DA5B,RES-A53A81B80E,09/05/2026 00:00,bank_transfer,902.55,pending
PMT-8994694EA9,RES-A53A81B80E,2024-04-23 00:00:00,paypal,459.14,paid
PMT-B500A92591,RES-3B8C11F0F8,2024-08-07 00:00:00,cash,1670.0,declined
PMT-AA0459A56A,RES-A89518F4A0,08-26-2024 12:00 AM,paypal,118.37,PENDING
PMT-2C319DA06E,RES-A89518F4A0,02-25-2025 12:00 AM,debit_card,1776.38,success
PMT-1AD9B7EC56,RES-A89518F4A0,05-25-2024 12:00 AM,credit_card,1763.76,REFUNDED
PMT-277EFCFEC0,RES-B846B0561A,2024-11-05 00:00:00,bank_transfer,1166.16,pending
PMT-BE8A0AE603,RES-3E4A8FD47E,25/03/2026 00:00,cash,946.21,refunded
PMT-BF48FE230A,RES-5B2B9BBAF8,15/09/2024 00:00,credit_card,1380.45,DECLINED
PMT-62F9429E03,RES-85FBFACF19,21/11/2025 00:00,bank_transfer,1063.85,refunded
PMT-F13A9E1F89,RES-6B5E8A258C,03-04-2025 12:00 AM,credit_card,1156.48,Refunded
PMT-D375431ACA,RES-A48EE3F5C6,07-12-2024 12:00 AM,bank_transfer,1146.93,Pending
PMT-B484CCF3B8,RES-DBAD23210B,05-29-2026 12:00 AM,cash,1787.83,failed
PMT-A250634E46,RES-6953B410E8,2025-10-06 00:00:00,credit_card,691.46,pending
PMT-B183A4BF63,RES-3567EDDA40,01-18-2025 12:00 AM,bank_transfer,860.85,FAILED
PMT-BC16A5EBA4,RES-2781B4FBC2,2025-12-28 00:00:00,mobile_money,1490.23,FAILED
PMT-25B382EA97,RES-646C3885C2,03/06/2025 00:00,debit_card,1664.76,DECLINED
PMT-2C19F2E15A,RES-336745BF94,2026-04-03 00:00:00,cash,1498.04,Pending
PMT-B2E8D08753,RES-6D0A747675,03-06-2026 12:00 AM,debit_card,1299.22,Failed
PMT-CC5D88E247,RES-2F0130DC6B,09/02/2026 00:00,mobile_money,991.74,Paid
PMT-31A5E47BCD,RES-2F0130DC6B,13/05/2025 00:00,bank_transfer,1470.47,PAID
PMT-AE960EF95B,RES-C8D9185458,13/12/2025 00:00,bank_transfer,1538.89,pending
PMT-21503DAC71,RES-575EC8DC36,11-30-2025 12:00 AM,credit_card,1207.27,declined
PMT-C3D40C1D0A,RES-09FF90142B,2025-02-04 00:00:00,mobile_money,614.89,pending
PMT-F73A2958CA,RES-09FF90142B,04-20-2025 12:00 AM,bank_transfer,447.16,success
PMT-B8D3C7E535,RES-09FF90142B,2024-12-26 00:00:00,debit_card,182.64,FAILED
PMT-C92B6F37CC,RES-5259E9B608,2024-12-01 00:00:00,debit_card,942.0,paid
PMT-910F74612D,RES-042A715821,09-02-2024 12:00 AM,debit_card,589.17,PAID
PMT-10227D9DC9,RES-50415A7B06,2026-02-10 00:00:00,bank_transfer,629.75,Pending
PMT-FAEA0B7656,RES-F57F6A908C,07-01-2025 12:00 AM,cash,356.03,success
PMT-D706994290,RES-446A610E28,06/09/2025 00:00,mobile_money,1600.92,REFUNDED
PMT-3524D1C0D2,RES-11B7C9EE7F,2026-05-21 00:00:00,credit_card,1679.28,SUCCESS
PMT-E9E04C5F11,RES-2B196B8527,2025-01-03 00:00:00,paypal,1564.62,PENDING
PMT-26C0F7478B,RES-E164188A1A,10-14-2025 12:00 AM,paypal,730.68,DECLINED
PMT-CEA9935387,RES-425D19159B,2024-08-18 00:00:00,debit_card,421.68,paid
PMT-AAB2C872AA,RES-92C7DC2C37,2025-01-07 00:00:00,cash,1656.42,FAILED
PMT-404F328F20,RES-B5D584AA30,2025-05-19 00:00:00,paypal,824.03,PENDING
PMT-ECFA6A22F5,RES-E8F7D9750F,2024-03-21 00:00:00,debit_card,402.27,FAILED
PMT-249478C1D9,RES-6DB51DBFE3,22/04/2024 00:00,mobile_money,602.62,DECLINED
PMT-3BC8B282BB,RES-1B2E92DAAA,24/03/2025 00:00,cash,1018.89,refunded
PMT-BB89E91F81,RES-68B622CD5C,2025-06-12 00:00:00,mobile_money,438.36,failed
PMT-FFDA1FA3A9,RES-68B622CD5C,03-13-2026 12:00 AM,debit_card,851.49,paid
PMT-FA67DFEE3B,RES-C23C33816B,2024-06-20 00:00:00,mobile_money,195.49,Paid
PMT-76E1108C33,RES-BD8A9BD493,04-27-2025 12:00 AM,cash,97.46,Refunded
PMT-BDE5285E26,RES-3C5D6E2A29,2025-12-01 00:00:00,mobile_money,909.19,refunded
PMT-C3EF4D16F4,RES-C905576F84,12-22-2024 12:00 AM,mobile_money,532.67,FAILED
PMT-CC3857116C,RES-29439A43A6,05-28-2025 12:00 AM,bank_transfer,574.62,DECLINED
PMT-CE31C09C0A,RES-7EA2589CB9,12-28-2024 12:00 AM,cash,138.64,pending
PMT-A7E2629CDF,RES-8E312A1C91,2025-03-25 00:00:00,debit_card,560.43,declined
PMT-81523F351F,RES-8E312A1C91,02-28-2025 12:00 AM,credit_card,1548.1,Refunded
PMT-2EFF3D7925,RES-8E312A1C91,2024-05-14 00:00:00,debit_card,1169.85,PENDING
PMT-E60133CB8D,RES-AA81A5B16B,27/01/2026 00:00,paypal,352.83,FAILED
PMT-AB4376305A,RES-EC2699B435,10/05/2024 00:00,bank_transfer,1619.1,SUCCESS
PMT-90BCB78C39,RES-005AE912AD,2026-06-16 00:00:00,mobile_money,1176.77,refunded
PMT-146F14A369,RES-69B3422813,2025-05-03 00:00:00,credit_card,238.04,Failed
PMT-E8263E2F77,RES-D4873323CA,11/06/2025 00:00,debit_card,1437.92,Paid
PMT-ED399D60BA,RES-18ED7E1DF6,07-07-2024 12:00 AM,credit_card,1279.32,declined
PMT-5307B1B31F,RES-B1992C1784,2025-12-08 00:00:00,credit_card,1293.46,PAID
PMT-EDFDC269E9,RES-201B4CD501,06-10-2024 12:00 AM,credit_card,1747.38,Refunded
PMT-204F02E671,RES-407FB24440,2026-04-11 00:00:00,paypal,480.67,Pending
PMT-11ADDA2CE0,RES-42B10DBFC5,27/01/2026 00:00,cash,1300.39,Refunded
PMT-ED230AFCC3,RES-42B10DBFC5,2026-01-27 00:00:00,cash,,Paid
PMT-2D8D0D7895,RES-42B10DBFC5,2025-02-12 00:00:00,cash,798.51,REFUNDED
PMT-5895FAA37E,RES-5EA2B5A1FA,2026-02-05 00:00:00,debit_card,1568.11,refunded
PMT-255F14679C,RES-ABC3B58FC4,2025-04-11 00:00:00,paypal,407.06,Failed
PMT-0917D35453,RES-A6F0D7CBFD,2025-04-23 00:00:00,mobile_money,1084.28,Refunded
PMT-D67AEFA0FE,RES-B1ACAC4DB8,2025-05-08 00:00:00,credit_card,265.12,Refunded
PMT-9A315E2904,RES-1A7A9B903E,2025-02-15 00:00:00,mobile_money,517.26,refunded
PMT-ACCCF5E52B,RES-4F1F28771A,08-28-2024 12:00 AM,cash,522.58,Paid
PMT-81BAD15851,RES-4F1F28771A,11-06-2025 12:00 AM,cash,979.73,Paid
PMT-3B964FD82E,RES-E34AA7843B,2025-11-28 00:00:00,credit_card,424.28,Pending
PMT-7DF8B0D180,RES-E34AA7843B,2024-08-20 00:00:00,credit_card,1486.34,paid
PMT-7A5270C0A3,RES-1C77F17D57,14/03/2026 00:00,paypal,1216.64,Refunded
PMT-8C388D8060,RES-3E424101FF,08-13-2025 12:00 AM,bank_transfer,898.57,success
PMT-AAA93A703E,RES-35DA7E77F1,2026-02-23 00:00:00,debit_card,713.3,FAILED
PMT-12DB630986,RES-BCB0960EA5,06/06/2025 00:00,debit_card,1642.99,DECLINED
PMT-89C6F04308,RES-BCB0960EA5,19/01/2025 00:00,cash,1463.19,SUCCESS
PMT-962D1DF268,RES-BD6B798EA2,05-20-2026 12:00 AM,debit_card,1136.0,Pending
PMT-A6C19A1A7F,RES-9BAC3ABF41,2026-02-04 00:00:00,mobile_money,804.73,PENDING
PMT-D0626D838E,RES-D55D40B3C6,2026-02-04 00:00:00,credit_card,1525.81,pending
PMT-EF2BB6BA79,RES-903CA7464C,24/01/2026 00:00,cash,1105.75,DECLINED
PMT-EBB2DFE924,RES-948C587072,2025-12-23 00:00:00,bank_transfer,799.7,Refunded
PMT-2B264C9A98,RES-0CE50A7751,02-28-2026 12:00 AM,bank_transfer,1030.54,Failed
PMT-8B3078261E,RES-ECE876ED03,11-10-2024 12:00 AM,credit_card,778.08,success
PMT-289A329D09,RES-854C9FE386,11-29-2024 12:00 AM,bank_transfer,1176.08,paid
PMT-D8198A933F,RES-4B48698340,01-15-2026 12:00 AM,debit_card,275.52,REFUNDED
PMT-BF231745F5,RES-5A957AEC75,12-30-2025 12:00 AM,credit_card,48.01,refunded
PMT-DDF7F85CAF,RES-8A9E6D132E,07-07-2024 12:00 AM,cash,629.09,declined
PMT-30571A90FE,RES-A0374B99AB,,paypal,1230.43,declined
PMT-8C9FDA8875,RES-91AA1E775E,01-16-2024 12:00 AM,cash,155.17,success
PMT-F0EAE51C4C,RES-672FFE0227,2025-11-24 00:00:00,paypal,358.49,success
PMT-DAC33D5A6F,RES-2FB84F1809,18/12/2025 00:00,paypal,1471.57,Failed
PMT-2D71D33067,RES-80C3E3BB72,05-10-2026 12:00 AM,mobile_money,1236.64,PENDING
PMT-7FA416265A,RES-3977FFB393,02/01/2024 00:00,cash,1527.34,DECLINED
PMT-2E31ACFC68,RES-EB16BA57B8,05-28-2025 12:00 AM,bank_transfer,575.86,FAILED
PMT-62472CEEFF,RES-CBE0D5269D,05-06-2024 12:00 AM,credit_card,1144.65,declined
PMT-F5977E08AF,RES-CBC3DE4175,16/05/2025 00:00,credit_card,508.17,failed
PMT-04C01D6702,RES-2E2EDEC234,2025-01-16 00:00:00,debit_card,1587.42,DECLINED
PMT-BAE6A29D44,RES-B48940F953,06-29-2024 12:00 AM,credit_card,64.15,REFUNDED
PMT-6583698F7D,RES-737D8C66F2,04-06-2026 12:00 AM,paypal,617.09,Refunded
PMT-4F80A951DE,RES-E0BF4C3889,03-29-2026 12:00 AM,debit_card,,pending
PMT-0925D99A43,RES-A1DA0F134A,09-19-2025 12:00 AM,paypal,1113.22,REFUNDED
PMT-E8C17168BD,RES-D2588FD8DD,2026-04-15 00:00:00,mobile_money,1165.12,refunded
PMT-412CFDF908,RES-AC07F3847C,03-17-2024 12:00 AM,credit_card,1762.96,REFUNDED
PMT-0D4C42C1FA,RES-AC07F3847C,20/07/2025 00:00,credit_card,1743.06,refunded
PMT-3B08E9B18E,RES-F00C5EC56D,04-28-2024 12:00 AM,credit_card,1796.4,refunded
PMT-708A0DCD0A,RES-F00C5EC56D,03-04-2024 12:00 AM,credit_card,69.45,refunded
PMT-7C4ED8E466,RES-5A4D437C73,02-18-2026 12:00 AM,bank_transfer,1474.56,refunded
PMT-8186B40AAD,RES-93A045F1CB,2025-01-02 00:00:00,cash,678.42,Paid
PMT-ED8427F3CD,RES-DF279535A1,02/02/2025 00:00,cash,1302.56,PAID
PMT-10975408CA,RES-2276B01760,04-14-2024 12:00 AM,mobile_money,1414.14,Pending
PMT-A50C517519,RES-4C41B03C88,22/03/2024 00:00,cash,1450.78,PENDING
PMT-79996964DE,RES-3CC1D638E3,,paypal,180.77,FAILED
PMT-12B944E06D,RES-296D26B523,02-08-2026 12:00 AM,paypal,1037.52,pending
PMT-AE42A52413,RES-893BB01418,2024-04-17 00:00:00,paypal,207.05,REFUNDED
PMT-7C4C65BE4A,RES-01AB9F0C89,02/04/2024 00:00,paypal,1798.97,PENDING
PMT-4802616489,RES-480303A6AE,2024-12-28 00:00:00,mobile_money,1351.97,Pending
PMT-EEBA611547,RES-AA0D8EB022,24/01/2025 00:00,debit_card,993.24,pending
PMT-E0F36CC62A,RES-EFB8A6DDDE,12/03/2025 00:00,debit_card,385.78,refunded
PMT-9CEE7D2C2D,RES-584E667E8C,2026-02-22 00:00:00,bank_transfer,1432.86,PAID
PMT-6BC2B32585,RES-F14145A666,04/07/2024 00:00,mobile_money,1489.95,declined
PMT-37840541AB,RES-2FE0D6B806,18/08/2024 00:00,mobile_money,401.15,refunded
PMT-9DC937165B,RES-669FB0F59C,09/05/2026 00:00,debit_card,1246.46,DECLINED
PMT-CE326BCC85,RES-B80D1C2BCD,2026-05-16 00:00:00,credit_card,1194.18,REFUNDED
PMT-2ECEFC65E6,RES-B80D1C2BCD,12-20-2025 12:00 AM,paypal,965.89,PENDING
PMT-0E5064EDDA,RES-2C3A4314A7,2026-01-27 00:00:00,debit_card,1056.55,paid
PMT-A1F741661E,RES-AF880D93EF,07/07/2024 00:00,mobile_money,185.22,refunded
PMT-1679CE40CF,RES-39CAE77369,02-21-2024 12:00 AM,mobile_money,1511.48,Refunded
PMT-C812D57D5A,RES-76442B38CB,16/02/2026 00:00,credit_card,1563.44,success
PMT-5F38609096,RES-76442B38CB,10/01/2024 00:00,mobile_money,1647.8,paid
PMT-3C8DCC8253,RES-76442B38CB,03-31-2026 12:00 AM,bank_transfer,154.89,Pending
PMT-B328FC7CD8,RES-EDF5CDEDA7,06-18-2024 12:00 AM,mobile_money,693.48,PENDING
PMT-9D3AB078D5,RES-CD524B2180,11/07/2024 00:00,mobile_money,1595.61,DECLINED
PMT-08DAA9E036,RES-52CF15D9E6,01-31-2026 12:00 AM,bank_transfer,753.75,refunded
PMT-5F3B27DA1A,RES-7DE73E54BD,11/02/2025 00:00,bank_transfer,1320.31,paid
PMT-D2B5321B3F,RES-575EA9F939,,debit_card,1166.13,Paid
PMT-C40766F441,RES-C44067985B,01/06/2025 00:00,credit_card,1418.83,FAILED
PMT-92D3E58796,RES-14475837FA,12/06/2024 00:00,cash,1170.41,PENDING
PMT-5371B8F000,RES-6BBAE1ACB8,01-08-2025 12:00 AM,debit_card,620.22,Pending
PMT-80A23F2F58,RES-96FF722763,06-16-2024 12:00 AM,mobile_money,1605.13,Refunded
PMT-CF35BE44D2,RES-3401AC068A,02/08/2025 00:00,bank_transfer,755.17,refunded
PMT-3D6B8C0530,RES-6B113FDB16,12/08/2024 00:00,mobile_money,1693.18,Failed
PMT-A3E486F23C,RES-B2E65C346D,08-04-2024 12:00 AM,credit_card,1789.93,declined
PMT-E636EE9982,RES-9AB6D2AFBB,2026-04-06 00:00:00,paypal,262.09,Pending
PMT-9E841FD5A3,RES-90FDDF851D,15/07/2024 00:00,debit_card,474.29,success
PMT-5E4B3B5275,RES-ADB978D16C,06-26-2024 12:00 AM,debit_card,49.57,Failed
PMT-F34CB20887,RES-07DD493861,2024-06-29 00:00:00,cash,1004.06,DECLINED
PMT-28B9C4D5B1,RES-07DD493861,04-18-2024 12:00 AM,debit_card,81.58,REFUNDED
PMT-7FB18B08F0,RES-97768E3998,07-26-2024 12:00 AM,paypal,916.76,pending
PMT-ED9AFE467B,RES-07453C2CB1,05-05-2026 12:00 AM,cash,1010.72,DECLINED
PMT-7005FE8DAA,RES-63C2365300,04/05/2025 00:00,debit_card,542.72,pending
PMT-59B0FD0899,RES-7052CE9686,2024-01-06 00:00:00,credit_card,81.35,PAID
PMT-02BC97D5F1,RES-E0DE78C72D,2026-05-04 00:00:00,bank_transfer,1547.97,Failed
PMT-A8C4646947,RES-D298C8B40D,2025-09-17 00:00:00,credit_card,1521.91,Paid
PMT-B8BCB65D59,RES-E13EBE1EF7,03-03-2025 12:00 AM,credit_card,186.63,PENDING
PMT-A3AA57D837,RES-AC28CDA70C,2024-12-16 00:00:00,paypal,1147.03,Paid
PMT-DFD0FFEE89,RES-E40AFFCDAF,06-21-2024 12:00 AM,cash,1073.59,Failed
PMT-B606555CE4,RES-D89999F64E,06-15-2026 12:00 AM,credit_card,458.68,success
PMT-CBE6DD0F44,RES-F3CC037081,02-24-2024 12:00 AM,bank_transfer,82.96,REFUNDED
PMT-103ECF11E0,RES-950745EE09,26/10/2024 00:00,mobile_money,918.44,Pending
PMT-EFCDFF9A70,RES-AC2689BEF4,12/02/2026 00:00,paypal,267.52,SUCCESS
PMT-D974E93734,RES-4887EF2EA1,12-13-2024 12:00 AM,mobile_money,1342.24,Pending
PMT-AA8ACE67FD,RES-4887EF2EA1,27/10/2024 00:00,credit_card,547.36,declined
PMT-BDF59F5DA3,RES-47BD3AD5F8,06-09-2024 12:00 AM,paypal,838.82,SUCCESS
PMT-DE6EFBEE22,RES-47BD3AD5F8,29/07/2024 00:00,cash,667.07,success
PMT-DB78F50636,RES-47BD3AD5F8,27/04/2024 00:00,paypal,163.3,PAID
PMT-1A56362BBA,RES-491409858D,2024-02-23 00:00:00,mobile_money,293.32,Refunded
PMT-33054F72EA,RES-030132A383,08/06/2024 00:00,debit_card,893.65,Refunded
PMT-7A17F60BEE,RES-030132A383,15/05/2025 00:00,credit_card,72.56,Paid
PMT-212E563815,RES-23EE9BB268,25/02/2026 00:00,mobile_money,677.27,Pending
PMT-6E304773BF,RES-C63A096F93,2026-04-01 00:00:00,bank_transfer,799.89,REFUNDED
PMT-46C1311803,RES-CF1419B255,04/03/2025 00:00,mobile_money,203.21,declined
PMT-973341FE99,RES-A84999CDE2,2024-05-24 00:00:00,debit_card,352.3,REFUNDED
PMT-277C12D658,RES-EA6C0FA174,02-05-2025 12:00 AM,paypal,790.01,declined
PMT-26BEC814C1,RES-6E0B3A9026,08-17-2024 12:00 AM,credit_card,1695.87,DECLINED
PMT-29266A5BB9,RES-1AF4678EFC,12-12-2024 12:00 AM,bank_transfer,384.3,REFUNDED
PMT-158C305768,RES-84B9542117,2025-04-30 00:00:00,bank_transfer,481.67,paid
PMT-F743233E32,RES-44994C6215,,mobile_money,1639.56,pending
PMT-2F66DA4E0B,RES-23637E16A4,2026-04-13 00:00:00,paypal,60.43,failed
PMT-AFE40E4354,RES-DDD8F82800,2025-01-07 00:00:00,paypal,254.41,success
PMT-9A18B4B18A,RES-E6A6C7DB37,2026-03-09 00:00:00,debit_card,296.28,pending
PMT-66AFFF4292,RES-DC5D72E509,03-07-2025 12:00 AM,mobile_money,1755.76,declined
PMT-BED0F2F581,RES-1F32C247CF,05-31-2026 12:00 AM,paypal,83.18,PENDING
PMT-912321D3ED,RES-DF3E34661A,02/04/2024 00:00,paypal,1710.89,PAID
PMT-BA8F7EF5C1,RES-40089B7C57,14/06/2026 00:00,paypal,609.16,paid
PMT-839DDD1012,RES-FEF01D0513,2025-11-09 00:00:00,paypal,1430.77,FAILED
PMT-53D641FC10,RES-C8932526AA,2026-01-08 00:00:00,credit_card,1792.31,PAID
PMT-1E5EBEE168,RES-29FA37487F,2024-06-07 00:00:00,mobile_money,1442.96,Refunded
PMT-7DFA646775,RES-37ECC79857,2025-03-11 00:00:00,paypal,645.41,paid
PMT-C5B1C26EAA,RES-C5741EAEFA,2025-10-16 00:00:00,mobile_money,1108.54,Pending
PMT-D293AD0312,RES-427A9CA8BA,2025-11-01 00:00:00,credit_card,1522.29,FAILED
PMT-FD14953E4D,RES-B02FE6B3BE,2024-09-29 00:00:00,cash,500.34,DECLINED
PMT-28D2A8CA19,RES-E81CCF1CF6,02/05/2024 00:00,credit_card,1755.8,refunded
PMT-F56459B787,RES-DAE137F296,25/02/2026 00:00,credit_card,1599.85,success
PMT-7B9D8F6537,RES-7134BA50A7,06-06-2026 12:00 AM,bank_transfer,1606.72,Refunded
PMT-BE261A323D,RES-2312E41718,08-02-2024 12:00 AM,debit_card,235.25,PAID
PMT-13D9BDAC35,RES-A92855D992,2025-11-26 00:00:00,debit_card,977.27,DECLINED
PMT-26B19E6A3C,RES-D5CDCD7BF4,2024-10-01 00:00:00,mobile_money,964.67,pending
PMT-0161943756,RES-9B3C22848A,07-11-2024 12:00 AM,paypal,454.19,Pending
PMT-39271E9AB2,RES-925F6FE799,23/07/2025 00:00,mobile_money,1780.91,Failed
PMT-8FC00BB65E,RES-845ABC1DBD,06/05/2025 00:00,cash,1720.98,Paid
PMT-FBF78311DF,RES-74FDE18441,08-12-2024 12:00 AM,bank_transfer,1157.53,SUCCESS
PMT-9B4A73B939,RES-74FDE18441,09/03/2024 00:00,paypal,904.85,Refunded
PMT-6B93DDA8E0,RES-5B179862F9,2024-04-07 00:00:00,credit_card,173.69,failed
PMT-DE073D9C44,RES-B8018B5B69,30/01/2025 00:00,bank_transfer,527.72,Failed
PMT-02A0C78250,RES-48B90125BE,09/11/2025 00:00,mobile_money,1661.52,paid
PMT-043635F3CE,RES-EE5BB0388B,04-04-2026 12:00 AM,paypal,1337.43,SUCCESS
PMT-9BED8CBE64,RES-0094F7A583,23/02/2026 00:00,debit_card,1629.16,REFUNDED
PMT-55FBAC5D03,RES-9135DCF3A2,16/03/2025 00:00,debit_card,,Refunded
PMT-764EC1CEF3,RES-BBD0E9C44B,2025-09-30 00:00:00,mobile_money,612.27,Failed
PMT-7961266D41,RES-667BEA4515,01-13-2025 12:00 AM,credit_card,682.04,Refunded
PMT-766719937B,RES-62E9E14788,2025-12-25 00:00:00,paypal,257.78,REFUNDED
PMT-2CC1D02585,RES-9E8C39B7AA,27/03/2026 00:00,credit_card,1162.91,Failed
PMT-B9E8A95105,RES-9E8C39B7AA,2026-04-20 00:00:00,debit_card,295.5,refunded
PMT-546C94C513,RES-9E8C39B7AA,2025-03-07 00:00:00,bank_transfer,1166.29,refunded
PMT-2789F8FD84,RES-B24AD70995,18/05/2025 00:00,credit_card,1197.77,pending
PMT-B7DA70216F,RES-B41608EFDB,2024-10-20 00:00:00,paypal,1114.95,SUCCESS
PMT-511CE8A2E3,RES-952469A94F,2025-06-03 00:00:00,cash,1755.69,success
PMT-CAC62270FE,RES-09E450192A,23/07/2025 00:00,bank_transfer,1144.31,REFUNDED
PMT-E53D5EAA76,RES-09E450192A,07-03-2024 12:00 AM,cash,1092.68,Failed
PMT-7ACC0DE0C4,RES-D169C79405,2026-06-13 00:00:00,mobile_money,563.03,success
PMT-6DBFCEAE50,RES-C226D1403B,13/03/2025 00:00,mobile_money,92.71,PENDING
PMT-A2D055D527,RES-9D44E0CE2C,02/03/2024 00:00,bank_transfer,284.64,FAILED
PMT-2EEB428DFF,RES-9D44E0CE2C,2025-03-26 00:00:00,credit_card,809.16,success
PMT-1D8D8A9DBC,RES-AB0692EB83,2025-11-23 00:00:00,debit_card,476.88,SUCCESS
PMT-4E55969CB9,RES-8101B0E4BE,2024-11-10 00:00:00,mobile_money,67.56,DECLINED
PMT-BB140D87F0,RES-8101B0E4BE,09-16-2025 12:00 AM,credit_card,248.24,PENDING
PMT-9F78475926,RES-A6FD2A816F,,credit_card,1211.87,FAILED
PMT-0D9516A960,RES-CD6A7465CA,08-26-2024 12:00 AM,cash,1451.61,PAID
PMT-776B80B3E6,RES-033EC8057A,2024-02-15 00:00:00,mobile_money,1283.52,PAID
PMT-377847CAB6,RES-76E65FDAC6,2025-04-13 00:00:00,paypal,1309.41,declined
PMT-DE85775407,RES-D32B79DA8A,09/10/2024 00:00,paypal,379.26,PENDING
PMT-523F99B281,RES-FA980A235C,2025-10-28 00:00:00,credit_card,433.94,declined
PMT-054D54E44D,RES-97639AE7DD,2024-01-17 00:00:00,cash,628.25,paid
PMT-0A9C352BEC,RES-D11162F562,29/08/2025 00:00,paypal,1777.79,refunded
PMT-474CF20ACC,RES-D9AB4AEC56,04-20-2024 12:00 AM,cash,374.62,REFUNDED
PMT-32A3FABCB3,RES-4170303432,04/12/2025 00:00,paypal,1058.48,DECLINED
PMT-EA063B412B,RES-B5E1B670A6,2025-02-23 00:00:00,debit_card,,failed
PMT-80A3382B09,RES-8A562EF002,01/06/2024 00:00,paypal,1773.32,FAILED
PMT-685FEEDCC6,RES-31EB7E4CD7,02-19-2026 12:00 AM,debit_card,603.22,REFUNDED
PMT-DC937CF048,RES-5C2EAA8E7C,02-01-2026 12:00 AM,bank_transfer,1308.3,declined
PMT-5B58CFBBC9,RES-084BFEE17C,03-12-2025 12:00 AM,debit_card,736.76,Pending
PMT-F4D205458B,RES-7B66468B18,2024-02-12 00:00:00,bank_transfer,754.51,refunded
PMT-7BEE8E70CB,RES-1AD6384327,09/02/2026 00:00,bank_transfer,165.23,PENDING
PMT-9CEBF3EBD3,RES-4128DC7029,2025-05-22 00:00:00,cash,509.68,Pending
PMT-B71A746C1E,RES-116417674D,2026-04-05 00:00:00,mobile_money,1424.26,SUCCESS
PMT-901B4D3F88,RES-D7CF643240,02-24-2024 12:00 AM,paypal,1691.16,declined
PMT-3D9D90CE99,RES-41B3A0675F,27/10/2024 00:00,paypal,417.89,DECLINED
PMT-230236B7E9,RES-0F353CD670,2024-05-29 00:00:00,cash,1624.4,Pending
PMT-D54EAC25EE,RES-FE53F479FF,12-13-2025 12:00 AM,mobile_money,1630.12,PENDING
PMT-5EE0498BBA,RES-455374CA08,03/07/2025 00:00,mobile_money,1697.08,Refunded
PMT-C8CFFE5E63,RES-71740F7F4B,13/08/2024 00:00,mobile_money,853.27,Refunded
PMT-808389ABBA,RES-309E07B345,2024-11-04 00:00:00,cash,441.67,Pending
PMT-0594C8E298,RES-C7E8C13ED6,,mobile_money,763.85,PENDING
PMT-58EC560894,RES-2D27A2D890,01-06-2026 12:00 AM,bank_transfer,709.74,REFUNDED
PMT-A3E250B24C,RES-302A4CCE4B,17/02/2026 00:00,mobile_money,538.83,SUCCESS
PMT-C527370747,RES-302A4CCE4B,06-18-2026 12:00 AM,paypal,1064.24,PAID
PMT-8EE67A186C,RES-302A4CCE4B,06/03/2025 00:00,bank_transfer,784.02,PENDING
PMT-4B35EE5D0C,RES-458022D447,03-06-2024 12:00 AM,debit_card,95.09,FAILED
PMT-AED84158BE,RES-AD04CF8C93,22/11/2025 00:00,bank_transfer,805.7,paid
PMT-B98E12FA96,RES-ADB489CA92,23/05/2024 00:00,credit_card,322.26,FAILED
PMT-7BAA1D71ED,RES-6CE910D1B7,2025-10-15 00:00:00,cash,1185.32,Pending
PMT-7A45196694,RES-6CE910D1B7,05-31-2025 12:00 AM,credit_card,1611.96,Paid
PMT-1A80A59C1D,RES-7060738ED7,16/09/2024 00:00,cash,1474.65,Paid
PMT-A399602C5D,RES-5592110B76,,debit_card,1203.78,pending
PMT-BD3ACC250B,RES-F79DBAB1A1,2024-09-19 00:00:00,debit_card,79.62,DECLINED
PMT-EAAE965C8B,RES-0C391A9325,29/06/2024 00:00,cash,680.08,success
PMT-33D3768E59,RES-CC49988AC7,02-25-2026 12:00 AM,cash,1258.38,Failed
PMT-33C4F9CE21,RES-A44E7ECA37,,mobile_money,519.96,DECLINED
PMT-8DD9EADD68,RES-3762AFE346,2024-10-19 00:00:00,cash,1339.6,Paid
PMT-B7FBD86EB4,RES-3FDF5F1B37,21/03/2024 00:00,credit_card,1536.06,refunded
PMT-7E1DF207C3,RES-AF0BB3FC7B,2025-09-20 00:00:00,cash,534.16,DECLINED
PMT-9AC4BF6D55,RES-AF0BB3FC7B,01-22-2025 12:00 AM,bank_transfer,1428.96,PENDING
PMT-5198B87748,RES-AF0BB3FC7B,2025-09-17 00:00:00,bank_transfer,1741.01,Refunded
PMT-0730624BFB,RES-BC0C25CC69,11/11/2024 00:00,credit_card,193.25,refunded
PMT-CA8E5C8AEC,RES-3965DEA391,15/01/2024 00:00,credit_card,552.93,PAID
PMT-EE82126639,RES-3965DEA391,05-20-2026 12:00 AM,credit_card,706.16,REFUNDED
PMT-DBF620D12D,RES-3965DEA391,2024-03-26 00:00:00,mobile_money,1650.44,refunded
PMT-1787469E71,RES-7A87DC50A8,,cash,175.59,PENDING
PMT-4753B8C2CE,RES-7E1115CDC8,09-21-2025 12:00 AM,debit_card,660.52,REFUNDED
PMT-F995509C67,RES-7E1115CDC8,27/08/2024 00:00,debit_card,568.24,Pending
PMT-D325C9A295,RES-7E1115CDC8,07/01/2025 00:00,credit_card,1632.67,REFUNDED
PMT-42724E5819,RES-2C8A906A3B,2024-08-19 00:00:00,mobile_money,1344.17,PENDING
PMT-E86CFE9C67,RES-6DFAB0204C,2024-11-26 00:00:00,cash,1053.69,Refunded
PMT-28DD71A232,RES-50631C2574,06/05/2025 00:00,debit_card,1113.39,pending
PMT-E47184722D,RES-DD893F6CE0,10-06-2024 12:00 AM,mobile_money,265.4,Failed
PMT-FF38AF40C4,RES-21F7AFF39F,2026-03-16 00:00:00,cash,1744.63,Failed
PMT-087F55A187,RES-192AD90EE4,08-21-2025 12:00 AM,bank_transfer,377.06,SUCCESS
PMT-DC1086D40A,RES-41064369BE,2025-02-02 00:00:00,mobile_money,375.0,REFUNDED
PMT-943CC4979A,RES-FFB650637D,12/09/2025 00:00,cash,1461.13,DECLINED
PMT-51FA1B2B99,RES-2137C3E755,09-08-2024 12:00 AM,mobile_money,829.92,PENDING
PMT-60C5974622,RES-37072FBFD3,06-04-2024 12:00 AM,bank_transfer,625.57,DECLINED
PMT-13DB1F1318,RES-392AAF8277,2025-06-30 00:00:00,mobile_money,1012.45,PENDING
PMT-716A5FF527,RES-C78EAE5A43,03-12-2025 12:00 AM,cash,1548.94,PAID
PMT-A9BCF30317,RES-CAF001DD27,2024-10-17 00:00:00,cash,612.36,DECLINED
PMT-9E5EC01605,RES-9E6298E11E,2024-11-28 00:00:00,paypal,1448.34,Refunded
PMT-033FFE2EA8,RES-2845E7A450,02-01-2024 12:00 AM,cash,1230.65,REFUNDED
PMT-C970C6F23D,RES-2845E7A450,11-27-2024 12:00 AM,debit_card,797.35,PENDING
PMT-82ACA8A7E3,RES-5CF86CA1BB,17/12/2025 00:00,paypal,1685.35,FAILED
PMT-286FB62BE1,RES-56E9C5CFB9,2025-03-18 00:00:00,mobile_money,1637.95,pending
PMT-C1AD083EC9,RES-C5AC6A8966,07-05-2024 12:00 AM,credit_card,1729.65,failed
PMT-8DDB12862B,RES-860178B064,11-03-2024 12:00 AM,cash,1217.61,Pending
PMT-035511B04C,RES-60CE21E952,03-31-2026 12:00 AM,bank_transfer,1389.26,Refunded
PMT-45883419FB,RES-8989A3E43D,07-07-2025 12:00 AM,bank_transfer,1086.22,Pending
PMT-7098256102,RES-F2DA38370F,2025-07-21 00:00:00,debit_card,833.39,Paid
PMT-BE4987939E,RES-66129BF5A9,09/07/2025 00:00,cash,1724.05,PENDING
PMT-FCD7400F23,RES-66129BF5A9,2025-03-26 00:00:00,paypal,1626.58,REFUNDED
PMT-626A67BD38,RES-66129BF5A9,22/03/2026 00:00,paypal,794.36,Refunded
PMT-7A66EE8BF5,RES-6666403663,13/12/2024 00:00,mobile_money,1356.97,Refunded
PMT-08760236CE,RES-847D02FC07,01-25-2026 12:00 AM,mobile_money,255.87,PENDING
PMT-BB547A4DFE,RES-064DB80099,10-27-2025 12:00 AM,debit_card,1762.02,DECLINED
PMT-4E4A4A3B95,RES-C4B9B476F7,2024-11-02 00:00:00,cash,1622.41,Refunded
PMT-E9A312F575,RES-C0A96ADF97,2025-01-27 00:00:00,cash,1533.38,PENDING
PMT-AFA1F99C40,RES-4542BA12E8,02/01/2026 00:00,paypal,1515.13,Refunded
PMT-F7D97D6A3E,RES-FCAE6189D1,06-02-2026 12:00 AM,credit_card,1392.91,Pending
PMT-3C7B49462E,RES-80D0744F3E,05-25-2024 12:00 AM,mobile_money,93.17,Refunded
PMT-E48DDC9A1B,RES-850F072BFC,06-17-2026 12:00 AM,credit_card,168.68,FAILED
PMT-FA8CC958C3,RES-B4E34C78A9,05-23-2024 12:00 AM,bank_transfer,1538.29,pending
PMT-A3F3E717C0,RES-1B73A672F3,14/03/2024 00:00,debit_card,824.97,REFUNDED
PMT-507E50D3A4,RES-F3C80BC26D,,cash,1339.32,REFUNDED
PMT-F6CDDA27CB,RES-EAFA8921CC,20/12/2025 00:00,credit_card,489.31,FAILED
PMT-66DD0F500C,RES-5E532DFB19,04/12/2024 00:00,debit_card,1790.04,PENDING
PMT-3879AD9912,RES-11F4A14A06,06-08-2025 12:00 AM,cash,1368.86,DECLINED
PMT-93DB9D18F8,RES-BD2713A82B,2024-06-10 00:00:00,paypal,276.81,pending
PMT-31F2DEC116,RES-BD2713A82B,08-10-2024 12:00 AM,bank_transfer,1745.33,Paid
PMT-BB2D9B7DBD,RES-72F0CB8D6E,12/04/2026 00:00,credit_card,527.47,DECLINED
PMT-4F59A3CD8A,RES-33AFBE93B6,01-11-2024 12:00 AM,credit_card,1544.76,success
PMT-4F3B26D853,RES-4D2B08558C,2024-08-06 00:00:00,cash,218.28,declined
PMT-5DB9D20672,RES-69381F5D17,2026-01-15 00:00:00,debit_card,1763.22,Refunded
PMT-15274DDECE,RES-1C9B6A6C96,2026-03-06 00:00:00,mobile_money,345.15,Paid
PMT-A1726D7D20,RES-1DB27CEAE5,01/07/2025 00:00,debit_card,1109.04,Failed
PMT-588F143AEA,RES-AE33258B1E,06/02/2026 00:00,credit_card,138.6,paid
PMT-7B8BDD19B3,RES-8931D65D65,10/02/2024 00:00,mobile_money,1367.23,paid
PMT-738C3B8356,RES-8931D65D65,2025-03-05 00:00:00,credit_card,1696.42,success
PMT-90948D583C,RES-8931D65D65,15/04/2024 00:00,credit_card,728.28,Pending
PMT-2F46FDD6CB,RES-E3B9493000,24/06/2024 00:00,paypal,541.95,paid
PMT-F8D2A13FC7,RES-E3B9493000,13/08/2025 00:00,cash,403.74,Refunded
PMT-C03E71FF97,RES-BAE016C321,15/06/2024 00:00,debit_card,124.99,failed
PMT-8479ABE138,RES-E771A16BE5,12-30-2025 12:00 AM,credit_card,323.08,REFUNDED
PMT-D571104BC7,RES-3EE64674AE,07-14-2024 12:00 AM,cash,277.5,Pending
PMT-FC93F3F8D5,RES-95EEB133DB,2024-06-03 00:00:00,credit_card,900.35,FAILED
PMT-C055B120BF,RES-B24C485424,02-18-2026 12:00 AM,paypal,1026.53,failed
PMT-235EC1A8B3,RES-EF385ECC61,09-29-2025 12:00 AM,paypal,966.51,REFUNDED
PMT-6B2ACF2BE4,RES-A22D71FF68,03-05-2026 12:00 AM,cash,1688.9,Pending
PMT-E9D0D9A116,RES-B6E5FF95B6,15/07/2025 00:00,paypal,310.33,PAID
PMT-ABB3C0ACE3,RES-63EEE8AB2E,11-13-2024 12:00 AM,debit_card,1431.35,Refunded
PMT-A235CFEEBD,RES-B05EA17A6B,05-10-2025 12:00 AM,debit_card,652.6,success
PMT-CCCA5257CE,RES-7555968D60,19/10/2024 00:00,bank_transfer,833.26,FAILED
PMT-2CFF4D0BCC,RES-21DD000320,11-10-2024 12:00 AM,paypal,493.88,pending
PMT-CD018F622F,RES-73D6706076,2026-05-18 00:00:00,cash,1175.52,Refunded
PMT-68A4BC1B04,RES-73D6706076,02/10/2025 00:00,credit_card,746.32,FAILED
PMT-3B62502A6F,RES-332F30B2B6,2025-05-03 00:00:00,cash,296.73,refunded
PMT-E96F90CAF9,RES-928F829D3D,15/08/2025 00:00,paypal,670.57,FAILED
PMT-58B0DE1C1F,RES-9678A28AFD,2025-07-06 00:00:00,paypal,377.15,SUCCESS
PMT-87201F68F1,RES-525715F36C,2026-04-14 00:00:00,bank_transfer,205.24,Pending
PMT-A539408131,RES-525715F36C,,bank_transfer,1354.66,PENDING
PMT-E66C9EFDE0,RES-525715F36C,05-08-2024 12:00 AM,cash,1105.33,REFUNDED
PMT-A5B82D67FF,RES-A0B3A25213,19/09/2024 00:00,paypal,421.13,DECLINED
PMT-7B2BB0F340,RES-775A9C8099,20/01/2026 00:00,bank_transfer,496.84,paid
PMT-9971A8BCA0,RES-BD284B3612,2026-03-11 00:00:00,credit_card,1082.53,failed
PMT-1702E12D17,RES-FAE7A2D722,2024-11-30 00:00:00,mobile_money,1702.63,PAID
PMT-C4A870E6E5,RES-4A83291DC5,17/12/2025 00:00,cash,1571.11,SUCCESS
PMT-C2F92A1F06,RES-A0B1D304E1,04-23-2025 12:00 AM,bank_transfer,1654.87,declined
PMT-F05D009B15,RES-B6537DC774,,debit_card,480.13,pending
PMT-557DA748B5,RES-9A76635EE4,04-10-2026 12:00 AM,paypal,249.89,Pending
PMT-D0700A1528,RES-59A2443739,08-20-2024 12:00 AM,paypal,1488.44,Failed
PMT-3EB59C4D2E,RES-77FDF3FA56,16/03/2025 00:00,paypal,1656.14,PAID
PMT-679FD0BF6D,RES-D192E1E592,2025-10-27 00:00:00,mobile_money,1452.4,Pending
PMT-545BC2CD35,RES-D192E1E592,07-05-2025 12:00 AM,debit_card,308.53,pending
PMT-505D2A40E5,RES-CEC00F7180,2025-07-23 00:00:00,cash,436.94,FAILED
PMT-FA81633FFA,RES-2E9EC1CB9D,2024-08-07 00:00:00,debit_card,890.4,refunded
PMT-9E9ED5D290,RES-8994695BD2,04/12/2024 00:00,mobile_money,211.39,declined
PMT-0E085F99C5,RES-8994695BD2,10-02-2025 12:00 AM,mobile_money,1000.33,DECLINED
PMT-C9433A016F,RES-8994695BD2,01-12-2025 12:00 AM,cash,1384.9,FAILED
PMT-9313CC33FC,RES-88B00672FB,16/02/2025 00:00,mobile_money,1524.22,success
PMT-8FDBF4F824,RES-88B00672FB,2025-01-29 00:00:00,paypal,1574.98,pending
PMT-6C9176D099,RES-88B00672FB,03-30-2024 12:00 AM,credit_card,556.48,success
PMT-E75F966E0E,RES-DE140BA955,04-19-2026 12:00 AM,mobile_money,958.59,PAID
PMT-B5B9C2A586,RES-DE4545A13F,2026-01-23 00:00:00,credit_card,437.68,REFUNDED
PMT-9DFA022A5B,RES-DE4545A13F,2024-01-07 00:00:00,mobile_money,595.48,FAILED
PMT-41DDCAC1AF,RES-DE4545A13F,,credit_card,538.81,SUCCESS
PMT-45415D0989,RES-5A8D60D0BD,06/03/2024 00:00,paypal,1324.35,paid
PMT-B81EE9AF0F,RES-704D2AD308,07-04-2025 12:00 AM,debit_card,969.37,pending
PMT-C4D055BD44,RES-490F0D5770,05-28-2026 12:00 AM,bank_transfer,469.17,FAILED
PMT-7E92624DFD,RES-B860117300,16/05/2025 00:00,debit_card,1311.04,paid
PMT-F3B9A5EFCF,RES-D5EEFE2409,02-17-2025 12:00 AM,cash,1185.23,paid
PMT-869E6C8B8F,RES-C8CBDBED7B,06-05-2026 12:00 AM,bank_transfer,258.19,refunded
PMT-3033605AA2,RES-687517EC6F,07-14-2024 12:00 AM,mobile_money,1681.13,Refunded
PMT-EF1C580C72,RES-0775C72C89,2024-03-03 00:00:00,debit_card,1142.06,Pending
PMT-E667D496D4,RES-F372000D36,13/05/2024 00:00,paypal,820.43,DECLINED
PMT-636B0C712C,RES-4BD97FF46F,15/01/2026 00:00,bank_transfer,848.83,PENDING
PMT-80AAB58354,RES-EF9482AC9B,,mobile_money,572.76,refunded
PMT-51E2383FFA,RES-F14D0B93D3,03-31-2024 12:00 AM,bank_transfer,688.25,success
PMT-0C7C3CFA03,RES-A2ED716436,2024-10-06 00:00:00,bank_transfer,324.9,refunded
PMT-4FD1346FA7,RES-C1E0551641,2025-10-22 00:00:00,cash,885.07,declined
PMT-8F0813A57D,RES-C1E0551641,2024-01-11 00:00:00,debit_card,1566.39,refunded
PMT-3770A4AC88,RES-C1E0551641,06-17-2026 12:00 AM,debit_card,1446.69,REFUNDED
PMT-A6433602D0,RES-881A595240,03-09-2024 12:00 AM,bank_transfer,500.69,PENDING
PMT-3657EA85D5,RES-00354B8902,04-13-2026 12:00 AM,bank_transfer,1226.51,declined
PMT-10454DC33F,RES-1F20830A2B,10-19-2025 12:00 AM,paypal,1027.15,PAID
PMT-FAC004065C,RES-1CDF84577D,24/08/2025 00:00,bank_transfer,636.64,pending
PMT-BFDB6655EF,RES-918E0A3CFB,06-28-2025 12:00 AM,mobile_money,1740.38,failed
PMT-F8AD83875D,RES-FF9E097E28,2025-11-22 00:00:00,cash,379.37,pending
PMT-538A7487C7,RES-2358B72823,07-03-2024 12:00 AM,cash,1193.65,success
PMT-CB83D93090,RES-B7524940B9,05-01-2026 12:00 AM,mobile_money,957.45,refunded
PMT-043F18055C,RES-F8C3D0A0BD,2024-01-10 00:00:00,cash,1710.87,REFUNDED
PMT-E036A267F0,RES-2C58606310,11-27-2025 12:00 AM,bank_transfer,402.39,Paid
PMT-C5480D5EB3,RES-94D0C23167,2026-05-03 00:00:00,paypal,771.09,refunded
PMT-A09E59CD8F,RES-94D0C23167,02-10-2025 12:00 AM,paypal,653.71,FAILED
PMT-84990BAE4C,RES-94D0C23167,11-15-2024 12:00 AM,mobile_money,444.71,pending
PMT-F09F5B65F5,RES-0A878D06F2,03-16-2024 12:00 AM,debit_card,1145.82,declined
PMT-DDE63CD865,RES-B752DEA2C8,10-24-2024 12:00 AM,credit_card,996.9,SUCCESS
PMT-A781545E45,RES-B752DEA2C8,2025-11-12 00:00:00,bank_transfer,56.08,Refunded
PMT-2E79B3AD0D,RES-277B716789,03-17-2025 12:00 AM,mobile_money,171.51,PENDING
PMT-B339C4BBA1,RES-4592059464,09/06/2025 00:00,bank_transfer,1552.4,Refunded
PMT-D59CE77F86,RES-52FE7521C1,30/01/2026 00:00,debit_card,1130.81,SUCCESS
PMT-C56A82AA1B,RES-4FC2768C3A,06/06/2024 00:00,paypal,489.14,declined
PMT-7784E24291,RES-A0F9A04C01,10-14-2024 12:00 AM,paypal,976.93,PAID
PMT-69E087383D,RES-BE8A65BE3B,17/06/2024 00:00,debit_card,1344.21,refunded
PMT-DACDF29905,RES-BE8A65BE3B,2025-05-15 00:00:00,paypal,355.42,Refunded
PMT-5C139F6055,RES-AA1D056DB8,01/07/2025 00:00,bank_transfer,366.81,success
PMT-7E72BB3B7A,RES-4D2107C043,03-21-2026 12:00 AM,cash,910.73,Failed
PMT-52D3B5EDD9,RES-ECF82DBCAC,05/06/2024 00:00,bank_transfer,755.15,Failed
PMT-0C7A8CA064,RES-A4E57FFADE,12-09-2024 12:00 AM,credit_card,222.28,Refunded
PMT-CB45788CA0,RES-3BEA869CC6,2024-11-28 00:00:00,paypal,1002.99,SUCCESS
PMT-5E16273A08,RES-1680660F7E,11-17-2025 12:00 AM,bank_transfer,284.77,Refunded
PMT-4335089140,RES-1680660F7E,02-14-2025 12:00 AM,mobile_money,549.21,Failed
PMT-B69746C5D1,RES-9794EC213A,04-06-2025 12:00 AM,paypal,329.11,paid
PMT-8C7FF8B9DC,RES-9794EC213A,07/12/2024 00:00,bank_transfer,1468.58,DECLINED
PMT-B3A5F38A27,RES-5683D4557B,01-01-2026 12:00 AM,credit_card,1137.55,PENDING
PMT-C9486ACD64,RES-D7926B7BE2,2025-02-19 00:00:00,cash,471.52,declined
PMT-229FA99B9D,RES-D7926B7BE2,06-16-2025 12:00 AM,credit_card,367.35,pending
PMT-CA8A7A8050,RES-D7926B7BE2,2025-08-22 00:00:00,cash,899.4,REFUNDED
PMT-C58DE732B7,RES-3A2E7CC206,08-29-2025 12:00 AM,mobile_money,1470.5,REFUNDED
PMT-C0D86A288D,RES-5EEE332441,27/02/2024 00:00,cash,1318.13,refunded
PMT-ED1CA63A3F,RES-A14CBAE3C6,2025-02-25 00:00:00,paypal,1165.8,PAID
PMT-48B5D7FE6E,RES-C5BECD40E6,26/11/2025 00:00,cash,319.17,Pending
PMT-EB3188897B,RES-C5BECD40E6,2026-03-25 00:00:00,bank_transfer,1549.28,Failed
PMT-5BD1C3AD96,RES-C5BECD40E6,20/01/2025 00:00,bank_transfer,427.11,pending
PMT-6D9E3E20CA,RES-35BC31F358,05-19-2026 12:00 AM,cash,1332.28,PAID
PMT-02C65261B8,RES-0291AEFBCA,2026-01-09 00:00:00,cash,1409.01,Refunded
PMT-A3AB2348B8,RES-7EC377F03A,2024-09-26 00:00:00,bank_transfer,1452.86,declined
PMT-878F45B50A,RES-B0DDFDAC27,10/04/2025 00:00,mobile_money,492.45,declined
PMT-040EB19F34,RES-FAD8CDAB57,03-16-2024 12:00 AM,credit_card,972.96,PENDING
PMT-BD8DECBDBF,RES-FAD8CDAB57,27/03/2024 00:00,paypal,665.57,REFUNDED
PMT-B32185C974,RES-C06EE3DD39,2025-10-15 00:00:00,paypal,1671.66,PENDING
PMT-4EABA27B01,RES-C739AEC600,25/06/2024 00:00,mobile_money,1047.8,Failed
PMT-8BDE49D8FB,RES-97F011602E,11-06-2025 12:00 AM,cash,790.2,pending
PMT-379AF89128,RES-E56E7A33B2,2025-06-28 00:00:00,credit_card,1595.16,DECLINED
PMT-7E9CB098C8,RES-A3F499C809,08-26-2025 12:00 AM,paypal,314.03,pending
PMT-B29C790E79,RES-8F8EE8ADED,15/10/2024 00:00,mobile_money,1649.25,PENDING
PMT-17C7BDA2F4,RES-92FA028A1D,02-27-2024 12:00 AM,paypal,1010.75,FAILED
PMT-698F984C84,RES-25C7AC2FE7,07-25-2025 12:00 AM,bank_transfer,1682.75,PENDING
PMT-D511A9687F,RES-DA31504477,01-08-2024 12:00 AM,bank_transfer,1278.83,success
PMT-F0D0F1EAD7,RES-53F4017C88,29/09/2024 00:00,cash,1420.23,success
PMT-BD7F7B6035,RES-F34B316B29,11/04/2024 00:00,cash,70.85,refunded
PMT-2F3FDA52CD,RES-9E8596033F,31/03/2024 00:00,credit_card,1031.24,PENDING
PMT-3DDC2C358D,RES-9E8596033F,2024-06-21 00:00:00,bank_transfer,1593.18,Pending
PMT-15478D87DA,RES-37CF87F953,05-28-2025 12:00 AM,bank_transfer,250.98,PENDING
PMT-32588A0C9D,RES-AF5B2EFEEC,17/07/2024 00:00,mobile_money,97.17,SUCCESS
PMT-9D53D83736,RES-4EFF88E89C,06-17-2025 12:00 AM,mobile_money,1432.88,PAID
PMT-4383D5080E,RES-4EFF88E89C,11/06/2025 00:00,cash,784.67,REFUNDED
PMT-EE91996F8F,RES-4EFF88E89C,27/02/2024 00:00,bank_transfer,1131.59,FAILED
PMT-1D8188F0C3,RES-193C88AD64,2025-10-09 00:00:00,cash,1005.96,Paid
PMT-3418FDA5FD,RES-80A046AE35,04-01-2024 12:00 AM,mobile_money,824.63,Pending
PMT-9CFB6AB8F1,RES-03B10137BA,14/10/2024 00:00,mobile_money,1536.75,Refunded
PMT-AF36A89E62,RES-03B10137BA,2024-12-31 00:00:00,credit_card,1667.3,Paid
PMT-DD8E20CC61,RES-03B10137BA,11/07/2025 00:00,cash,1783.23,Pending
PMT-0822CE1E17,RES-F6E19FDFF5,2025-03-20 00:00:00,credit_card,1484.54,PENDING
PMT-916C97699B,RES-99C70D3E81,12-29-2025 12:00 AM,bank_transfer,421.52,PENDING
PMT-B6C2298E55,RES-90499F83C1,2025-10-23 00:00:00,mobile_money,882.22,declined
PMT-18B82E3C51,RES-2BAA7F2580,31/05/2026 00:00,debit_card,509.7,Pending
PMT-35F2AE5620,RES-DB81324B10,26/11/2025 00:00,mobile_money,756.05,PENDING
PMT-71CFA2FC55,RES-18295BCACF,2024-07-01 00:00:00,bank_transfer,568.71,Refunded
PMT-9488950AD4,RES-381CABFF51,12-29-2025 12:00 AM,mobile_money,909.26,declined
PMT-9513C88A1F,RES-53DCDDAA26,2024-05-08 00:00:00,credit_card,1188.4,REFUNDED
PMT-33CD8FDCEE,RES-BD848E198A,2024-09-21 00:00:00,cash,1489.46,refunded
PMT-C1FB2A3230,RES-5205615853,11-15-2025 12:00 AM,mobile_money,993.6,REFUNDED
PMT-047AD30FCD,RES-19C3D5B93F,04/06/2024 00:00,debit_card,56.89,paid
PMT-B87E3E6ECE,RES-0658A36907,06-14-2024 12:00 AM,bank_transfer,500.06,PENDING
PMT-5A89737118,RES-A8AC6209D4,03-20-2024 12:00 AM,bank_transfer,1514.66,SUCCESS
PMT-49503E244C,RES-DB035977A7,2025-07-18 00:00:00,paypal,600.13,PAID
PMT-29E7628000,RES-2C8298DEB4,01/10/2024 00:00,paypal,688.1,FAILED
PMT-3F4071927C,RES-924A230D92,09-30-2025 12:00 AM,credit_card,1372.45,refunded
PMT-22F59448B9,RES-078E533A78,06-05-2026 12:00 AM,credit_card,118.21,FAILED
PMT-07164FCE3B,RES-5F9F5A023A,2025-01-03 00:00:00,cash,390.87,Failed
PMT-BF2BE09A68,RES-E58210C2FF,28/04/2026 00:00,paypal,1532.31,refunded
PMT-7703526471,RES-9ABD90480C,2025-06-30 00:00:00,credit_card,1773.07,REFUNDED
PMT-70B104835B,RES-CB6EB07732,11-23-2025 12:00 AM,bank_transfer,1149.34,failed
PMT-1CA9382BED,RES-CB6EB07732,03-28-2024 12:00 AM,paypal,927.37,REFUNDED
PMT-7D02CC28F7,RES-82E6D72E7D,06/08/2025 00:00,mobile_money,229.62,success
PMT-653E3F8623,RES-ECCB1D5EE7,2024-05-15 00:00:00,credit_card,1232.9,success
PMT-06E257B862,RES-AAD09EB0E4,2024-06-17 00:00:00,debit_card,559.86,Refunded
PMT-C8EBE1ACDD,RES-277C27EDA7,2024-04-03 00:00:00,mobile_money,1272.44,refunded
PMT-1436B86947,RES-5A7FCA9A23,02/11/2024 00:00,debit_card,678.97,Refunded
PMT-B1CE247E57,RES-BB784C3778,2024-04-24 00:00:00,credit_card,1138.47,SUCCESS
PMT-E15EC89B3C,RES-F91634FA51,01/01/2026 00:00,debit_card,675.74,PAID
PMT-BE6E4F89B4,RES-F91634FA51,2024-10-18 00:00:00,cash,1257.52,refunded
PMT-1E7D9575B0,RES-DFD4090236,09/05/2026 00:00,paypal,486.27,failed
PMT-C63E66B53E,RES-178ADD54D6,05-01-2025 12:00 AM,credit_card,1500.48,Paid
PMT-D1BC60DBEB,RES-DFC2602A3E,2026-02-07 00:00:00,credit_card,1029.51,Paid
PMT-D96C2355FD,RES-C01ABA8C8C,04-08-2025 12:00 AM,debit_card,155.15,PAID
PMT-E8F9A82E70,RES-C01ABA8C8C,2026-04-23 00:00:00,paypal,721.15,refunded
PMT-68DC17B467,RES-C01ABA8C8C,2025-08-13 00:00:00,credit_card,861.21,refunded
PMT-CD4557C6DC,RES-53144143A1,2025-09-06 00:00:00,credit_card,645.88,Failed
PMT-20FFA213C2,RES-31AF5920DB,2026-02-20 00:00:00,cash,203.55,refunded
PMT-29A000F915,RES-B1E70C0F2D,2025-03-18 00:00:00,mobile_money,1019.49,REFUNDED
PMT-B2124670C9,RES-A477890CB0,2026-03-23 00:00:00,debit_card,839.29,PAID
PMT-5243A38E2D,RES-A477890CB0,2025-02-16 00:00:00,bank_transfer,1386.34,pending
PMT-908DE0321C,RES-64F2A8601E,21/05/2025 00:00,cash,1000.39,pending
PMT-77D706101F,RES-ACBE03650E,2024-05-29 00:00:00,mobile_money,992.07,paid
PMT-A2CA6D2498,RES-ACBE03650E,02/12/2025 00:00,credit_card,567.11,REFUNDED
PMT-CE31A7A6E4,RES-D13D6FAF9B,11-13-2025 12:00 AM,paypal,676.5,failed
PMT-F55945B79B,RES-7B84B19197,18/07/2024 00:00,mobile_money,1276.15,SUCCESS
PMT-FC28A7E522,RES-B9B1C8AA0A,04/10/2024 00:00,cash,554.23,Paid
PMT-0CB664030B,RES-493A97409B,27/03/2024 00:00,paypal,1700.26,refunded
PMT-80FF13A41E,RES-FB8DE2EE8A,05-06-2025 12:00 AM,cash,65.64,PENDING
PMT-BFAAA5D6FF,RES-838AFDFB31,05-16-2026 12:00 AM,cash,1064.6,pending
PMT-4FB68579E4,RES-838AFDFB31,10-14-2024 12:00 AM,credit_card,959.63,pending
PMT-582BCDE72C,RES-838AFDFB31,12-12-2025 12:00 AM,bank_transfer,1271.41,failed
PMT-3AF379C06D,RES-00584EC5C3,12/01/2024 00:00,debit_card,1760.22,Failed
PMT-B760A715A4,RES-2211CC04B4,29/05/2026 00:00,bank_transfer,407.84,refunded
PMT-335B8FC4C8,RES-365C9639E8,2025-09-02 00:00:00,paypal,1520.52,refunded
PMT-22766F17A9,RES-78F404C242,08/06/2024 00:00,credit_card,1413.12,Failed
PMT-091783D6A8,RES-29400D3AED,2025-08-20 00:00:00,cash,156.88,failed
PMT-DB629C66B8,RES-0F63B82ADB,25/01/2025 00:00,bank_transfer,140.03,PAID
PMT-039C00E3FC,RES-0F63B82ADB,2024-05-14 00:00:00,mobile_money,1537.14,success
PMT-4317373913,RES-C8790E8C7F,14/01/2025 00:00,bank_transfer,939.15,SUCCESS
PMT-BB6DB44AA7,RES-18AB34777F,08-27-2025 12:00 AM,cash,348.38,Pending
PMT-7263A517A2,RES-18AB34777F,11-04-2024 12:00 AM,paypal,1212.71,PAID
PMT-3AF0844818,RES-18AB34777F,03/03/2026 00:00,debit_card,1598.12,refunded
PMT-180E9B0F0D,RES-BFC57864FC,11-07-2025 12:00 AM,paypal,1777.29,REFUNDED
PMT-81DE5517A8,RES-1B9D132F26,06-19-2025 12:00 AM,debit_card,1340.4,PENDING
PMT-8F4564CAB7,RES-E9A33950D2,09-05-2025 12:00 AM,credit_card,1396.21,FAILED
PMT-EE7202C6F2,RES-7E0A232501,,mobile_money,1706.6,declined
PMT-E5302A1B21,RES-3E8EBEFF82,14/01/2024 00:00,mobile_money,105.56,Pending
PMT-DA34108791,RES-3E8EBEFF82,2025-06-10 00:00:00,credit_card,401.08,FAILED
PMT-F0EA46573B,RES-3F9C386598,11-06-2024 12:00 AM,credit_card,1772.31,DECLINED
PMT-B3744D7BDA,RES-ABF30D6B6F,06-30-2024 12:00 AM,credit_card,674.25,DECLINED
PMT-A50A243314,RES-67C045823B,07-29-2025 12:00 AM,cash,706.08,refunded
PMT-31FAF182F1,RES-87C140A54C,03/11/2024 00:00,paypal,533.0,declined
PMT-0585DD367C,RES-A51E911219,08-20-2024 12:00 AM,bank_transfer,735.45,SUCCESS
PMT-DE34C7684A,RES-A56123BF66,,debit_card,140.67,Pending
PMT-745FC1A6C7,RES-5A05C56C5D,10-19-2025 12:00 AM,debit_card,1695.24,REFUNDED
PMT-E4D295E41A,RES-7E3ACFF46E,07-16-2024 12:00 AM,credit_card,931.77,PAID
PMT-776AE3D524,RES-A706E6CA88,24/04/2026 00:00,debit_card,1269.94,Paid
PMT-E893BF8009,RES-F0C6780ECF,09-26-2025 12:00 AM,paypal,1297.87,Pending
PMT-9BE62CCA9F,RES-6EB4EF998D,03-19-2026 12:00 AM,paypal,1303.84,success
PMT-FAC3D72C1C,RES-3CB305148A,14/02/2025 00:00,mobile_money,1211.91,Paid
PMT-39540AA5EA,RES-B5024056B8,08/04/2026 00:00,bank_transfer,1465.21,FAILED
PMT-5274B00FCE,RES-C6EB6562B7,26/11/2024 00:00,bank_transfer,1131.16,SUCCESS
PMT-6085C4BAEC,RES-E398FFB43F,03/05/2024 00:00,mobile_money,82.37,pending
PMT-9CC8181DF7,RES-C2BEB9370C,24/01/2024 00:00,bank_transfer,824.33,Failed
PMT-EF82090F91,RES-C2BEB9370C,02-28-2026 12:00 AM,paypal,1318.05,Failed
PMT-52FDFB2607,RES-C2BEB9370C,2026-03-03 00:00:00,cash,1753.49,PAID
PMT-FC971C76E6,RES-513EFCD9C5,2024-10-18 00:00:00,paypal,580.74,refunded
PMT-1DD884663D,RES-EFB771BF31,24/10/2024 00:00,bank_transfer,737.23,refunded
PMT-CA9D84AF5C,RES-3C295B92AC,04/04/2024 00:00,cash,455.98,PAID
PMT-E600F7C6D7,RES-03BBDD1B3F,28/02/2026 00:00,credit_card,568.27,declined
PMT-66EEDEBD72,RES-316EF9E18F,04-16-2025 12:00 AM,mobile_money,110.04,SUCCESS
PMT-5E0D638FAD,RES-730DD0153D,16/06/2026 00:00,cash,479.04,Pending
PMT-A5786D87A2,RES-25E6BBF48A,18/02/2024 00:00,credit_card,1448.11,pending
PMT-028BDD13B3,RES-65B711DD77,01-30-2025 12:00 AM,credit_card,1398.06,Paid
PMT-B542C4CF39,RES-65B711DD77,01/01/2026 00:00,paypal,897.37,Failed
PMT-6F05A679D9,RES-58F277696C,2024-02-07 00:00:00,bank_transfer,1416.47,Pending
PMT-9E5CDDBEEB,RES-C11C26E76B,04-15-2026 12:00 AM,debit_card,73.39,pending
PMT-C2B0CCB9CC,RES-AC3932268D,02-23-2025 12:00 AM,cash,365.39,PENDING
PMT-066B32BB47,RES-F3EC447659,2024-03-05 00:00:00,credit_card,802.24,Failed
PMT-E90B29F4CC,RES-B4FDAD1CD2,2024-04-28 00:00:00,credit_card,178.21,success
PMT-F99E388A04,RES-B4FDAD1CD2,05/06/2025 00:00,mobile_money,1107.24,Failed
PMT-6B52AB838B,RES-204BDAF693,2025-01-14 00:00:00,debit_card,1211.71,pending
PMT-C21A758C8E,RES-020EC7848B,07/04/2026 00:00,bank_transfer,455.14,PAID
PMT-91856FF82D,RES-3F307F66DE,18/09/2024 00:00,credit_card,1261.37,Pending
PMT-E51868C0C5,RES-E23CC4F96B,01-05-2026 12:00 AM,credit_card,350.38,refunded
PMT-0AC1A8A939,RES-3203EE0A43,25/10/2024 00:00,bank_transfer,433.48,Refunded
PMT-7A7E6EAAE6,RES-9EC9A68937,2025-11-28 00:00:00,bank_transfer,1796.25,REFUNDED
PMT-4FCC9E92C1,RES-52DDBDD8D8,16/10/2025 00:00,paypal,781.96,REFUNDED
PMT-DE4D3DD395,RES-574B9007F6,22/12/2025 00:00,cash,477.01,Paid
PMT-C9726C7BEC,RES-3F6092161A,01-16-2024 12:00 AM,mobile_money,1079.83,FAILED
PMT-5BD143E557,RES-3F6092161A,2025-04-30 00:00:00,credit_card,1367.96,PENDING
PMT-7298B83F7D,RES-BDA3ECE716,03/06/2026 00:00,credit_card,376.57,declined
PMT-CF2ABD3522,RES-4C2531145E,09-16-2025 12:00 AM,paypal,1294.99,Refunded
PMT-3C259E4637,RES-4C2531145E,02-02-2024 12:00 AM,paypal,1782.6,paid
PMT-56E72E3CA9,RES-8D548062F6,26/02/2024 00:00,bank_transfer,241.81,failed
PMT-B7F55B6234,RES-6EB559404F,2024-03-25 00:00:00,cash,1438.19,PENDING
PMT-5316431E46,RES-36F2BFB49C,2025-09-02 00:00:00,paypal,1575.71,success
PMT-B079A89E1F,RES-8A2730A6B6,2025-07-17 00:00:00,credit_card,440.14,PENDING
PMT-1E19090E90,RES-BA61C9480D,09-18-2024 12:00 AM,bank_transfer,91.25,REFUNDED
PMT-D41B21D911,RES-B2110942FB,05/02/2026 00:00,bank_transfer,1177.41,success
PMT-F6B4F15E1E,RES-8D78D7E1FA,08-30-2024 12:00 AM,credit_card,1560.22,REFUNDED
PMT-80CD1DA6A5,RES-CFEE7FBE52,04-27-2026 12:00 AM,debit_card,944.29,FAILED
PMT-92EB5EBD34,RES-77EFC073DD,2025-03-31 00:00:00,bank_transfer,531.23,Pending
PMT-CA85A3110E,RES-C82803F19B,03-23-2024 12:00 AM,debit_card,1009.55,REFUNDED
PMT-DE9BC013B3,RES-C82803F19B,2024-08-02 00:00:00,bank_transfer,390.22,PENDING
PMT-D5229E62C1,RES-0A19EF2ED5,08/05/2026 00:00,bank_transfer,1062.78,pending
PMT-E3D88CED7B,RES-2D8B60AA06,04-20-2026 12:00 AM,mobile_money,600.48,FAILED
PMT-8690043A91,RES-BAD307CFF1,2026-05-19 00:00:00,mobile_money,1015.83,REFUNDED
PMT-B08E4D540F,RES-BAD307CFF1,2024-07-05 00:00:00,credit_card,437.06,Pending
PMT-487079FA20,RES-BAD307CFF1,2026-05-16 00:00:00,mobile_money,1289.99,PENDING
PMT-9DFA1814A6,RES-40DEC65FEB,18/01/2026 00:00,credit_card,932.11,pending
PMT-939AB50681,RES-789CD02773,2024-09-22 00:00:00,debit_card,1729.29,refunded
PMT-415AF45DBE,RES-A0F247714A,04/04/2024 00:00,credit_card,818.87,DECLINED
PMT-186F1ACA96,RES-B72C64F194,2024-01-11 00:00:00,cash,843.24,declined
PMT-EC095B719E,RES-33D018E402,2026-06-02 00:00:00,paypal,1088.08,Pending
PMT-3B2557DC40,RES-3325D5C54E,2025-07-30 00:00:00,paypal,1047.53,pending
PMT-1F7C9FDAE1,RES-9FFFEA6B20,09-07-2024 12:00 AM,bank_transfer,1276.79,failed
PMT-E1568FA7DC,RES-405E263E7B,14/03/2024 00:00,mobile_money,388.75,SUCCESS
PMT-5E2A7FE734,RES-693E629523,14/11/2024 00:00,cash,221.74,Refunded
PMT-8399BCD363,RES-ECCAA42799,2024-09-24 00:00:00,debit_card,467.5,REFUNDED
PMT-DC7FD4F099,RES-8F4DEB7E18,08/01/2025 00:00,debit_card,887.91,SUCCESS
PMT-DEFC2C1B71,RES-8F4DEB7E18,02-05-2026 12:00 AM,debit_card,1635.12,Paid
PMT-3352231445,RES-3897A20E82,11-02-2024 12:00 AM,bank_transfer,135.76,success
PMT-C53582683D,RES-0614279EA6,07/05/2024 00:00,mobile_money,983.69,refunded
PMT-C67DABC2C5,RES-FA2C542488,02-25-2024 12:00 AM,credit_card,594.31,refunded
PMT-F7502313AA,RES-A105910A65,12-12-2024 12:00 AM,credit_card,94.69,PENDING
PMT-16BB99AEB9,RES-9885E4096D,2024-06-09 00:00:00,mobile_money,951.59,DECLINED
PMT-2241BD82BD,RES-5C96EB2D3B,2024-09-28 00:00:00,paypal,585.02,pending
PMT-8E49B2B886,RES-82E7456697,05-13-2026 12:00 AM,paypal,1634.82,DECLINED
PMT-347674D244,RES-A268DF6870,17/07/2024 00:00,paypal,1261.58,Pending
PMT-8CD05ABD0D,RES-A268DF6870,02-23-2024 12:00 AM,cash,1778.37,refunded
PMT-289A2C89EC,RES-4EC9B5DF0C,01/05/2024 00:00,cash,505.88,REFUNDED
PMT-A84E332D0C,RES-B26891BF40,2024-10-09 00:00:00,paypal,506.64,Paid
PMT-70FEECD0A8,RES-C4378B162B,09-30-2024 12:00 AM,paypal,956.1,declined
PMT-88FCF07C85,RES-D06FC5B0D4,11/03/2025 00:00,cash,511.33,refunded
PMT-0B20C553E4,RES-9D8E532C0C,2026-05-10 00:00:00,mobile_money,206.16,Refunded
PMT-5181343C68,RES-9D8E532C0C,2025-10-12 00:00:00,bank_transfer,1607.45,PENDING
PMT-E489033B67,RES-5275D8415F,12-23-2024 12:00 AM,credit_card,587.39,SUCCESS
PMT-08A91830ED,RES-48A7CDD846,30/10/2025 00:00,bank_transfer,1684.33,PENDING
PMT-5E9E0F9088,RES-48A7CDD846,14/11/2025 00:00,cash,806.03,REFUNDED
PMT-1B739DD81B,RES-48A7CDD846,05-10-2026 12:00 AM,debit_card,1145.86,Refunded
PMT-8ABFEE6835,RES-472E0D0AFB,26/02/2025 00:00,credit_card,1372.39,failed
PMT-2EA6286FB4,RES-4534A78640,09/10/2025 00:00,cash,693.92,paid
PMT-E76DFDBEA5,RES-675A1FE469,2024-12-12 00:00:00,mobile_money,493.13,refunded
PMT-30CA3F6BF7,RES-9F9202FC6E,18/04/2024 00:00,bank_transfer,410.82,pending
PMT-5312B6106A,RES-2D2045BA86,2024-06-04 00:00:00,credit_card,1483.17,Refunded
PMT-37D6B57458,RES-AB280438B1,,credit_card,219.01,PENDING
PMT-90C6C520C4,RES-8C4BEB81F5,2026-04-29 00:00:00,bank_transfer,654.89,pending
PMT-FC394E64EC,RES-283711A212,2026-04-16 00:00:00,paypal,1423.98,Refunded
PMT-E64B228736,RES-E9A89A4498,2025-10-07 00:00:00,cash,975.12,Pending
PMT-8ED928BD38,RES-23AED9988C,27/03/2025 00:00,paypal,280.74,REFUNDED
PMT-AF1E1C189C,RES-17E376D028,2026-02-11 00:00:00,debit_card,1776.67,pending
PMT-B4E56971D4,RES-17E376D028,2026-02-08 00:00:00,credit_card,408.81,PENDING
PMT-635362144C,RES-17E376D028,2025-06-24 00:00:00,bank_transfer,589.67,REFUNDED
PMT-7D5CBF5D86,RES-AA446AC5C1,2025-10-14 00:00:00,credit_card,337.36,success
PMT-B25B6FED51,RES-F03AD88EBE,2025-03-21 00:00:00,bank_transfer,940.17,PAID
PMT-795AEC3BAF,RES-8966C06B5F,28/03/2025 00:00,debit_card,1446.45,paid
PMT-3F4308CBA3,RES-E7C8A1FA3F,2024-11-06 00:00:00,credit_card,1227.42,PENDING
PMT-D176AA9257,RES-D93817A4C1,11/12/2024 00:00,paypal,1262.39,Paid
PMT-A2807F6C55,RES-FE2A7E116D,01-01-2025 12:00 AM,credit_card,1181.84,pending
PMT-997AA91ABD,RES-07F658B4F8,11/05/2026 00:00,mobile_money,520.46,declined
PMT-BD56D2EA85,RES-A16ED9892B,13/02/2025 00:00,debit_card,1770.68,SUCCESS
PMT-C0F9DCB748,RES-C3F8913C67,01-21-2026 12:00 AM,credit_card,921.02,Pending
PMT-7984BE094E,RES-3907BBE567,03-28-2026 12:00 AM,paypal,596.25,paid
PMT-DDFE375371,RES-69D1B50604,,credit_card,660.12,success
PMT-3120175585,RES-42B30468E1,11-11-2025 12:00 AM,cash,711.78,SUCCESS
PMT-DBA918028B,RES-0B95315A3F,01-10-2026 12:00 AM,mobile_money,485.0,REFUNDED
PMT-B6553DCF28,RES-8EAF154DCC,2025-07-27 00:00:00,paypal,417.89,Pending
PMT-32FC7FD5E3,RES-939B822E1B,14/11/2025 00:00,credit_card,1695.75,refunded
PMT-4D4003089B,RES-4193FBA20B,11-05-2024 12:00 AM,credit_card,260.9,refunded
PMT-74E760C3EE,RES-6F21B188FB,,credit_card,823.23,declined
PMT-98F0F21F09,RES-C8AF543F57,03-09-2026 12:00 AM,mobile_money,1674.34,DECLINED
PMT-D61A872F1A,RES-2319FFA8ED,06-26-2024 12:00 AM,paypal,69.1,FAILED
PMT-1D58C3A667,RES-8EBF937EF5,03-06-2024 12:00 AM,debit_card,933.37,Refunded
PMT-5449F47B39,RES-3EE6A0466C,22/03/2025 00:00,mobile_money,1666.1,DECLINED
PMT-BEFE877D12,RES-D1AB630D86,2025-07-13 00:00:00,mobile_money,113.1,refunded
PMT-B2573BDD76,RES-B8933776CD,28/09/2024 00:00,mobile_money,1765.98,PENDING
PMT-68BD9043AC,RES-1E13BA6684,31/01/2024 00:00,bank_transfer,1414.34,DECLINED
PMT-6CE96E1976,RES-0F12423B1B,03-17-2024 12:00 AM,paypal,179.14,Refunded
PMT-31535CB134,RES-64A2C4DD58,14/05/2025 00:00,cash,293.22,PENDING
PMT-82EF82C2EA,RES-8EB83EC323,02-20-2025 12:00 AM,debit_card,1743.92,refunded
PMT-DB751E7B53,RES-020149A2BA,03-21-2025 12:00 AM,cash,1273.53,paid
PMT-7ACD24E6AC,RES-1D28FEE101,11-15-2024 12:00 AM,cash,788.85,declined
PMT-9034E79B72,RES-994430ADDA,08-21-2024 12:00 AM,credit_card,1159.83,Failed
PMT-5B381E57E8,RES-E1089CC9E4,2024-03-12 00:00:00,paypal,833.21,FAILED
PMT-398D848A97,RES-9247EC2292,2025-12-06 00:00:00,mobile_money,1110.56,pending
PMT-94401263F0,RES-DC4F94CFC7,16/06/2025 00:00,paypal,111.61,refunded
PMT-FD3A236A38,RES-CBEDF172B9,12-30-2024 12:00 AM,debit_card,993.85,Failed
PMT-D7C67FDAA5,RES-8470B28091,23/08/2025 00:00,paypal,1125.54,Paid
PMT-DE7739EE09,RES-359623B9E7,2024-11-28 00:00:00,cash,1365.15,Refunded
PMT-6FDDF427E2,RES-2E812CC3A3,2024-11-23 00:00:00,bank_transfer,618.01,failed
PMT-AB2F2BF1EB,RES-C67937E402,2025-04-29 00:00:00,mobile_money,,Refunded
PMT-B281885057,RES-E8AF8CAE4B,04-29-2024 12:00 AM,credit_card,1170.95,FAILED
PMT-718BD36BFB,RES-A91D13BA6C,,bank_transfer,245.61,SUCCESS
PMT-1695173CAA,RES-CBCBBDD4C8,04-27-2026 12:00 AM,debit_card,1430.51,Pending
PMT-A887F1A4C9,RES-CBCBBDD4C8,10/08/2024 00:00,debit_card,1365.01,success
PMT-8141873289,RES-8AE7C41AB3,01/10/2024 00:00,mobile_money,737.05,paid
PMT-2F1BD0F9B5,RES-B440F22662,15/03/2025 00:00,paypal,1468.96,success
PMT-147214B70E,RES-474D7CFC01,2025-05-20 00:00:00,bank_transfer,1426.37,REFUNDED
PMT-F942707390,RES-474D7CFC01,01-19-2026 12:00 AM,mobile_money,1025.35,PAID
PMT-AF76BE0A4B,RES-6EB4823D40,04/02/2025 00:00,debit_card,70.33,pending
PMT-4AA31883A1,RES-5A2BCD1084,2024-01-12 00:00:00,paypal,1054.8,REFUNDED
PMT-AD47DAA195,RES-DFF33152B9,12-16-2024 12:00 AM,debit_card,1771.84,Refunded
PMT-CB2DB34EE9,RES-B77AD0C985,2024-11-12 00:00:00,mobile_money,1674.34,Refunded
PMT-01C49A7EDC,RES-48E42C2475,2024-02-20 00:00:00,credit_card,1214.27,REFUNDED
PMT-CD6F8F57CF,RES-0B423C8F04,03-03-2024 12:00 AM,credit_card,1123.94,PAID
PMT-CD692A170A,RES-BA41684A90,05/04/2024 00:00,mobile_money,1700.24,refunded
PMT-E5A87DF486,RES-2963190EBE,03-13-2026 12:00 AM,cash,730.33,FAILED
PMT-C677FFC298,RES-69D4D16995,09-01-2024 12:00 AM,mobile_money,398.47,refunded
PMT-8A0DA7BCB7,RES-35430F62CD,08-15-2024 12:00 AM,mobile_money,1138.42,success
PMT-BF2D7CFB80,RES-1561135A1D,2025-10-30 00:00:00,bank_transfer,817.32,Pending
PMT-CA28CBBA37,RES-12C2C228F7,2025-03-31 00:00:00,paypal,529.18,pending
PMT-A4D178389E,RES-29AD2B7652,2024-05-07 00:00:00,debit_card,978.97,SUCCESS
PMT-8F6C8D19C7,RES-7DE0D92C7F,11-20-2025 12:00 AM,credit_card,650.44,SUCCESS
PMT-7D5A042154,RES-882DAD0BB0,2026-04-30 00:00:00,cash,1526.1,declined
PMT-0098BEDA4A,RES-BDD0F37DA6,2024-07-25 00:00:00,credit_card,1183.94,FAILED
PMT-CB134D50E5,RES-0BFA39A820,2025-03-26 00:00:00,cash,951.58,pending
PMT-133132392D,RES-78C25C3642,08-09-2025 12:00 AM,cash,1182.94,DECLINED
PMT-33038DC2C7,RES-2E90505919,01-01-2026 12:00 AM,debit_card,696.4,pending
PMT-D72DEC3A30,RES-F728D329E0,2024-07-09 00:00:00,cash,1257.49,refunded
PMT-80F3D61315,RES-8B7093C403,17/08/2024 00:00,mobile_money,1701.85,paid
PMT-F66ED9ED5A,RES-867A7BAA0E,01-27-2026 12:00 AM,debit_card,859.83,REFUNDED
PMT-0E2E67F287,RES-31BBAA91F6,2024-05-12 00:00:00,cash,553.94,Pending
PMT-04FA3B1AFD,RES-2FABF021B5,07/02/2025 00:00,debit_card,1100.39,declined
PMT-42FEBA7638,RES-AE178A43A7,2025-05-16 00:00:00,bank_transfer,596.45,refunded
PMT-5494E3BB69,RES-9EB0BB141E,05-13-2026 12:00 AM,debit_card,860.57,DECLINED
PMT-7AF4010629,RES-E0A20DF4D6,22/04/2024 00:00,credit_card,1393.96,refunded
PMT-6F42234B27,RES-A5ECCB45B0,04/10/2025 00:00,debit_card,,Failed
PMT-331F1DF973,RES-A5ECCB45B0,20/05/2026 00:00,bank_transfer,1150.5,refunded
PMT-007F5A6208,RES-D7255CA620,2026-04-07 00:00:00,paypal,1476.44,REFUNDED
PMT-752A8C9B4B,RES-78431B7054,11-04-2024 12:00 AM,debit_card,72.84,pending
PMT-8734BD6842,RES-9BBF410773,2026-02-25 00:00:00,paypal,288.78,refunded
PMT-4EE9B73AE8,RES-F48126A1DF,2025-08-27 00:00:00,mobile_money,1495.48,Pending
PMT-C365B78720,RES-875888C029,2025-03-01 00:00:00,mobile_money,389.92,pending
PMT-F760EA0A27,RES-875888C029,10/05/2024 00:00,debit_card,1135.72,SUCCESS
PMT-7FD41974CD,RES-23DBFDA7D5,09-20-2024 12:00 AM,cash,1469.84,Paid
PMT-2C05B6254D,RES-4C231FECDD,2025-10-20 00:00:00,bank_transfer,281.84,pending
PMT-4AD787CF19,RES-CC37CB2035,12-15-2024 12:00 AM,debit_card,939.78,success
PMT-5C1C60A516,RES-24B44775A7,2024-04-28 00:00:00,debit_card,344.59,pending
PMT-12CA283BBD,RES-5CBFFA6A66,17/08/2024 00:00,debit_card,778.98,pending
PMT-5EEDDDE637,RES-5CBFFA6A66,02-18-2025 12:00 AM,cash,1204.84,PAID
PMT-BD4DF4FF3F,RES-5A1C261187,11-09-2025 12:00 AM,mobile_money,549.84,REFUNDED
PMT-FCB8E1D3C7,RES-59BF5F780D,01-18-2026 12:00 AM,paypal,1689.79,failed
PMT-3BF42E3CC4,RES-69B5172657,04/02/2024 00:00,mobile_money,662.65,failed
PMT-B4EBBF54D4,RES-4A50276A85,02-07-2026 12:00 AM,credit_card,545.3,REFUNDED
PMT-015CAA895E,RES-658AA7F111,26/06/2025 00:00,cash,740.02,SUCCESS
PMT-79D37C64B9,RES-8480E1F0AA,2024-07-17 00:00:00,paypal,1606.51,declined
PMT-5981D81120,RES-05A8627AC6,12-14-2024 12:00 AM,credit_card,772.47,SUCCESS
PMT-5EF251DF7F,RES-781DFAF8DF,04/03/2024 00:00,credit_card,1091.02,DECLINED
PMT-BC632DE5C7,RES-CA46112230,15/07/2024 00:00,credit_card,566.2,REFUNDED
PMT-CAE6C21A74,RES-582E1E367A,12-12-2025 12:00 AM,debit_card,255.75,declined
PMT-6DCE5FA291,RES-582E1E367A,08-16-2024 12:00 AM,credit_card,1221.28,pending
PMT-DE86F884CB,RES-17D23C7C2B,,paypal,1603.81,REFUNDED
PMT-7F231B958C,RES-77A0DEE23D,15/02/2025 00:00,credit_card,1405.12,Failed
PMT-564D9B6082,RES-A496E5678F,05-10-2025 12:00 AM,paypal,1589.59,REFUNDED
PMT-8C0DAE1BD7,RES-C8F49E5F91,11-19-2025 12:00 AM,debit_card,477.34,Refunded
PMT-68FDBB44B3,RES-5400A3235C,09-17-2025 12:00 AM,cash,601.64,Paid
PMT-027BF669EC,RES-2CBAB35251,12/10/2024 00:00,debit_card,1115.08,refunded
PMT-4BBFB117FA,RES-D8F0BEC08B,09-24-2024 12:00 AM,bank_transfer,441.24,PENDING
PMT-B8856A2AA1,RES-9474216429,04-11-2024 12:00 AM,paypal,679.29,refunded
PMT-0E2D02A986,RES-251973D23D,11-28-2025 12:00 AM,credit_card,799.83,PENDING
PMT-773A8125B4,RES-A82B715224,11-02-2024 12:00 AM,debit_card,1163.08,refunded
PMT-A18578B3E9,RES-FBC1E7E8F4,2026-02-26 00:00:00,debit_card,1739.75,Refunded
PMT-2FFB70CE9A,RES-92E702074A,04-29-2025 12:00 AM,mobile_money,1340.51,refunded
PMT-0EFAAB0274,RES-A939EB631A,2025-06-06 00:00:00,debit_card,1031.6,pending
PMT-CFECA27D57,RES-2674F58635,12/06/2025 00:00,cash,1526.85,REFUNDED
PMT-E59372C62B,RES-9415D8B1A1,2025-09-14 00:00:00,paypal,1282.16,Failed
PMT-849DC68E24,RES-512204B194,13/03/2026 00:00,paypal,1069.81,pending
PMT-1E61258BCA,RES-9029AF945F,01-24-2024 12:00 AM,debit_card,700.24,Paid
PMT-CE1C7C35A5,RES-10CC07B909,13/11/2024 00:00,mobile_money,315.22,refunded
PMT-B9E0053192,RES-6B01FDBC89,2026-02-24 00:00:00,cash,481.97,Refunded
PMT-587DDE31B5,RES-B735F7BE4F,2025-12-14 00:00:00,debit_card,798.52,success
PMT-4676B1E719,RES-B735F7BE4F,01-08-2025 12:00 AM,paypal,1364.78,success
PMT-E597202BC9,RES-04312D0E56,2024-10-04 00:00:00,credit_card,1494.22,declined
PMT-6185877DA2,RES-D841877B09,02-07-2025 12:00 AM,cash,245.5,SUCCESS
PMT-D4F71041AF,RES-0A3CF28F56,2024-05-23 00:00:00,bank_transfer,1223.82,Refunded
PMT-F9611009DA,RES-7A3458C901,09-22-2024 12:00 AM,credit_card,647.3,SUCCESS
PMT-9482F0CDF2,RES-6563C33B2E,09-09-2025 12:00 AM,cash,1661.18,Pending
PMT-7DA0BFCB7F,RES-27D9231202,02-12-2025 12:00 AM,cash,189.6,refunded
PMT-576AE86E70,RES-27D9231202,07-13-2024 12:00 AM,cash,1685.09,Pending
PMT-6E66D3CBBD,RES-27D9231202,,credit_card,579.61,refunded
PMT-D2AD3ABEAF,RES-C673115FFD,2024-06-21 00:00:00,bank_transfer,280.76,pending
PMT-B266DE1D40,RES-C673115FFD,2024-02-18 00:00:00,cash,114.21,Refunded
PMT-CD30076FBE,RES-5D9AC96958,2025-01-15 00:00:00,mobile_money,155.33,Refunded
PMT-C5A0BBEC72,RES-0EF111354A,2024-03-10 00:00:00,bank_transfer,453.93,refunded
PMT-69F5013A6E,RES-2F2EA0B998,01-03-2026 12:00 AM,bank_transfer,1512.48,Pending
PMT-72EE492089,RES-5180C8B9DA,2024-09-03 00:00:00,mobile_money,662.86,failed
PMT-47999801D6,RES-9811D339C8,2025-03-31 00:00:00,debit_card,318.99,refunded
PMT-AFF28EE6BE,RES-114752390D,03-16-2025 12:00 AM,credit_card,982.69,declined
PMT-F5EA81BC1A,RES-6802DB7356,2025-06-14 00:00:00,credit_card,297.29,Pending
PMT-04893A09B8,RES-6A50BA0772,09-27-2025 12:00 AM,debit_card,1285.8,REFUNDED
PMT-C984F41A1E,RES-28DBEAEB34,01-08-2024 12:00 AM,mobile_money,505.68,PENDING
PMT-755686ED94,RES-FE60D0741F,2024-06-09 00:00:00,debit_card,1160.4,Paid
PMT-E275980913,RES-983B9E606C,2025-03-02 00:00:00,mobile_money,1455.16,REFUNDED
PMT-5038F21EBB,RES-9395AE6909,07-27-2024 12:00 AM,cash,75.65,refunded
PMT-52157DE994,RES-5FD325AFCB,05-08-2024 12:00 AM,debit_card,1755.92,refunded
PMT-4D6213B460,RES-AF99C6F7EE,22/05/2026 00:00,bank_transfer,831.23,success
PMT-4271AA877E,RES-0A163DF24C,02/03/2024 00:00,cash,1329.35,success
PMT-4A9D3DAD11,RES-435E6C3923,03-10-2026 12:00 AM,mobile_money,760.99,Failed
PMT-4D8B497DEC,RES-34363F11E4,03-24-2025 12:00 AM,credit_card,134.32,declined
PMT-53BC7F9345,RES-DB1003B5A5,2024-04-22 00:00:00,credit_card,1538.66,REFUNDED
PMT-EEA05C0B6F,RES-39B5BD5942,11/12/2025 00:00,bank_transfer,974.21,Pending
PMT-2F34CDE6B3,RES-878AA89A8E,19/07/2024 00:00,mobile_money,167.61,Failed
PMT-D158F52366,RES-FF6AA63B26,2025-11-01 00:00:00,cash,697.49,PENDING
PMT-6CABC3F3B2,RES-98686FFAAF,2025-09-09 00:00:00,mobile_money,1591.74,Paid
PMT-3DF7C0B405,RES-77DAFB1F2D,2024-12-24 00:00:00,debit_card,668.0,FAILED
PMT-7F521D7A45,RES-A02EBC5577,21/11/2024 00:00,debit_card,529.62,Paid
PMT-567111C6C3,RES-DDDE14BDCC,2025-06-12 00:00:00,paypal,1008.36,pending
PMT-972C59BEA1,RES-236AEE8B79,06/10/2024 00:00,paypal,558.12,SUCCESS
PMT-63C612F4F9,RES-6FD5AFA94F,14/11/2024 00:00,cash,439.66,FAILED
PMT-20A4FA697E,RES-E5FD0A3E89,17/11/2025 00:00,paypal,233.68,Pending
PMT-C48D84B65F,RES-E5FD0A3E89,2024-07-09 00:00:00,debit_card,1763.45,DECLINED
PMT-F21B6D55C1,RES-5B9E4D04B8,08-24-2025 12:00 AM,mobile_money,635.72,FAILED
PMT-A1539B0A58,RES-CF3CE131DA,05-11-2024 12:00 AM,bank_transfer,1134.67,FAILED
PMT-0CE7C24D3D,RES-EC8BF3021B,2025-01-24 00:00:00,bank_transfer,456.35,paid
PMT-2A488C7F55,RES-4E852F7786,10/01/2026 00:00,paypal,1650.46,FAILED
PMT-A54A837008,RES-59DEDE9660,30/05/2025 00:00,cash,1487.09,REFUNDED
PMT-49C75F234C,RES-DFFCE89FE0,2026-04-26 00:00:00,paypal,920.78,refunded
PMT-E6B9C34385,RES-19DD711CD3,2024-11-14 00:00:00,debit_card,594.09,FAILED
PMT-D651DD56E4,RES-AE03F58243,27/03/2026 00:00,debit_card,922.5,FAILED
PMT-98FB616912,RES-1889F210E6,2025-11-22 00:00:00,credit_card,392.42,REFUNDED
PMT-981988B176,RES-1889F210E6,2024-08-24 00:00:00,bank_transfer,237.44,declined
PMT-C9D9EAA364,RES-2E0048518F,01-29-2026 12:00 AM,debit_card,64.92,DECLINED
PMT-BE1388E5B9,RES-168CD93E94,03-30-2024 12:00 AM,credit_card,984.25,pending
PMT-70BF046177,RES-98F3816E8E,08-18-2025 12:00 AM,cash,1460.67,declined
PMT-CF51E1EFB7,RES-98F3816E8E,10-09-2024 12:00 AM,mobile_money,613.63,REFUNDED
PMT-887A2C72EF,RES-98F3816E8E,08-08-2024 12:00 AM,bank_transfer,1036.37,Pending
PMT-6D13FBDDA1,RES-AB96A824ED,24/08/2024 00:00,mobile_money,499.65,REFUNDED
PMT-C295D1E33E,RES-973BF2F53E,08-17-2025 12:00 AM,cash,1736.06,Failed
PMT-AE6CBED5B2,RES-AC855BC92B,05-25-2026 12:00 AM,paypal,965.86,FAILED
PMT-84F897DD63,RES-236567ED86,03-06-2026 12:00 AM,credit_card,374.1,SUCCESS
PMT-6A913943E5,RES-2401C9C81A,01-22-2026 12:00 AM,mobile_money,1320.12,Paid
PMT-BAE02C2EC7,RES-829AAB0799,02-25-2024 12:00 AM,credit_card,1369.96,success
PMT-85BA7897EB,RES-DF9D7C8E7F,2026-02-23 00:00:00,mobile_money,994.16,Failed
PMT-6C403F86EF,RES-12957600D6,2025-09-14 00:00:00,mobile_money,469.73,failed
PMT-82380FC141,RES-51616DC6AB,2024-12-05 00:00:00,mobile_money,1278.71,PENDING
PMT-F46E6EFC68,RES-CCB7E8360C,13/01/2025 00:00,bank_transfer,1609.73,REFUNDED
PMT-64A64B5A1E,RES-BE281D5E05,2025-04-05 00:00:00,mobile_money,367.05,Paid
PMT-C52D80C80A,RES-A4A16CAFF7,2025-11-23 00:00:00,debit_card,953.63,PENDING
PMT-108729ACB7,RES-3428C09100,02-28-2026 12:00 AM,credit_card,246.91,Refunded
PMT-14BB66A19E,RES-E3A450D3DC,10-15-2024 12:00 AM,debit_card,580.58,PENDING
PMT-9D12D37730,RES-FCAA59044C,2025-10-21 00:00:00,credit_card,224.27,paid
PMT-6BC73FC806,RES-62817DC4B1,10-12-2025 12:00 AM,credit_card,910.22,PENDING
PMT-815E8177C3,RES-D036D6833F,2025-01-16 00:00:00,cash,1521.22,Refunded
PMT-B177640E74,RES-06FC176B7B,01/09/2024 00:00,debit_card,1066.46,Paid
PMT-BB0B206A9F,RES-912F99C619,21/01/2024 00:00,credit_card,375.49,refunded
PMT-DB7C5E4A78,RES-3C51B99EBF,11/10/2024 00:00,credit_card,385.55,declined
PMT-C306C6AADE,RES-DAB9E3F04B,09/02/2025 00:00,paypal,1493.22,paid
PMT-5C097820B9,RES-7039682DB9,21/12/2024 00:00,credit_card,804.81,REFUNDED
PMT-69E73DB8B7,RES-2C9306F60F,03-02-2024 12:00 AM,cash,966.06,PAID
PMT-8DA082B04C,RES-D7E13D9653,2026-05-13 00:00:00,credit_card,339.28,Pending
PMT-B510FFA889,RES-9916758F8A,05-24-2024 12:00 AM,cash,273.17,REFUNDED
PMT-FF87826D56,RES-CF4352E1E4,2026-04-30 00:00:00,paypal,1636.52,Paid
PMT-26D6374ECC,RES-0E3881B7F8,2025-07-03 00:00:00,mobile_money,426.29,pending
PMT-059F186686,RES-21E644A523,03-08-2024 12:00 AM,mobile_money,264.53,SUCCESS
PMT-D2BAC0CA70,RES-3D73300117,01/07/2025 00:00,mobile_money,1178.99,REFUNDED
PMT-33F3676B70,RES-3D73300117,11/09/2025 00:00,debit_card,1345.76,FAILED
PMT-B33F55D852,RES-0A610F525C,2024-05-08 00:00:00,credit_card,444.86,DECLINED
PMT-EB4FC229FD,RES-0A610F525C,24/01/2024 00:00,bank_transfer,368.82,PENDING
PMT-9451AC30C5,RES-0A610F525C,05/06/2026 00:00,credit_card,1366.03,Failed
PMT-AED8D9BEC5,RES-5BE0DD6628,11/10/2025 00:00,cash,1042.4,PENDING
PMT-D33AF40F69,RES-C4639F8E2F,08-10-2025 12:00 AM,mobile_money,1423.25,PAID
PMT-C1A9E728DE,RES-D0A6F0B72E,2025-12-23 00:00:00,mobile_money,288.61,refunded
PMT-B028CF3EDE,RES-C13B0807AC,27/05/2026 00:00,cash,259.44,DECLINED
PMT-698B8D4DC9,RES-6CB3A3EDF9,2024-07-27 00:00:00,cash,1462.96,FAILED
PMT-E64B2E8600,RES-53E88DA8CA,2026-06-06 00:00:00,cash,979.37,FAILED
PMT-13663900C9,RES-F04F0D0DBF,2025-05-23 00:00:00,credit_card,497.11,Pending
PMT-42F64DFBE1,RES-95BE1F8998,2026-04-20 00:00:00,cash,891.65,FAILED
PMT-CE1CC01027,RES-397F29B809,23/03/2024 00:00,credit_card,178.95,declined
PMT-B24D1D6CB7,RES-1DB90A38F3,2024-08-15 00:00:00,debit_card,895.4,declined
PMT-71F678EB84,RES-47D775F0BF,12-22-2024 12:00 AM,mobile_money,1130.27,DECLINED
PMT-309ACAB396,RES-5BC1171D43,07/08/2025 00:00,cash,957.4,refunded
PMT-F4F80197C7,RES-F89C16A07E,07/01/2026 00:00,credit_card,875.12,refunded
PMT-3D9D6F14D2,RES-2A5BA7AB59,2026-05-18 00:00:00,mobile_money,213.36,DECLINED
PMT-C3F68E8F30,RES-2095866BEB,,bank_transfer,1439.82,Refunded
PMT-893C2C8EBE,RES-AAD841890C,07/05/2026 00:00,credit_card,1673.66,Pending
PMT-7B46E73966,RES-51A2A2CA95,03/02/2025 00:00,debit_card,759.31,PENDING
PMT-4663C07EA8,RES-87D7F04262,07/09/2025 00:00,credit_card,1141.77,failed
PMT-0BA226CEA8,RES-BCBA9EE9F7,2025-03-27 00:00:00,credit_card,369.97,Paid
PMT-F292AB972F,RES-BC0D3EE49A,03-15-2026 12:00 AM,debit_card,382.05,REFUNDED
PMT-ED94A1081A,RES-04399C6C0D,2025-11-12 00:00:00,paypal,111.06,PENDING
PMT-F5E4AEEF09,RES-1005CAA9B9,23/06/2024 00:00,paypal,282.48,Pending
PMT-176BFE3E39,RES-BFACDA4191,12-26-2025 12:00 AM,credit_card,1234.5,Refunded
PMT-C4B69953B6,RES-AA0D23C57A,2024-12-25 00:00:00,mobile_money,1502.59,pending
PMT-739BDB1996,RES-81D7324CEF,17/03/2025 00:00,cash,1115.9,Failed
PMT-45F7B5E1FA,RES-75098C8889,24/05/2025 00:00,paypal,1233.13,pending
PMT-D8E2F87B22,RES-6847DB5A6B,05-30-2025 12:00 AM,credit_card,745.88,DECLINED
PMT-A5CCD7EDC3,RES-968BACC41C,,mobile_money,735.95,Pending
PMT-55E1010769,RES-5665BF0796,05-20-2025 12:00 AM,mobile_money,58.58,pending
PMT-9F7787F9A9,RES-5665BF0796,04-09-2025 12:00 AM,credit_card,1562.92,Pending
PMT-8A3C9C4508,RES-0A66669477,15/12/2024 00:00,cash,47.56,Paid
PMT-E43678ECAE,RES-FADD1513B9,02/03/2024 00:00,debit_card,1137.62,refunded
PMT-FD05463ABF,RES-088E6AC23A,04-08-2025 12:00 AM,credit_card,752.67,success
PMT-C3324B0919,RES-08BA1A0E2D,05-21-2025 12:00 AM,debit_card,868.6,success
PMT-4DBCABC5F0,RES-B2990C2B16,02-13-2024 12:00 AM,credit_card,230.72,PENDING
PMT-FC38169818,RES-CC76DF41BF,2025-05-21 00:00:00,mobile_money,493.11,DECLINED
PMT-3AE28FA449,RES-BE4E054AF6,30/11/2025 00:00,paypal,1363.78,DECLINED
PMT-8FE7833371,RES-EDC1801E4C,03-25-2026 12:00 AM,bank_transfer,1592.73,refunded
PMT-D7450BD44E,RES-E83201A65D,10-29-2024 12:00 AM,cash,1352.6,DECLINED
PMT-11E39D18B3,RES-EF863C6EC8,09-25-2025 12:00 AM,paypal,1769.59,Pending
PMT-60EEA2A6BF,RES-EEF871CF15,2024-07-17 00:00:00,cash,1252.6,Pending
PMT-3A5F66BA08,RES-89B3CFDD71,2024-07-28 00:00:00,cash,1613.49,refunded
PMT-8351C6F793,RES-89B3CFDD71,2026-02-25 00:00:00,mobile_money,612.78,declined
PMT-20A289AAA1,RES-89B3CFDD71,17/10/2025 00:00,cash,1201.61,Refunded
PMT-88754EA1EE,RES-47FEA98EF9,26/02/2026 00:00,debit_card,1395.61,PENDING
PMT-782469286F,RES-78F1ADAAED,2025-09-25 00:00:00,debit_card,71.19,DECLINED
PMT-1F0A72B304,RES-D935C651EF,02/07/2024 00:00,credit_card,1095.4,Pending
PMT-0CE76527CA,RES-C80C5EEA0C,03-08-2025 12:00 AM,credit_card,1131.07,REFUNDED
PMT-18DD9D73FA,RES-C80C5EEA0C,02-28-2026 12:00 AM,bank_transfer,1601.49,refunded
PMT-D6147953F4,RES-9C401F36F9,09-02-2024 12:00 AM,credit_card,857.02,REFUNDED
PMT-6797D86988,RES-85D2DFEDC1,25/11/2024 00:00,debit_card,809.42,Paid
PMT-4549558169,RES-751D4901E5,2026-03-21 00:00:00,cash,1392.21,failed
PMT-89E60A284C,RES-CD3846D906,06-30-2025 12:00 AM,debit_card,249.87,REFUNDED
PMT-371F602C4D,RES-817393D4E1,2026-05-23 00:00:00,debit_card,1735.93,REFUNDED
PMT-682BFDD489,RES-D882CD2491,11-26-2024 12:00 AM,credit_card,1105.54,pending
PMT-C7D75888D0,RES-D4316160A7,11/05/2025 00:00,credit_card,282.27,pending
PMT-8FEE0DC325,RES-CAC0EDFC6B,05-13-2026 12:00 AM,paypal,891.01,Pending
PMT-C0245B6074,RES-272A4BF182,2024-04-14 00:00:00,bank_transfer,475.8,FAILED
PMT-F41F9B7F12,RES-CC59B22A25,12-16-2025 12:00 AM,bank_transfer,1742.47,PENDING
PMT-FAF9663C70,RES-32DECBBDA8,04-05-2026 12:00 AM,mobile_money,934.11,refunded
PMT-E15279AAD0,RES-FCCDF08114,2024-05-07 00:00:00,credit_card,1315.49,Failed
PMT-80EAC94262,RES-5338455DF5,02-18-2025 12:00 AM,debit_card,657.36,REFUNDED
PMT-6E4087E07E,RES-D8EE406974,18/05/2026 00:00,bank_transfer,257.07,pending
PMT-4003DBDBE3,RES-43E17D8537,12-12-2024 12:00 AM,cash,502.49,declined
PMT-781116E325,RES-DC24106AB3,2025-08-03 00:00:00,credit_card,145.27,success
PMT-5E013F0B19,RES-DC24106AB3,02/04/2024 00:00,cash,586.68,pending
PMT-5783400B72,RES-54842B1F06,2025-11-24 00:00:00,cash,353.55,paid
PMT-B27BFB0948,RES-6ADE965756,2025-09-09 00:00:00,debit_card,1668.5,Refunded
PMT-A12B4413DE,RES-F4F457BFD5,2026-05-15 00:00:00,cash,341.42,success
PMT-2C6E1792F8,RES-051D0AF73B,06-15-2024 12:00 AM,credit_card,149.03,Pending
PMT-B257710C68,RES-A7FC92C9D3,01-27-2024 12:00 AM,mobile_money,587.1,PENDING
PMT-2EF4F7DABD,RES-16A276D273,2024-11-26 00:00:00,cash,1110.16,Paid
PMT-DA78B10556,RES-3A569613B4,12/07/2024 00:00,paypal,992.43,REFUNDED
PMT-FF2F8A8DB5,RES-B87D4A1E56,04-22-2025 12:00 AM,paypal,524.22,DECLINED
PMT-E6C6CDE8AD,RES-B87D4A1E56,2024-08-09 00:00:00,debit_card,145.89,Pending
PMT-F37C31EC67,RES-2AEE3B2F87,04-29-2026 12:00 AM,bank_transfer,988.8,Pending
PMT-E1CA6C677B,RES-E254219B97,2024-05-27 00:00:00,debit_card,1396.47,pending
PMT-747DAD7E31,RES-7E72836817,09-24-2025 12:00 AM,bank_transfer,984.48,refunded
PMT-B7A855EDC0,RES-4C622FE321,22/04/2024 00:00,credit_card,771.15,PENDING
PMT-F49433B90E,RES-4C622FE321,14/03/2024 00:00,mobile_money,740.15,Refunded
PMT-5D5515B3A3,RES-4C622FE321,2024-03-02 00:00:00,cash,690.55,SUCCESS
PMT-E4D9804380,RES-AF10184C2D,20/10/2024 00:00,mobile_money,673.06,DECLINED
PMT-549AE919E6,RES-AD6768E7A0,2025-10-14 00:00:00,bank_transfer,117.69,SUCCESS
PMT-CF67852D36,RES-C63F7D7EDB,2024-11-20 00:00:00,mobile_money,1137.48,PENDING
PMT-5C1C700BD7,RES-8D5E82B06C,23/01/2026 00:00,debit_card,440.98,REFUNDED
PMT-BF49E9BEFE,RES-30F2E8461A,08/10/2025 00:00,bank_transfer,548.51,failed
PMT-0CF1A80B0C,RES-A8C5DD167F,05-24-2024 12:00 AM,debit_card,375.24,Pending
PMT-E0BEF6741C,RES-05B14975D4,04-10-2026 12:00 AM,debit_card,495.98,refunded
PMT-DF7B229AF1,RES-05B14975D4,10-31-2025 12:00 AM,debit_card,687.03,PAID
PMT-0413D5C48C,RES-05B14975D4,,cash,682.46,success
PMT-277B4BE1CA,RES-0355E85B82,12/03/2024 00:00,cash,936.35,refunded
PMT-E45029D98E,RES-0326074E88,2024-02-14 00:00:00,paypal,1209.36,pending
PMT-245EF17841,RES-7997398063,2024-09-30 00:00:00,cash,1548.35,refunded
PMT-2FB75DF907,RES-C8C085F4AB,07-31-2025 12:00 AM,debit_card,1118.76,pending
PMT-49C32DBC63,RES-FCAB52B2DB,22/09/2025 00:00,credit_card,90.19,PENDING
PMT-BD41C171A6,RES-729CDC59F3,21/02/2025 00:00,mobile_money,661.98,Pending
PMT-2CFF51ED0B,RES-19A98437C8,02-27-2025 12:00 AM,paypal,604.07,declined
PMT-2A66D137E3,RES-FD7749E5D4,04/03/2025 00:00,cash,125.62,pending
PMT-3FDC163164,RES-DCEA2A0C29,,credit_card,1593.02,success
PMT-DEA9FF0353,RES-DCEA2A0C29,2025-02-26 00:00:00,mobile_money,1732.35,Pending
PMT-C440DD29DF,RES-5D9EB4968A,18/05/2026 00:00,debit_card,1027.79,Failed
PMT-3816872744,RES-89BCEA8119,2024-12-16 00:00:00,paypal,1664.12,Pending
PMT-1CC3909A88,RES-165CCC1923,28/02/2026 00:00,mobile_money,1424.97,refunded
PMT-E2A544A4B8,RES-FCE5552ECA,2025-03-28 00:00:00,debit_card,572.74,refunded
PMT-7C63789D7F,RES-26D2BCB52E,2025-09-03 00:00:00,cash,387.25,Pending
PMT-BD7AAD5401,RES-26D2BCB52E,03/01/2025 00:00,mobile_money,942.67,Pending
PMT-1996A9E90E,RES-05DF35D10E,2026-05-18 00:00:00,credit_card,633.16,Pending
PMT-1057111970,RES-2CBC2BE880,2026-03-29 00:00:00,bank_transfer,982.01,failed
PMT-82C8EA5447,RES-E264637709,04-20-2024 12:00 AM,mobile_money,1655.41,declined
PMT-B6BDF0AB54,RES-153578DF46,,debit_card,258.85,DECLINED
PMT-057C362AAF,RES-153578DF46,,paypal,186.78,REFUNDED
PMT-98B4554D6B,RES-9E758B52EA,06-19-2024 12:00 AM,debit_card,633.0,declined
PMT-9B3C2CE946,RES-3451138F19,04-14-2024 12:00 AM,credit_card,618.79,declined
PMT-10FC9EEEBD,RES-8E764B23EB,2025-11-27 00:00:00,debit_card,319.9,PENDING
PMT-DAECAA93DC,RES-06AEB4AF87,26/02/2025 00:00,bank_transfer,631.46,Paid
PMT-A1A06FE8D4,RES-7C9607C405,2025-07-28 00:00:00,paypal,1284.81,Pending
PMT-B4289EE3F4,RES-A2CEC7D252,29/11/2024 00:00,bank_transfer,1111.7,pending
PMT-1203E554BB,RES-A2CEC7D252,08/10/2025 00:00,cash,1530.5,Refunded
PMT-E71E803D27,RES-A2CEC7D252,17/09/2024 00:00,credit_card,101.01,DECLINED
PMT-467126B772,RES-2A27C05BBA,27/01/2025 00:00,bank_transfer,535.1,success
PMT-5D954132BE,RES-FD34960398,2026-06-04 00:00:00,mobile_money,1792.06,Refunded
PMT-619B949E92,RES-479B5B4D6E,03-16-2024 12:00 AM,credit_card,1667.84,FAILED
PMT-9D1CFBB2CE,RES-EAFE1A8EA8,04-12-2024 12:00 AM,cash,1061.68,success
PMT-F0771ABEDE,RES-F4AE24389B,01-05-2024 12:00 AM,paypal,1573.15,failed
PMT-CA71A98986,RES-F4AE24389B,09/12/2025 00:00,debit_card,899.12,SUCCESS
PMT-C62C26FA9C,RES-13D4229A1C,07-28-2025 12:00 AM,debit_card,57.12,PENDING
PMT-56A2ABDF98,RES-F19A9CD174,12/02/2025 00:00,debit_card,1177.2,success
PMT-81FA178346,RES-278F1350A2,2024-06-28 00:00:00,cash,940.96,Failed
PMT-2B3F5C4AEB,RES-FD59524353,02-05-2024 12:00 AM,credit_card,263.32,failed
PMT-36C6AD0CE7,RES-AB6E8A18A4,06-20-2025 12:00 AM,mobile_money,1119.68,refunded
PMT-0B96E7FBF9,RES-55E6D35D67,,bank_transfer,1332.07,PAID
PMT-A3F5C7F749,RES-5D82F37EB8,02-22-2026 12:00 AM,paypal,325.28,DECLINED
PMT-1EA005FDC2,RES-448308FD77,04-09-2026 12:00 AM,debit_card,1519.08,REFUNDED
PMT-CEC034C8CA,RES-6832EAA329,05-26-2025 12:00 AM,debit_card,471.01,DECLINED
PMT-7ADCE4D4A1,RES-6832EAA329,10-04-2025 12:00 AM,debit_card,929.15,PAID
PMT-480381844E,RES-6832EAA329,03-30-2025 12:00 AM,paypal,321.04,PENDING
PMT-93010AB219,RES-4FF28B3F4E,12-13-2024 12:00 AM,debit_card,580.85,PAID
PMT-E565590F97,RES-5D0C2F60C5,01-11-2024 12:00 AM,bank_transfer,709.88,FAILED
PMT-E10350C1DC,RES-70CC4BC693,08-16-2024 12:00 AM,credit_card,1538.87,SUCCESS
PMT-5AB1ED5483,RES-7CBFE48A8A,01-07-2024 12:00 AM,credit_card,457.75,REFUNDED
PMT-98BDB0F491,RES-05AA9A1E6A,09/02/2026 00:00,mobile_money,657.81,FAILED
PMT-9F8D0DD339,RES-D3EA6E7A68,04-22-2025 12:00 AM,debit_card,1728.12,SUCCESS
PMT-58209D93A7,RES-0ED79AE2D3,03-02-2026 12:00 AM,cash,580.15,success
PMT-D335E42DC7,RES-B9F5617934,2024-01-01 00:00:00,credit_card,1367.55,success
PMT-CBBEFFEB0E,RES-00C48CB8F3,08/10/2025 00:00,cash,1303.88,success
PMT-62D885CACF,RES-728B0A4E2B,19/12/2024 00:00,mobile_money,1167.31,Refunded
PMT-D569D84CC0,RES-C0684B5C80,19/05/2025 00:00,mobile_money,306.6,Refunded
PMT-BF7CE6A40B,RES-027F672479,28/09/2025 00:00,cash,555.78,REFUNDED
PMT-C98DB1BCB0,RES-A6B880105E,05-12-2026 12:00 AM,credit_card,1180.87,Pending
PMT-3F2AE223A0,RES-B9F04AA7FF,2025-09-23 00:00:00,paypal,1221.35,Pending
PMT-F1F2DFDB98,RES-581B900507,19/04/2026 00:00,bank_transfer,772.63,Refunded
PMT-C0ED810918,RES-E1E5027A00,12-07-2024 12:00 AM,paypal,1074.05,success
PMT-A0D063DE16,RES-BEEDFA4C09,2025-08-24 00:00:00,mobile_money,770.46,Pending
PMT-5047FDC6D3,RES-319F157E53,10-11-2024 12:00 AM,credit_card,238.57,PENDING
PMT-6C69960D20,RES-AB97216B74,10-03-2024 12:00 AM,credit_card,124.28,Refunded
PMT-C81924196B,RES-6E50734DE0,30/10/2025 00:00,debit_card,425.37,success
PMT-28D4B6BB3C,RES-EAF4DEC237,03/03/2025 00:00,credit_card,1094.14,DECLINED
PMT-5E715B2982,RES-9E01F4666C,2024-12-05 00:00:00,debit_card,1372.07,declined
PMT-ADDAC32A5C,RES-6E9D077EFF,2025-09-08 00:00:00,credit_card,1521.09,DECLINED
PMT-F0E233DDB9,RES-D95E285BC3,2025-09-05 00:00:00,paypal,1324.96,paid
PMT-61F2A03D5F,RES-0EB064BE3E,05-31-2024 12:00 AM,credit_card,1726.18,PENDING
PMT-966D1FB04A,RES-68317ED11D,2025-01-23 00:00:00,bank_transfer,746.66,REFUNDED
PMT-0225311259,RES-3DFAD68155,01-18-2026 12:00 AM,cash,1105.84,Failed
PMT-88DCC6DDB0,RES-D30091BE26,2024-04-08 00:00:00,debit_card,701.21,pending
PMT-D402598A0C,RES-45CC61B7B5,01-01-2024 12:00 AM,mobile_money,1200.69,Refunded
PMT-A63A6802A4,RES-F930F6628C,30/03/2024 00:00,paypal,1411.68,refunded
PMT-338686C7E4,RES-96D1D1B6D6,17/01/2025 00:00,mobile_money,1319.55,REFUNDED
PMT-2D2488C09E,RES-D41206FEE2,2024-02-20 00:00:00,credit_card,431.48,Refunded
PMT-8707F192A3,RES-F19E40152C,18/04/2026 00:00,bank_transfer,1782.08,Pending
PMT-92062FB4BC,RES-DD6A449BAB,27/02/2025 00:00,cash,909.3,REFUNDED
PMT-EE80BD221B,RES-2D552A2395,05-17-2025 12:00 AM,cash,1136.03,paid
PMT-1F3309E25C,RES-CD76289950,2025-11-24 00:00:00,debit_card,969.96,Refunded
PMT-82070DC8A6,RES-C576EB1211,18/03/2024 00:00,debit_card,951.67,PAID
PMT-BB90F3390F,RES-02A22B9857,05-17-2026 12:00 AM,debit_card,621.73,SUCCESS
PMT-81F9EA4C17,RES-862397FFD6,12/04/2026 00:00,paypal,292.84,Failed
PMT-3E89616049,RES-49A608C022,05-23-2024 12:00 AM,debit_card,1176.35,refunded
PMT-B52775A1BB,RES-AB241B6372,12-10-2025 12:00 AM,mobile_money,1742.58,refunded
PMT-513ED8EF39,RES-F9551C4960,03-11-2024 12:00 AM,credit_card,590.48,Refunded
PMT-C41010A92A,RES-64349A6D20,2024-03-18 00:00:00,credit_card,1592.27,refunded
PMT-41F46D17D6,RES-39B6FFEABF,03-13-2024 12:00 AM,cash,1421.29,pending
PMT-A5F9A22506,RES-220AEA4B2F,2024-06-01 00:00:00,credit_card,91.36,PAID
PMT-6C2CCB32CD,RES-35639F3DAF,25/11/2024 00:00,debit_card,163.86,REFUNDED
PMT-8A4DED497B,RES-4188DD089F,11-11-2024 12:00 AM,mobile_money,619.82,DECLINED
PMT-2646A39143,RES-C35290E069,02-12-2025 12:00 AM,bank_transfer,516.7,PAID
PMT-FC3FE0A98F,RES-D71C00774B,11-20-2024 12:00 AM,debit_card,553.98,Refunded
PMT-04FED27930,RES-5E5074EB7A,27/01/2025 00:00,mobile_money,230.27,Failed
PMT-0D8F322CA1,RES-5E96B746A8,01-17-2026 12:00 AM,bank_transfer,812.3,Pending
PMT-C7583F357E,RES-5E96B746A8,20/05/2025 00:00,paypal,797.56,PAID
PMT-C624531A6A,RES-766244F0B8,14/01/2024 00:00,debit_card,171.42,REFUNDED
PMT-5232D94AA6,RES-915BA7F2D2,25/02/2024 00:00,debit_card,1462.32,Pending
PMT-A09B69A5D0,RES-8505048639,08-09-2024 12:00 AM,cash,1082.08,Refunded
PMT-AF270CEFA0,RES-B867E81022,05/10/2024 00:00,paypal,1137.69,refunded
PMT-6DC7B8DC7B,RES-E118CB46FE,17/03/2026 00:00,paypal,1091.72,SUCCESS
PMT-DF40E7E1B9,RES-3EC7381173,20/07/2025 00:00,paypal,111.19,PENDING
PMT-7B9538CBF9,RES-55BF0DC3A7,2026-04-11 00:00:00,credit_card,,PENDING
PMT-1E50495793,RES-5BE2608E4D,2025-09-26 00:00:00,cash,1517.92,refunded
PMT-D1F9C0FF98,RES-8EC5943666,2024-09-11 00:00:00,credit_card,99.19,failed
PMT-B2F298617B,RES-B17DBF02FB,09/11/2024 00:00,cash,885.12,Paid
PMT-0C8FB49DBF,RES-2BAB67B19E,03/03/2026 00:00,cash,186.06,failed
PMT-CB75A9EE6A,RES-A73ADF96AC,12/06/2024 00:00,cash,1565.51,declined
PMT-8081B72DA7,RES-2BD79B9DC6,2024-03-24 00:00:00,bank_transfer,1452.15,refunded
PMT-7ADCD2F980,RES-31D7548532,2024-06-30 00:00:00,cash,1431.83,SUCCESS
PMT-42CFCB732C,RES-31D7548532,04-13-2026 12:00 AM,mobile_money,1120.31,SUCCESS
PMT-2DDDACD89E,RES-31D7548532,01-13-2024 12:00 AM,paypal,1147.26,SUCCESS
PMT-1BD8D091B6,RES-114F9AC471,08-13-2025 12:00 AM,credit_card,901.42,success
PMT-7E5F1610A5,RES-58F7C6A8C1,12/11/2024 00:00,debit_card,1598.44,Failed
PMT-5E42ADB586,RES-3116B34E48,2025-05-01 00:00:00,credit_card,946.04,DECLINED
PMT-438423182E,RES-798E2F1F33,02-27-2024 12:00 AM,cash,993.79,FAILED
PMT-CE34E80677,RES-798E2F1F33,03/04/2024 00:00,credit_card,350.04,PENDING
PMT-9F19A757A4,RES-1B130FF659,2024-09-02 00:00:00,cash,1067.13,PENDING
PMT-AD9BEA7DEC,RES-133F061A23,2026-01-09 00:00:00,cash,1577.39,success
PMT-94A0940DC2,RES-F6C84BA9B1,2024-08-31 00:00:00,bank_transfer,970.31,FAILED
PMT-F123080C37,RES-0C7461D61E,12-07-2025 12:00 AM,mobile_money,1242.95,paid
PMT-DBCF7C0EAC,RES-DB3D71010D,2024-05-19 00:00:00,debit_card,1390.5,PENDING
PMT-02826C3935,RES-205F00A55E,06-14-2024 12:00 AM,credit_card,561.65,Pending
PMT-4511620E86,RES-B3961BAF91,02/04/2026 00:00,cash,327.33,pending
PMT-277F4FD1BF,RES-6AA31273D3,2025-08-23 00:00:00,paypal,982.08,Refunded
PMT-4A3903A36B,RES-24E9812E60,07/09/2025 00:00,bank_transfer,294.38,paid
PMT-7E7CEBCAD2,RES-D588A3C3C0,25/04/2025 00:00,credit_card,815.67,REFUNDED
PMT-DAE2BD596C,RES-F66B523665,16/03/2024 00:00,paypal,709.59,PAID
PMT-6E5097272C,RES-6365772286,02-22-2024 12:00 AM,cash,1619.47,paid
PMT-5E49AC8C9A,RES-1FB26B78A5,07-16-2025 12:00 AM,paypal,514.86,success
PMT-CC768B4B17,RES-72B5A25E4A,27/07/2024 00:00,bank_transfer,663.78,Refunded
PMT-08AA18BFC1,RES-FFE50443A6,2025-02-13 00:00:00,bank_transfer,761.13,Pending
PMT-8791839A7F,RES-55BE8CD36C,,mobile_money,1550.91,REFUNDED
PMT-E6FE067620,RES-20265A49A8,06-19-2024 12:00 AM,bank_transfer,1025.32,refunded
PMT-FE0F1BD491,RES-ECC3F1EC88,2026-04-12 00:00:00,paypal,1238.72,Refunded
PMT-D5BA07903A,RES-ECC3F1EC88,10-17-2025 12:00 AM,mobile_money,1521.66,PAID
PMT-FFFEA0BEB4,RES-ECC3F1EC88,2024-01-13 00:00:00,debit_card,1186.43,pending
PMT-383258623F,RES-5A767258DF,10-11-2024 12:00 AM,bank_transfer,1272.27,PENDING
PMT-09330CFCCF,RES-4616110895,2025-01-16 00:00:00,bank_transfer,1607.01,pending
PMT-07C4DBFE4D,RES-857711602D,03/04/2025 00:00,cash,198.05,DECLINED
PMT-D5E88ACF52,RES-9323BCA29F,03-27-2025 12:00 AM,credit_card,1257.06,SUCCESS
PMT-31B285B0DF,RES-2C1DD1D504,2025-07-10 00:00:00,bank_transfer,403.17,Failed
PMT-71B8EF8596,RES-7C401ADB6C,04-18-2024 12:00 AM,credit_card,1542.86,PENDING
PMT-4F9B92482A,RES-5FB79F55BC,28/12/2024 00:00,credit_card,940.2,Pending
PMT-3B0DBB96B4,RES-5112F4FC60,24/03/2025 00:00,cash,269.18,pending
PMT-E9B9716C94,RES-34AF22D17B,2024-05-18 00:00:00,debit_card,711.59,Pending
PMT-10AD2F0074,RES-794A738037,2024-04-09 00:00:00,debit_card,690.89,pending
PMT-BBD57DBAC5,RES-37970A716A,28/04/2025 00:00,bank_transfer,733.16,success
PMT-A9060A923C,RES-4A43193063,03-24-2026 12:00 AM,bank_transfer,786.99,paid
PMT-4FA3674F5C,RES-4A43193063,,paypal,106.31,pending
PMT-26E37B3A70,RES-61B51C124B,05/06/2026 00:00,paypal,1468.21,FAILED
PMT-1579F62075,RES-EE1973F9C5,01-14-2024 12:00 AM,credit_card,1162.06,REFUNDED
PMT-F98ED6C605,RES-92EA708F35,01-06-2026 12:00 AM,bank_transfer,1557.21,declined
PMT-2ECE48F4CE,RES-D3ED9A050B,2025-05-03 00:00:00,paypal,1571.53,Pending
PMT-342BD43C30,RES-74D10BD8AA,31/05/2024 00:00,credit_card,337.29,pending
PMT-E74EB11C6A,RES-02138F7E02,30/10/2024 00:00,paypal,1185.09,pending
PMT-B8B9641EA5,RES-B89391B43A,04-06-2026 12:00 AM,debit_card,1562.75,declined
PMT-EA4EA23775,RES-0AB3D206EF,01-13-2026 12:00 AM,cash,1625.28,success
PMT-A30B487B40,RES-5F0E6F7296,26/12/2024 00:00,mobile_money,837.99,Failed
PMT-3AC88EC248,RES-FDE05C9CD1,04-01-2026 12:00 AM,credit_card,1706.49,pending
PMT-B45C827046,RES-D7BAFB2134,05/07/2025 00:00,cash,1064.68,PAID
PMT-52162C8C7A,RES-6757B89117,12-13-2025 12:00 AM,cash,102.64,FAILED
PMT-716841418A,RES-6757B89117,2026-01-05 00:00:00,cash,298.39,PAID
PMT-4B7FCD36A2,RES-6757B89117,2025-01-31 00:00:00,bank_transfer,1559.92,Pending
PMT-51CF52A44B,RES-5815A64C3B,2026-04-24 00:00:00,paypal,1791.47,REFUNDED
PMT-933BDA2484,RES-0BE882E536,19/05/2024 00:00,paypal,1440.9,paid
PMT-58D6DBBFD9,RES-0BE882E536,2024-01-06 00:00:00,credit_card,309.39,DECLINED
PMT-BC23BFEBE4,RES-35A8FA8513,11-10-2024 12:00 AM,paypal,447.5,failed
PMT-89631884E7,RES-C4DA2D528F,28/05/2024 00:00,debit_card,341.91,Pending
PMT-D358A592E6,RES-4BD1426368,12-15-2024 12:00 AM,mobile_money,1468.93,FAILED
PMT-097538B2CE,RES-10E90B8B83,2024-09-30 00:00:00,bank_transfer,809.82,REFUNDED
PMT-183094C39D,RES-10E90B8B83,11-19-2024 12:00 AM,debit_card,249.43,success
PMT-D43F9B9F0F,RES-134DC22131,2025-06-22 00:00:00,credit_card,712.62,Failed
PMT-48E02B8C0C,RES-20B7E913C4,2024-04-28 00:00:00,paypal,1176.58,Paid
PMT-E4B5AFA031,RES-20B7E913C4,2024-07-05 00:00:00,debit_card,806.9,PENDING
PMT-E06C3FA138,RES-20B7E913C4,2025-05-13 00:00:00,cash,1345.75,Pending
PMT-8F801D48EC,RES-C2B2B9B8E4,19/09/2025 00:00,credit_card,1307.76,PENDING
PMT-BD0AD198BA,RES-AD87CA39A0,2025-09-11 00:00:00,bank_transfer,376.61,Paid
PMT-3C3D85A45F,RES-AD87CA39A0,17/03/2026 00:00,credit_card,882.81,pending
PMT-41C282EA29,RES-AD87CA39A0,2025-04-29 00:00:00,paypal,1165.25,failed
PMT-327475E71B,RES-C69E88C59C,2026-04-13 00:00:00,paypal,170.62,pending
PMT-CFB0F3F99C,RES-2894D45833,2026-02-21 00:00:00,mobile_money,1144.28,paid
PMT-889C23A41B,RES-328A21A683,05/07/2024 00:00,bank_transfer,1649.21,failed
PMT-DFE16C1EF5,RES-7E1DC5E383,2025-12-23 00:00:00,mobile_money,153.03,refunded
PMT-908880500A,RES-89E299DC8A,14/03/2024 00:00,debit_card,787.75,declined
PMT-45BDAF2DAB,RES-BB936D5BFE,18/09/2024 00:00,paypal,1436.66,paid
PMT-6062779C04,RES-BB936D5BFE,11-23-2024 12:00 AM,paypal,1473.21,PENDING
PMT-EDED0D8202,RES-D181A653D6,2025-08-05 00:00:00,paypal,1341.83,success
PMT-D898861B96,RES-7A7D555FF6,06-30-2024 12:00 AM,mobile_money,1138.99,Pending
PMT-0363B80B58,RES-48C28D2ED7,2025-09-27 00:00:00,credit_card,940.43,Pending
PMT-7942EDE337,RES-67768A6A67,05-25-2024 12:00 AM,paypal,291.95,Paid
PMT-971CEC3D73,RES-9D6217C022,13/02/2025 00:00,cash,98.38,Failed
PMT-F330BDEE22,RES-9D6217C022,05/11/2024 00:00,cash,497.29,Pending
PMT-4AC9AC37EB,RES-EBAC995E67,12-18-2024 12:00 AM,cash,1005.68,pending
PMT-08DB8812F2,RES-5C302C35AC,09-16-2024 12:00 AM,credit_card,236.37,REFUNDED
PMT-BDBF706741,RES-BA23FB1F81,2025-08-24 00:00:00,paypal,1521.81,Failed
PMT-29E0617298,RES-BA23FB1F81,04/12/2024 00:00,mobile_money,1182.15,REFUNDED
PMT-CFFF6075CE,RES-BA23FB1F81,22/10/2025 00:00,bank_transfer,761.87,declined
PMT-4CD2486E15,RES-328C3A9F69,05-02-2025 12:00 AM,credit_card,909.27,Failed
PMT-83F6F1B09F,RES-C347300D63,02-09-2026 12:00 AM,cash,1160.43,Refunded
PMT-F332727A0F,RES-F8562E9B45,2026-03-07 00:00:00,credit_card,778.07,Refunded
PMT-0BEDEECEBD,RES-988AA98D57,07-26-2025 12:00 AM,mobile_money,413.68,DECLINED
PMT-07569B3299,RES-78D4D5365D,12/09/2024 00:00,bank_transfer,213.55,pending
PMT-C938D54468,RES-135BFA968F,07-24-2025 12:00 AM,credit_card,994.41,PENDING
PMT-C0E35FC065,RES-2D07E88360,01-03-2025 12:00 AM,cash,514.45,failed
PMT-E259520F2F,RES-0D7D92BF87,23/05/2025 00:00,mobile_money,1018.16,success
PMT-5BD4F30AA9,RES-7D9EE4B562,2026-02-15 00:00:00,credit_card,1447.57,Pending
PMT-49F8CCCA05,RES-A771C8365D,05-01-2026 12:00 AM,debit_card,873.29,PENDING
PMT-687A1C3384,RES-D6650B626E,08-08-2025 12:00 AM,bank_transfer,654.2,failed
PMT-9EE8EF4B0A,RES-F71325B3DD,2025-11-05 00:00:00,bank_transfer,1472.26,declined
PMT-6D459C5762,RES-6DEFF0CB51,13/01/2026 00:00,paypal,78.61,PENDING
PMT-9430F16863,RES-23818503FC,11-12-2024 12:00 AM,mobile_money,192.78,Pending
PMT-B166F53CCC,RES-861B0EBEF3,2024-06-19 00:00:00,mobile_money,1266.1,PENDING
PMT-D54C21C817,RES-4B70BC8ED8,25/07/2024 00:00,cash,267.2,refunded
PMT-918D0BCAAD,RES-4B70BC8ED8,15/10/2024 00:00,debit_card,279.53,PENDING
PMT-2D842D2004,RES-35622FAC48,11/12/2025 00:00,debit_card,512.95,refunded
PMT-D9D058BABA,RES-92AC247234,2026-03-03 00:00:00,debit_card,268.84,refunded
PMT-D504A637AF,RES-EA1800747B,01-31-2025 12:00 AM,cash,232.28,refunded
PMT-C718EF8E71,RES-01DAE1A231,05-16-2025 12:00 AM,debit_card,1336.66,REFUNDED
PMT-3A917B370C,RES-617578E627,12-31-2025 12:00 AM,credit_card,994.99,Pending
PMT-202185DA63,RES-B4413E2941,08/01/2026 00:00,debit_card,225.01,Paid
PMT-2F25B3CB83,RES-1693D96E42,2024-04-08 00:00:00,credit_card,1093.83,pending
PMT-C02DC68DC0,RES-1693D96E42,2025-10-10 00:00:00,credit_card,1093.94,REFUNDED
PMT-728893D897,RES-1F0E96A195,19/09/2025 00:00,paypal,1303.23,Pending
PMT-4D20829833,RES-837F17A4DE,05-09-2024 12:00 AM,paypal,814.5,declined
PMT-BA5A89145E,RES-847A29D67C,2026-01-10 00:00:00,debit_card,1253.6,Refunded
PMT-6D4E3B1A01,RES-992927DE8A,2025-04-29 00:00:00,cash,1540.13,Failed
PMT-B8C130D39D,RES-1082E808FE,2026-04-21 00:00:00,paypal,875.82,pending
PMT-0634E508E2,RES-858846E4C8,24/03/2025 00:00,mobile_money,596.55,SUCCESS
PMT-6A0BE10750,RES-2856657728,2025-03-02 00:00:00,debit_card,484.64,REFUNDED
PMT-CEB258ADE2,RES-405D8735B7,2025-10-21 00:00:00,credit_card,1032.43,pending
PMT-E2B1370E3D,RES-6BF22C9CCE,17/11/2024 00:00,credit_card,685.32,PENDING
PMT-223198FEA3,RES-6BF22C9CCE,15/09/2025 00:00,cash,587.13,Refunded
PMT-B3D044ABC6,RES-5E4FE42A74,2024-07-24 00:00:00,paypal,756.5,Paid
PMT-76070D249D,RES-5E4FE42A74,2025-09-16 00:00:00,bank_transfer,630.35,PAID
PMT-9FBF50EF54,RES-5E4FE42A74,03-23-2024 12:00 AM,cash,850.92,Refunded
PMT-DF1164B3C9,RES-71D49FFDC9,27/07/2024 00:00,debit_card,1581.67,PENDING
PMT-AB05866F14,RES-71D49FFDC9,2026-03-07 00:00:00,debit_card,1290.1,PENDING
PMT-68D4302757,RES-2337BF3532,,bank_transfer,199.41,Paid
PMT-2A0A3513EC,RES-647FA4E132,01-24-2025 12:00 AM,paypal,1177.2,PENDING
PMT-E8A414419A,RES-696C38D517,2025-12-18 00:00:00,mobile_money,555.49,refunded
PMT-C1BE8CD90B,RES-C2C64F024E,18/11/2024 00:00,mobile_money,1201.05,PAID
PMT-D72A497F29,RES-43542030E5,06-14-2024 12:00 AM,credit_card,668.15,SUCCESS
PMT-91E714B5CB,RES-727AA85A0A,2025-05-17 00:00:00,debit_card,1338.26,SUCCESS
PMT-B534BE6405,RES-C712F61BC6,01-04-2026 12:00 AM,mobile_money,433.68,Pending
PMT-FF52667FCC,RES-F878CA1572,09-05-2024 12:00 AM,debit_card,570.05,declined
PMT-FFA5ECCACE,RES-8578EF8FA9,2025-07-01 00:00:00,cash,503.81,Refunded
PMT-D9CC79C875,RES-84097DCCB9,08-30-2025 12:00 AM,bank_transfer,1000.65,PENDING
PMT-444C74536F,RES-53D3DCB194,2026-04-22 00:00:00,mobile_money,1294.93,Failed
PMT-458F2DBF9E,RES-DABDD7AAA2,08-25-2024 12:00 AM,cash,1770.45,pending
PMT-F082F0606E,RES-91D4B912CB,2025-03-30 00:00:00,credit_card,1602.92,REFUNDED
PMT-0C8146412D,RES-64C08258EE,09/01/2024 00:00,cash,711.74,declined
PMT-6A830BF76B,RES-F55F3170AF,15/01/2025 00:00,paypal,1168.92,Refunded
PMT-A6E10A074C,RES-E26D133D6C,07-30-2024 12:00 AM,cash,64.4,Refunded
PMT-D66D814206,RES-E26D133D6C,,debit_card,371.52,Refunded
PMT-FB40A50BA2,RES-0486F5C916,29/03/2026 00:00,credit_card,682.98,Pending
PMT-D0E69B32E8,RES-5C827BD89E,09-01-2025 12:00 AM,debit_card,550.45,refunded
PMT-F244CF471B,RES-664E46BF80,28/11/2024 00:00,cash,1528.52,declined
PMT-0BEC4EE576,RES-0B8813B94A,2025-01-14 00:00:00,bank_transfer,1563.75,Pending
PMT-32962D9299,RES-8C4C9248F6,04-21-2025 12:00 AM,paypal,860.18,paid
PMT-AF9366D364,RES-8C4C9248F6,2026-05-16 00:00:00,debit_card,128.13,refunded
PMT-618E39F136,RES-CC95A839B7,05/10/2025 00:00,credit_card,815.95,Failed
PMT-A105569661,RES-4B80F5FD20,03-16-2025 12:00 AM,cash,1699.93,Pending
PMT-6CD8662394,RES-A37083B5FE,2025-03-05 00:00:00,cash,874.31,PENDING
PMT-D9AF4387BA,RES-123A57A677,05-14-2025 12:00 AM,paypal,1290.45,failed
PMT-818BBD774D,RES-D3A3F4ABA7,2025-01-03 00:00:00,cash,1195.65,Pending
PMT-7842D7F7F6,RES-ADE2A4E389,2024-02-07 00:00:00,cash,685.19,PAID
PMT-5279E3F189,RES-4761600B9C,04-18-2024 12:00 AM,paypal,1549.41,paid
PMT-F977DF0FF4,RES-0F659DEAD1,03-28-2024 12:00 AM,cash,434.54,pending
PMT-77A70E0A14,RES-213E0DD32B,05-01-2024 12:00 AM,credit_card,554.9,Pending
PMT-D37441DC44,RES-01306768B5,2025-01-06 00:00:00,debit_card,314.88,DECLINED
PMT-9308888C2E,RES-819DE0531B,10-02-2025 12:00 AM,cash,794.55,refunded
PMT-37D7EC66F6,RES-819DE0531B,29/07/2024 00:00,debit_card,1725.55,Refunded
PMT-0E5FB57A61,RES-819DE0531B,07-14-2025 12:00 AM,credit_card,172.19,paid
PMT-25DDFBC65F,RES-44825A9B67,24/06/2024 00:00,mobile_money,1562.96,refunded
PMT-AFD5BD0C13,RES-03109D4661,2025-10-10 00:00:00,bank_transfer,1654.66,Pending
PMT-A59A80BB31,RES-AACCD05E95,05-14-2026 12:00 AM,paypal,1345.19,PAID
PMT-5C08788C6A,RES-33331610F4,02-04-2024 12:00 AM,cash,1563.47,REFUNDED
PMT-AB7497307D,RES-2112C35D44,2024-07-26 00:00:00,debit_card,792.28,refunded
PMT-10BB99DB73,RES-1016F8F24C,10-12-2025 12:00 AM,mobile_money,1181.91,paid
PMT-F4D25F25F6,RES-1016F8F24C,2026-01-12 00:00:00,paypal,1630.62,Paid
PMT-0309E1CB69,RES-C42C0C4815,07-08-2025 12:00 AM,credit_card,855.18,PAID
PMT-A5E6D3822A,RES-ED9FC3EA48,13/03/2024 00:00,debit_card,717.24,paid
PMT-104038A3FD,RES-813C8EA4E0,09/09/2024 00:00,bank_transfer,1153.81,Failed
PMT-91A71DB13D,RES-8A5FD9F44B,05-22-2026 12:00 AM,credit_card,1003.19,Refunded
PMT-DF17036149,RES-0157B4C535,04/05/2026 00:00,mobile_money,190.14,SUCCESS
PMT-035F8E675D,RES-A9A6AAAC6D,2025-02-14 00:00:00,debit_card,268.07,Pending
PMT-9FEE0CA648,RES-0AD904CCB3,02-25-2024 12:00 AM,cash,394.21,success
PMT-0A511CFA9E,RES-FFC2817632,03-07-2026 12:00 AM,credit_card,678.08,paid
PMT-A9B52332D4,RES-36FDC7D400,10-29-2025 12:00 AM,credit_card,1199.77,FAILED
PMT-5BBEBC4E7C,RES-06E956AC41,2025-02-28 00:00:00,credit_card,1312.89,pending
PMT-67E5860607,RES-06E956AC41,02-28-2025 12:00 AM,paypal,1562.82,FAILED
PMT-94E06A5482,RES-FED2977A07,11-19-2024 12:00 AM,credit_card,1403.76,declined
PMT-DA34389110,RES-23DCA3BAFE,26/03/2024 00:00,paypal,1771.16,PENDING
PMT-4AC24E7C80,RES-4AC5561695,07-02-2025 12:00 AM,cash,720.48,refunded
PMT-A148E00962,RES-0A3CA4CB2C,2024-04-30 00:00:00,paypal,442.15,Pending
PMT-DEFEB328D4,RES-70EF0B3248,2024-04-08 00:00:00,debit_card,66.55,failed
PMT-BCC86A5973,RES-0A4D94D330,2025-11-30 00:00:00,paypal,498.01,declined
PMT-904C66FC0C,RES-6A4DE7B354,2026-03-19 00:00:00,bank_transfer,,pending
PMT-C84BF45900,RES-6A4DE7B354,09/08/2025 00:00,cash,850.96,Failed
PMT-7158AABEAA,RES-6BDCD74123,12-29-2024 12:00 AM,bank_transfer,353.16,pending
PMT-DF16CCF782,RES-6BDCD74123,18/01/2026 00:00,mobile_money,1089.07,PENDING
PMT-ED0DE60A18,RES-6BDCD74123,05-21-2025 12:00 AM,debit_card,1516.88,pending
PMT-C1D3BF03C7,RES-962504B1D7,2026-03-01 00:00:00,cash,1639.81,REFUNDED
PMT-C9B0AD3DE2,RES-B3A1EA5842,02-02-2026 12:00 AM,cash,788.68,paid
PMT-F1892F8FB5,RES-516CA04119,2024-08-06 00:00:00,mobile_money,1311.84,declined
PMT-ABB357D921,RES-75F830F5FD,07-15-2025 12:00 AM,paypal,1048.08,paid
PMT-9190E1189E,RES-38F5FE7B05,2024-04-23 00:00:00,bank_transfer,1306.68,declined
PMT-9B3F1979C3,RES-767A363BE1,02-18-2024 12:00 AM,bank_transfer,77.75,failed
PMT-16097B6B51,RES-767A363BE1,01-27-2024 12:00 AM,mobile_money,1445.91,pending
PMT-013AF74BBF,RES-767A363BE1,21/03/2025 00:00,mobile_money,291.4,failed
PMT-C050E8C290,RES-5777F18F6F,2025-11-10 00:00:00,debit_card,341.18,Paid
PMT-F4A1280FC0,RES-075D5D582C,08-18-2025 12:00 AM,bank_transfer,227.42,Refunded
PMT-78321C3CD7,RES-06887C68C4,2025-09-23 00:00:00,debit_card,1332.05,REFUNDED
PMT-8FB3F80314,RES-857029E5F0,16/09/2024 00:00,cash,910.75,DECLINED
PMT-8CDD77ECE1,RES-B6D2C01671,14/12/2024 00:00,cash,1701.99,Pending
PMT-DBEF715D7F,RES-335196DB24,22/05/2024 00:00,bank_transfer,1144.82,PENDING
PMT-4A9E8E1D96,RES-3C8AAE8056,25/09/2025 00:00,mobile_money,853.72,FAILED
PMT-4EACACB8C4,RES-6CD048452B,09-16-2025 12:00 AM,debit_card,636.0,Pending
PMT-6558A20092,RES-2F060E9A41,05-14-2025 12:00 AM,bank_transfer,1388.57,refunded
PMT-AB9AD98280,RES-65C34B866E,05-10-2024 12:00 AM,bank_transfer,1735.06,pending
PMT-02D6F471F3,RES-FE11811616,07-25-2024 12:00 AM,bank_transfer,1249.63,Refunded
PMT-3415303794,RES-8CEDBFEB09,11-27-2024 12:00 AM,bank_transfer,107.82,refunded
PMT-D3265B2F0D,RES-8CEDBFEB09,2024-03-28 00:00:00,mobile_money,1284.27,Pending
PMT-882D2B020B,RES-26209FCA6E,2026-04-23 00:00:00,credit_card,896.61,PENDING
PMT-D7B8E0E4AD,RES-1276C90875,02-13-2026 12:00 AM,debit_card,1671.96,Failed
PMT-054FC89F1E,RES-F8A6FED49F,26/08/2025 00:00,cash,1628.44,Failed
PMT-93EB8C4137,RES-F8A6FED49F,2024-01-19 00:00:00,bank_transfer,985.85,declined
PMT-456132F704,RES-04715030F1,2025-08-31 00:00:00,bank_transfer,764.67,Refunded
PMT-FA67E4935A,RES-0224177D7E,08-06-2025 12:00 AM,credit_card,1046.35,success
PMT-418C7337CA,RES-968F3F6F4B,2025-10-21 00:00:00,mobile_money,108.72,paid
PMT-68499FC992,RES-9302EB42A4,2024-04-12 00:00:00,mobile_money,351.5,Refunded
PMT-0266A05C00,RES-8E517F2E28,04-26-2025 12:00 AM,debit_card,144.8,Paid
PMT-215CA46DBA,RES-E7C77EA2E3,07-31-2024 12:00 AM,cash,301.12,pending
PMT-B043F5F7EA,RES-47F6C6F9B8,2024-09-12 00:00:00,credit_card,1778.34,REFUNDED
PMT-3B492681B9,RES-82ADA5CAF7,2025-08-01 00:00:00,mobile_money,93.78,PAID
PMT-8011757ACA,RES-53946AB59A,11-17-2025 12:00 AM,paypal,1377.95,FAILED
PMT-6F6156B631,RES-CDC12BEA06,03-19-2025 12:00 AM,mobile_money,475.1,success
PMT-C6425E7E94,RES-F85068322B,04-19-2025 12:00 AM,credit_card,1586.04,SUCCESS
PMT-E709D1EF6B,RES-5264BFCDB8,06-06-2024 12:00 AM,debit_card,664.16,DECLINED
PMT-FC22468946,RES-9F9A94884A,19/07/2024 00:00,paypal,134.48,Refunded
PMT-83DEDA0538,RES-F3E9FA5500,2024-07-22 00:00:00,paypal,1567.28,refunded
PMT-6881EFF75D,RES-8091674826,12/03/2026 00:00,mobile_money,542.7,PAID
PMT-BA13E68CE9,RES-0D09A73299,01/11/2025 00:00,mobile_money,751.33,DECLINED
PMT-D731A8CD87,RES-48C97EA670,06-14-2025 12:00 AM,mobile_money,1528.37,paid
PMT-F37AC3612C,RES-D6680314FD,2025-12-13 00:00:00,credit_card,1266.25,PENDING
PMT-69C6C046CF,RES-A7FC2CDE80,15/08/2024 00:00,mobile_money,796.83,refunded
PMT-C7DC237520,RES-A7FC2CDE80,2026-02-13 00:00:00,credit_card,1191.47,Failed
PMT-598063BCEB,RES-89651FB64B,04-02-2024 12:00 AM,bank_transfer,537.28,PENDING
PMT-3C79EA8093,RES-92C197A9B2,2024-12-13 00:00:00,credit_card,419.28,Refunded
PMT-2295EBA495,RES-C17220C9C7,2026-01-07 00:00:00,bank_transfer,100.07,PENDING
PMT-9A135ACA9B,RES-BEFCF276FE,07-26-2024 12:00 AM,bank_transfer,312.18,pending
PMT-F213DC4B24,RES-A945171F41,03-04-2024 12:00 AM,bank_transfer,667.14,Refunded
PMT-4C98594C46,RES-25C326DD4D,01-08-2025 12:00 AM,debit_card,604.8,Paid
PMT-BDCADEACF7,RES-CC37B025A7,2025-06-18 00:00:00,credit_card,910.69,paid
PMT-7F1158DB27,RES-65ECA1A060,2025-02-08 00:00:00,credit_card,320.93,Refunded
PMT-5EEA5BD088,RES-D6AEAC0DB6,01-06-2025 12:00 AM,cash,1149.09,paid
PMT-270FC00DA7,RES-C18E0B852F,11/01/2025 00:00,debit_card,268.26,pending
PMT-F32B2DC963,RES-76D7CF70FE,10-12-2025 12:00 AM,mobile_money,373.55,DECLINED
PMT-3705311D81,RES-5AF004F57F,14/01/2025 00:00,cash,628.85,DECLINED
PMT-2568B5800E,RES-94779D8416,21/09/2025 00:00,cash,1220.75,paid
PMT-4F3E431E53,RES-305FE524C6,21/02/2025 00:00,mobile_money,1226.76,declined
PMT-08B3BFA97D,RES-30D24258BC,2024-07-04 00:00:00,paypal,702.09,REFUNDED
PMT-1F18ECA4BF,RES-5C499EF2C8,12/08/2024 00:00,bank_transfer,485.57,Failed
PMT-39AE5457E0,RES-5C331739A3,27/02/2025 00:00,debit_card,705.37,pending
PMT-5C4C877004,RES-5C331739A3,14/12/2024 00:00,mobile_money,1362.86,DECLINED
PMT-933783AD0A,RES-58DD08D1F1,2026-05-20 00:00:00,paypal,329.16,refunded
PMT-5669106912,RES-B8A30D4C96,03-09-2026 12:00 AM,cash,1450.59,pending
PMT-2E4E411574,RES-7B42969BC3,12-15-2024 12:00 AM,mobile_money,721.91,FAILED
PMT-3B0ABF106F,RES-8B512D0F1D,2024-02-27 00:00:00,paypal,981.6,refunded
PMT-30A8AE0407,RES-AD607CF41C,2024-11-17 00:00:00,debit_card,534.87,Refunded
PMT-BD9379E73B,RES-AD607CF41C,09/03/2024 00:00,debit_card,63.55,REFUNDED
PMT-D3A095D3D7,RES-8202ED893E,11-27-2024 12:00 AM,mobile_money,1314.48,Failed
PMT-7C60FDAE5C,RES-AE2B5C7EE8,16/04/2024 00:00,debit_card,1283.49,pending
PMT-C82FA3FE6D,RES-19BF3BC40E,2025-07-29 00:00:00,mobile_money,1464.43,failed
PMT-6AB23E4C35,RES-8295EED820,09-22-2025 12:00 AM,debit_card,166.6,Pending
PMT-5A867E67CE,RES-E15DCEA608,2024-02-10 00:00:00,credit_card,502.42,success
PMT-F8EA3FC614,RES-E15DCEA608,2024-08-28 00:00:00,cash,1455.9,PAID
PMT-8254810CB5,RES-DB1EF9100D,04-24-2024 12:00 AM,credit_card,1112.31,Pending
PMT-242F9C0689,RES-3ABFD33359,17/04/2024 00:00,debit_card,1745.83,DECLINED
PMT-C341641775,RES-46982E7EFB,2025-01-05 00:00:00,debit_card,1302.94,pending
PMT-172DB7CE87,RES-940CFD0144,2024-04-01 00:00:00,debit_card,600.79,pending
PMT-1D4689DB7E,RES-21167769D3,20/01/2025 00:00,paypal,1100.76,SUCCESS
PMT-A79561BEAC,RES-B747E7DCBA,03-25-2025 12:00 AM,mobile_money,705.17,failed
PMT-FE8624EF40,RES-DDF32360DA,2025-05-30 00:00:00,cash,1686.15,REFUNDED
PMT-3402F3F0BF,RES-C6B052D243,06-13-2026 12:00 AM,cash,689.18,Pending
PMT-99BA5FA660,RES-96FBA3F8E0,01-14-2026 12:00 AM,mobile_money,649.84,failed
PMT-71F1E74782,RES-0326B66E0D,10-12-2024 12:00 AM,mobile_money,64.3,paid
PMT-F3A82FB59D,RES-780BFDDCF3,10-29-2024 12:00 AM,cash,392.38,pending
PMT-F109E4746C,RES-1D518B19C5,02/04/2026 00:00,bank_transfer,339.21,PENDING
PMT-C7F04F76B5,RES-DD705D77C4,02-01-2025 12:00 AM,cash,663.67,PENDING
PMT-FF77D24009,RES-B8B5805C0E,2024-04-15 00:00:00,credit_card,325.58,paid
PMT-BAAEC90CC6,RES-6DAE8FF1FE,01-20-2026 12:00 AM,mobile_money,1247.91,Paid
PMT-11654B8B8E,RES-DC5DB0BE01,21/03/2024 00:00,mobile_money,321.66,PENDING
PMT-F1602CC73B,RES-3553211EF0,02-29-2024 12:00 AM,bank_transfer,1215.83,refunded
PMT-034EE90089,RES-98DF6246FC,02/10/2025 00:00,paypal,1305.04,Pending
PMT-B668B249D3,RES-ACA07AB092,02-27-2024 12:00 AM,bank_transfer,248.89,declined
PMT-2DFA69FC40,RES-A6C9E14BED,04-16-2024 12:00 AM,paypal,968.15,paid
PMT-3F9B110056,RES-82155374DD,21/02/2025 00:00,credit_card,442.12,FAILED
PMT-4C579FB01C,RES-7C420CBDD8,14/11/2025 00:00,debit_card,1363.45,REFUNDED
PMT-4B296ABADA,RES-12E3E95555,2026-02-05 00:00:00,mobile_money,257.86,declined
PMT-1EA6047294,RES-8043EA7F61,2025-02-06 00:00:00,credit_card,518.67,failed
PMT-04211AB754,RES-9D567C5478,10-01-2024 12:00 AM,mobile_money,1111.8,Refunded
PMT-98471CBFCA,RES-5F0E5F1668,2026-04-23 00:00:00,debit_card,734.78,Pending
PMT-CFE7B88417,RES-D8C7C5CB15,12-08-2024 12:00 AM,paypal,1388.44,pending
PMT-6B145CA845,RES-98C797A27E,2025-01-30 00:00:00,cash,1724.4,DECLINED
PMT-708545502D,RES-891FD6AD39,08/12/2024 00:00,credit_card,1108.02,Refunded
PMT-EE9EA660FD,RES-9E08B80AA2,02-17-2025 12:00 AM,paypal,1746.87,refunded
PMT-7EA73F88AC,RES-2ED76E7F1F,01-19-2025 12:00 AM,paypal,1123.28,success
PMT-F2792565B8,RES-8D6D39E979,12/04/2024 00:00,bank_transfer,417.79,Paid
PMT-50611FEB7F,RES-B5B3F82B18,2024-04-25 00:00:00,debit_card,413.02,pending
PMT-897F4D5F83,RES-3CA39BF04C,05-17-2026 12:00 AM,cash,468.96,PENDING
PMT-AC8C4C145B,RES-28F16A1F8B,13/09/2025 00:00,bank_transfer,1490.6,PENDING
PMT-44AEEF81BF,RES-28F16A1F8B,01-15-2024 12:00 AM,bank_transfer,112.83,FAILED
PMT-2CF0CC6074,RES-1F42B21AFC,2024-03-13 00:00:00,paypal,659.01,PAID
PMT-BBE4BAB7B8,RES-1F42B21AFC,01-29-2026 12:00 AM,paypal,477.72,refunded
PMT-09F8C57A9F,RES-85851D7A94,2025-09-13 00:00:00,mobile_money,944.59,REFUNDED
PMT-3788488296,RES-85851D7A94,11-30-2025 12:00 AM,cash,896.83,FAILED
PMT-78A2DF9DEB,RES-85851D7A94,2024-08-23 00:00:00,bank_transfer,368.53,Pending
PMT-685510463B,RES-DCB93DA46A,09-08-2024 12:00 AM,debit_card,330.12,pending
PMT-162B8BEDD3,RES-597A60F362,17/10/2025 00:00,cash,861.16,REFUNDED
PMT-022ADF5551,RES-E9AD059304,2024-11-19 00:00:00,cash,746.14,paid
PMT-C63AC76942,RES-771EC3FE32,12-11-2024 12:00 AM,debit_card,299.13,pending
PMT-AF7319C784,RES-ED27FA4401,09-26-2025 12:00 AM,bank_transfer,1157.48,PENDING
PMT-AD81090EC2,RES-5B025C4C03,04/05/2026 00:00,paypal,1638.93,FAILED
PMT-A425EB2748,RES-90A14708FD,27/07/2024 00:00,bank_transfer,605.28,Paid
PMT-564FBCDA2D,RES-42A347FAE2,06-19-2026 12:00 AM,paypal,856.51,Pending
PMT-9B103567F9,RES-42A347FAE2,2024-10-13 00:00:00,paypal,1519.02,DECLINED
PMT-559801348F,RES-42A347FAE2,05/01/2025 00:00,debit_card,1441.93,pending
PMT-0BF96008F2,RES-8C3D5A639C,17/07/2025 00:00,paypal,1182.03,SUCCESS
PMT-E25177DA8C,RES-FC4EB3D54D,12/01/2025 00:00,debit_card,586.81,Pending
PMT-67E9574DFE,RES-416F37D7E7,09/11/2025 00:00,credit_card,861.29,SUCCESS
PMT-7A1B84A32D,RES-0B0E9EB31A,17/09/2024 00:00,paypal,1682.69,PAID
PMT-E9E20BBF3E,RES-0B0E9EB31A,2025-06-12 00:00:00,bank_transfer,1305.98,declined
PMT-7D954A7E89,RES-0B0E9EB31A,03/05/2024 00:00,bank_transfer,1261.45,PAID
PMT-7EE5C4AAA7,RES-E04E75EC5A,07-08-2024 12:00 AM,credit_card,1339.9,Refunded
PMT-DED27939FB,RES-3A120052DB,18/04/2026 00:00,mobile_money,148.83,PAID
PMT-414CE04650,RES-FEAFEC919F,2025-09-09 00:00:00,mobile_money,579.37,REFUNDED
PMT-44FD2C32CF,RES-22FE084F57,05-20-2025 12:00 AM,paypal,1629.74,success
PMT-5B98AC7930,RES-77118FB481,04-02-2026 12:00 AM,debit_card,1149.09,Failed
PMT-4FA7556BB3,RES-7EBB18C2AD,2025-01-21 00:00:00,mobile_money,480.86,REFUNDED
PMT-28E48F0D14,RES-DFCD5F5467,12/02/2026 00:00,paypal,924.04,refunded
PMT-30475ED8A8,RES-CB39823F59,03-16-2024 12:00 AM,debit_card,130.65,DECLINED
PMT-AA76D344E4,RES-CB39823F59,11-30-2024 12:00 AM,mobile_money,221.85,PENDING
PMT-106312A322,RES-AD05C5DF8A,2025-06-15 00:00:00,paypal,257.13,FAILED
PMT-63926BB846,RES-722F3D8609,2025-04-19 00:00:00,paypal,1363.11,Pending
PMT-C9621334B9,RES-F06FD0711B,2025-03-02 00:00:00,paypal,420.76,pending
PMT-4A0D997F92,RES-7BACC34D3A,10-22-2024 12:00 AM,mobile_money,495.2,pending
PMT-B087E9D038,RES-F956B91B91,16/01/2025 00:00,cash,1193.1,failed
PMT-9A5E8196A5,RES-408CE2F98F,2024-10-13 00:00:00,cash,1454.91,SUCCESS
PMT-D2156060B8,RES-36DF48EAB5,2024-06-01 00:00:00,credit_card,1427.11,SUCCESS
PMT-D204833EFE,RES-1EF0F9F656,03-14-2026 12:00 AM,mobile_money,724.07,SUCCESS
PMT-6A7364A165,RES-F5692BF10B,2025-05-15 00:00:00,paypal,510.69,pending
PMT-E42254478A,RES-D729752391,20/11/2024 00:00,mobile_money,1680.89,Paid
PMT-2ABC7E7B69,RES-897BF31FD5,09-16-2024 12:00 AM,bank_transfer,433.98,DECLINED
PMT-A55014E6D9,RES-8D76E15EA1,05/01/2024 00:00,mobile_money,1035.4,Failed
PMT-075DE99A1B,RES-45017E74C1,2025-12-07 00:00:00,bank_transfer,1470.08,Paid
PMT-A98810C567,RES-802136388B,09-13-2024 12:00 AM,credit_card,118.23,paid
PMT-0F21005531,RES-30D1C6D9EC,10/04/2024 00:00,bank_transfer,1569.76,success
PMT-0864DA3478,RES-E8E4D45091,07-10-2025 12:00 AM,paypal,1229.69,paid
PMT-7241B0BFB4,RES-37A6480C9A,27/05/2024 00:00,paypal,1423.91,refunded
PMT-482276CF48,RES-6575D39238,06/03/2026 00:00,cash,843.89,Paid
PMT-2FFD81FCFC,RES-6575D39238,11-12-2024 12:00 AM,credit_card,626.57,PENDING
PMT-593D3AC361,RES-F7D29727D5,08-31-2024 12:00 AM,debit_card,1413.76,PAID
PMT-E41AC2A9D0,RES-C1E23EEA1B,2025-02-24 00:00:00,credit_card,493.52,refunded
PMT-31A2CA51FA,RES-98B4D7F393,03-04-2025 12:00 AM,debit_card,1018.53,Paid
PMT-FD3AD360D7,RES-02CF3249AE,10-12-2024 12:00 AM,debit_card,1640.74,PENDING
PMT-78FDA61A9E,RES-02CF3249AE,20/02/2026 00:00,debit_card,358.09,REFUNDED
PMT-9E5F93F099,RES-02CF3249AE,16/09/2024 00:00,credit_card,670.79,refunded
PMT-7F0F2D9F07,RES-74C04D61CC,05-02-2025 12:00 AM,credit_card,1518.34,Paid
PMT-01A03E1879,RES-E808AA65F8,28/09/2024 00:00,credit_card,1383.8,refunded
PMT-23E726BE35,RES-D897B7F1D3,29/01/2026 00:00,bank_transfer,934.0,pending
PMT-A0C7C2544F,RES-99B96872DB,2026-02-22 00:00:00,mobile_money,1553.23,success
PMT-A76DC4DFA1,RES-985B21E83A,18/01/2024 00:00,paypal,1522.02,DECLINED
PMT-59ED64926E,RES-985B21E83A,28/09/2025 00:00,bank_transfer,869.1,REFUNDED
PMT-92B5CC305F,RES-985B21E83A,09-10-2025 12:00 AM,cash,1009.29,Paid
PMT-D266E0A309,RES-25D2BFCCFE,28/06/2025 00:00,bank_transfer,498.4,DECLINED
PMT-8CF795181A,RES-C6DF1328BD,2024-10-10 00:00:00,mobile_money,,Refunded
PMT-8DB4E83639,RES-74C26B2456,12-11-2025 12:00 AM,debit_card,622.18,refunded
PMT-0FCC031B03,RES-4E7EC7ECBE,14/01/2026 00:00,bank_transfer,1196.1,REFUNDED
PMT-B5221FC57E,RES-4E7EC7ECBE,13/06/2024 00:00,debit_card,1125.89,Refunded
PMT-F7BF3BFD78,RES-72C394B192,03-05-2025 12:00 AM,paypal,1075.24,FAILED
PMT-3A0EC29723,RES-B46B30EC5D,22/07/2024 00:00,bank_transfer,623.48,success
PMT-9EE08812CE,RES-60D9DAB2DD,06-02-2025 12:00 AM,credit_card,908.05,Failed
PMT-1FCDA7C5C3,RES-B1A96FB57D,10-01-2025 12:00 AM,paypal,505.02,FAILED
PMT-7488C6B76D,RES-CBA24EFC2A,13/12/2024 00:00,credit_card,1250.09,REFUNDED
PMT-DA2E743743,RES-17325444EA,2025-08-27 00:00:00,mobile_money,90.65,PENDING
PMT-A7C1675DA8,RES-17325444EA,03-30-2025 12:00 AM,mobile_money,1094.76,Failed
PMT-1E685C7492,RES-9DC0CFE0F2,07-21-2024 12:00 AM,mobile_money,194.19,failed
PMT-200CF8FFB7,RES-79641CACFC,07-04-2025 12:00 AM,cash,952.35,Pending
PMT-C58A3C3639,RES-B632BC06A0,06/04/2024 00:00,paypal,1610.35,failed
PMT-D395D58EE1,RES-AB2FB10CC9,2025-09-14 00:00:00,debit_card,185.7,FAILED
PMT-021CB6F753,RES-AB2FB10CC9,2025-03-23 00:00:00,paypal,1664.85,FAILED
PMT-CA2C7C434B,RES-3F5CFDF3B8,29/07/2025 00:00,paypal,444.95,PAID
PMT-E9905F2CA0,RES-EEFD5F65E3,11/10/2025 00:00,paypal,699.73,PENDING
PMT-69B738024E,RES-BA9DB62059,06-25-2025 12:00 AM,credit_card,605.74,SUCCESS
PMT-5C64EA45A2,RES-164FB4B6B5,04-28-2026 12:00 AM,credit_card,703.69,PENDING
PMT-285C654980,RES-164FB4B6B5,05-31-2024 12:00 AM,cash,341.69,Pending
PMT-8739CC777C,RES-164FB4B6B5,30/01/2025 00:00,debit_card,1498.66,refunded
PMT-E9BDD1531D,RES-B329DC5A6A,2025-04-08 00:00:00,bank_transfer,547.86,refunded
PMT-688A537F0D,RES-0476388AC4,2024-01-27 00:00:00,paypal,890.01,Pending
PMT-4996372910,RES-0476388AC4,2025-10-17 00:00:00,mobile_money,1359.75,DECLINED
PMT-90245F2733,RES-19A0524540,02-26-2025 12:00 AM,debit_card,911.78,Failed
PMT-089B4DD784,RES-19A0524540,05/04/2025 00:00,bank_transfer,117.3,REFUNDED
PMT-DCC9DE1353,RES-BDD63C6EF6,04-08-2025 12:00 AM,debit_card,1375.05,Pending
PMT-1A6631A0FB,RES-A5B3AE2D60,10/07/2024 00:00,bank_transfer,401.43,REFUNDED
PMT-D2DB0EC78C,RES-4E0005E363,01-30-2024 12:00 AM,debit_card,1561.11,Paid
PMT-C759A12CAB,RES-D5B5A2011C,09-22-2025 12:00 AM,bank_transfer,1195.0,pending
PMT-232EE014F9,RES-F9F70856F8,23/09/2025 00:00,bank_transfer,1250.8,FAILED
PMT-B7D190E723,RES-10C03EE30F,11-29-2025 12:00 AM,paypal,342.91,DECLINED
PMT-4049019E86,RES-CD1751A807,2024-10-09 00:00:00,debit_card,538.3,refunded
PMT-C64187D41C,RES-9A9654902C,24/08/2025 00:00,debit_card,896.17,Paid
PMT-4731989E2D,RES-5557096E74,29/08/2024 00:00,mobile_money,595.39,PENDING
PMT-359C10AC8E,RES-A4556FED8C,04-04-2026 12:00 AM,credit_card,1051.39,refunded
PMT-76E223B164,RES-A4556FED8C,23/10/2024 00:00,mobile_money,1221.1,DECLINED
PMT-EF804B0C4E,RES-A4556FED8C,21/02/2026 00:00,bank_transfer,771.28,Refunded
PMT-127FF4B4AF,RES-6428AA0B47,11-01-2024 12:00 AM,cash,1195.88,declined
PMT-BC2983E509,RES-3AF09B0704,09-03-2024 12:00 AM,cash,1756.14,refunded
PMT-F318C67DFA,RES-3AF09B0704,09/04/2025 00:00,cash,463.96,REFUNDED
PMT-3593EAA1AF,RES-4E7177F8FC,01/08/2024 00:00,debit_card,313.99,FAILED
PMT-A5B01E5E1B,RES-3131ED7AA9,2025-07-02 00:00:00,mobile_money,1251.99,REFUNDED
PMT-2E6F22D7F5,RES-DD96DAF06D,25/02/2026 00:00,bank_transfer,449.76,paid
PMT-EBC3EBAF35,RES-863D4B7307,02-28-2024 12:00 AM,credit_card,400.46,declined
PMT-32C31E2702,RES-A945FB5BB6,07-16-2025 12:00 AM,cash,1681.35,paid
PMT-93826A80EE,RES-B445BA9A63,22/04/2026 00:00,bank_transfer,628.69,PAID
PMT-0E0A082F49,RES-3D0C903BCC,2025-03-12 00:00:00,debit_card,1503.52,Failed
PMT-FFE6598FC3,RES-88FE16BD5E,09/05/2025 00:00,paypal,1190.17,Refunded
PMT-2FC5868810,RES-5F9F4D1FFD,2026-03-02 00:00:00,cash,462.99,PENDING
PMT-76FDAA7ACA,RES-1A68202553,04-15-2026 12:00 AM,credit_card,501.01,FAILED
PMT-34F1B0C7DF,RES-A4BD929D75,16/05/2024 00:00,bank_transfer,695.51,DECLINED
PMT-2EDA8AB249,RES-8A329B6EB1,2024-03-19 00:00:00,paypal,530.81,Refunded
PMT-939B9B2A0C,RES-4FA15870BE,03-19-2024 12:00 AM,paypal,771.22,Pending
PMT-25204FD7F1,RES-9961B6A39F,10-17-2025 12:00 AM,credit_card,266.77,Pending
PMT-476B639964,RES-2C9E7FE1A2,01-29-2026 12:00 AM,credit_card,1328.44,PENDING
PMT-DD0DF94C71,RES-42D731D7A3,2025-11-22 00:00:00,credit_card,512.33,success
PMT-C0F4005246,RES-0F0637F1DB,18/02/2026 00:00,mobile_money,1210.34,Refunded
PMT-5715646BE5,RES-D58A49F020,2024-05-16 00:00:00,cash,1050.75,declined
PMT-5CB891EB1B,RES-C583CFDE78,11-25-2024 12:00 AM,mobile_money,158.89,Refunded
PMT-2CCD179B34,RES-9ECBC853F1,16/06/2025 00:00,cash,1240.47,PENDING
PMT-AE815D9282,RES-14E14D6CA9,01-07-2025 12:00 AM,cash,1587.25,Refunded
PMT-AD6E79407E,RES-D0CA8BA076,2024-05-06 00:00:00,bank_transfer,621.91,DECLINED
PMT-DA8656B970,RES-FEDBD4DB6B,19/10/2024 00:00,cash,113.06,FAILED
PMT-F164BFC710,RES-D6CA913AF9,09-08-2025 12:00 AM,paypal,1711.11,failed
PMT-2C3E8C4D77,RES-FEAD32C453,12/10/2025 00:00,bank_transfer,668.15,PAID
PMT-6F7A4B937F,RES-E88D7AF411,07-02-2025 12:00 AM,paypal,308.12,SUCCESS
PMT-EB35DCAE96,RES-EBFFDFD741,07-18-2024 12:00 AM,cash,524.36,PAID
PMT-4F205F1E60,RES-1DC2B2702F,06-13-2025 12:00 AM,credit_card,821.16,paid
PMT-0289B02745,RES-78783D0BB9,12-18-2025 12:00 AM,cash,1305.28,pending
PMT-EA12D58B87,RES-586DF32284,16/07/2025 00:00,paypal,1056.28,pending
PMT-459B3A9BCF,RES-5F4E6E2748,18/02/2026 00:00,debit_card,1298.15,Failed
PMT-4C674DF339,RES-060CEA867E,30/04/2025 00:00,mobile_money,955.3,declined
PMT-7835AB74E2,RES-E02D6BC5F9,02/08/2025 00:00,cash,1392.28,Failed
PMT-35B5530A2E,RES-3BE1902488,,credit_card,1407.93,REFUNDED
PMT-47D4170511,RES-08B2D10B91,04-25-2024 12:00 AM,credit_card,549.76,Failed
PMT-098D7FE5F2,RES-BEF14DB0F6,04-05-2024 12:00 AM,debit_card,1651.65,REFUNDED
PMT-7B7B9616FF,RES-9B43A09FC9,13/07/2024 00:00,paypal,168.88,REFUNDED
PMT-ED9B9A53DC,RES-F4CCC6C754,2026-02-05 00:00:00,paypal,236.43,failed
PMT-4119556863,RES-53159BBCFF,,debit_card,1572.71,pending
PMT-4EA9D51F2C,RES-97C96CB22B,2024-11-20 00:00:00,cash,1375.63,PENDING
PMT-D0D510DEC0,RES-E422592E5F,09-22-2025 12:00 AM,paypal,1312.19,failed
PMT-72CB0B9729,RES-E8C5DA5199,2024-09-10 00:00:00,cash,1738.81,Pending
PMT-821728EC25,RES-3F943CFFEE,06/09/2024 00:00,cash,1168.58,pending
PMT-A8EB148A3E,RES-A978432C85,07/10/2024 00:00,debit_card,504.62,Paid
PMT-3F83C0D349,RES-03A4E2F34A,06-27-2025 12:00 AM,credit_card,585.76,Paid
PMT-1D39A914D1,RES-19795A19BA,20/03/2025 00:00,bank_transfer,563.91,pending
PMT-0168E9751F,RES-B12AAA0D9C,02-01-2025 12:00 AM,credit_card,701.16,PAID
PMT-AE925BDEA1,RES-1D53A882EF,2024-03-19 00:00:00,credit_card,1657.34,paid
PMT-A1452BB383,RES-1D53A882EF,2025-01-30 00:00:00,paypal,1076.68,declined
PMT-C2299AEA80,RES-284F4E2551,13/11/2025 00:00,paypal,199.57,REFUNDED
PMT-EC891080D1,RES-B3462B7215,03-12-2026 12:00 AM,bank_transfer,675.8,refunded
PMT-3067E703E3,RES-3DCB41C6E5,04-17-2025 12:00 AM,debit_card,1756.78,Pending
PMT-63AA231E76,RES-BF0D1FA71D,2024-09-02 00:00:00,credit_card,235.9,Failed
PMT-37A35DD8B2,RES-F896C4A4D1,2025-05-29 00:00:00,mobile_money,385.99,refunded
PMT-FC262952BB,RES-1163B13CA9,08-11-2024 12:00 AM,credit_card,1558.73,refunded
PMT-1CCB2B400E,RES-A0DC567980,2024-05-09 00:00:00,credit_card,176.84,refunded
PMT-8E2B08FC73,RES-65F932C43D,03-09-2026 12:00 AM,bank_transfer,1232.17,Paid
PMT-B295140E17,RES-F2DF73B3E0,2026-03-09 00:00:00,mobile_money,504.43,refunded
PMT-D0E82C1077,RES-1332CD525F,03-23-2026 12:00 AM,bank_transfer,1309.94,pending
PMT-3463EFE9A8,RES-43B1AD44D6,2024-09-12 00:00:00,debit_card,458.67,Paid
PMT-780896E4A8,RES-43B1AD44D6,01-25-2026 12:00 AM,cash,1364.95,refunded
PMT-AF20A900DF,RES-43B1AD44D6,21/08/2025 00:00,debit_card,1592.24,pending
PMT-C6C3D89029,RES-0DC8A6E620,13/05/2026 00:00,debit_card,288.64,DECLINED
PMT-BD40742169,RES-AD55391153,08-23-2025 12:00 AM,bank_transfer,675.55,FAILED
PMT-71BD90DA89,RES-BD93AFDA76,2026-02-04 00:00:00,cash,1771.39,REFUNDED
PMT-98C1F6CEED,RES-2EDC9177DF,04-14-2024 12:00 AM,bank_transfer,46.91,pending
PMT-29F59040A0,RES-2EDC9177DF,2024-02-11 00:00:00,debit_card,936.15,success
PMT-06660F599B,RES-C464484ABA,04-16-2026 12:00 AM,debit_card,1060.96,SUCCESS
PMT-5B828EE892,RES-D7EBF5B421,,paypal,1355.82,declined
PMT-E46EDB9D30,RES-DCCA6BD84B,2024-04-30 00:00:00,credit_card,317.54,pending
PMT-A7FD6FEBEF,RES-C85FE62EF4,2025-06-16 00:00:00,mobile_money,562.72,pending
PMT-FE60922F18,RES-BDCD32A81E,2024-06-13 00:00:00,paypal,843.46,pending
PMT-876CC34ACD,RES-04DC906898,2025-08-24 00:00:00,paypal,1700.1,pending
PMT-236525EBC7,RES-18641600CF,2026-06-05 00:00:00,debit_card,1170.6,SUCCESS
PMT-AD1572BBED,RES-81E8A64D51,14/06/2025 00:00,cash,1646.74,pending
PMT-E0EA42A959,RES-CA875602C0,02/03/2024 00:00,credit_card,904.03,failed
PMT-3EDF299CBA,RES-CEF757A347,05/07/2025 00:00,paypal,721.79,SUCCESS
PMT-63549CD6EE,RES-85E79DB937,15/09/2025 00:00,credit_card,1572.84,success
PMT-42330CD5CE,RES-90C82899E2,23/08/2024 00:00,mobile_money,1316.03,PAID
PMT-51ED8E5BEE,RES-552002DA53,2024-10-14 00:00:00,mobile_money,820.03,declined
PMT-992901F434,RES-62BBC136A6,10-06-2024 12:00 AM,debit_card,551.12,pending
PMT-DE42464461,RES-A1F701EA71,2024-08-04 00:00:00,bank_transfer,1777.45,Refunded
PMT-BE84A509AE,RES-6B5B343C55,2024-11-20 00:00:00,debit_card,1076.7,refunded
PMT-56B08487B1,RES-05D239A506,12-13-2025 12:00 AM,cash,100.38,success
PMT-2681478D60,RES-0CAD6D0446,04-03-2024 12:00 AM,paypal,1071.37,refunded
PMT-53DA019D94,RES-BEB00653DD,04-03-2025 12:00 AM,cash,1355.48,Failed
PMT-FAB9813E5E,RES-C2DB9A93AB,2024-05-27 00:00:00,credit_card,1326.51,PENDING
PMT-DCCA3BA4C3,RES-0AB82576F0,09-10-2024 12:00 AM,bank_transfer,1081.64,PENDING
PMT-9D61E6280C,RES-507DC82766,01/11/2025 00:00,paypal,,Pending
PMT-61723A370D,RES-A9BEFC22BA,2024-10-10 00:00:00,cash,550.16,refunded
PMT-1328C933CA,RES-68A5201968,16/07/2025 00:00,mobile_money,286.81,Refunded
PMT-E8CB18C7EE,RES-68A5201968,02-18-2025 12:00 AM,cash,1753.95,PENDING
PMT-82619B4DD6,RES-68A5201968,2026-02-03 00:00:00,bank_transfer,623.04,failed
PMT-4AC635BA4F,RES-60BB3A4B54,16/03/2024 00:00,mobile_money,1651.2,refunded
PMT-2AC920623A,RES-E410CED446,10-12-2024 12:00 AM,debit_card,1241.31,FAILED
PMT-2321F1FA39,RES-54353A8E66,2026-04-01 00:00:00,bank_transfer,261.43,PENDING
PMT-E43F8BB19D,RES-A2C9FBCE86,2025-10-24 00:00:00,credit_card,670.83,paid
PMT-6BC1E6CB4A,RES-1F72441ACB,2025-05-01 00:00:00,bank_transfer,863.35,pending
PMT-4B74799570,RES-856F2BB4A3,10/03/2025 00:00,cash,1276.77,paid
PMT-B985CA98F1,RES-3B5A11EA22,23/02/2025 00:00,bank_transfer,1720.66,failed
PMT-FD1F27B72A,RES-37963FBFD1,09-08-2025 12:00 AM,paypal,682.51,pending
PMT-281A961192,RES-BCFCEB9F49,2024-08-03 00:00:00,bank_transfer,1268.43,paid
PMT-2F6C0D3C20,RES-7855985475,2024-04-26 00:00:00,credit_card,430.02,pending
PMT-43CB2FA432,RES-7C8ED7BC3D,2025-12-05 00:00:00,debit_card,1472.28,DECLINED
PMT-1675D9A2E1,RES-0C6BAFC9F4,07-15-2025 12:00 AM,debit_card,235.53,FAILED
PMT-AE08AB193B,RES-E95EEAF33B,02/02/2024 00:00,paypal,1497.66,FAILED
PMT-5D82F6EE3E,RES-5457E3A158,04/03/2024 00:00,bank_transfer,668.47,REFUNDED
PMT-31A59D5C95,RES-8556BD7AE7,15/03/2024 00:00,credit_card,746.4,pending
PMT-438D621C19,RES-C669EACBE2,23/10/2025 00:00,paypal,1178.93,failed
PMT-CCD2E08F98,RES-49DB33609C,27/12/2024 00:00,mobile_money,332.71,Refunded
PMT-DBB762C928,RES-0E420F9A82,2024-10-18 00:00:00,paypal,138.54,Refunded
PMT-AEDA21434A,RES-1FBCF38081,2025-10-24 00:00:00,bank_transfer,1437.08,REFUNDED
PMT-477B258C18,RES-AAEE5CFA0C,05-16-2025 12:00 AM,mobile_money,1339.38,Refunded
PMT-42E16B354A,RES-24FFAD0776,2026-05-09 00:00:00,debit_card,1114.62,Refunded
PMT-6387DCB7FA,RES-3CEE0D1F8D,04-21-2026 12:00 AM,paypal,1439.68,REFUNDED
PMT-AE7B226868,RES-CD1DD1B3B6,2024-10-24 00:00:00,mobile_money,100.32,success
PMT-AD14CBC010,RES-40ED4EF02A,12/09/2025 00:00,cash,265.37,PENDING
PMT-7ED7DDF92B,RES-FFCFAE7EFC,07-29-2024 12:00 AM,debit_card,1462.32,REFUNDED
PMT-C9038D0838,RES-54F25507B5,02-29-2024 12:00 AM,cash,1208.11,FAILED
PMT-893C1F5D85,RES-33ED1ADB31,12/02/2025 00:00,credit_card,1419.65,declined
PMT-7BDFDE5A71,RES-9FE9C420A4,10/01/2025 00:00,bank_transfer,1371.39,Pending
PMT-A698BA2127,RES-47E09C37F8,06/12/2025 00:00,bank_transfer,716.38,PENDING
PMT-3E476C682A,RES-0822130CAA,07-16-2024 12:00 AM,debit_card,1457.9,pending
PMT-D631A3F443,RES-C0ED688E35,04-07-2026 12:00 AM,credit_card,517.6,PENDING
PMT-9C2F2B5A38,RES-6BB856A2CF,2024-09-01 00:00:00,cash,1237.86,REFUNDED
PMT-EDF15685EB,RES-77D2D18D28,08-06-2025 12:00 AM,bank_transfer,946.79,DECLINED
PMT-8160454EDC,RES-FBD5B6B142,13/02/2025 00:00,debit_card,317.2,pending
PMT-3E7BA719ED,RES-DED1EA82B4,07-11-2024 12:00 AM,bank_transfer,1138.03,Pending
PMT-DA405A7ADD,RES-3571CD105B,2024-01-13 00:00:00,debit_card,1048.54,success
PMT-8BDA7AB437,RES-CD0216A2D4,2025-04-24 00:00:00,paypal,48.37,paid
PMT-42058E3BB3,RES-CD464994D9,02-17-2025 12:00 AM,paypal,1766.78,DECLINED
PMT-36A399F326,RES-D1FDB63473,2026-05-13 00:00:00,cash,659.88,success
PMT-35D2C4F2C2,RES-8A0EB440F4,05-15-2024 12:00 AM,bank_transfer,1351.81,Paid
PMT-4BB5041520,RES-5256E51434,09-09-2025 12:00 AM,paypal,1688.77,success
PMT-86897BA358,RES-0F558CA91C,,debit_card,1671.01,refunded
PMT-D66BCDE738,RES-329C0AD339,2024-01-23 00:00:00,mobile_money,103.94,pending
PMT-97F9C22469,RES-1095017B64,02-08-2025 12:00 AM,cash,314.2,Refunded
PMT-BC5AB4154C,RES-3BEEA3FE4E,01/07/2024 00:00,credit_card,1125.75,PENDING
PMT-37C757379C,RES-3BEEA3FE4E,25/02/2024 00:00,cash,1528.69,Failed
PMT-56FA535C01,RES-4DA84E98EC,19/11/2024 00:00,cash,677.4,refunded
PMT-CC2B1199D9,RES-318B9AABF2,2025-08-26 00:00:00,debit_card,824.5,Refunded
PMT-2E8C4D2A57,RES-5386A26E26,24/02/2025 00:00,bank_transfer,254.5,pending
PMT-20794F797A,RES-9F2D9F3CAE,06-11-2026 12:00 AM,paypal,1570.83,Refunded
PMT-C78F0BA80A,RES-ACA73FCE05,07-03-2025 12:00 AM,debit_card,225.26,FAILED
PMT-BB3626FC70,RES-895CFE5AB5,2025-01-06 00:00:00,credit_card,864.73,PENDING
PMT-5D61195442,RES-F9CAB28A16,06-03-2025 12:00 AM,paypal,653.83,FAILED
PMT-52A289A520,RES-F9CAB28A16,2026-03-20 00:00:00,debit_card,1678.94,refunded
PMT-3B25D9F0BC,RES-F9CAB28A16,05-10-2025 12:00 AM,debit_card,1266.35,SUCCESS
PMT-35937A9C3D,RES-0C1EBE8C93,2024-12-10 00:00:00,bank_transfer,1452.79,PAID
PMT-E76B8685E3,RES-92BB254FEA,2025-06-02 00:00:00,cash,73.91,DECLINED
PMT-B7A544800E,RES-92BB254FEA,2025-10-14 00:00:00,mobile_money,1045.89,Refunded
PMT-D804B7FE48,RES-3CFB724933,2025-12-23 00:00:00,credit_card,495.91,failed
PMT-1032A99BC6,RES-A4FADC150F,12/04/2024 00:00,mobile_money,1010.52,Pending
PMT-2202153AA9,RES-A4FADC150F,2024-07-02 00:00:00,debit_card,67.08,failed
PMT-03E537BCF0,RES-3AFBE6901F,02-04-2026 12:00 AM,credit_card,130.24,DECLINED
PMT-8B17DCBC1C,RES-0F56B45E71,2024-03-06 00:00:00,cash,573.83,REFUNDED
PMT-37A539FA14,RES-83A815BC1E,2025-08-06 00:00:00,credit_card,49.34,Pending
PMT-FFF4EFAC94,RES-AE5004D8C8,2024-10-29 00:00:00,debit_card,1395.58,SUCCESS
PMT-ABE4529BD7,RES-C916FBC085,06/05/2025 00:00,credit_card,1253.18,REFUNDED
PMT-38C90F3F77,RES-B1B49B5E0A,10-18-2024 12:00 AM,bank_transfer,1056.6,Paid
PMT-7BAF106E1B,RES-1A8BBC9BFA,28/01/2024 00:00,credit_card,1370.8,FAILED
PMT-8CD80602EC,RES-7FAFDA439F,2024-03-08 00:00:00,paypal,142.57,Pending
PMT-4CCB2FE086,RES-564C3E34A6,2026-06-17 00:00:00,mobile_money,1712.65,SUCCESS
PMT-2DF31B0536,RES-3EDB336A38,04-02-2026 12:00 AM,paypal,287.29,failed
PMT-A648523786,RES-3EDB336A38,2025-06-13 00:00:00,cash,303.67,PENDING
PMT-CECE7D2713,RES-249F9ABB60,2025-07-25 00:00:00,cash,1403.95,failed
PMT-9A455FC7F0,RES-612A35F15D,02/06/2026 00:00,bank_transfer,996.92,Pending
PMT-7AFF17BBA5,RES-E53C1619BA,12-24-2024 12:00 AM,mobile_money,327.99,Failed
PMT-E8CB18B71B,RES-3C0A60383F,01-15-2026 12:00 AM,bank_transfer,246.87,Paid
PMT-6CDBDC5895,RES-BFE939B0B4,18/01/2025 00:00,credit_card,1278.35,PENDING
PMT-3BEB3363CD,RES-7FAC4F6C0A,07-10-2024 12:00 AM,cash,203.77,refunded
PMT-4971CCD4EF,RES-43DE09ABBC,2024-04-25 00:00:00,paypal,558.37,success
PMT-88FD8BA049,RES-98BDCBE964,01-21-2026 12:00 AM,mobile_money,647.18,Refunded
PMT-7B26748E93,RES-857EC11D97,21/12/2025 00:00,paypal,1396.99,pending
PMT-C5AAA4BB85,RES-A5AEC9F93F,2026-03-11 00:00:00,debit_card,865.75,declined
PMT-FE39B9BAD8,RES-B4D60ABAF1,31/05/2026 00:00,cash,492.41,refunded
PMT-65C69BAFEB,RES-B4D60ABAF1,10-07-2024 12:00 AM,mobile_money,1729.54,PENDING
PMT-35DBBD80DD,RES-B4D60ABAF1,09-17-2024 12:00 AM,debit_card,412.34,Refunded
PMT-16BA1B897B,RES-D2CD9E29D1,11-24-2025 12:00 AM,debit_card,1552.7,success
PMT-946D313584,RES-1FF283C50C,22/03/2025 00:00,mobile_money,1454.65,failed
PMT-EA33F651E9,RES-1FF283C50C,08-15-2025 12:00 AM,mobile_money,1727.52,REFUNDED
PMT-59E7FEEFC5,RES-1FF283C50C,10-03-2024 12:00 AM,paypal,1725.82,Paid
PMT-AD60260680,RES-2B9163B26B,2024-12-04 00:00:00,credit_card,100.08,FAILED
PMT-6567F9D042,RES-1E4ECADD04,2025-08-12 00:00:00,credit_card,767.88,failed
PMT-74680ACE01,RES-1B7A1A8A51,16/06/2025 00:00,paypal,1765.09,DECLINED
PMT-6D3D95585F,RES-EFB233C0AE,25/04/2026 00:00,mobile_money,1793.67,Pending
PMT-C491D6CE76,RES-B368B9D2B5,2025-11-25 00:00:00,paypal,384.49,Refunded
PMT-6780ED7165,RES-FAFAB3BC84,2024-06-03 00:00:00,mobile_money,1397.2,refunded
PMT-4C3A7429FC,RES-BE71CFCF63,18/05/2025 00:00,cash,1273.77,Failed
PMT-0947577D93,RES-A58C8C8CD7,2024-06-12 00:00:00,paypal,1486.49,success
PMT-40962E2863,RES-3876BCE9A1,13/06/2024 00:00,mobile_money,1571.36,failed
PMT-F2C4C896A5,RES-84389A818C,2025-10-14 00:00:00,bank_transfer,1153.71,PENDING
PMT-E7E1EB44BE,RES-DF2E8934A7,01-02-2026 12:00 AM,cash,889.85,pending
PMT-368E04D3A2,RES-858F9C8CE7,05-11-2026 12:00 AM,cash,1654.42,Paid
PMT-019C787553,RES-A34C9B5422,09-25-2025 12:00 AM,credit_card,1281.23,FAILED
PMT-8AB503E5DC,RES-5B30BD886E,11/12/2024 00:00,bank_transfer,724.69,Failed
PMT-0BBD8109DF,RES-07470668E2,16/06/2025 00:00,bank_transfer,1205.34,FAILED
PMT-13C5826079,RES-64A891F80B,02-29-2024 12:00 AM,cash,95.19,Failed
PMT-C6D424CAF5,RES-F95977E3B4,2025-11-26 00:00:00,debit_card,822.02,pending
PMT-F05D104D6B,RES-27D3A4C9D8,2025-11-10 00:00:00,cash,642.37,paid
PMT-EEE2E093AA,RES-F28182431F,14/04/2024 00:00,debit_card,717.19,failed
PMT-89D1DDDBCE,RES-DE102BA924,14/08/2024 00:00,paypal,1705.19,Paid
PMT-970E97C2E6,RES-A892D169B8,03-07-2024 12:00 AM,cash,1661.58,failed
PMT-43754FAF1A,RES-FE2262AACD,05-28-2026 12:00 AM,debit_card,1534.63,PENDING
PMT-9631555463,RES-1A76EF6CE9,04-28-2025 12:00 AM,debit_card,1304.75,PENDING
PMT-1CAB93CA21,RES-760A1BDB25,10-13-2024 12:00 AM,debit_card,52.06,paid
PMT-775256CFE0,RES-11C249236C,03-14-2026 12:00 AM,credit_card,730.96,pending
PMT-B1B74C8217,RES-F65D63FF2B,21/06/2025 00:00,cash,360.44,Pending
PMT-0FE7B08C72,RES-6062F1DC05,04/07/2024 00:00,credit_card,1449.61,refunded
PMT-022076D1EE,RES-DC1E92DAD6,2024-06-11 00:00:00,paypal,1449.77,FAILED
PMT-810AFB243B,RES-46C7989608,12/11/2025 00:00,cash,1567.64,Refunded
PMT-3BDFC90158,RES-07EEF24E79,01-11-2025 12:00 AM,paypal,1699.67,PAID
PMT-A55CE14875,RES-0F8A460F6E,06/12/2025 00:00,paypal,943.66,PENDING
PMT-198921FF13,RES-CFA6BE543D,2025-02-22 00:00:00,credit_card,1268.68,paid
PMT-0DA240211E,RES-F76A0536AE,2026-04-26 00:00:00,bank_transfer,1334.03,DECLINED
PMT-E4D449C431,RES-E9E8017C1B,19/08/2025 00:00,cash,575.42,Paid
PMT-C5E3C19E36,RES-E5FC29781B,01-24-2026 12:00 AM,debit_card,976.02,SUCCESS
PMT-1652454286,RES-E5FC29781B,08/04/2024 00:00,credit_card,,Paid
PMT-8D81541A2A,RES-0991C4E231,28/03/2024 00:00,bank_transfer,1177.13,Pending
PMT-BD5751E25D,RES-32DE44622F,01-20-2025 12:00 AM,credit_card,,failed
PMT-BA3C1AFF6B,RES-55BB3779AE,06/08/2024 00:00,debit_card,1668.28,pending
PMT-2F0D1528F4,RES-A20BC3F9EC,19/12/2024 00:00,mobile_money,1721.22,Pending
PMT-A88F3940F2,RES-241CD141B4,2025-06-22 00:00:00,mobile_money,794.04,refunded
PMT-175469C852,RES-CA035837D7,01-16-2024 12:00 AM,cash,661.08,FAILED
PMT-DE0F5C390D,RES-D7CDEF6357,25/10/2025 00:00,debit_card,1091.04,refunded
PMT-67B303C196,RES-4A2F769381,2025-12-17 00:00:00,paypal,541.65,refunded
PMT-1EE56CAA87,RES-F246F309FD,02-26-2026 12:00 AM,paypal,1258.04,Failed
PMT-F5DBB3D728,RES-E2351CA5EF,2024-05-02 00:00:00,credit_card,1473.66,pending
PMT-2ECB5F9DB8,RES-63F6161D45,2025-03-02 00:00:00,credit_card,237.61,declined
PMT-94EADE86FD,RES-13B71D8AA5,2025-01-20 00:00:00,debit_card,174.35,SUCCESS
PMT-2798091847,RES-562B015FC5,24/09/2024 00:00,cash,1682.93,Pending
PMT-DAAB2EABE3,RES-DADB76E44F,18/06/2024 00:00,debit_card,261.12,FAILED
PMT-14918FE5F6,RES-8C72EB62B2,2024-02-12 00:00:00,mobile_money,522.52,FAILED
PMT-123CF3C028,RES-F7F588E3AD,07-05-2025 12:00 AM,debit_card,1613.28,REFUNDED
PMT-2DD113BEF9,RES-ACA4A6640A,2024-08-12 00:00:00,paypal,980.82,Pending
PMT-0F5B19255A,RES-0222AEDCD1,02/01/2026 00:00,debit_card,432.87,pending
PMT-D4C59020CC,RES-D087632E78,2025-09-02 00:00:00,cash,429.94,SUCCESS
PMT-3257C88AB0,RES-925775857F,16/09/2025 00:00,bank_transfer,1578.28,Refunded
PMT-F62201C4AF,RES-65E8A6620D,2024-12-08 00:00:00,paypal,1133.3,SUCCESS
PMT-6D82F3E084,RES-9C792E2365,2024-07-17 00:00:00,mobile_money,730.31,SUCCESS
PMT-82F4339A98,RES-5DABCC6ED2,12/01/2026 00:00,credit_card,928.51,DECLINED
PMT-CB52CB8052,RES-1A56498A05,11-10-2025 12:00 AM,debit_card,647.14,REFUNDED
PMT-013B582E35,RES-9C2892471C,30/11/2024 00:00,credit_card,1431.85,Pending
PMT-DD38B05364,RES-D5F221F839,2024-12-21 00:00:00,bank_transfer,722.85,Paid
PMT-64427CBAC7,RES-5E9493F675,25/12/2024 00:00,cash,650.58,PENDING
PMT-3D5C3152A0,RES-60ABAEFFF3,10-21-2024 12:00 AM,debit_card,926.67,failed
PMT-AB0081B5F8,RES-A656DF000A,31/12/2025 00:00,debit_card,1482.65,SUCCESS
PMT-B5C11902B4,RES-AB2E555D7D,03-01-2024 12:00 AM,mobile_money,1626.16,Pending
PMT-11A39EB734,RES-0BBEC772BA,10-24-2025 12:00 AM,cash,504.06,refunded
PMT-D48CEE57C2,RES-0BBEC772BA,06-24-2024 12:00 AM,paypal,1288.36,declined
PMT-0FA8EC789D,RES-0BBEC772BA,10-10-2025 12:00 AM,credit_card,536.02,Pending
PMT-2F4404AC47,RES-582A1DE938,,credit_card,1695.43,SUCCESS
PMT-27F776221E,RES-C88130B850,2025-04-08 00:00:00,mobile_money,753.53,paid
PMT-A582CCFDFC,RES-C88130B850,05-27-2026 12:00 AM,mobile_money,1783.12,refunded
PMT-48E6DE8A8D,RES-DAA7B0FCE8,20/11/2024 00:00,bank_transfer,339.28,pending
PMT-3890F385F6,RES-9CFD081729,2025-03-04 00:00:00,bank_transfer,355.86,pending
PMT-19F90C9B3B,RES-0F2469AC43,06/08/2025 00:00,paypal,1276.37,FAILED
PMT-98D362790E,RES-0F2469AC43,2025-12-10 00:00:00,debit_card,197.91,REFUNDED
PMT-F49E76773A,RES-0F2469AC43,2024-07-21 00:00:00,credit_card,1568.19,refunded
PMT-2D07FA6389,RES-D3FC1D8EE5,28/09/2025 00:00,credit_card,264.63,Paid
PMT-F0222E3AE7,RES-D3FC1D8EE5,18/05/2024 00:00,bank_transfer,1213.35,Paid
PMT-E815A719A2,RES-D3FC1D8EE5,04-22-2024 12:00 AM,cash,452.62,declined
PMT-D9B9C9D134,RES-B11805BC17,12-05-2024 12:00 AM,credit_card,215.58,SUCCESS
PMT-ED9A7AD538,RES-9760CDDA5F,08-13-2025 12:00 AM,credit_card,1079.76,refunded
PMT-D37A8503D9,RES-B48E0BB96A,20/04/2026 00:00,credit_card,367.17,Refunded
PMT-951B2FC9B5,RES-B48E0BB96A,2026-06-19 00:00:00,credit_card,978.69,REFUNDED
PMT-854133C185,RES-B48E0BB96A,2025-07-20 00:00:00,credit_card,395.25,failed
PMT-2B5273E70B,RES-93FBDBED4C,19/07/2025 00:00,mobile_money,830.96,Failed
PMT-5FF73EF0B7,RES-8D239EEA86,02-02-2026 12:00 AM,credit_card,1046.03,paid
PMT-6AFAA1AEE3,RES-2D74795D94,10-15-2024 12:00 AM,debit_card,1079.09,Failed
PMT-845CA04BF0,RES-4D242A3B64,26/06/2025 00:00,debit_card,317.72,SUCCESS
PMT-0B61AA9451,RES-9237D479C7,02/11/2024 00:00,bank_transfer,666.57,Pending
PMT-D807181866,RES-9237D479C7,10-20-2024 12:00 AM,paypal,1592.75,REFUNDED
PMT-1D3B012D1F,RES-58FD234C29,15/10/2025 00:00,mobile_money,229.94,success
PMT-40EBB12BFA,RES-0E2D11EC12,2024-05-30 00:00:00,credit_card,360.82,PAID
PMT-C3027CDBBD,RES-65F5DA2507,21/12/2025 00:00,mobile_money,358.23,PENDING
PMT-2B6A0F7EFF,RES-977C208F89,2024-03-18 00:00:00,paypal,926.0,declined
PMT-1F7C27142C,RES-A4A741B1ED,03/07/2025 00:00,cash,1444.42,refunded
PMT-A35109D7EF,RES-B3B5FEA335,07-04-2025 12:00 AM,credit_card,1531.61,DECLINED
PMT-93649F3E13,RES-FE28AE4DB5,04-24-2025 12:00 AM,debit_card,1192.12,pending
PMT-9F1C1CE72F,RES-6FE9785B75,03-16-2026 12:00 AM,paypal,746.4,PENDING
PMT-5A75226E49,RES-C034B1D1ED,12-26-2025 12:00 AM,cash,1705.45,Refunded
PMT-1964B46D1B,RES-223EB00479,06-09-2025 12:00 AM,debit_card,1359.53,Pending
PMT-8F5A4099B6,RES-6676A921D0,16/10/2024 00:00,debit_card,658.62,DECLINED
PMT-50A09797F5,RES-615218387E,13/05/2024 00:00,mobile_money,492.54,PENDING
PMT-84650A81B4,RES-97221CE5B3,12-10-2024 12:00 AM,debit_card,555.95,SUCCESS
PMT-F33D75B2AD,RES-225A4A9808,26/04/2025 00:00,mobile_money,1410.45,REFUNDED
PMT-E977AA53FC,RES-5493C3EE30,01-29-2025 12:00 AM,debit_card,1332.51,refunded
PMT-53ED04E49E,RES-10E3503D17,09-28-2025 12:00 AM,mobile_money,1159.5,paid
PMT-359835DD05,RES-C6908689F4,2024-03-02 00:00:00,bank_transfer,136.61,Pending
PMT-4659DE934A,RES-C9B307CAFF,06-07-2024 12:00 AM,cash,209.75,paid
PMT-A08CDFE9FD,RES-E47DE80FCF,2026-06-04 00:00:00,mobile_money,429.83,Refunded
PMT-2E0875DD5A,RES-B799D8123D,10-05-2025 12:00 AM,cash,815.48,refunded
PMT-5AB9588942,RES-135AF41D06,2024-10-18 00:00:00,debit_card,963.12,Refunded
PMT-B6C1EBC411,RES-7984E5E269,2024-02-22 00:00:00,cash,910.03,success
PMT-6A1BBE6490,RES-9C5608581F,03-07-2025 12:00 AM,cash,848.45,Refunded
PMT-D202C20444,RES-CD07CB72F0,2025-05-03 00:00:00,bank_transfer,843.24,Refunded
PMT-C2A06A7321,RES-BEBD11D964,05/12/2024 00:00,paypal,78.31,declined
PMT-4F61D6D4B2,RES-C04A0F7498,10-01-2025 12:00 AM,cash,400.95,PENDING
PMT-E0831F7141,RES-D24D673295,04-04-2025 12:00 AM,debit_card,665.17,pending
PMT-D834C75733,RES-431D32B10A,06-19-2024 12:00 AM,credit_card,196.15,Refunded
PMT-65A83E3B6B,RES-EF5A639DF3,2024-12-05 00:00:00,paypal,970.17,PAID
PMT-6B20F16F52,RES-EF5A639DF3,2024-08-10 00:00:00,mobile_money,315.56,refunded
PMT-F9C179407C,RES-EF5A639DF3,15/05/2025 00:00,paypal,978.86,PAID
PMT-F53BF871C5,RES-F8609282CB,25/10/2025 00:00,debit_card,1716.12,PAID
PMT-DA969E30BA,RES-F8609282CB,23/05/2026 00:00,debit_card,47.64,PENDING
PMT-3B737F8FC4,RES-4147B566DD,2025-12-25 00:00:00,cash,1648.53,refunded
PMT-482CF51250,RES-F4A2782FB6,04/11/2025 00:00,cash,917.1,PAID
PMT-424CE7622D,RES-F4A2782FB6,2024-09-01 00:00:00,bank_transfer,1679.36,Failed
PMT-4D40E23901,RES-4687709FEF,09-03-2024 12:00 AM,debit_card,1339.81,pending
PMT-188E9B3B94,RES-695B8D699B,2026-05-24 00:00:00,bank_transfer,1433.61,declined
PMT-6F8E5149AB,RES-57AA436520,08-12-2024 12:00 AM,mobile_money,,failed
PMT-B6B9514559,RES-16A655A25E,2024-04-10 00:00:00,bank_transfer,676.6,PENDING
PMT-9A24ACB18B,RES-55AB1BACA4,05/01/2025 00:00,credit_card,236.02,declined
PMT-34E6B53C1D,RES-5FA77F8C39,2025-09-27 00:00:00,paypal,1496.24,SUCCESS
PMT-443C4722AF,RES-37A29A9FB5,09/04/2025 00:00,credit_card,1542.79,Pending
PMT-B81FC590F2,RES-857738DEB7,08-16-2024 12:00 AM,bank_transfer,981.1,SUCCESS
PMT-022E5AEF0C,RES-478B385D9E,04-06-2026 12:00 AM,cash,231.06,Failed
PMT-1B2B43921F,RES-4654C0C70F,03/01/2025 00:00,credit_card,80.86,SUCCESS
PMT-7AB23958E1,RES-6456B41B60,26/08/2024 00:00,debit_card,1070.16,paid
PMT-C56EBAE73F,RES-E7624E8782,12-29-2024 12:00 AM,debit_card,634.38,Refunded
PMT-45A36AA855,RES-2A7C7AE763,,credit_card,698.61,declined
PMT-6D3A9D0569,RES-E9BA65CD6D,12-23-2025 12:00 AM,paypal,1705.25,Refunded
PMT-5768ED085A,RES-377358837A,02-07-2026 12:00 AM,bank_transfer,1258.68,PENDING
PMT-A10CFCCA25,RES-BB2D6DE290,04/03/2024 00:00,mobile_money,516.29,pending
PMT-EA4B3C9176,RES-BB2D6DE290,01/08/2024 00:00,bank_transfer,1426.22,failed
PMT-7ED630A98E,RES-BB2D6DE290,04/05/2026 00:00,paypal,674.4,Pending
PMT-2817115553,RES-8902E95913,18/12/2024 00:00,credit_card,78.64,failed
PMT-392E975516,RES-47BA3986D2,09/05/2025 00:00,mobile_money,1173.22,REFUNDED
PMT-3CD7ECFDB5,RES-9ED4FFE16E,18/01/2026 00:00,paypal,274.21,REFUNDED
PMT-51796827BE,RES-EBEF09C2F5,2024-02-04 00:00:00,credit_card,846.68,PENDING
PMT-4AA23E454C,RES-A03DC4E865,22/05/2024 00:00,credit_card,1360.88,Failed
PMT-E4F19B9C9B,RES-CCE2B83AA7,2026-01-07 00:00:00,bank_transfer,426.83,refunded
PMT-7293492E4D,RES-3723F96193,2025-11-25 00:00:00,paypal,455.93,Refunded
PMT-5DCA3F19B5,RES-36DD57B420,2025-05-30 00:00:00,cash,1422.17,REFUNDED
PMT-C892C4BBB9,RES-08C63348E7,2025-09-22 00:00:00,bank_transfer,254.83,paid
PMT-1B2B926E60,RES-9F80D7FC31,2024-01-07 00:00:00,credit_card,1641.47,REFUNDED
PMT-0F3F210F13,RES-62F50DB6AA,2025-02-15 00:00:00,credit_card,532.57,Pending
PMT-89FDD5CAC1,RES-62F50DB6AA,05/05/2026 00:00,cash,931.62,PENDING
PMT-C893250FEC,RES-62F50DB6AA,04-28-2024 12:00 AM,bank_transfer,976.67,failed
PMT-FAF6065F82,RES-67DF9258F1,13/04/2026 00:00,bank_transfer,577.25,SUCCESS
PMT-C05EE32D33,RES-D4D1269507,2024-03-06 00:00:00,bank_transfer,1645.54,DECLINED
PMT-EA8C1B7297,RES-61638C24F8,17/04/2026 00:00,cash,1665.44,DECLINED
PMT-400F19CFB0,RES-6C23349B88,,cash,1336.98,REFUNDED
PMT-FA967C95FE,RES-6CCD79E5C7,25/09/2025 00:00,cash,1668.85,Failed
PMT-BB121DA31E,RES-6CCD79E5C7,03-01-2026 12:00 AM,paypal,185.43,DECLINED
PMT-25656CF3F3,RES-12368C987D,2024-07-15 00:00:00,bank_transfer,665.39,Pending
PMT-4023CED41C,RES-08844E32E8,,mobile_money,1399.06,SUCCESS
PMT-6CE15F27CD,RES-8D0353AD1B,2026-03-03 00:00:00,cash,1174.75,pending
PMT-4E21C19258,RES-5780C7B504,04-04-2026 12:00 AM,debit_card,96.83,DECLINED
PMT-209F33B8BE,RES-37F40EA635,08/04/2024 00:00,mobile_money,1483.92,Failed
PMT-B4B79DB6EC,RES-37F40EA635,2024-02-05 00:00:00,cash,1383.37,REFUNDED
PMT-8E2E71DF16,RES-37F40EA635,09-20-2025 12:00 AM,debit_card,515.48,Pending
PMT-D20A5382D7,RES-E10315A430,17/10/2025 00:00,bank_transfer,372.47,SUCCESS
PMT-E1950B115C,RES-9367E5A00A,04-12-2024 12:00 AM,credit_card,1693.24,failed
PMT-B3154D1309,RES-16EF8D9705,12-16-2025 12:00 AM,paypal,588.28,REFUNDED
PMT-FA6EBD2EBB,RES-722BBD8371,18/02/2026 00:00,debit_card,1297.46,PENDING
PMT-7B4F015BC4,RES-3A71310B8F,2025-09-23 00:00:00,cash,526.28,FAILED
PMT-8DF69E43B7,RES-CFA5679E1A,12-12-2024 12:00 AM,mobile_money,1525.38,Paid
PMT-DC9737D092,RES-CB3B60E3DE,26/11/2024 00:00,mobile_money,266.78,pending
PMT-F4C62B6027,RES-BA2734E86B,23/07/2024 00:00,bank_transfer,1620.99,REFUNDED
PMT-7866A1B7AB,RES-CC9B2C5FCF,2025-10-10 00:00:00,cash,916.06,refunded
PMT-29C7E5F7CC,RES-7AEBBBD7E9,28/12/2024 00:00,credit_card,340.34,declined
PMT-3D6AB62BD9,RES-FBD146F6DC,2025-08-09 00:00:00,credit_card,1753.76,DECLINED
PMT-C0C1A4FEFF,RES-38434B5536,09/02/2024 00:00,debit_card,1775.68,DECLINED
PMT-D1E2C68E9D,RES-38434B5536,31/07/2024 00:00,paypal,1766.39,declined
PMT-D5AD8C6315,RES-B043A32E57,03-09-2026 12:00 AM,cash,819.74,SUCCESS
PMT-F2A2213B5D,RES-B11B573AD2,2024-01-07 00:00:00,paypal,283.81,pending
PMT-FB5E0A18D7,RES-B11B573AD2,06/08/2025 00:00,mobile_money,685.74,Failed
PMT-E93CAAA35A,RES-59D2BA2146,25/05/2025 00:00,mobile_money,270.59,declined
PMT-BEF593FAFA,RES-B3F366B92D,2026-02-05 00:00:00,debit_card,726.94,Pending
PMT-2DB6CA76C1,RES-B3F366B92D,01-11-2026 12:00 AM,paypal,1085.98,paid
PMT-F1A0400266,RES-98CB37F5B8,09-02-2025 12:00 AM,mobile_money,1497.18,PAID
PMT-EACE9BB68E,RES-1626AE3EDE,09-07-2025 12:00 AM,bank_transfer,633.34,Refunded
PMT-35A5F54395,RES-D268A6190D,2025-04-27 00:00:00,credit_card,989.95,refunded
PMT-7E0A038442,RES-B705B7FA67,2026-05-05 00:00:00,mobile_money,1325.16,Failed
PMT-9F11F6474A,RES-E6D5DE23A4,08-23-2024 12:00 AM,mobile_money,1371.84,PENDING
PMT-43AE2775F5,RES-13BD575C24,02-26-2025 12:00 AM,bank_transfer,1486.38,PAID
PMT-F0BAE29DBC,RES-A5A8C60785,17/06/2026 00:00,credit_card,653.37,Paid
PMT-25DEC66265,RES-08C34C09BC,15/05/2026 00:00,mobile_money,1000.76,REFUNDED
PMT-F2B304924D,RES-3EAD143561,2025-10-27 00:00:00,cash,110.15,PAID
PMT-3A6671CD44,RES-34AC061C6A,11-13-2024 12:00 AM,cash,1434.55,DECLINED
PMT-53817F2800,RES-E34EB669F3,23/09/2024 00:00,bank_transfer,1771.42,declined
PMT-14BFBE19F7,RES-0A9490289F,06-05-2025 12:00 AM,paypal,926.9,pending
PMT-0761395332,RES-ABBDA429D3,03-12-2024 12:00 AM,cash,539.54,Failed
PMT-1FEE474EDE,RES-E77BC3508F,11/11/2025 00:00,credit_card,1166.73,PENDING
PMT-A4F60CD6CE,RES-D66DD768D0,01-02-2026 12:00 AM,credit_card,1168.47,success
PMT-B0C2FBCF3D,RES-52D3DB4762,2025-06-26 00:00:00,paypal,187.97,Paid
PMT-3C28C64CBB,RES-52D3DB4762,20/01/2024 00:00,debit_card,884.73,FAILED
PMT-ED07183DD2,RES-D14631810A,2024-10-03 00:00:00,debit_card,722.12,REFUNDED
PMT-5294A8A10C,RES-CA38DED146,04-18-2024 12:00 AM,debit_card,1724.95,PAID
PMT-D1C81CF85A,RES-0BA2DA5EE6,03-05-2024 12:00 AM,credit_card,1030.49,declined
PMT-89A8B0B4AF,RES-34DB2FFD24,08-27-2024 12:00 AM,cash,815.27,Refunded
PMT-1DC72DC848,RES-B7D32A1795,02-12-2024 12:00 AM,credit_card,867.32,pending
PMT-D0ABDD4CCA,RES-69FEC2763A,02-16-2026 12:00 AM,paypal,640.39,REFUNDED
PMT-D1FB9EA81A,RES-C621F5AC85,11/10/2025 00:00,mobile_money,936.54,paid
PMT-8EB960BAEB,RES-4C5FF431ED,06-03-2024 12:00 AM,bank_transfer,1002.48,Paid
PMT-931290D512,RES-02C159DFF4,2024-01-04 00:00:00,bank_transfer,272.46,REFUNDED
PMT-7764577134,RES-1E7E4093B5,2024-12-12 00:00:00,credit_card,1714.08,Refunded
PMT-4623EF5210,RES-44142A91AC,2025-07-21 00:00:00,credit_card,533.57,DECLINED
PMT-8213BEAD5D,RES-7E74AC952C,02-11-2025 12:00 AM,credit_card,702.43,REFUNDED
PMT-E9D3423F8A,RES-204500D381,2024-02-19 00:00:00,mobile_money,347.5,PAID
PMT-C6468AFC95,RES-9F5AC1DCC0,04-19-2025 12:00 AM,cash,1737.92,Refunded
PMT-7D911B33BB,RES-9F5AC1DCC0,2025-08-31 00:00:00,cash,1496.63,refunded
PMT-DA760B8CA8,RES-483C3901EE,2026-01-01 00:00:00,cash,320.21,Refunded
PMT-B355DC3538,RES-23F540DEEF,04-15-2025 12:00 AM,bank_transfer,138.68,paid
PMT-F53F6650B2,RES-23F540DEEF,25/02/2025 00:00,mobile_money,1202.31,success
PMT-AFCAACE786,RES-ED012560A9,10-26-2024 12:00 AM,cash,1317.51,success
PMT-E38518F310,RES-D92F1FF317,12-26-2024 12:00 AM,paypal,247.59,refunded
PMT-37D0FB9383,RES-A4D6B57EBF,2026-03-07 00:00:00,credit_card,1221.39,PENDING
PMT-1E2A561E94,RES-781C987114,30/04/2026 00:00,debit_card,1169.12,REFUNDED
PMT-B04182360C,RES-3F66C98B45,2025-11-12 00:00:00,mobile_money,902.75,declined
PMT-BF66C65D03,RES-3F66C98B45,2024-02-24 00:00:00,cash,1035.13,Failed
PMT-0BE1C0AE1C,RES-3F66C98B45,06-13-2025 12:00 AM,mobile_money,1076.93,REFUNDED
PMT-C7B6416BA6,RES-04E21BFA68,28/05/2026 00:00,bank_transfer,830.86,failed
PMT-4418F54439,RES-B446022F85,04-10-2026 12:00 AM,paypal,1379.95,PENDING
PMT-9044328A94,RES-4964191F97,2026-01-28 00:00:00,cash,685.54,DECLINED
PMT-3347FA8C73,RES-18AAD0C782,12-29-2024 12:00 AM,debit_card,1597.75,DECLINED
PMT-04C041F9CC,RES-B97E242491,31/05/2026 00:00,credit_card,77.97,pending
PMT-C61B9946BD,RES-AC59DDCDC0,09/09/2025 00:00,cash,1587.62,refunded
PMT-E521B5548C,RES-126C982193,02-10-2025 12:00 AM,cash,629.23,Paid
PMT-35F0784E4F,RES-11DF2C0C3D,12-25-2025 12:00 AM,debit_card,616.02,Failed
PMT-6017F45081,RES-99ECB9FB46,08-20-2025 12:00 AM,mobile_money,814.82,REFUNDED
PMT-C428D601B5,RES-022F3D27F3,12-25-2024 12:00 AM,paypal,1770.47,REFUNDED
PMT-5E3092BDB4,RES-02677A5D2B,17/06/2026 00:00,bank_transfer,1305.45,failed
PMT-9BAA2D966C,RES-F7EE7D6D84,04-24-2026 12:00 AM,debit_card,1661.33,DECLINED
PMT-62DBE9600B,RES-E2347EF588,06-05-2026 12:00 AM,credit_card,1756.34,REFUNDED
PMT-608BB83932,RES-6B05901CB0,2025-07-08 00:00:00,cash,691.46,DECLINED
PMT-4031A12F7A,RES-D47BEA4268,01-05-2024 12:00 AM,debit_card,839.29,refunded
PMT-C9218E9058,RES-55EC734E3C,2025-03-17 00:00:00,bank_transfer,507.23,refunded
PMT-793ED988A8,RES-9100DC37A2,07-20-2025 12:00 AM,mobile_money,361.31,PENDING
PMT-A966AAB9CB,RES-8C37749356,15/04/2025 00:00,mobile_money,1440.38,PENDING
PMT-B7F126FA7A,RES-8C37749356,10-16-2024 12:00 AM,paypal,1024.29,Pending
PMT-1067BE1898,RES-8C37749356,01-14-2026 12:00 AM,bank_transfer,537.81,PENDING
PMT-C243550DF3,RES-B35E1626D6,16/02/2026 00:00,bank_transfer,1785.24,Pending
PMT-7B300A5E7F,RES-8A642F2083,08-20-2024 12:00 AM,paypal,234.7,REFUNDED
PMT-D5833E5431,RES-C868B01583,2024-12-23 00:00:00,credit_card,383.63,REFUNDED
PMT-8585B90A79,RES-3383A3C306,23/01/2026 00:00,bank_transfer,71.37,DECLINED
PMT-D338C8BE30,RES-F4B954A7CE,11/08/2024 00:00,mobile_money,507.89,REFUNDED
PMT-9871150B1B,RES-0CDA7C3462,2025-07-04 00:00:00,mobile_money,1574.17,PAID
PMT-C0D62B6946,RES-62BDB93680,23/01/2026 00:00,credit_card,470.69,SUCCESS
PMT-0DB515B627,RES-B8EDB76346,11/02/2024 00:00,mobile_money,1079.91,DECLINED
PMT-7127F6734D,RES-FCD83DB329,09/07/2024 00:00,cash,1068.64,PENDING
PMT-35DF91B2E5,RES-2ECA71F5E6,14/04/2024 00:00,paypal,738.74,REFUNDED
PMT-486AAACF9E,RES-3D1DAA4AEC,06-16-2026 12:00 AM,credit_card,1178.61,Paid
PMT-B3A6B9FFE2,RES-EE4E627C06,2025-05-13 00:00:00,debit_card,221.77,SUCCESS
PMT-B9E2384AD2,RES-EE4E627C06,10-23-2024 12:00 AM,credit_card,825.01,PENDING
PMT-7E4118755C,RES-67B82B0E26,2024-12-19 00:00:00,bank_transfer,1473.88,Pending
PMT-4ADFE17D09,RES-B3C82FDB91,2024-05-23 00:00:00,cash,1111.09,pending
PMT-930D865B3C,RES-D97F70596B,09/05/2025 00:00,bank_transfer,808.61,success
PMT-1410C70B9C,RES-7EC8ED1C7F,02/06/2024 00:00,cash,1026.89,pending
PMT-7EF53C887F,RES-3F210F0EEF,2026-04-13 00:00:00,credit_card,198.95,Pending
PMT-DB942D8D92,RES-9C80C0E04F,10-04-2025 12:00 AM,mobile_money,993.16,FAILED
PMT-8D29FDD18C,RES-9C80C0E04F,01-20-2025 12:00 AM,mobile_money,1144.85,pending
PMT-16655E7F3E,RES-BC15ACFC11,2024-05-21 00:00:00,bank_transfer,642.63,Pending
PMT-F13B1E1021,RES-FCAE1310EE,02/02/2024 00:00,credit_card,348.96,SUCCESS
PMT-71A4EACE13,RES-0FEFEE7586,04-30-2024 12:00 AM,credit_card,820.71,PAID
PMT-1343702A08,RES-4CE7191832,06-03-2024 12:00 AM,cash,1309.45,PAID
PMT-63A31E170A,RES-9297F89EDA,04/08/2025 00:00,debit_card,999.47,REFUNDED
PMT-22B06C63DB,RES-023855715D,2024-12-23 00:00:00,credit_card,1758.75,refunded
PMT-2D2466D6C7,RES-7F007B2C68,2026-05-26 00:00:00,mobile_money,1511.29,Failed
PMT-066EE42226,RES-E5B9E8B881,2025-12-03 00:00:00,paypal,1380.6,REFUNDED
PMT-6D81EAF166,RES-C464877E02,2025-11-23 00:00:00,credit_card,474.13,PENDING
PMT-5CD068BC61,RES-19FC31169E,06-03-2026 12:00 AM,credit_card,1382.07,success
PMT-7D6CDF8BC3,RES-592AF5169A,,credit_card,1388.67,refunded
PMT-12353B73EA,RES-132AD3DC68,03-23-2024 12:00 AM,cash,436.56,pending
PMT-7D2CB66295,RES-D12D4D47C0,2024-10-04 00:00:00,debit_card,864.24,FAILED
PMT-02448928A7,RES-429EBE40BF,16/08/2024 00:00,credit_card,1262.18,Pending
PMT-0C65B35AA9,RES-BFA09DB9FD,2026-03-20 00:00:00,debit_card,490.25,REFUNDED
PMT-238AB39150,RES-D69A5317F0,16/01/2025 00:00,debit_card,1288.08,Pending
PMT-4097EC203D,RES-C908F36CF1,18/12/2024 00:00,credit_card,1580.39,Failed
PMT-2FA8D05D09,RES-C8A1546465,2025-01-06 00:00:00,cash,1444.24,pending
PMT-99C1A3A75E,RES-88567AFC46,09-03-2025 12:00 AM,bank_transfer,1085.37,REFUNDED
PMT-7EE94433F6,RES-BB27CF1E75,25/03/2024 00:00,credit_card,1069.3,refunded
PMT-11B0992475,RES-F1D3206786,17/07/2024 00:00,debit_card,374.17,PENDING
PMT-DEF4E55351,RES-F1D3206786,2025-02-25 00:00:00,paypal,233.79,refunded
PMT-1F9B29762B,RES-FF9BE81B63,15/07/2024 00:00,cash,1416.11,Pending
PMT-E5DE4DA804,RES-9BC5C868B1,27/06/2025 00:00,credit_card,115.72,FAILED
PMT-7706C85CC7,RES-5A15F29958,07-08-2025 12:00 AM,bank_transfer,1050.35,Paid
PMT-C764300BDE,RES-DD29941AB4,2024-01-31 00:00:00,paypal,717.07,Pending
PMT-7900165CA0,RES-0D0EB18034,01-05-2025 12:00 AM,debit_card,924.45,REFUNDED
PMT-8A7A0AA7D9,RES-81F98AA747,2026-02-04 00:00:00,paypal,1262.09,Failed
PMT-D18DD039A7,RES-81F98AA747,,paypal,1520.94,PAID
PMT-34CB7193F1,RES-C906D2A747,26/06/2024 00:00,paypal,1663.14,DECLINED
PMT-BA37AA5A68,RES-C906D2A747,2025-10-07 00:00:00,cash,455.05,PENDING
PMT-CF352EE8E0,RES-C906D2A747,2024-02-02 00:00:00,bank_transfer,104.28,Refunded
PMT-B7698341DC,RES-A3F62C79D9,15/09/2025 00:00,paypal,1668.3,FAILED
PMT-58E907D0C6,RES-A3C6D38B50,2025-11-12 00:00:00,debit_card,1665.98,SUCCESS
PMT-C9009E782C,RES-320BBD0943,2025-02-02 00:00:00,paypal,1719.25,pending
PMT-AFB29DEF2B,RES-B2E1BD4CED,05-17-2025 12:00 AM,credit_card,281.39,paid
PMT-A619512D92,RES-6ADF9F15CE,06/03/2025 00:00,paypal,1503.41,REFUNDED
PMT-BCE75BBE1F,RES-73337F956C,2024-05-10 00:00:00,credit_card,1126.58,pending
PMT-09E5C4177A,RES-A4B2406CF5,09/04/2026 00:00,bank_transfer,1202.7,declined
PMT-BF3E76601C,RES-CA7C60B1EA,26/03/2026 00:00,debit_card,865.31,SUCCESS
PMT-F545A4CCBD,RES-1190A32F7B,02-01-2026 12:00 AM,mobile_money,289.99,failed
PMT-5BED8E7E8F,RES-EEBA480366,07/05/2024 00:00,paypal,217.42,Refunded
PMT-BE073D1671,RES-0865A80ACF,25/12/2024 00:00,cash,1528.42,declined
PMT-EB002E8DA1,RES-18BAE988A5,07-11-2025 12:00 AM,cash,878.12,refunded
PMT-EDBBD0A7FC,RES-910B9AC654,03-15-2026 12:00 AM,debit_card,1740.18,refunded
PMT-0554B9DE7E,RES-8C44606C5E,2024-08-01 00:00:00,bank_transfer,1596.49,paid
PMT-A3E2107C73,RES-718BBCE83C,10-02-2024 12:00 AM,paypal,1484.03,refunded
PMT-9795606B53,RES-718BBCE83C,12/12/2025 00:00,paypal,1386.79,pending
PMT-EF75DA760C,RES-27468253E3,2024-05-14 00:00:00,bank_transfer,1333.1,refunded
PMT-FBBA2B2499,RES-8AEDCB8868,2024-01-06 00:00:00,debit_card,794.98,Pending
PMT-5B73E059CC,RES-58F75D96CA,,cash,1746.45,success
PMT-DB23A61631,RES-141244929C,21/04/2026 00:00,credit_card,1495.21,SUCCESS
PMT-5EB6A103D1,RES-A7D69BB5C6,17/04/2026 00:00,mobile_money,1383.74,REFUNDED
PMT-2284770CB2,RES-93202BEF0C,25/03/2026 00:00,debit_card,1200.0,PENDING
PMT-7FA10E8156,RES-2D3D3C6342,05-08-2025 12:00 AM,debit_card,288.23,failed
PMT-B413D99B29,RES-C987B46EE5,2025-02-01 00:00:00,mobile_money,550.92,refunded
PMT-C7BC08C0D7,RES-6697FD4766,12-01-2024 12:00 AM,debit_card,291.06,refunded
PMT-3ACAFF1B6D,RES-6697FD4766,2026-02-16 00:00:00,debit_card,1684.62,Pending
PMT-5DBCD5C75B,RES-6697FD4766,2024-06-19 00:00:00,mobile_money,1469.0,pending
PMT-4796867852,RES-20B6F18B8C,26/11/2024 00:00,bank_transfer,799.36,Pending
PMT-B5964BBBE2,RES-6FC2364FC7,27/09/2025 00:00,debit_card,260.2,Paid
PMT-207C840FF5,RES-6FC2364FC7,17/02/2024 00:00,debit_card,1168.42,Pending
PMT-8D043A30F4,RES-D168AF2E97,2024-11-02 00:00:00,mobile_money,842.03,Refunded
PMT-E86BD3A830,RES-29158E60DC,07/05/2025 00:00,bank_transfer,325.82,Pending
PMT-8830521B95,RES-8CD633B0E0,24/04/2025 00:00,mobile_money,241.36,PAID
PMT-8B3EDD6AAC,RES-6E9A772CEB,2026-01-07 00:00:00,mobile_money,1101.12,REFUNDED
PMT-FFEDD74F48,RES-5D3CC1E166,04-07-2026 12:00 AM,cash,435.61,Pending
PMT-C87E6DF8BE,RES-56AE2E07A3,05-28-2025 12:00 AM,debit_card,979.4,paid
PMT-EA96C64ADC,RES-4761A5E786,11-29-2024 12:00 AM,paypal,1208.83,pending
PMT-D8A790BDF6,RES-CAEB06ECEF,03-01-2024 12:00 AM,credit_card,1124.91,PAID
PMT-D0B074C0D7,RES-1850E4E9E7,11-17-2025 12:00 AM,credit_card,831.12,success
PMT-F980CA4C9E,RES-AAB1D41952,2024-09-17 00:00:00,paypal,243.77,success
PMT-A74C9C7F01,RES-AAB1D41952,02-16-2026 12:00 AM,bank_transfer,198.39,pending
PMT-4521112F91,RES-AAB1D41952,2025-10-14 00:00:00,bank_transfer,886.23,pending
PMT-37643FD50A,RES-641345CE5B,11-17-2025 12:00 AM,bank_transfer,1555.74,PAID
PMT-F5CE5F7929,RES-2AED0F5354,2025-06-26 00:00:00,credit_card,1253.84,pending
PMT-7F6C51556E,RES-96E0372D29,08/05/2024 00:00,credit_card,1621.83,PENDING
PMT-D56915C242,RES-9608C802CC,2024-11-27 00:00:00,bank_transfer,889.82,Paid
PMT-C010DECF5B,RES-C8250445D4,2025-06-09 00:00:00,debit_card,439.82,Refunded
PMT-83640130BC,RES-14A3EBFB25,21/04/2024 00:00,debit_card,,Refunded
PMT-1054131852,RES-849B4A25F6,2025-10-07 00:00:00,debit_card,1126.41,Refunded
PMT-DDFB0D6A6C,RES-F0662FA4B4,04-26-2024 12:00 AM,debit_card,1046.74,Pending
PMT-E1A3327CB2,RES-F0662FA4B4,04/10/2025 00:00,credit_card,796.92,refunded
PMT-C45736F36D,RES-F0662FA4B4,10/11/2024 00:00,cash,481.11,paid
PMT-A03867EF8D,RES-4F1906B4B0,18/11/2025 00:00,credit_card,1362.52,FAILED
PMT-25AD0A00D3,RES-7E0AFCC636,2025-03-17 00:00:00,debit_card,134.59,REFUNDED
PMT-02B205EC4E,RES-661FF44CF6,2026-01-25 00:00:00,paypal,1293.81,pending
PMT-66E5F34867,RES-FC32ED60C5,05-04-2026 12:00 AM,paypal,1189.01,DECLINED
PMT-EF4CBB33BA,RES-FC32ED60C5,2024-11-18 00:00:00,cash,1771.56,FAILED
PMT-4B20D114A1,RES-4D5AF1E618,2024-10-31 00:00:00,credit_card,1165.98,PENDING
PMT-2CC65AD915,RES-A0C1B9F801,2026-06-09 00:00:00,credit_card,885.36,failed
PMT-C2A901667E,RES-15F0090CDE,22/02/2024 00:00,debit_card,877.03,Paid
PMT-6D5E9C8A7A,RES-15F0090CDE,05/05/2024 00:00,debit_card,1518.96,PENDING
PMT-E9ABE93534,RES-CD13726FD3,07-21-2025 12:00 AM,mobile_money,1390.74,PENDING
PMT-D73D3F3EC7,RES-7DDE43BFBA,21/04/2025 00:00,cash,821.86,PAID
PMT-3246CEACB3,RES-7DDE43BFBA,07-11-2024 12:00 AM,mobile_money,653.23,DECLINED
PMT-89B29073C9,RES-7DDE43BFBA,2024-11-29 00:00:00,bank_transfer,1385.01,Pending
PMT-9C0AAC6CE2,RES-843D5D8DEC,2026-01-09 00:00:00,cash,589.4,refunded
PMT-54C473C53D,RES-55A4FDD8D5,02-23-2024 12:00 AM,paypal,1267.24,refunded
PMT-6D736E4119,RES-3951D8564F,05-17-2025 12:00 AM,debit_card,310.92,PENDING
PMT-F531F9B9B8,RES-8505860D4F,01/07/2025 00:00,mobile_money,697.18,pending
PMT-9309EADAE6,RES-BCE48E1B1A,01-01-2024 12:00 AM,cash,1316.47,Pending
PMT-F977E8A5BB,RES-26DCA043B2,,paypal,768.12,failed
PMT-C2FE9ACCDA,RES-D68CE8A59E,2024-07-11 00:00:00,paypal,1775.55,Pending
PMT-F8D0AB34FD,RES-1A730199D3,03-05-2026 12:00 AM,mobile_money,1434.73,Paid
PMT-48014A32C3,RES-5994388B69,2024-09-06 00:00:00,bank_transfer,1266.41,pending
PMT-A1FE3B8253,RES-A932C749F6,,credit_card,1702.28,PENDING
PMT-0FC2029A92,RES-78818011BC,2024-04-29 00:00:00,paypal,867.14,pending
PMT-D76AF28ADF,RES-921EBE2042,02-06-2025 12:00 AM,bank_transfer,408.61,pending
PMT-07A872C3B4,RES-FAD2DBEE5E,08/02/2025 00:00,paypal,309.59,paid
PMT-FACF1A6F72,RES-CCB0B2171F,22/06/2024 00:00,credit_card,1362.69,REFUNDED
PMT-24358E9FB5,RES-FFCA081241,2024-12-07 00:00:00,credit_card,1419.28,paid
PMT-3FED5691D0,RES-5CC987080C,01/03/2025 00:00,mobile_money,1726.75,declined
PMT-4FB746FB18,RES-47302E40D8,,cash,59.98,SUCCESS
PMT-DF5DA5A161,RES-2AEC9726F1,08-02-2025 12:00 AM,paypal,960.62,success
PMT-8509E96F1C,RES-EDC78C3010,09/03/2025 00:00,debit_card,685.17,REFUNDED
PMT-CAD25C8965,RES-6B9C39A747,03-02-2024 12:00 AM,credit_card,1318.07,Refunded
PMT-3AA8C55B16,RES-08EDC49E29,05-11-2025 12:00 AM,cash,1189.12,FAILED
PMT-91ED8D5CF9,RES-D6976AF5C0,27/02/2025 00:00,credit_card,1497.53,pending
PMT-A901A240C8,RES-6DB672316A,06-01-2026 12:00 AM,credit_card,600.18,Pending
PMT-1B375F3A87,RES-6DB672316A,2024-01-24 00:00:00,cash,67.88,PENDING
PMT-D61909FFDE,RES-B13D97A857,24/10/2024 00:00,debit_card,1794.74,failed
PMT-FF4E0130E8,RES-7787D434FC,05/02/2026 00:00,mobile_money,776.11,Paid
PMT-DD213D967C,RES-0D282CAE06,10/08/2024 00:00,credit_card,244.72,Failed
PMT-460516E1F9,RES-3C520803A2,2025-06-30 00:00:00,paypal,1050.4,FAILED
PMT-A0967D7FC0,RES-3365A63196,2024-11-29 00:00:00,bank_transfer,214.81,Pending
PMT-1CAB8E5E4F,RES-FFED0818CB,07-21-2024 12:00 AM,debit_card,1056.28,Pending
PMT-244001EEC0,RES-12A3DFFB8E,05-01-2025 12:00 AM,paypal,1632.15,failed
PMT-807175F49F,RES-CDD3E33D9B,04-22-2025 12:00 AM,credit_card,371.69,Failed
PMT-AD3C580F21,RES-7AB7DE15DC,2026-02-15 00:00:00,mobile_money,1289.14,REFUNDED
PMT-BBB2AEE4C1,RES-F3D9E7363E,11/07/2024 00:00,credit_card,966.93,pending
PMT-3ADC62375B,RES-F3D9E7363E,2024-12-19 00:00:00,debit_card,61.36,Paid
PMT-912C0573A5,RES-CE6E14491C,2024-02-10 00:00:00,mobile_money,1193.36,PAID
PMT-AA76DDD694,RES-6982E2BFB4,03-24-2025 12:00 AM,paypal,1454.11,PENDING
PMT-1FD6E9C96A,RES-74E9C03BDA,07-18-2024 12:00 AM,debit_card,1051.24,Failed
PMT-780403A020,RES-F59DC27DE8,02-15-2024 12:00 AM,paypal,147.06,pending
PMT-F63729A6B2,RES-CED9880DA3,22/04/2026 00:00,mobile_money,1218.88,pending
PMT-4B53B150D0,RES-E9C01C3589,05-09-2024 12:00 AM,bank_transfer,372.11,declined
PMT-3B33EBC183,RES-6BBC017AE9,05-06-2024 12:00 AM,mobile_money,435.72,REFUNDED
PMT-EFFA7951EB,RES-E9FBDC2294,2024-07-03 00:00:00,mobile_money,826.83,REFUNDED
PMT-BBE0357838,RES-69C187FFB5,19/10/2025 00:00,mobile_money,1458.49,pending
PMT-CEB82C5AC3,RES-4C9AE32992,2025-11-25 00:00:00,mobile_money,783.39,PENDING
PMT-190888B2F8,RES-2C5D148464,17/02/2026 00:00,debit_card,638.84,SUCCESS
PMT-F5EE58BA05,RES-50982E07B2,05-14-2026 12:00 AM,mobile_money,608.17,REFUNDED
PMT-F3DDCB02B0,RES-50982E07B2,29/08/2024 00:00,mobile_money,624.22,declined
PMT-286A6ECFCC,RES-BCFA043674,11-27-2025 12:00 AM,credit_card,920.27,REFUNDED
PMT-9A57B75577,RES-1DD72BC95F,2025-07-06 00:00:00,debit_card,658.14,pending
PMT-CAC6069C23,RES-AAA9D79A16,2026-02-12 00:00:00,debit_card,1027.14,declined
PMT-6CDAE0CEEC,RES-6B77F1DC8A,22/07/2024 00:00,credit_card,303.78,Refunded
PMT-52F40900D4,RES-6B77F1DC8A,2025-01-26 00:00:00,credit_card,923.17,refunded
PMT-DEC37D65B7,RES-1B9B355569,2024-08-29 00:00:00,mobile_money,808.94,Paid
PMT-2E71273DD5,RES-989BC7603B,10-08-2025 12:00 AM,credit_card,1625.19,declined
PMT-0103C3D8B8,RES-95D864E01B,05-22-2026 12:00 AM,debit_card,1487.22,Refunded
PMT-F369E37994,RES-7DF5C4471F,05/07/2025 00:00,paypal,925.92,success
PMT-10B281B34F,RES-53372FF0EF,12-02-2024 12:00 AM,credit_card,1658.88,pending
PMT-6DCE853D1A,RES-593C0BEDBE,10-23-2025 12:00 AM,debit_card,952.44,DECLINED
PMT-D455B058F1,RES-D324F2E2FC,2025-04-29 00:00:00,credit_card,1087.92,PENDING
PMT-737C97BF85,RES-CFFB7C6BD0,06/08/2024 00:00,cash,650.02,FAILED
PMT-D218E472A9,RES-BFAEB663A7,2024-01-12 00:00:00,bank_transfer,1302.81,Refunded
PMT-1C975EDF66,RES-00A2CAA2AD,12-13-2025 12:00 AM,bank_transfer,1692.36,Pending
PMT-82131DD376,RES-B83469E8A1,2024-09-26 00:00:00,bank_transfer,278.39,Pending
PMT-5C2043426C,RES-C2CFAE83E8,2025-06-01 00:00:00,bank_transfer,1150.87,Refunded
PMT-A64A27BBCA,RES-0BEC6C24EC,2026-05-23 00:00:00,paypal,1065.96,Pending
PMT-D68A4747C1,RES-F23D7F2418,09/09/2024 00:00,paypal,557.29,Pending
PMT-46331A330A,RES-F23D7F2418,2025-09-22 00:00:00,bank_transfer,97.51,REFUNDED
PMT-C88BEA7D87,RES-0BAD3AA186,11/03/2026 00:00,paypal,185.27,refunded
PMT-858FFD1237,RES-4385815D60,01-19-2026 12:00 AM,mobile_money,1544.21,paid
PMT-AD3DDB6492,RES-4385815D60,2024-01-19 00:00:00,credit_card,492.76,declined
PMT-E7C91FD82D,RES-8F064BE517,01-22-2025 12:00 AM,bank_transfer,,pending
PMT-F0B90F4E2C,RES-CD13ABA515,2025-07-23 00:00:00,cash,865.18,refunded
PMT-23C880DABE,RES-1CA3DB28F8,03-13-2025 12:00 AM,cash,116.89,FAILED
PMT-CE097441B6,RES-1CA3DB28F8,07/05/2025 00:00,cash,613.67,Pending
PMT-66C5E2ECD1,RES-1CA3DB28F8,,cash,401.58,pending
PMT-4CD94BDF30,RES-E3D6D62769,2024-04-08 00:00:00,debit_card,212.88,declined
PMT-ED2BD4E2D1,RES-FE34C29AB8,2024-07-23 00:00:00,mobile_money,582.8,refunded
PMT-63D65995AF,RES-1E14DF2826,2026-05-17 00:00:00,debit_card,787.01,refunded
PMT-EF1A4B2560,RES-1E14DF2826,2024-02-01 00:00:00,paypal,411.32,SUCCESS
PMT-4414E5A7EB,RES-1E14DF2826,04-04-2026 12:00 AM,cash,1501.37,PAID
PMT-6F81583964,RES-4F5B18C2E7,03-09-2025 12:00 AM,paypal,1769.94,declined
PMT-4C3E604815,RES-FFE5D8BA70,08-13-2024 12:00 AM,bank_transfer,1431.62,failed
PMT-93095914B2,RES-FFE5D8BA70,2024-12-06 00:00:00,cash,1357.66,FAILED
PMT-90AC6E589E,RES-FFE5D8BA70,23/04/2024 00:00,bank_transfer,753.54,DECLINED
PMT-55C0F61AC0,RES-DB66817F05,12/03/2026 00:00,paypal,1608.34,REFUNDED
PMT-3377AF5E03,RES-62C47D762B,06-16-2025 12:00 AM,cash,450.98,PENDING
PMT-94DB52B819,RES-8FAFFA3BC4,2024-04-01 00:00:00,paypal,1089.17,paid
PMT-E00229A41A,RES-5B1F35DBA8,04-06-2025 12:00 AM,bank_transfer,669.01,pending
PMT-85616685FD,RES-72266264CE,09-28-2024 12:00 AM,mobile_money,1383.71,pending
PMT-619D326887,RES-D7A73C9F71,08/04/2024 00:00,mobile_money,1043.58,refunded
PMT-2EC536107D,RES-03B1303049,15/01/2025 00:00,debit_card,877.69,Refunded
PMT-EFD7F04816,RES-0B9873DBC4,2026-02-18 00:00:00,debit_card,931.84,pending
PMT-0C0A60712D,RES-9B2BBD9447,19/06/2025 00:00,cash,1589.78,paid
PMT-C05C4C3DBB,RES-0B8FD6A69D,2026-03-09 00:00:00,bank_transfer,515.04,DECLINED
PMT-40F9F40F80,RES-0B8FD6A69D,01-23-2025 12:00 AM,paypal,1472.88,refunded
PMT-AFC4EFB615,RES-3A76BE0BB0,12/10/2024 00:00,credit_card,979.51,Failed
PMT-33F7B5FEF4,RES-EEFAB2D036,06-06-2024 12:00 AM,mobile_money,739.2,pending
PMT-85C4DC038B,RES-1963597230,11-03-2025 12:00 AM,debit_card,1141.46,pending
PMT-11BF2C92CB,RES-724EE5F534,2024-12-26 00:00:00,credit_card,1362.5,refunded
PMT-973053BECF,RES-40B2E838EC,28/01/2024 00:00,bank_transfer,115.15,Paid
PMT-D3743B4EE3,RES-048FCC2E2E,14/05/2026 00:00,cash,1027.69,Failed
PMT-1B54CA4861,RES-AD1C13A38D,2024-05-10 00:00:00,debit_card,726.11,PENDING
PMT-75C4C97AC6,RES-8E1553F2AD,12/05/2025 00:00,mobile_money,53.83,REFUNDED
PMT-0986D60D66,RES-D16F5ABDAC,19/03/2025 00:00,bank_transfer,833.85,Refunded
PMT-346A2F1A5B,RES-5564DAC3A8,10-06-2024 12:00 AM,cash,1279.89,pending
PMT-9DB1579101,RES-3598355A83,2025-11-15 00:00:00,credit_card,1184.09,PENDING
PMT-EF5210B4E1,RES-21F256D5EF,2025-04-03 00:00:00,mobile_money,591.59,PENDING
PMT-9D47132188,RES-21F256D5EF,2025-09-27 00:00:00,cash,1746.76,Pending
PMT-8EE07B8979,RES-E95D356310,10/01/2026 00:00,mobile_money,705.29,REFUNDED
PMT-BACC85E043,RES-171635DE88,2026-01-14 00:00:00,bank_transfer,930.33,pending
PMT-61A9A96E5A,RES-171635DE88,10-09-2025 12:00 AM,mobile_money,832.39,Pending
PMT-FDEA3EC112,RES-8BD2EF9368,2025-08-17 00:00:00,paypal,1158.28,Failed
PMT-98BF47589F,RES-CB272E2977,12-28-2024 12:00 AM,mobile_money,64.1,DECLINED
PMT-D575D32F39,RES-DC5B3B9099,30/12/2025 00:00,debit_card,1453.2,PENDING
PMT-800157B025,RES-4C19DE64A4,13/08/2025 00:00,paypal,299.21,REFUNDED
PMT-B0519BFE96,RES-4C19DE64A4,2024-11-15 00:00:00,credit_card,1629.64,refunded
PMT-AD08398C81,RES-C4E90C2307,10/06/2026 00:00,mobile_money,1264.31,SUCCESS
PMT-04FB3C5349,RES-202B83417E,2025-02-16 00:00:00,cash,821.66,declined
PMT-0807F36885,RES-E3E006F5A4,24/10/2025 00:00,bank_transfer,406.27,Pending
PMT-EA3EEE2D66,RES-23584BB357,01-25-2024 12:00 AM,paypal,89.77,REFUNDED
PMT-8FB0241C11,RES-8AD30D8B1E,2026-03-09 00:00:00,bank_transfer,675.67,paid
PMT-37B892843B,RES-F845B54AE1,2025-07-11 00:00:00,bank_transfer,1311.09,PENDING
PMT-A9B06A4270,RES-F845B54AE1,2026-03-03 00:00:00,credit_card,1658.45,Pending
PMT-5D48AE0AD2,RES-855820A7EC,04/01/2025 00:00,mobile_money,1641.2,FAILED
PMT-8A5ACD62B1,RES-DBE22794EA,14/10/2024 00:00,credit_card,282.16,Refunded
PMT-89694DB48F,RES-4B35DDB6FE,2026-02-14 00:00:00,paypal,1708.79,success
PMT-692BA74FB8,RES-0FEF13B17B,11-30-2025 12:00 AM,paypal,316.2,Paid
PMT-E6C878BCFB,RES-341FCFD155,2024-01-08 00:00:00,bank_transfer,962.48,pending
PMT-55388A14F5,RES-DE9E43314C,2024-12-16 00:00:00,debit_card,1536.12,Failed
PMT-48AAE6FDFC,RES-0FED568398,03-22-2026 12:00 AM,mobile_money,1169.7,FAILED
PMT-33C766CDE7,RES-00F221CD5F,26/06/2025 00:00,mobile_money,1282.57,Failed
PMT-0E77D61026,RES-F23AB5BAB6,18/09/2024 00:00,cash,675.34,refunded
PMT-E99FB199CC,RES-82BB54D7EE,08-14-2025 12:00 AM,debit_card,1386.03,FAILED
PMT-D8B4118CA0,RES-CD2ABA3268,26/05/2025 00:00,mobile_money,241.26,DECLINED
PMT-C1499A56C4,RES-B4D1D8A155,2025-04-11 00:00:00,cash,361.72,PENDING
PMT-E759E915AF,RES-42B5CDEF83,07/04/2026 00:00,debit_card,45.59,DECLINED
PMT-C37424F678,RES-11479D4BF2,10-05-2025 12:00 AM,cash,1621.1,REFUNDED
PMT-75F61AE959,RES-1051837756,05-20-2025 12:00 AM,bank_transfer,800.43,Failed
PMT-8A07FD4E55,RES-FD5524D4E1,15/01/2026 00:00,mobile_money,1580.69,REFUNDED
PMT-C9FD7FD651,RES-F92900D379,24/10/2024 00:00,cash,,DECLINED
PMT-11198C1B6D,RES-4DD79308F3,12/12/2025 00:00,bank_transfer,104.17,failed
PMT-E18FA3C674,RES-D376C1BEED,20/04/2026 00:00,mobile_money,365.72,refunded
PMT-724F97A75A,RES-38A825172E,2024-04-30 00:00:00,cash,936.16,Refunded
PMT-80E539074A,RES-38A825172E,04-27-2025 12:00 AM,debit_card,1527.63,paid
PMT-27FD18A4C8,RES-38A825172E,02-28-2026 12:00 AM,bank_transfer,1437.55,PENDING
PMT-A746C92D8D,RES-4443028CFC,2024-02-26 00:00:00,mobile_money,911.89,PENDING
PMT-D26C92D355,RES-2D07E462AC,04-28-2026 12:00 AM,debit_card,247.34,Pending
PMT-23587F0D73,RES-2D07E462AC,06-11-2024 12:00 AM,debit_card,1683.56,PENDING
PMT-302FD78A02,RES-2760455ABE,08-08-2024 12:00 AM,bank_transfer,193.75,FAILED
PMT-996880F901,RES-2760455ABE,10-11-2025 12:00 AM,bank_transfer,1101.29,pending
PMT-BAC12D4AD7,RES-9F644E458A,05-04-2024 12:00 AM,mobile_money,620.27,Failed
PMT-CFAA773714,RES-9E717A0D73,12-07-2025 12:00 AM,bank_transfer,1266.07,Paid
PMT-3D4B27DFED,RES-AA41969F09,2025-11-14 00:00:00,bank_transfer,1061.93,failed
PMT-57A35DA18C,RES-C4EF47A6C2,31/01/2024 00:00,credit_card,1267.83,Pending
PMT-78E334D4AE,RES-58B9826F93,2024-09-01 00:00:00,cash,286.97,pending
PMT-48F0248755,RES-4377397DAB,2024-04-21 00:00:00,bank_transfer,986.39,paid
PMT-39314F4706,RES-2E16D89FE4,03-15-2025 12:00 AM,paypal,1029.25,SUCCESS
PMT-B11DF5EB71,RES-9BAA25D9A1,18/05/2026 00:00,credit_card,134.86,DECLINED
PMT-6A185AC2C4,RES-9BAA25D9A1,09-10-2024 12:00 AM,cash,1422.66,refunded
PMT-BCE0704C69,RES-86F2DC96D4,03-19-2025 12:00 AM,paypal,616.27,pending
PMT-530A72D3E4,RES-B5593A2BB6,01/11/2025 00:00,cash,847.46,DECLINED
PMT-16262C023B,RES-0EE2BB37B4,01-17-2026 12:00 AM,mobile_money,1429.55,refunded
PMT-8999D4CBD9,RES-19EB93211D,2025-10-10 00:00:00,mobile_money,893.05,paid
PMT-7361DA9B9B,RES-5DBB91B01B,2024-09-12 00:00:00,debit_card,634.97,PENDING
PMT-C3BEDBD942,RES-517B82A3F0,2026-04-29 00:00:00,mobile_money,591.79,Paid
PMT-8643741657,RES-4FD936C6D0,2024-10-10 00:00:00,paypal,821.63,REFUNDED
PMT-2955AFE503,RES-14B2354D97,2025-05-21 00:00:00,cash,758.9,Refunded
PMT-86346B8078,RES-C203E5EC67,01-10-2025 12:00 AM,mobile_money,627.52,Paid
PMT-B35C7FB022,RES-84A98F401B,18/12/2024 00:00,paypal,138.87,pending
PMT-2C07828134,RES-3018DBE641,20/06/2025 00:00,debit_card,1704.45,PAID
PMT-C9A3E9D6F9,RES-52BF154AAA,04-09-2025 12:00 AM,debit_card,530.52,Paid
PMT-A03179DD06,RES-52BF154AAA,27/01/2025 00:00,mobile_money,1672.89,Refunded
PMT-B6D2CCF7B7,RES-20F2395F93,17/02/2024 00:00,paypal,1252.85,success
PMT-3BFF170F3C,RES-25AE637AFB,01-04-2026 12:00 AM,debit_card,,PENDING
PMT-4AC5540F78,RES-E57A0A25A3,02/07/2025 00:00,debit_card,1119.26,pending
PMT-0808B25E73,RES-23E0E44C17,07-14-2024 12:00 AM,paypal,1177.31,refunded
PMT-BDEF1B37EA,RES-23E0E44C17,02-22-2024 12:00 AM,cash,1344.69,paid
PMT-1C6322A340,RES-23E0E44C17,2025-03-26 00:00:00,mobile_money,1705.14,success
PMT-D19A8BEADC,RES-2BED06B0C7,23/05/2024 00:00,debit_card,1598.23,refunded
PMT-3CB995ADFA,RES-90D7F7A234,18/02/2024 00:00,debit_card,173.16,PENDING
PMT-88AC6D2C60,RES-F39841F2B4,26/08/2025 00:00,paypal,1719.33,failed
PMT-DA93D1E325,RES-0FDFADD4C2,25/02/2024 00:00,debit_card,300.73,declined
PMT-DA7C4C5924,RES-3D11EBD314,2024-07-02 00:00:00,paypal,893.52,pending
PMT-CB89DF17F4,RES-209CDF9E6A,08/06/2024 00:00,debit_card,972.53,REFUNDED
PMT-73269664D7,RES-EAA095834B,28/08/2024 00:00,debit_card,1402.06,failed
PMT-45EE2F356D,RES-6A2FF7AE60,01-14-2026 12:00 AM,mobile_money,842.36,DECLINED
PMT-B0476A6819,RES-93EA94D23B,11-12-2024 12:00 AM,cash,521.44,PENDING
PMT-35FEC63E99,RES-0FAB0380C1,27/11/2025 00:00,mobile_money,1494.08,refunded
PMT-F89DC3331A,RES-8B56C73B47,2025-07-13 00:00:00,credit_card,1372.83,declined
PMT-7FDC2E6037,RES-0B05403BFD,30/06/2024 00:00,debit_card,754.56,refunded
PMT-645A64DB8D,RES-045469E508,2024-12-22 00:00:00,bank_transfer,251.74,FAILED
PMT-128BFC2461,RES-C5E54D1D98,2025-08-01 00:00:00,debit_card,1270.67,PENDING
PMT-0C4C96DC43,RES-CE3182C70D,2024-09-02 00:00:00,paypal,1283.39,refunded
PMT-EED5838BFC,RES-DC201A399D,26/03/2026 00:00,cash,634.78,REFUNDED
PMT-75931691DC,RES-3E3A811BFC,09/12/2024 00:00,cash,287.04,pending
PMT-B7C622E858,RES-3E3A811BFC,2024-11-08 00:00:00,bank_transfer,1763.5,paid
PMT-8BE95BC378,RES-F966B2F1F8,17/10/2025 00:00,paypal,1623.94,failed
PMT-D882E0AA79,RES-D4E738D011,2025-04-15 00:00:00,cash,1275.11,Refunded
PMT-49F5C32DE6,RES-7222CE476F,04-23-2024 12:00 AM,debit_card,329.9,Failed
PMT-303DF3C22B,RES-BE573BA883,2025-06-06 00:00:00,mobile_money,918.29,success
PMT-7F1F3AEFF7,RES-E3B6711BB6,2025-03-10 00:00:00,debit_card,559.68,paid
PMT-47F2C80437,RES-247D3C1D0F,08-15-2025 12:00 AM,paypal,46.74,success
PMT-970E84C2DF,RES-E6D3D2E050,01/02/2026 00:00,debit_card,781.97,Paid
PMT-2C15CB7428,RES-626F0A9D14,14/02/2025 00:00,mobile_money,1514.3,FAILED
PMT-D50837E625,RES-616606CCDA,12-23-2025 12:00 AM,credit_card,1101.73,refunded
PMT-3BE001A6D4,RES-5422B03190,2025-10-08 00:00:00,credit_card,989.6,Pending
PMT-63ED5CB7B8,RES-6230C5415D,19/12/2025 00:00,bank_transfer,617.54,refunded
PMT-C7DBF3E83A,RES-CCB79AE1AC,02-10-2026 12:00 AM,paypal,1331.17,Failed
PMT-5882D75C09,RES-0CEB3C6F2A,03-26-2024 12:00 AM,bank_transfer,153.28,refunded
PMT-243896B465,RES-B6639C5F0A,09/06/2025 00:00,cash,1046.54,refunded
PMT-5A9C75B366,RES-781FA0B224,08/09/2024 00:00,debit_card,1027.45,pending
PMT-0461380CE3,RES-C80D328C26,28/12/2025 00:00,paypal,283.11,REFUNDED
PMT-8B719A2187,RES-0A33E9223C,2025-04-06 00:00:00,debit_card,1100.62,SUCCESS
PMT-84AA25703A,RES-E3EA2D5836,2025-04-14 00:00:00,bank_transfer,769.63,Paid
PMT-E5B82583B7,RES-6249A3A53F,01-16-2026 12:00 AM,mobile_money,1507.29,DECLINED
PMT-B07AAA50E3,RES-DAF9DCC3E7,2026-03-26 00:00:00,paypal,1166.1,PAID
PMT-FBE2218E44,RES-22FA11B1FD,2024-01-19 00:00:00,mobile_money,298.58,pending
PMT-BFE5A660C5,RES-284AB6DEB3,06-19-2026 12:00 AM,bank_transfer,1219.91,Refunded
PMT-DB7E1ACFF0,RES-3FE827AEA4,02-18-2024 12:00 AM,cash,904.42,refunded
PMT-7FC45B828E,RES-C0A11C0506,11-01-2025 12:00 AM,debit_card,885.69,Paid
PMT-AD0C4F6B3C,RES-83CEE2FC44,02-17-2024 12:00 AM,credit_card,664.79,declined
PMT-2CE1CFD6F1,RES-AC7EA9E053,2026-05-07 00:00:00,cash,1338.76,REFUNDED
PMT-1B586A43A0,RES-A30FF63071,08-23-2025 12:00 AM,debit_card,826.63,declined
PMT-651097BAA9,RES-8077C737C5,19/09/2024 00:00,paypal,105.82,Paid
PMT-664AFE0A8C,RES-799973FBB8,2024-07-18 00:00:00,credit_card,1384.01,PENDING
PMT-79A94AA334,RES-8332009AB5,16/05/2026 00:00,cash,847.1,DECLINED
PMT-B400A33739,RES-F634720A7D,2024-06-28 00:00:00,bank_transfer,974.35,Refunded
PMT-165B03358A,RES-96F3AC3123,02/05/2024 00:00,bank_transfer,1709.31,PENDING
PMT-47492FD619,RES-2B3AE306FF,06-04-2025 12:00 AM,credit_card,1436.01,PENDING
PMT-FD0B89A6A1,RES-2B3AE306FF,04-14-2025 12:00 AM,credit_card,960.88,SUCCESS
PMT-1114D15E0C,RES-2B3AE306FF,08/05/2024 00:00,credit_card,1507.81,Refunded
PMT-DDCDDC86DA,RES-24D79EFDDF,09-05-2025 12:00 AM,bank_transfer,153.37,DECLINED
PMT-36287B47E9,RES-C92399F401,2026-04-09 00:00:00,cash,656.03,Failed
PMT-94D049EE36,RES-0050F629BD,02-26-2026 12:00 AM,cash,155.03,Pending
PMT-C3E639E988,RES-09A5A32E98,23/10/2024 00:00,bank_transfer,760.75,PENDING
PMT-E4CB9A568C,RES-97EBBB8500,2024-07-28 00:00:00,cash,109.06,pending
PMT-8BB9647663,RES-C01C473E08,07-16-2024 12:00 AM,mobile_money,272.61,declined
PMT-06B79626CC,RES-C01C473E08,15/05/2025 00:00,credit_card,1121.17,refunded
PMT-13D2B9E8DC,RES-5539D81E70,01-05-2026 12:00 AM,mobile_money,535.98,success
PMT-72B53FC102,RES-1D3CBD537C,05-21-2026 12:00 AM,debit_card,746.04,success
PMT-C3AF8EE9D8,RES-7270EB4722,09-21-2025 12:00 AM,debit_card,450.44,declined
PMT-A7D562BB5D,RES-FD11446A65,2025-01-12 00:00:00,mobile_money,881.42,failed
PMT-5D7D38A3FF,RES-19D4D635DC,2024-11-13 00:00:00,mobile_money,453.94,refunded
PMT-A14BE614BA,RES-63D1087C69,2024-04-12 00:00:00,bank_transfer,1314.53,REFUNDED
PMT-1434C7F01A,RES-04D271496E,06-29-2024 12:00 AM,debit_card,1047.9,Refunded
PMT-5470DADBAD,RES-3F364E0EE2,16/04/2024 00:00,mobile_money,1006.49,Pending
PMT-371FC058BB,RES-E311205F6A,10-21-2024 12:00 AM,mobile_money,1289.6,REFUNDED
PMT-E548859AC5,RES-5D62763EDB,06-13-2024 12:00 AM,bank_transfer,849.7,Pending
PMT-92C5DDC30C,RES-FD412BDE35,05-12-2025 12:00 AM,credit_card,685.72,declined
PMT-E49B50CD81,RES-1DA86F9DF4,07-08-2025 12:00 AM,credit_card,122.76,PAID
PMT-D4E3DF0F13,RES-886E650868,07-29-2025 12:00 AM,paypal,439.2,Failed
PMT-F29E598FED,RES-7B75DB5F26,17/02/2026 00:00,paypal,891.93,PENDING
PMT-71AB3945DD,RES-D8F3F48D0E,27/04/2025 00:00,paypal,237.43,paid
PMT-6D21F25EF8,RES-22E705519F,20/10/2025 00:00,credit_card,641.43,PAID
PMT-0408526D05,RES-EEB324F7F6,12/11/2025 00:00,mobile_money,740.56,SUCCESS
PMT-F70C76B703,RES-E4ED6EC23E,10-06-2025 12:00 AM,paypal,650.83,Paid
PMT-0D237CE169,RES-5C9D72C178,06-30-2024 12:00 AM,paypal,867.67,pending
PMT-416FDE7E68,RES-8DBB49F87F,05-21-2025 12:00 AM,paypal,235.94,PENDING
PMT-1FB5C8E40C,RES-FABE6FFA42,08-09-2025 12:00 AM,mobile_money,721.98,Refunded
PMT-3035330C80,RES-5B3AE4BFF8,29/07/2025 00:00,paypal,1550.73,pending
PMT-0D1AEAC3C3,RES-C56D2D9779,06-03-2026 12:00 AM,cash,1376.24,Refunded
PMT-3BDC98CF06,RES-C1812F72DA,27/03/2024 00:00,mobile_money,902.36,Pending
PMT-065B7DA0AE,RES-596D7A76D8,04/08/2025 00:00,credit_card,238.67,PAID
PMT-77321AABB6,RES-06D8637DCA,01-14-2026 12:00 AM,cash,773.67,failed
PMT-BD0F40B4AF,RES-637FB0F6AF,2025-05-31 00:00:00,mobile_money,1608.32,DECLINED
PMT-30ED27FF76,RES-53577E88CD,2026-03-08 00:00:00,cash,1023.43,failed
PMT-6CEBD1B5BE,RES-77FCCF2C5B,10/11/2024 00:00,bank_transfer,1419.45,success
PMT-829798E8A7,RES-77FCCF2C5B,04-10-2024 12:00 AM,mobile_money,305.28,paid
PMT-D928C58B35,RES-02D5040649,11-09-2025 12:00 AM,mobile_money,925.8,Pending
PMT-93DF287743,RES-2332890B1F,2024-01-16 00:00:00,debit_card,1065.17,Paid
PMT-B91746E43D,RES-554E239D22,27/04/2025 00:00,cash,61.03,failed
PMT-E3151F51FA,RES-C913B62C74,2025-07-21 00:00:00,paypal,433.34,REFUNDED
PMT-A10189CBED,RES-5D9AFBCBBD,10-04-2024 12:00 AM,debit_card,447.53,DECLINED
PMT-4739F4ABC0,RES-4039540DF4,04/12/2025 00:00,credit_card,756.4,Pending
PMT-FF75BA781E,RES-8F947DA647,05-28-2024 12:00 AM,mobile_money,933.85,SUCCESS
PMT-274631307E,RES-077AED5880,25/05/2024 00:00,credit_card,168.4,REFUNDED
PMT-7BA80D658D,RES-DE5538F3B4,28/11/2024 00:00,paypal,1562.23,refunded
PMT-7F60CDD790,RES-2E927BDFE9,18/04/2024 00:00,mobile_money,962.09,PENDING
PMT-B674398902,RES-4FED16F33E,10-03-2025 12:00 AM,paypal,535.66,DECLINED
PMT-438AF93A03,RES-41B2169D54,05/05/2024 00:00,debit_card,1385.41,pending
PMT-ACC00ADDBA,RES-5F24814AF3,2024-05-13 00:00:00,credit_card,1596.96,refunded
PMT-922ABFA6A8,RES-F73A82EECC,12-26-2024 12:00 AM,mobile_money,741.58,refunded
PMT-8BEFED3FEB,RES-E70F6596B2,03-15-2025 12:00 AM,debit_card,1522.36,declined
PMT-9E6710A88F,RES-EC3B161493,07-15-2024 12:00 AM,credit_card,1298.48,failed
PMT-7104B90331,RES-994F041B50,29/04/2024 00:00,mobile_money,153.35,DECLINED
PMT-8BA52EFCA8,RES-3874A84CA7,09/06/2026 00:00,credit_card,1370.4,Pending
PMT-96EBD64B3C,RES-FF39307CFC,07/01/2025 00:00,debit_card,349.7,Pending
PMT-F057A967C1,RES-B5E5BF53A7,04-08-2026 12:00 AM,bank_transfer,1628.51,Failed
PMT-483C032972,RES-E5FBBDF279,12-25-2025 12:00 AM,mobile_money,1119.15,PENDING
PMT-C15D19D53D,RES-F2ADC0B02A,2026-01-12 00:00:00,cash,1347.87,PENDING
PMT-B73F7DD47E,RES-9712DAF39C,11-24-2025 12:00 AM,bank_transfer,880.17,refunded
PMT-B3B2746B39,RES-E856857442,2025-02-28 00:00:00,paypal,,Failed
PMT-995AD21A1C,RES-A7FB5A24F1,11-15-2025 12:00 AM,credit_card,876.99,Refunded
PMT-6A7E9DB1BD,RES-4D8F44DECC,25/08/2024 00:00,debit_card,1766.28,PENDING
PMT-2D875D2BAD,RES-101DA1B0EE,11-27-2025 12:00 AM,paypal,1123.93,Pending
PMT-889FE00E28,RES-828B164012,06/08/2024 00:00,credit_card,1009.57,REFUNDED
PMT-E741CCAD83,RES-7DDBC7E468,30/03/2025 00:00,paypal,444.18,Failed
PMT-C43CFD6C74,RES-1242DD86EF,,mobile_money,1088.09,pending
PMT-2FFF2DA81D,RES-5CA74B23C9,2024-05-05 00:00:00,bank_transfer,464.3,PAID
PMT-DBA0403C0C,RES-5CA74B23C9,2025-11-17 00:00:00,cash,234.71,Refunded
PMT-FAA2A8FB74,RES-A198B97FD0,19/02/2024 00:00,cash,1542.76,PAID
PMT-6DCA4108DA,RES-0D7EEB5133,2026-05-14 00:00:00,bank_transfer,1344.54,paid
PMT-97855161BC,RES-44D971B25C,,credit_card,1645.95,refunded
PMT-F8976C04EC,RES-35E8316066,03-11-2024 12:00 AM,bank_transfer,773.98,declined
PMT-5D81F3ADFB,RES-CC32FE4566,04/02/2026 00:00,credit_card,135.11,Refunded
PMT-7C4B0E8A57,RES-7C0E1F2D07,18/02/2026 00:00,cash,778.94,SUCCESS
PMT-A82514E723,RES-3DC51D946E,2025-10-05 00:00:00,cash,453.9,FAILED
PMT-FF0330BF0D,RES-D9C4A9F160,04-01-2026 12:00 AM,debit_card,1791.6,success
PMT-205F8AF195,RES-EEC7EE002D,2024-06-23 00:00:00,bank_transfer,1074.46,PENDING
PMT-AEEC4994CE,RES-D08A5C07E7,10/01/2025 00:00,mobile_money,413.91,PENDING
PMT-42984D2395,RES-BF3B8264F9,29/01/2024 00:00,bank_transfer,1761.52,refunded
PMT-E83976D6C9,RES-E365D59993,16/06/2024 00:00,bank_transfer,1621.52,REFUNDED
PMT-C0E9BA7E8D,RES-AD65858197,23/09/2025 00:00,debit_card,942.91,refunded
PMT-512B30B903,RES-77CFA124BC,09/11/2024 00:00,paypal,1290.39,REFUNDED
PMT-DAA05C83B1,RES-228D411EA4,08-21-2024 12:00 AM,debit_card,668.67,Refunded
PMT-628637ABD6,RES-2AD3B8FEAF,01-21-2025 12:00 AM,credit_card,1031.52,Refunded
PMT-AAFF304977,RES-D8FF7CDF2F,2024-08-23 00:00:00,cash,917.4,Refunded
PMT-0E0DE00EEC,RES-C53B83D64F,2024-08-15 00:00:00,bank_transfer,626.3,Refunded
PMT-6F2AABE441,RES-DB983C612A,11-09-2024 12:00 AM,paypal,1706.93,SUCCESS
PMT-CEC12EC27F,RES-4DE85107D3,12/02/2025 00:00,mobile_money,477.54,SUCCESS
PMT-F9FDA93F63,RES-055B5570C7,16/09/2025 00:00,mobile_money,616.62,success
PMT-4A9AE52C45,RES-C00D921075,09-24-2025 12:00 AM,bank_transfer,1465.06,refunded
PMT-AC7B74989D,RES-D4184913B1,05/01/2026 00:00,mobile_money,1484.11,Refunded
PMT-687E8A87D1,RES-37E7C74F20,2026-05-14 00:00:00,paypal,1321.49,PENDING
PMT-EAA91710A3,RES-FE8212AB1D,2026-03-28 00:00:00,paypal,863.96,pending
PMT-9B3C8A1666,RES-CF58335533,2025-09-04 00:00:00,bank_transfer,263.71,refunded
PMT-8F4B721101,RES-392C45EA47,04-26-2024 12:00 AM,mobile_money,994.79,Pending
PMT-BFAC8AA100,RES-F21C63016B,18/07/2024 00:00,cash,1759.02,success
PMT-A944C44822,RES-D1C0A432C4,10-12-2025 12:00 AM,debit_card,265.07,pending
PMT-67FD693792,RES-F942C3F88C,22/12/2025 00:00,cash,240.25,pending
PMT-8097B9939F,RES-726307D74B,2024-10-11 00:00:00,mobile_money,730.64,PAID
PMT-D7319D6CBB,RES-D1011953B8,2024-01-21 00:00:00,debit_card,1152.97,PENDING
PMT-663162F06B,RES-1EC1F468D2,29/07/2025 00:00,mobile_money,744.7,success
PMT-5D18A09416,RES-8BDA53012D,2026-04-14 00:00:00,bank_transfer,480.15,SUCCESS
PMT-E5F9E921E2,RES-C3AA053392,26/03/2026 00:00,debit_card,1530.84,refunded
PMT-7A604F2A7C,RES-CF1E3AE34B,2024-06-01 00:00:00,paypal,773.46,REFUNDED
PMT-C1357B95F7,RES-3A8BF904BB,10-17-2025 12:00 AM,debit_card,302.54,Pending
PMT-0B88A0A93F,RES-1312CF9E75,07-29-2024 12:00 AM,bank_transfer,631.37,declined
PMT-E5588ACBB4,RES-276BB184B0,21/06/2025 00:00,mobile_money,613.75,Refunded
PMT-40B42B1679,RES-86B7204311,2024-06-05 00:00:00,debit_card,755.58,Pending
PMT-EF96CEB268,RES-EFE226B148,02/01/2026 00:00,credit_card,291.12,pending
PMT-CB6AD9D908,RES-80259C1A67,11/02/2024 00:00,credit_card,717.62,PENDING
PMT-4DA2E89A74,RES-EAC2986234,21/04/2025 00:00,debit_card,101.73,FAILED
PMT-87ABDD2886,RES-B70C4B3500,2024-08-03 00:00:00,credit_card,185.78,failed
PMT-297CD2D072,RES-E8FBB96D15,2024-08-15 00:00:00,paypal,529.14,paid
PMT-D4CE2C89D6,RES-1CCA8F0E12,01/02/2025 00:00,cash,958.01,failed
PMT-1F71CFFAC7,RES-4D29ED63F0,,mobile_money,987.7,refunded
PMT-8A425242B7,RES-5EB6A57D15,09-02-2024 12:00 AM,credit_card,221.93,REFUNDED
PMT-F7851A2D51,RES-3608F86403,01-12-2026 12:00 AM,credit_card,1193.23,pending
PMT-CD054843A7,RES-DA3D470716,03-25-2025 12:00 AM,paypal,329.19,pending
PMT-1294C22CC4,RES-7C4C9942E0,02-20-2024 12:00 AM,credit_card,1580.97,REFUNDED
PMT-57D4AF89A5,RES-4FD39C905B,2024-08-16 00:00:00,debit_card,1101.49,Refunded
PMT-517D459C6F,RES-B48E95441D,04/06/2026 00:00,cash,1188.72,FAILED
PMT-97E0F21A15,RES-294F755867,2024-10-01 00:00:00,bank_transfer,566.51,success
PMT-EBC766E85F,RES-4D33E3BF6B,16/02/2024 00:00,bank_transfer,571.55,refunded
PMT-8CAF681E77,RES-5D5735AFFE,2025-08-02 00:00:00,paypal,1567.77,REFUNDED
PMT-54EA640ADD,RES-5D5735AFFE,2024-11-09 00:00:00,cash,1436.38,refunded
PMT-D5453B1FB8,RES-5D5735AFFE,08-31-2024 12:00 AM,credit_card,326.77,Refunded
PMT-DB0A625F5A,RES-2A3FC292A4,19/11/2024 00:00,debit_card,1119.19,DECLINED
PMT-64F48F0FC0,RES-2A3FC292A4,02-29-2024 12:00 AM,cash,159.1,Paid
PMT-A8C5BA7609,RES-E8F0236965,09-06-2025 12:00 AM,paypal,855.16,SUCCESS
PMT-58F58E7B55,RES-0E030D5B79,2025-10-20 00:00:00,paypal,,pending
PMT-A2CD9610A6,RES-C80A13E18C,01/03/2026 00:00,debit_card,60.13,Failed
PMT-DA0729C44D,RES-1655DFD232,01/11/2025 00:00,mobile_money,1026.63,PENDING
PMT-08A4389427,RES-9CA45F08F6,09/12/2024 00:00,paypal,1211.0,FAILED
PMT-38D52868F0,RES-4224DC7261,05-19-2025 12:00 AM,cash,1149.2,Failed
PMT-5ECE78CF98,RES-4224DC7261,15/01/2024 00:00,paypal,1776.91,DECLINED
PMT-3FBD65CE77,RES-28A662ECFD,23/06/2025 00:00,cash,1591.05,REFUNDED
PMT-0DD3559E87,RES-0CB5A22615,24/12/2024 00:00,debit_card,1483.36,REFUNDED
PMT-8AD8522718,RES-0CB5A22615,2025-01-31 00:00:00,paypal,1075.0,PENDING
PMT-BC940A3D4F,RES-144019D7DB,,cash,288.16,pending
PMT-51451011C6,RES-6DC61E23F1,09/08/2024 00:00,bank_transfer,1422.96,DECLINED
PMT-251DF44B1D,RES-DFD9E9135A,05-30-2024 12:00 AM,bank_transfer,216.79,REFUNDED
PMT-B9D09FE85D,RES-055EEF4C91,08-26-2025 12:00 AM,mobile_money,810.65,declined
PMT-223527E2DB,RES-8F6D8E817E,21/05/2026 00:00,bank_transfer,1359.71,FAILED
PMT-E1E4221B1D,RES-4A1D1AF859,2025-05-16 00:00:00,paypal,1793.88,Failed
PMT-B3B4E087D6,RES-5387F30E92,05-14-2026 12:00 AM,credit_card,1739.75,FAILED
PMT-1E90EACB83,RES-5D82B24F36,2026-05-30 00:00:00,mobile_money,206.52,Pending
PMT-86B7D54F2C,RES-877769C060,10-23-2024 12:00 AM,paypal,1410.13,declined
PMT-17D6E57E77,RES-C13DEA882D,24/06/2024 00:00,credit_card,1060.99,Pending
PMT-75691AA532,RES-C13DEA882D,05-22-2024 12:00 AM,paypal,286.17,REFUNDED
PMT-CD25B0D7C0,RES-0AE45A5659,2025-11-07 00:00:00,paypal,529.0,failed
PMT-151BAA65FF,RES-4909BBEC34,08-22-2025 12:00 AM,mobile_money,643.68,REFUNDED
PMT-BEB3E82C03,RES-5850BDD6D4,2025-02-16 00:00:00,credit_card,477.58,Paid
PMT-EE33C1069A,RES-85D9B9AA47,2025-04-24 00:00:00,cash,570.66,Pending
PMT-C12391C968,RES-40BCD75259,01-27-2026 12:00 AM,credit_card,747.04,FAILED
PMT-7667BA192A,RES-931C941A67,07/01/2026 00:00,debit_card,844.74,pending
PMT-449DFA4316,RES-27B25D4451,2025-05-08 00:00:00,mobile_money,918.03,REFUNDED
PMT-03436BAACC,RES-7D511BD0C2,2026-01-24 00:00:00,cash,384.75,declined
PMT-B44F05A4A7,RES-C05C976737,2024-07-10 00:00:00,credit_card,1041.19,pending
PMT-656DF38E6E,RES-C05C976737,03-02-2026 12:00 AM,mobile_money,1591.15,PAID
PMT-B1F7B1444E,RES-4F28334B14,2024-11-05 00:00:00,bank_transfer,777.91,refunded
PMT-C1115059A0,RES-E202596B03,06-02-2024 12:00 AM,paypal,1571.39,REFUNDED
PMT-0AD05C1344,RES-32D66E530A,2025-07-01 00:00:00,debit_card,1173.01,success
PMT-9A1B7E8D83,RES-32D66E530A,19/03/2024 00:00,bank_transfer,1493.94,Pending
PMT-C0F29A6BBE,RES-E923A3393B,23/04/2024 00:00,mobile_money,707.86,Pending
PMT-8A968DEFA4,RES-FAD48289CC,15/05/2025 00:00,cash,1514.6,REFUNDED
PMT-7BE292F202,RES-13BAEEC755,18/01/2025 00:00,cash,1037.55,PAID
PMT-7BEFFCA2DA,RES-75F37FA107,03/06/2026 00:00,bank_transfer,699.34,PENDING
PMT-7F41605CE2,RES-274949E614,06-22-2025 12:00 AM,paypal,1600.17,SUCCESS
PMT-F064F258A6,RES-02B3137F43,2024-01-06 00:00:00,debit_card,851.29,failed
PMT-A7660913E6,RES-2E4EFC0AB1,29/09/2025 00:00,cash,1448.54,paid
PMT-FA06E65A32,RES-6D3D063DD5,2025-10-21 00:00:00,mobile_money,1227.29,refunded
PMT-5D919BEDC9,RES-6D3D063DD5,2026-02-03 00:00:00,bank_transfer,1793.48,paid
PMT-53DF94C016,RES-A97A5CB1F0,27/11/2025 00:00,mobile_money,815.31,Failed
PMT-861C20590D,RES-5726D0FE1F,08/03/2026 00:00,cash,177.58,PENDING
PMT-8278A0C1D4,RES-58B66B7AA3,05/09/2025 00:00,debit_card,1467.45,success
PMT-A2512DAA11,RES-147ECEBC69,2025-02-02 00:00:00,bank_transfer,1035.88,FAILED
PMT-60F4D8D4EE,RES-5385D3BF2E,2024-07-16 00:00:00,debit_card,1588.86,Failed
PMT-9967A1CFAC,RES-879231CBA7,17/06/2025 00:00,debit_card,1798.08,SUCCESS
PMT-FE5F17EC8A,RES-A838EFA4D5,12-18-2025 12:00 AM,paypal,181.95,Failed
PMT-563F3A75F3,RES-825DDAC14D,,bank_transfer,83.81,PENDING
PMT-8892321F49,RES-9E13FC2200,03-23-2025 12:00 AM,credit_card,1068.5,PAID
PMT-F9B53840F3,RES-406FF130ED,01-17-2024 12:00 AM,paypal,1303.27,paid
PMT-BD2EFF24E5,RES-A3A563DFD1,2024-11-12 00:00:00,debit_card,1314.49,FAILED
PMT-83776C8A9A,RES-82820FE4E9,16/03/2026 00:00,mobile_money,732.3,Pending
PMT-7F0422FE17,RES-020B373B50,2025-01-21 00:00:00,debit_card,454.0,FAILED
PMT-5714E26325,RES-E603575C14,21/07/2024 00:00,bank_transfer,,refunded
PMT-5A259F5909,RES-D1B94D3BF0,12/06/2024 00:00,debit_card,1170.37,pending
PMT-0236D9FFFD,RES-A97568F115,2026-03-14 00:00:00,debit_card,1529.8,failed
PMT-6DD365936F,RES-9C3C546F04,14/01/2026 00:00,credit_card,1453.32,Refunded
PMT-EED8291EEB,RES-41EAC486FA,2024-04-11 00:00:00,paypal,1310.74,failed
PMT-A91F75FCE1,RES-41EAC486FA,03-10-2025 12:00 AM,bank_transfer,1535.07,pending
PMT-6998D7B319,RES-41EAC486FA,31/07/2024 00:00,credit_card,1749.9,Paid
PMT-AD862A06C4,RES-535CC87607,28/09/2025 00:00,bank_transfer,563.53,Refunded
PMT-762625679E,RES-F76DFB35D2,03/07/2024 00:00,bank_transfer,1530.36,pending
PMT-2199E3439B,RES-C6D4816C99,02-16-2026 12:00 AM,paypal,1039.03,refunded
PMT-D201062ECE,RES-37ABD6A30D,2024-07-09 00:00:00,bank_transfer,1558.27,refunded
PMT-B0C50E41C4,RES-98122E7E39,2024-05-15 00:00:00,bank_transfer,1534.36,SUCCESS
PMT-2A73AF673C,RES-911CEA5E42,24/09/2024 00:00,credit_card,938.29,paid
PMT-AD9AC0861C,RES-F35E4A417B,08-28-2025 12:00 AM,cash,1108.87,SUCCESS
PMT-CCFC97258F,RES-8EA972AEB0,05-28-2024 12:00 AM,debit_card,303.2,Paid
PMT-720420BE4D,RES-8EA972AEB0,2024-02-25 00:00:00,paypal,1734.02,failed
PMT-744EC5260A,RES-8EA972AEB0,23/12/2024 00:00,paypal,1092.72,Paid
PMT-1788F7301E,RES-CFC6C39870,05-31-2025 12:00 AM,paypal,48.45,REFUNDED
PMT-07554D0B0C,RES-09ABFC4551,2024-10-03 00:00:00,paypal,289.08,FAILED
PMT-4399871E00,RES-77F86268AD,,bank_transfer,1243.04,refunded
PMT-2B81D0B84F,RES-77F86268AD,07/03/2026 00:00,paypal,852.67,PAID
PMT-6910D761B1,RES-B0985C3504,01-06-2026 12:00 AM,mobile_money,338.57,DECLINED
PMT-4FC625596F,RES-57A1142BA0,2026-01-25 00:00:00,paypal,472.27,Failed
PMT-F92415E0CC,RES-9C589624DF,06/05/2026 00:00,credit_card,858.89,PENDING
PMT-B94A5BA53D,RES-055C4A603F,07-25-2025 12:00 AM,paypal,1737.43,success
PMT-094122B077,RES-AA2F3F6748,2026-02-12 00:00:00,debit_card,651.41,REFUNDED
PMT-0AE9A80839,RES-CB48533A67,09/09/2025 00:00,cash,72.79,PENDING
PMT-F88BD1812D,RES-E37D5704F5,2025-05-01 00:00:00,cash,1563.81,REFUNDED
PMT-951175801A,RES-A5E8D64732,03-16-2026 12:00 AM,mobile_money,515.89,SUCCESS
PMT-8E2684C490,RES-1BEA2F4559,2024-06-02 00:00:00,debit_card,574.49,REFUNDED
PMT-04C6B9104B,RES-B7231A12ED,03-20-2024 12:00 AM,debit_card,1172.64,Paid
PMT-0C58842D84,RES-9586A7AE9C,04-01-2026 12:00 AM,mobile_money,1781.16,failed
PMT-6487029740,RES-2D8A8B49A6,28/10/2025 00:00,bank_transfer,1118.07,Pending
PMT-DD4E5DD017,RES-126E8476F5,04-09-2026 12:00 AM,mobile_money,660.79,PENDING
PMT-1206D11414,RES-FC256C9DC9,29/06/2024 00:00,mobile_money,335.65,Refunded
PMT-2A96B667A9,RES-8FDFFFB98D,2024-07-11 00:00:00,bank_transfer,944.31,Refunded
PMT-9FA2DFADB7,RES-3798819F4A,2024-08-16 00:00:00,paypal,738.41,failed
PMT-430AB7A5E7,RES-4AB73F3899,24/02/2025 00:00,debit_card,378.13,pending
PMT-AA21EB28FF,RES-5075B17EB0,15/05/2026 00:00,paypal,1197.95,Refunded
PMT-5D3299D5A1,RES-354A280EF7,04-23-2026 12:00 AM,debit_card,1386.29,Pending
PMT-411CCB332F,RES-9E311B4038,09/10/2025 00:00,paypal,873.75,Refunded
PMT-443CE8F806,RES-C78EE8C167,07-18-2024 12:00 AM,paypal,1599.85,paid
PMT-0B3B0308E2,RES-233A97FBBF,2026-01-13 00:00:00,mobile_money,889.27,SUCCESS
PMT-1B7BBCE673,RES-F453809C6B,2026-06-18 00:00:00,debit_card,195.68,paid
PMT-D22FF78C64,RES-F453809C6B,11-27-2025 12:00 AM,mobile_money,1717.77,Failed
PMT-07FD0514AC,RES-231FBF454D,12-07-2025 12:00 AM,bank_transfer,468.88,failed
PMT-BD0BEE80FC,RES-3189E75238,01-30-2025 12:00 AM,credit_card,1111.19,Paid
PMT-8E8A2C6D73,RES-0DA8CBF63D,30/07/2025 00:00,cash,789.65,REFUNDED
PMT-CA66E84025,RES-0EC3D51A33,05-22-2025 12:00 AM,debit_card,275.57,SUCCESS
PMT-577959DB78,RES-BC098BF6A0,2024-08-02 00:00:00,paypal,248.6,refunded
PMT-B2D66FBF4D,RES-334FC2AC06,2024-05-19 00:00:00,debit_card,1637.19,Refunded
PMT-28F56F857C,RES-3EB1471805,04/10/2024 00:00,mobile_money,818.76,DECLINED
PMT-5F2634587B,RES-E69A3410F1,2025-07-18 00:00:00,cash,259.14,REFUNDED
PMT-8CF6021AC1,RES-917D7730DA,2025-11-08 00:00:00,credit_card,1506.39,success
PMT-BF3F15A511,RES-68C93D56C7,07/02/2024 00:00,bank_transfer,1013.73,Refunded
PMT-3A77AAF732,RES-D957DE0894,,mobile_money,970.59,PAID
PMT-5F2A815C8C,RES-EFAC62F86D,12/01/2026 00:00,credit_card,1077.94,Refunded
PMT-F6B83FF1C7,RES-EFAC62F86D,2026-05-20 00:00:00,bank_transfer,1441.21,Paid
PMT-B65AFEF4BE,RES-848EBA3270,2026-03-03 00:00:00,cash,1207.29,Pending
PMT-C7E7CE4745,RES-9FA7D3F062,04-05-2024 12:00 AM,cash,1645.4,Refunded
PMT-C8E1A93D1C,RES-5F99A5429D,2026-04-30 00:00:00,bank_transfer,1254.11,Paid
PMT-BBCF529331,RES-4636A2D3A4,06-14-2024 12:00 AM,credit_card,255.31,paid
PMT-7A806592F6,RES-4636A2D3A4,01-22-2024 12:00 AM,cash,1375.92,pending
PMT-C53C87445C,RES-4636A2D3A4,01-09-2026 12:00 AM,cash,1159.19,success
PMT-C83F17A346,RES-0A58F299DE,24/12/2025 00:00,debit_card,1466.38,PENDING
PMT-C34352DAB3,RES-0A58F299DE,11-14-2025 12:00 AM,paypal,1527.1,Failed
PMT-6F844F8123,RES-0A58F299DE,07-26-2025 12:00 AM,cash,1534.32,SUCCESS
PMT-4A1BDA2173,RES-FA92632571,03-22-2024 12:00 AM,paypal,805.15,Paid
PMT-90810E4CAC,RES-B2D57657DB,07-27-2025 12:00 AM,mobile_money,359.5,PENDING
PMT-85432499EE,RES-911ABA54D8,01/06/2024 00:00,cash,1307.56,Pending
PMT-0C8BBBAF67,RES-940BA6DD5B,06-16-2024 12:00 AM,mobile_money,1093.23,failed
PMT-B4D5E99F28,RES-D07A84B4A6,30/01/2025 00:00,bank_transfer,585.9,success
PMT-03F4FC0128,RES-667DF41D11,01-03-2024 12:00 AM,credit_card,1561.56,paid
PMT-9B02BCDE3D,RES-C5813AC090,04-30-2025 12:00 AM,debit_card,1030.97,Refunded
PMT-A36870E0AB,RES-CE631AFA22,2025-11-06 00:00:00,paypal,991.27,PAID
PMT-6D7BC49731,RES-20D02D0707,22/08/2024 00:00,credit_card,758.04,Paid
PMT-23140B86D2,RES-EAE9632294,2025-08-27 00:00:00,bank_transfer,422.59,success
PMT-2567894DC9,RES-71EB7C16AA,07-08-2025 12:00 AM,mobile_money,1340.55,declined
PMT-204A806182,RES-A1E55816BA,2024-02-12 00:00:00,bank_transfer,1745.12,Failed
PMT-2ACD0D15A3,RES-FF628CFBD4,10/01/2025 00:00,mobile_money,473.82,Pending
PMT-3C2315BBA6,RES-A431D8E314,2024-06-14 00:00:00,credit_card,465.8,declined
PMT-9C21EBC1AA,RES-A431D8E314,13/10/2024 00:00,bank_transfer,977.13,PENDING
PMT-6B2448573A,RES-5AAB665FF2,,credit_card,1144.52,paid
PMT-A8DC5D03B9,RES-F3E7161A86,10-17-2025 12:00 AM,mobile_money,304.53,success
PMT-ECEB66E9DE,RES-1107C92BBD,04/08/2024 00:00,bank_transfer,866.95,PAID
PMT-BD5F20A1F9,RES-EBC895119F,01-05-2025 12:00 AM,credit_card,213.01,Pending
PMT-ABFC11FEC4,RES-5D0574ADC1,2024-08-22 00:00:00,credit_card,443.4,refunded
PMT-F4ED09105C,RES-D5D9464420,2024-01-12 00:00:00,paypal,692.28,SUCCESS
PMT-1C1C04016E,RES-8AF76249E1,15/06/2024 00:00,debit_card,327.57,Failed
PMT-1B24778668,RES-3911F5C67E,04-14-2024 12:00 AM,cash,1323.21,paid
PMT-D136DB7745,RES-CA493D4BAE,04-09-2024 12:00 AM,bank_transfer,1309.01,REFUNDED
PMT-D6EEAC9412,RES-EC0F209ADB,2025-11-20 00:00:00,paypal,137.46,SUCCESS
PMT-6F1C9900CA,RES-1A5CE8E7B7,04/01/2026 00:00,cash,1510.43,refunded
PMT-64D353EA49,RES-E8DB42CEA6,25/09/2024 00:00,paypal,409.42,pending
PMT-07A157661C,RES-172975CEF4,03/07/2024 00:00,paypal,159.41,pending
PMT-E0B36A1788,RES-5F7BC6025E,04-09-2026 12:00 AM,cash,778.5,declined
PMT-778B837D66,RES-BE6A89F062,25/09/2024 00:00,mobile_money,168.74,success
PMT-C6E8EB9046,RES-CDE6C56582,30/03/2024 00:00,debit_card,1450.96,pending
PMT-2975375238,RES-29A6FCC56F,10/02/2025 00:00,bank_transfer,1022.76,PAID
PMT-00C1A7E4FC,RES-29A6FCC56F,13/04/2026 00:00,credit_card,202.91,PENDING
PMT-58388DFFC4,RES-C42FC1D4DD,2026-04-27 00:00:00,debit_card,1636.08,PENDING
PMT-E0C99E787D,RES-F574B1006E,19/10/2025 00:00,bank_transfer,511.15,Pending
PMT-0A65934185,RES-F574B1006E,03/02/2025 00:00,cash,1671.99,paid
PMT-0BB63DEFAA,RES-2261B8706B,2024-05-23 00:00:00,debit_card,426.39,refunded
PMT-FECFE81DEC,RES-2261B8706B,12-30-2024 12:00 AM,bank_transfer,210.88,Failed
PMT-2E79338E4F,RES-2261B8706B,2025-09-30 00:00:00,debit_card,1638.3,refunded
PMT-77938E61C1,RES-61958D91A6,27/08/2025 00:00,mobile_money,1631.0,declined
PMT-63658FC4AA,RES-B88D44DBEF,2025-10-22 00:00:00,credit_card,476.18,SUCCESS
PMT-2ABA050178,RES-B88D44DBEF,11/08/2025 00:00,credit_card,1175.8,success
PMT-ACDA018976,RES-B88D44DBEF,2024-03-15 00:00:00,bank_transfer,1223.08,paid
PMT-691A08325F,RES-64A6FAEDCA,2026-05-02 00:00:00,paypal,328.59,Pending
PMT-99AD571082,RES-02FAD0AC1E,2025-12-02 00:00:00,mobile_money,1767.9,refunded
PMT-AA190E98C9,RES-02FAD0AC1E,2024-03-22 00:00:00,debit_card,203.32,paid
PMT-6114AB82E0,RES-02FAD0AC1E,26/05/2026 00:00,bank_transfer,237.37,paid
PMT-6C9D61C189,RES-09AF637CEA,01-30-2025 12:00 AM,bank_transfer,1338.55,REFUNDED
PMT-B77197C290,RES-C9DF12DFB2,18/02/2026 00:00,cash,1702.21,failed
PMT-94C82D05A9,RES-01C6012083,2026-02-16 00:00:00,bank_transfer,666.64,Pending
PMT-0B8FB79F3F,RES-B0A0EC0B46,03-11-2024 12:00 AM,credit_card,1370.87,Paid
PMT-AF538D2C98,RES-166BF671CF,06-02-2025 12:00 AM,cash,847.86,Paid
PMT-988FA7F457,RES-BD5F02E2C9,24/08/2024 00:00,cash,1513.91,Refunded
PMT-A4AC724048,RES-BD5F02E2C9,04/11/2025 00:00,cash,353.65,Refunded
PMT-80BC332FEF,RES-BD5F02E2C9,03-28-2025 12:00 AM,mobile_money,,PAID
PMT-D8C63EA4C9,RES-C22A5FD2C9,07-31-2024 12:00 AM,mobile_money,650.14,refunded
PMT-695859E85D,RES-9E369E9EEE,2024-07-20 00:00:00,paypal,134.94,Pending
PMT-F3511B5AD2,RES-8E367E1B5D,2025-04-06 00:00:00,cash,391.35,DECLINED
PMT-789E03EB1D,RES-8134D77333,09/03/2024 00:00,bank_transfer,1776.57,DECLINED
PMT-6794C3BD20,RES-83DF9B7750,,bank_transfer,1523.73,pending
PMT-F97B8B1DF6,RES-4870B3B661,2025-02-16 00:00:00,paypal,1286.48,DECLINED
PMT-DBDD1C261B,RES-84C8E85F9B,15/10/2025 00:00,cash,912.15,pending
PMT-A184216B6C,RES-FA7484C8FB,2024-07-18 00:00:00,mobile_money,1749.37,Refunded
PMT-AAF895E22F,RES-3692FF32DC,2024-07-01 00:00:00,debit_card,948.19,Refunded
PMT-62EAE77713,RES-083BF34E4A,2024-03-10 00:00:00,cash,454.83,REFUNDED
PMT-181EF882A7,RES-083BF34E4A,29/11/2025 00:00,paypal,1174.06,PENDING
PMT-7E8FD534EA,RES-09FC89948A,11/06/2026 00:00,paypal,596.65,FAILED
PMT-B2CA1C6D69,RES-0D225E050E,03/09/2025 00:00,mobile_money,1117.77,failed
PMT-AF72853606,RES-933C1F4B3B,13/11/2024 00:00,bank_transfer,696.39,declined
PMT-C1B6ACDB39,RES-18680F61AE,08/12/2024 00:00,debit_card,1051.9,SUCCESS
PMT-83B6CEBF79,RES-E3F506FEA2,2025-10-18 00:00:00,debit_card,1622.31,failed
PMT-ED42FE5E93,RES-C4EE2BEE7A,2024-04-12 00:00:00,paypal,1007.48,PAID
PMT-E77F6FC0C1,RES-CA37998014,01-13-2025 12:00 AM,debit_card,182.14,REFUNDED
PMT-C439605456,RES-71F92C68F5,2025-07-08 00:00:00,bank_transfer,1766.98,declined
PMT-6441ABAD2D,RES-F7AFDCE720,2025-04-03 00:00:00,paypal,1103.51,PAID
PMT-D6E6886E5F,RES-F7AFDCE720,2024-03-28 00:00:00,debit_card,1493.26,pending
PMT-734CB9FDC0,RES-F7AFDCE720,2025-08-08 00:00:00,cash,1670.55,REFUNDED
PMT-A97411C0CD,RES-96EBE01B84,10/06/2024 00:00,cash,1238.87,PENDING
PMT-825C567755,RES-EA12EA7B62,05-20-2025 12:00 AM,paypal,240.52,PENDING
PMT-8DA81025BA,RES-9118E158FD,17/04/2024 00:00,paypal,522.08,refunded
PMT-CD900F7F2C,RES-FDD7890A48,24/02/2024 00:00,debit_card,905.15,declined
PMT-B841D06FDC,RES-C9D1CA5637,2024-01-03 00:00:00,debit_card,1750.67,REFUNDED
PMT-B2048AD5B6,RES-BB2135F8E6,10-08-2024 12:00 AM,paypal,1271.47,pending
PMT-41F8317D5F,RES-A03B3A5DE8,25/07/2025 00:00,mobile_money,713.49,REFUNDED
PMT-14EC03EAFE,RES-1719C1B53E,17/08/2025 00:00,bank_transfer,166.13,PENDING
PMT-7ECA54FBD5,RES-1719C1B53E,17/01/2024 00:00,paypal,1049.99,declined
PMT-012A81C123,RES-29D6100804,2025-09-16 00:00:00,bank_transfer,1026.88,refunded
PMT-A0F3F7C890,RES-DCD822FD2D,2024-09-20 00:00:00,cash,1061.23,Refunded
PMT-1982727809,RES-BD8BBE41B6,03-16-2025 12:00 AM,cash,1042.08,REFUNDED
PMT-86766F1B6D,RES-1269EDB6F1,12-25-2024 12:00 AM,paypal,836.22,REFUNDED
PMT-553D01A755,RES-4758395436,2025-05-29 00:00:00,mobile_money,265.66,Failed
PMT-B996AC513E,RES-890CC7D710,2025-10-03 00:00:00,paypal,1225.14,DECLINED
PMT-508286F85E,RES-67A5BA0458,20/04/2026 00:00,mobile_money,1641.42,Failed
PMT-1A5BDF29C8,RES-56AE4BF3F9,03-09-2026 12:00 AM,mobile_money,954.27,REFUNDED
PMT-1C6229392C,RES-F2D41F18A3,2024-10-05 00:00:00,bank_transfer,787.66,REFUNDED
PMT-B109DD6944,RES-CB17039DDA,2025-09-09 00:00:00,bank_transfer,906.26,failed
PMT-677479BBC5,RES-9C81498C14,10-14-2025 12:00 AM,cash,1781.19,Pending
PMT-A0862134FF,RES-9C81498C14,2025-04-04 00:00:00,credit_card,996.62,SUCCESS
PMT-956ED344CC,RES-2F017D19A3,2024-03-22 00:00:00,mobile_money,1651.89,refunded
PMT-BF3CD05760,RES-9F3E59C1EE,2026-03-30 00:00:00,bank_transfer,693.47,refunded
PMT-C95802DC8C,RES-79D8BE089A,27/02/2024 00:00,credit_card,216.66,paid
PMT-84962DE827,RES-BC962204AF,11-27-2024 12:00 AM,mobile_money,1305.11,Refunded
PMT-33D453F060,RES-267E942A9C,2024-04-13 00:00:00,mobile_money,696.12,pending
PMT-B4266395A2,RES-0581AB3FC5,25/02/2025 00:00,mobile_money,1027.99,REFUNDED
PMT-B00A3BBB5F,RES-8D9754E0F4,05-22-2026 12:00 AM,cash,1793.74,paid
PMT-46C1AE5F5C,RES-AB28745C6C,05-22-2024 12:00 AM,bank_transfer,1105.3,failed
PMT-95B5F5881B,RES-6723BB807D,09/02/2024 00:00,credit_card,1501.57,refunded
PMT-D501B415E7,RES-C7165962EB,04-08-2026 12:00 AM,bank_transfer,1432.72,REFUNDED
PMT-2B51371B5D,RES-B3C78B05AD,03-04-2024 12:00 AM,mobile_money,864.38,REFUNDED
PMT-F44390B926,RES-896AD83439,2024-07-11 00:00:00,bank_transfer,1526.92,PENDING
PMT-92CA9712C4,RES-5085C9C9B1,06/10/2025 00:00,paypal,800.89,PENDING
PMT-146DDB787F,RES-85047D8696,16/03/2026 00:00,credit_card,1110.65,Paid
PMT-591B002478,RES-85047D8696,2024-08-27 00:00:00,credit_card,1617.35,declined
PMT-42C357738B,RES-85047D8696,2025-05-18 00:00:00,paypal,1255.55,PENDING
PMT-BFA185A4BA,RES-BC2CEC76E8,25/05/2024 00:00,credit_card,1097.14,Failed
PMT-68B99D294F,RES-2BA541AE19,02/02/2025 00:00,bank_transfer,786.76,Refunded
PMT-4D232DD62D,RES-7EB31511D6,05-28-2026 12:00 AM,debit_card,1314.72,Paid
PMT-E1FFBD88C8,RES-E5E9A3C058,2024-08-31 00:00:00,credit_card,60.24,declined
PMT-7715BBF497,RES-E5E9A3C058,2025-01-26 00:00:00,paypal,1199.77,success
PMT-31A71FB4F6,RES-E5E9A3C058,07-19-2024 12:00 AM,mobile_money,1081.34,FAILED
PMT-8450066D70,RES-B1E8C1DB77,2024-01-05 00:00:00,bank_transfer,1020.93,Refunded
PMT-B5625D1EF0,RES-3E1C2303E2,2025-03-11 00:00:00,debit_card,1720.93,success
PMT-0ACF6EA2F7,RES-B3D012FD6D,07-12-2024 12:00 AM,credit_card,1589.3,declined
PMT-AD580DF580,RES-B3D012FD6D,28/09/2024 00:00,cash,146.53,Pending
PMT-77DA6DF943,RES-351354AEA4,2024-12-09 00:00:00,credit_card,1460.68,pending
PMT-6B4F48FDBB,RES-26A5F1E704,07/06/2025 00:00,bank_transfer,1465.03,DECLINED
PMT-16BFCD3A74,RES-26A5F1E704,14/01/2024 00:00,paypal,1185.46,REFUNDED
PMT-B13FFC75C4,RES-56B582BB47,09-12-2025 12:00 AM,bank_transfer,753.45,success
PMT-4075BF4F55,RES-B81BB63756,10-01-2025 12:00 AM,mobile_money,609.03,Pending
PMT-60C2899CDF,RES-A5D6DA21EE,2026-01-05 00:00:00,debit_card,557.74,SUCCESS
PMT-E9EC2740DF,RES-44B7C5B941,10-21-2025 12:00 AM,paypal,1604.49,Refunded
PMT-156E945B68,RES-547CE801BE,05-14-2025 12:00 AM,credit_card,979.62,Refunded
PMT-B5100858D1,RES-95ECACE3FD,2026-02-26 00:00:00,mobile_money,1798.16,FAILED
PMT-8A606C9589,RES-9F98C007A6,01/11/2025 00:00,cash,1135.86,failed
PMT-1951172AEF,RES-163283E36B,2024-08-02 00:00:00,paypal,142.0,PENDING
PMT-4CFD837E9B,RES-4D212083E9,2026-05-18 00:00:00,mobile_money,1649.15,failed
PMT-C1E22A6A34,RES-21BF4C0AF0,01-19-2024 12:00 AM,bank_transfer,855.53,Pending
PMT-846FCFCDB8,RES-1E011CABD6,11/02/2024 00:00,debit_card,592.74,pending
PMT-78CDF79674,RES-1E011CABD6,04-25-2024 12:00 AM,bank_transfer,110.52,refunded
PMT-23747D78B5,RES-20F6484522,03-27-2026 12:00 AM,debit_card,166.97,refunded
PMT-064E784CFA,RES-D79A142140,22/11/2025 00:00,debit_card,347.99,paid
PMT-01DF4CD49F,RES-52D1042C5E,,cash,1729.2,success
PMT-DE1AE3682D,RES-F8C4490FE0,03-01-2024 12:00 AM,paypal,1704.34,pending
PMT-92D62C34BE,RES-47F52DA047,02-15-2025 12:00 AM,mobile_money,534.44,Pending
PMT-9A3DA3066C,RES-3A6AA7DF14,10-21-2024 12:00 AM,bank_transfer,822.44,success
PMT-9302DB47AF,RES-E1DF4B1F70,28/05/2024 00:00,credit_card,64.12,PENDING
PMT-059972958E,RES-E1DF4B1F70,03-03-2024 12:00 AM,credit_card,813.36,Paid
PMT-60BDA3294C,RES-E1DF4B1F70,12-08-2024 12:00 AM,bank_transfer,944.18,PENDING
PMT-FDACA84297,RES-963D3B7420,05-24-2025 12:00 AM,bank_transfer,1271.82,refunded
PMT-913D0107E1,RES-33A4D0761B,2026-01-19 00:00:00,debit_card,79.63,paid
PMT-5C76E37BA1,RES-5AE4D43896,09-07-2024 12:00 AM,bank_transfer,1660.06,success
PMT-65116B7AC9,RES-5AE4D43896,03-19-2024 12:00 AM,debit_card,1320.79,FAILED
PMT-4133BCE730,RES-5AE4D43896,06/03/2026 00:00,mobile_money,,REFUNDED
PMT-29254AA1E4,RES-501B46F1FC,2025-04-06 00:00:00,mobile_money,642.96,pending
PMT-6A4E721C2C,RES-F9291EF21F,05-07-2025 12:00 AM,mobile_money,1327.03,declined
PMT-E94167AC5C,RES-18780E1FF2,03-07-2024 12:00 AM,credit_card,277.92,FAILED
PMT-C53ACFBE3E,RES-9BF3476213,06-28-2024 12:00 AM,debit_card,1760.79,failed
PMT-735D6736AE,RES-698E4BE873,2024-10-14 00:00:00,debit_card,167.81,Failed
PMT-0EACA0180B,RES-7294047697,2025-02-03 00:00:00,credit_card,792.36,FAILED
PMT-17B5F77818,RES-22B89DAE4E,2024-09-14 00:00:00,mobile_money,763.16,REFUNDED
PMT-268C465B1B,RES-5CE15B1657,22/03/2025 00:00,paypal,845.85,Pending
PMT-7056D518D0,RES-5CE15B1657,01/11/2024 00:00,paypal,1116.16,Pending
PMT-7C0C9C22F1,RES-5CE15B1657,,cash,950.63,success
PMT-DFC7972F9C,RES-EF83EE9DFF,02-09-2025 12:00 AM,mobile_money,443.02,paid
PMT-CC80EDE792,RES-A8E764B605,03-05-2026 12:00 AM,credit_card,653.28,DECLINED
PMT-6382422156,RES-BB88349A11,03-16-2026 12:00 AM,cash,1296.58,pending
PMT-2A718E590F,RES-CD8C1E43B1,09-01-2025 12:00 AM,mobile_money,1722.09,SUCCESS
PMT-EB4A66AEFC,RES-CD8C1E43B1,12-16-2024 12:00 AM,bank_transfer,1145.38,Failed
PMT-03B4909F30,RES-CD8C1E43B1,04-23-2024 12:00 AM,paypal,1693.1,REFUNDED
PMT-70078B1B9F,RES-349D273B07,09-10-2024 12:00 AM,debit_card,1250.56,success
PMT-38F429DAD5,RES-0EE2969C17,21/02/2025 00:00,credit_card,1469.97,failed
PMT-DE6C64D7E6,RES-22295A0497,08/04/2026 00:00,cash,227.66,DECLINED
PMT-7BB270456E,RES-6070BF2E18,03-08-2024 12:00 AM,cash,1759.9,Pending
PMT-88C8B46E2A,RES-D5D61A8B56,2025-02-26 00:00:00,cash,538.73,Failed
PMT-8032AB8AB2,RES-7DD0301DC7,2025-12-17 00:00:00,bank_transfer,1140.71,SUCCESS
PMT-568FD72889,RES-7D451ABD61,03/05/2024 00:00,mobile_money,183.33,PENDING
PMT-C4639BBB68,RES-B560E9C8F3,03-09-2025 12:00 AM,cash,1252.22,pending
PMT-CBA72E72B0,RES-5BD240FE1C,06-04-2025 12:00 AM,credit_card,1160.73,PENDING
PMT-62E2D9778A,RES-7CA0762F57,02/09/2024 00:00,paypal,1264.64,success
PMT-01A914208B,RES-881BD340F6,15/12/2025 00:00,cash,141.89,PAID
PMT-60D90FF485,RES-881BD340F6,08-16-2024 12:00 AM,paypal,845.93,failed
PMT-449CC5EBAD,RES-881BD340F6,2026-04-05 00:00:00,debit_card,1266.91,success
PMT-BC377CC39E,RES-15E1C08D77,09-23-2025 12:00 AM,paypal,1475.6,FAILED
PMT-111BA847A8,RES-1589D97FA4,2025-10-19 00:00:00,paypal,449.86,FAILED
PMT-B681314B8A,RES-33B15060DC,24/01/2026 00:00,bank_transfer,936.16,refunded
PMT-31368C5A56,RES-F7417620E7,2025-01-07 00:00:00,mobile_money,1000.96,PENDING
PMT-BCDE890B71,RES-FD163882DC,2024-01-08 00:00:00,credit_card,194.4,failed
PMT-57517E465B,RES-667A0EC713,04-15-2026 12:00 AM,mobile_money,1309.9,Refunded
PMT-4786DEC5DA,RES-A9B6BFC830,09-23-2024 12:00 AM,paypal,949.59,SUCCESS
PMT-C8C7B499C4,RES-75DB58BCB8,2024-05-04 00:00:00,paypal,356.73,Pending
PMT-E74E743EF4,RES-4DA5327766,07/12/2024 00:00,debit_card,1664.46,DECLINED
PMT-7FCE521206,RES-DD2A2F27D0,12/12/2025 00:00,debit_card,840.37,DECLINED
PMT-F9F13F1C83,RES-2C559A5C92,2024-07-03 00:00:00,cash,518.79,PENDING
PMT-72A2D785CB,RES-FF28693EF8,24/06/2024 00:00,mobile_money,1170.72,PENDING
PMT-ACCC80AFF2,RES-7DD0995484,02-17-2026 12:00 AM,mobile_money,1299.87,FAILED
PMT-1DD92CE5A4,RES-7DD0995484,01-06-2025 12:00 AM,credit_card,399.4,REFUNDED
PMT-2928107E5D,RES-6A1E09445E,03/09/2024 00:00,paypal,189.56,pending
PMT-79E93C417C,RES-B27D7E5918,10-02-2024 12:00 AM,mobile_money,158.33,DECLINED
PMT-E09296E5C0,RES-E46DA93717,11/05/2024 00:00,debit_card,1184.96,REFUNDED
PMT-85831428C6,RES-E46DA93717,21/03/2024 00:00,debit_card,394.42,FAILED
PMT-7755371D48,RES-E46DA93717,2024-02-18 00:00:00,paypal,48.68,Pending
PMT-F76482806B,RES-56218B629E,03/02/2025 00:00,mobile_money,1311.73,declined
PMT-EC2ECE03B7,RES-DBE16DB933,09-28-2024 12:00 AM,cash,128.81,Pending
PMT-D365B4D37D,RES-8E3F5A1C31,2025-12-03 00:00:00,mobile_money,772.68,PENDING
PMT-9C9E841F54,RES-337259E279,13/04/2026 00:00,mobile_money,1054.56,paid
PMT-343E24FCC7,RES-337259E279,03-06-2026 12:00 AM,debit_card,1658.84,SUCCESS
PMT-47500D56B4,RES-4E62D0F62A,2025-08-09 00:00:00,debit_card,979.54,SUCCESS
PMT-58A017D1C4,RES-4749F317E9,2024-05-21 00:00:00,credit_card,175.77,DECLINED
PMT-6940A8D9D3,RES-4749F317E9,,credit_card,1402.59,Pending
PMT-9722725A76,RES-C2E09DBA5C,11-16-2024 12:00 AM,mobile_money,1627.36,Paid
PMT-15F031CB27,RES-A5424B9247,07-23-2025 12:00 AM,mobile_money,1560.36,Failed
PMT-851A0737F7,RES-9F754E35B3,2025-09-26 00:00:00,paypal,411.83,PAID
PMT-FE8B8284B8,RES-9F754E35B3,04/12/2024 00:00,bank_transfer,1104.63,pending
PMT-D27988D44D,RES-9F754E35B3,04-09-2026 12:00 AM,mobile_money,441.18,PENDING
PMT-D4489E292B,RES-7E3235A4B9,01-10-2024 12:00 AM,debit_card,1270.28,success
PMT-E53240DE18,RES-00C940DBB8,09-07-2025 12:00 AM,cash,768.18,Pending
PMT-F0CAC1679A,RES-37271FD87F,12-06-2025 12:00 AM,paypal,1654.23,Pending
PMT-B9D6972394,RES-40100E74B6,29/03/2026 00:00,cash,1303.7,Paid
PMT-8BEB670606,RES-68F2CBBBF1,28/01/2025 00:00,mobile_money,734.79,success
PMT-07870B12A0,RES-ED044FC292,08-03-2024 12:00 AM,cash,939.27,Failed
PMT-5B49496732,RES-EFF48C4485,2024-01-04 00:00:00,mobile_money,1260.3,REFUNDED
PMT-057E1CFEEB,RES-D1F0931B50,2025-06-29 00:00:00,mobile_money,1147.6,pending
PMT-B00E93F2E2,RES-C5EE3E58E8,09-24-2024 12:00 AM,credit_card,1221.6,DECLINED
PMT-A39DBA35B0,RES-CBB3D2A541,04-13-2024 12:00 AM,mobile_money,706.9,refunded
PMT-3C623947C7,RES-34DD2533DF,10-26-2024 12:00 AM,paypal,1701.66,pending
PMT-E801400A9D,RES-FF29D34984,2025-07-10 00:00:00,cash,69.52,Refunded
PMT-3CA488BB90,RES-A129369918,2024-10-01 00:00:00,mobile_money,1029.52,refunded
PMT-54771643B6,RES-916A87A628,2025-02-25 00:00:00,debit_card,244.63,FAILED
PMT-18949741DC,RES-79E66071C0,2026-05-08 00:00:00,cash,617.83,Pending
PMT-A4262544C2,RES-8EB9375E68,12-02-2024 12:00 AM,bank_transfer,1735.61,paid
PMT-0DF0ACF331,RES-AD15A6B992,23/02/2025 00:00,cash,420.56,success
PMT-42E880EFD5,RES-19D26A0F68,02-13-2025 12:00 AM,bank_transfer,1327.49,Failed
PMT-5437C0427A,RES-887EC3FE52,2025-06-30 00:00:00,debit_card,682.02,FAILED
PMT-8D329A0C2A,RES-23E70D1A2D,05-25-2024 12:00 AM,bank_transfer,216.41,refunded
PMT-C598F108D7,RES-FFF5E56982,02/06/2025 00:00,bank_transfer,833.45,Refunded
PMT-63CF5E8049,RES-8E7BFDDE6A,2026-04-24 00:00:00,paypal,1271.58,Refunded
PMT-E674164FF5,RES-E0D7D8CABB,06/02/2024 00:00,paypal,1002.41,FAILED
PMT-818AABD805,RES-81ACD77CC5,16/10/2025 00:00,paypal,1548.97,PAID
PMT-06E8C01787,RES-FE916E8411,2025-08-13 00:00:00,paypal,182.68,failed
PMT-BC4C297014,RES-54E9732C78,23/07/2025 00:00,cash,,pending
PMT-9D05C749E8,RES-4E442A1094,2024-05-24 00:00:00,mobile_money,158.47,refunded
PMT-C3B75E873B,RES-7ED60F4DF0,17/04/2026 00:00,cash,,Pending
PMT-0969941A17,RES-1C3964C1B6,06-01-2026 12:00 AM,debit_card,592.49,DECLINED
PMT-1D07F5319C,RES-8283191406,2026-05-24 00:00:00,bank_transfer,1395.1,Refunded
PMT-44DBCC0A4B,RES-50BC4263E6,2026-01-19 00:00:00,debit_card,1418.0,FAILED
PMT-B1913BBF5C,RES-87952DD0A4,,cash,756.59,Refunded
PMT-6E27581D08,RES-5BD5659702,2026-04-25 00:00:00,debit_card,705.12,pending
PMT-FE99FD3A75,RES-9C70FD5668,03/02/2025 00:00,mobile_money,1129.79,paid
PMT-789BDF95C3,RES-705E8983FB,2025-12-05 00:00:00,mobile_money,1750.31,refunded
PMT-82AF2B8A8D,RES-0FE92D18FC,24/02/2025 00:00,credit_card,345.7,REFUNDED
PMT-132F968209,RES-4516D3A20F,,cash,900.97,Failed
PMT-596CC85F91,RES-49CE8E7955,11-03-2024 12:00 AM,mobile_money,1179.11,REFUNDED
PMT-679DD7A9EB,RES-E8F6414B79,11-03-2024 12:00 AM,credit_card,185.53,REFUNDED
PMT-1C14035CB1,RES-1BDFB8A565,13/04/2024 00:00,credit_card,94.75,Failed
PMT-088EC3B3D8,RES-A931A9A0B8,12-25-2025 12:00 AM,debit_card,1492.7,DECLINED
PMT-73F3F6A457,RES-634C006668,17/01/2024 00:00,credit_card,1475.43,PENDING
PMT-71E8E98F78,RES-6812708EC7,05/10/2024 00:00,debit_card,1402.67,REFUNDED
PMT-35CFEC3DE9,RES-6C12EC03E4,09-19-2024 12:00 AM,bank_transfer,740.33,Failed
PMT-4D7C0D74F1,RES-37C349162F,22/08/2024 00:00,debit_card,58.23,PENDING
PMT-BEABAB238A,RES-CCFC7D46F8,2024-01-09 00:00:00,mobile_money,699.43,paid
PMT-FCEFC234B7,RES-3A6D59ED68,30/07/2024 00:00,mobile_money,1447.15,pending
PMT-09F57CDB43,RES-3F80A8FD63,2024-06-11 00:00:00,cash,1060.51,pending
PMT-04174C6066,RES-77D54A4FEF,07/04/2026 00:00,paypal,1503.13,PAID
PMT-C431C97E1C,RES-78FECA17E3,12-21-2025 12:00 AM,credit_card,1044.32,DECLINED
PMT-FF4430A531,RES-7E4EAA7DEB,30/09/2025 00:00,cash,1013.4,success
PMT-C82AF61A7C,RES-E4D46D9D54,2025-06-24 00:00:00,bank_transfer,1010.96,FAILED
PMT-2354E5BC31,RES-C76A7289CB,12/06/2025 00:00,bank_transfer,1173.63,Pending
PMT-A347F42FE7,RES-02D2F03CF3,03-05-2026 12:00 AM,bank_transfer,121.85,Paid
PMT-3DC52D0A2C,RES-E8C1C71797,2026-02-08 00:00:00,bank_transfer,858.31,declined
PMT-DC51CE5AC7,RES-E8C1C71797,18/08/2024 00:00,debit_card,277.02,Pending
PMT-A537D72B3E,RES-9499BC7529,2025-07-31 00:00:00,mobile_money,305.28,paid
PMT-B07C799043,RES-B588E2A2CC,2024-04-12 00:00:00,debit_card,673.4,paid
PMT-3D8FD5407C,RES-A312BD353A,07-24-2024 12:00 AM,paypal,1254.24,Pending
PMT-0457E22B96,RES-23941FEC39,02-11-2026 12:00 AM,cash,313.52,PENDING
PMT-8A56CFB1E3,RES-067384EDAF,2024-01-27 00:00:00,cash,1153.07,PENDING
PMT-B1822FCB54,RES-54B28644BC,2026-04-02 00:00:00,debit_card,274.59,DECLINED
PMT-62048DCAEA,RES-BFD13DCED9,04/01/2026 00:00,debit_card,288.8,PAID
PMT-8EBB29B40B,RES-FB5A07E47D,04-14-2024 12:00 AM,mobile_money,725.75,Pending
PMT-B14FA87904,RES-9CCA29047C,08/03/2025 00:00,credit_card,1578.82,pending
PMT-B880A9B15A,RES-A241CBD0F7,07-23-2024 12:00 AM,debit_card,1654.41,REFUNDED
PMT-A24F18DD93,RES-4CC27645B0,2025-12-28 00:00:00,credit_card,1532.46,REFUNDED
PMT-0FC1F79FC6,RES-2DBE143D05,18/09/2024 00:00,bank_transfer,989.16,FAILED
PMT-2E696ED93B,RES-A301504AF0,05-20-2026 12:00 AM,mobile_money,247.36,Pending
PMT-E306E1F3F8,RES-1308BFEE28,2024-02-25 00:00:00,bank_transfer,1577.45,Failed
PMT-E5FCC803C5,RES-B3D00A295A,03-12-2024 12:00 AM,mobile_money,205.41,SUCCESS
PMT-573EECBF5B,RES-B1A4492F09,08/08/2024 00:00,bank_transfer,405.17,PAID
PMT-4EE75B77D8,RES-E62E4D921C,01-13-2025 12:00 AM,debit_card,644.92,REFUNDED
PMT-7B40DE9F3B,RES-F9CF830D1F,05-11-2024 12:00 AM,credit_card,1622.34,failed
PMT-DAD0D15AF8,RES-4DA1D1C1CD,02-21-2025 12:00 AM,credit_card,474.28,FAILED
PMT-BA4181B880,RES-BC1ED0D90D,24/11/2024 00:00,mobile_money,1047.47,pending
PMT-0B2BA470A6,RES-53B3A87321,2025-04-04 00:00:00,bank_transfer,481.19,success
PMT-4339428331,RES-B75AD5F090,01/04/2024 00:00,mobile_money,522.38,FAILED
PMT-8C702A8980,RES-CEF57271A4,01-19-2024 12:00 AM,credit_card,999.71,success
PMT-B82565BC43,RES-2F5EF853C0,10-13-2024 12:00 AM,paypal,388.73,refunded
PMT-4B38801866,RES-700AF807C9,19/03/2026 00:00,debit_card,494.56,REFUNDED
PMT-30D23275C8,RES-D13ACD5A91,2024-10-20 00:00:00,paypal,208.48,paid
PMT-78ABDFE58B,RES-49E0528B8B,2024-11-28 00:00:00,cash,1095.52,Paid
PMT-A07884DDDF,RES-52A635CF57,2026-03-15 00:00:00,cash,306.86,Refunded
PMT-C74A83F7EE,RES-A23EAE5B4E,27/02/2024 00:00,bank_transfer,171.25,Refunded
PMT-9F2E23BE08,RES-319DF8495E,02-25-2025 12:00 AM,credit_card,384.83,Pending
PMT-DB7CEA1D07,RES-732F3DD664,03-24-2025 12:00 AM,debit_card,925.81,DECLINED
PMT-5DCBEA436C,RES-E7C5A83BB0,2024-11-28 00:00:00,debit_card,1545.98,declined
PMT-723F07D229,RES-980C4EF434,09/11/2024 00:00,cash,728.36,failed
PMT-0EC6F6A857,RES-B046CBBA35,2024-04-21 00:00:00,debit_card,969.88,REFUNDED
PMT-C934ED6F67,RES-84E2F2DC26,14/12/2024 00:00,paypal,764.28,FAILED
PMT-FB56320915,RES-6E3C9D8562,2024-01-01 00:00:00,cash,703.66,declined
PMT-509359BC89,RES-F454060167,2024-10-05 00:00:00,bank_transfer,751.87,refunded
PMT-27D52BCC1B,RES-9814C92925,19/06/2025 00:00,debit_card,1083.66,Failed
PMT-036F521E61,RES-9ED854D2A4,04-10-2026 12:00 AM,bank_transfer,1525.52,Pending
PMT-981A7A07E1,RES-D89C918522,08-29-2024 12:00 AM,cash,894.48,PENDING
PMT-7C75F482C9,RES-A54A2F531E,2024-12-26 00:00:00,credit_card,174.87,Failed
PMT-EA4B0657CB,RES-BF47872F5E,2025-09-16 00:00:00,bank_transfer,1734.68,SUCCESS
PMT-15ADE9D4C6,RES-F4ED10259F,12-12-2024 12:00 AM,debit_card,1480.48,declined
PMT-3CCA040872,RES-82DB71441F,29/06/2025 00:00,bank_transfer,899.66,REFUNDED
PMT-0294A58CF8,RES-82DB71441F,30/08/2024 00:00,mobile_money,1639.8,SUCCESS
PMT-F56B38AB84,RES-FD88DFE69A,21/01/2026 00:00,cash,106.95,Paid
PMT-16AB82284E,RES-41AD619C6D,29/04/2025 00:00,credit_card,481.58,paid
PMT-703A28563A,RES-41AD619C6D,11-26-2025 12:00 AM,credit_card,1122.74,success
PMT-5642A9A83E,RES-F8831FA443,11/12/2025 00:00,bank_transfer,1600.95,DECLINED
PMT-4A10FB7A79,RES-B9D68258BE,2024-02-19 00:00:00,debit_card,1726.83,Refunded
PMT-FFE27EE929,RES-141639BE50,31/01/2026 00:00,bank_transfer,1380.23,Pending
PMT-F8BC654890,RES-B9C28F6C61,11-15-2025 12:00 AM,paypal,1733.62,refunded
PMT-E1EED56844,RES-FB86E635AE,10-06-2025 12:00 AM,cash,1502.0,REFUNDED
PMT-3F7979BBED,RES-C8141A55FB,10-08-2025 12:00 AM,mobile_money,1367.46,Pending
PMT-20973BAA54,RES-ACD85417E9,2025-10-11 00:00:00,debit_card,946.87,declined
PMT-DB96BFE3D6,RES-9CC3F3D095,24/02/2024 00:00,cash,1102.77,declined
PMT-6F5F101CEE,RES-369553AF19,03/12/2024 00:00,credit_card,1144.32,refunded
PMT-CDA9644117,RES-D9D22C1820,19/02/2026 00:00,credit_card,325.97,PENDING
PMT-358269FA51,RES-9A73606A7E,03/02/2025 00:00,bank_transfer,1525.44,FAILED
PMT-5083F07218,RES-1999364944,2024-03-10 00:00:00,bank_transfer,1324.96,DECLINED
PMT-D46A3BF792,RES-49198DDEF5,26/01/2024 00:00,paypal,1381.0,Failed
PMT-096DF754ED,RES-A3C1E00884,19/05/2026 00:00,debit_card,999.08,success
PMT-1072D3E2EC,RES-A3C1E00884,2024-04-25 00:00:00,cash,574.71,PAID
PMT-E9F9449D97,RES-E40764E7AB,03-22-2025 12:00 AM,mobile_money,1086.13,SUCCESS
PMT-A5DEFCFC04,RES-7314C1C1EA,13/03/2026 00:00,debit_card,914.27,declined
PMT-C5A2985430,RES-452F3333E0,22/09/2025 00:00,cash,1201.23,declined
PMT-DEF5C4AF41,RES-452F3333E0,02-01-2025 12:00 AM,bank_transfer,1458.21,pending
PMT-6C42AC3B36,RES-C34666B2E8,25/01/2024 00:00,debit_card,713.87,pending
PMT-CD358FBAE4,RES-06CB47661B,17/04/2024 00:00,cash,632.02,Failed
PMT-3F32CE9C4A,RES-6075962C99,08/01/2024 00:00,bank_transfer,164.7,refunded
PMT-800CC57409,RES-6075962C99,12/08/2025 00:00,bank_transfer,1031.1,Pending
PMT-89B89AA026,RES-C69215C5BF,07-17-2025 12:00 AM,debit_card,590.97,Pending
PMT-86D61BCE68,RES-C8548C2803,01-19-2026 12:00 AM,mobile_money,425.07,Pending
PMT-185F9793E9,RES-5FC0265BD6,09-25-2025 12:00 AM,paypal,1791.56,PENDING
PMT-495FCF4EF8,RES-BAC38EB562,2025-02-27 00:00:00,credit_card,1036.41,PAID
PMT-A7E487210D,RES-BAC38EB562,2025-06-30 00:00:00,mobile_money,1022.26,PENDING
PMT-5C44016F0E,RES-BAC38EB562,16/04/2025 00:00,bank_transfer,1646.15,pending
PMT-E9DED02C28,RES-5E67070E4C,10-10-2024 12:00 AM,cash,1046.99,failed
PMT-6545AF8687,RES-B1BE6283BE,2024-09-17 00:00:00,cash,1747.17,paid
PMT-C1331A928F,RES-33A4DCA5A6,2024-03-10 00:00:00,bank_transfer,744.41,pending
PMT-B9A213A4CC,RES-0779E24ECF,18/12/2024 00:00,debit_card,819.41,Refunded
PMT-9AA8AB743E,RES-BE97020BC7,2024-07-11 00:00:00,cash,427.28,declined
PMT-1C0D012772,RES-83B80E9A75,2026-04-25 00:00:00,cash,1540.82,REFUNDED
PMT-0BB1D4F635,RES-FB31819050,07-04-2024 12:00 AM,credit_card,1791.1,FAILED
PMT-47B71B2241,RES-41C9C66AAB,03-11-2025 12:00 AM,paypal,1010.45,REFUNDED
PMT-1A50A5E441,RES-781B5012F1,01-17-2025 12:00 AM,mobile_money,758.39,REFUNDED
PMT-AEDFBE6A74,RES-271F5492D6,2024-01-23 00:00:00,bank_transfer,209.99,refunded
PMT-73390B8A80,RES-9B9F447510,2025-04-10 00:00:00,bank_transfer,243.17,FAILED
PMT-C714ABA340,RES-C0AA535D64,29/12/2025 00:00,cash,1462.39,PENDING
PMT-2C640C7A3B,RES-7025CA0180,2026-04-21 00:00:00,cash,711.89,declined
PMT-3689601FC4,RES-E60E31C75B,2025-02-18 00:00:00,paypal,1712.33,Failed
PMT-6ECEDB0644,RES-92BE8C65D9,22/03/2026 00:00,bank_transfer,1112.89,declined
PMT-10A27F6D73,RES-BA3A7DDBD6,04/02/2024 00:00,mobile_money,350.05,paid
PMT-E484184547,RES-8E0982626D,2026-02-26 00:00:00,bank_transfer,120.28,success
PMT-85845AA04D,RES-4C5D43595D,02/04/2026 00:00,debit_card,49.77,success
PMT-2F6E5DEFAB,RES-4AE8196085,2025-03-03 00:00:00,mobile_money,1521.99,failed
PMT-E1DD3C8416,RES-4C7E4C4FD2,11-25-2025 12:00 AM,cash,1489.0,failed
PMT-B7EBA358C8,RES-9B40BB7B38,04-30-2026 12:00 AM,credit_card,588.55,REFUNDED
PMT-DCB1E85C39,RES-25FECDFB92,2025-02-06 00:00:00,mobile_money,911.71,pending
PMT-50026B5ED8,RES-49213EFFA2,2026-02-08 00:00:00,paypal,1783.31,Failed
PMT-213B1893D3,RES-D081470488,2024-04-04 00:00:00,paypal,1769.35,Pending
PMT-85A445E1C5,RES-EBCB7B3B58,11-27-2024 12:00 AM,credit_card,721.51,refunded
PMT-B781268DA1,RES-47C6C0B981,06-26-2025 12:00 AM,credit_card,1483.77,PENDING
PMT-03891E58CF,RES-3BA2B44D92,2026-02-14 00:00:00,bank_transfer,1648.78,pending
PMT-8D563DFA3D,RES-B3C8A2B44B,04-14-2024 12:00 AM,debit_card,1297.86,paid
PMT-CA4B0D9BA3,RES-72234D341A,01-22-2026 12:00 AM,bank_transfer,1275.69,PENDING
PMT-F8FC7D97A9,RES-72234D341A,05-02-2026 12:00 AM,debit_card,1017.0,failed
PMT-C018D4E7D1,RES-72234D341A,20/01/2026 00:00,credit_card,177.33,Pending
PMT-EA584A923C,RES-4855709A80,30/04/2024 00:00,cash,413.78,PENDING
PMT-E94D0FFE42,RES-164C8982BE,11-30-2024 12:00 AM,credit_card,997.41,paid
PMT-D6D32EB87C,RES-52AE3F06BC,31/01/2025 00:00,cash,853.96,success
PMT-D30433E23E,RES-E3BE52DFFE,06-29-2025 12:00 AM,paypal,871.39,pending
PMT-12082EA47F,RES-6E47FE13ED,09-10-2025 12:00 AM,debit_card,344.4,Pending
PMT-FD61FB38FE,RES-9803D7A63D,2025-05-21 00:00:00,bank_transfer,1798.95,Failed
PMT-1ED2400ECE,RES-6FBA1A6475,13/07/2025 00:00,paypal,292.56,PENDING
PMT-AE281BDA7A,RES-8250D7DB66,09/03/2024 00:00,credit_card,1319.67,success
PMT-0D96C39A31,RES-F0133C34DC,04-09-2024 12:00 AM,credit_card,295.56,REFUNDED
PMT-AF398E2875,RES-FC05860417,2024-09-28 00:00:00,bank_transfer,1660.83,PENDING
PMT-4C651ABDF9,RES-FC05860417,09-02-2025 12:00 AM,paypal,517.2,refunded
PMT-78E75BEA2D,RES-FC05860417,12/10/2024 00:00,mobile_money,696.92,DECLINED
PMT-A4C6D9C768,RES-5931EA8EE5,2025-10-05 00:00:00,credit_card,1600.85,REFUNDED
PMT-B142D8D9C8,RES-33CA3C5F8D,10-31-2025 12:00 AM,mobile_money,1410.98,declined
PMT-2B0A769B0B,RES-D67D124EB6,2025-05-09 00:00:00,debit_card,841.78,refunded
PMT-BE2E1303AA,RES-6C0843808C,25/04/2026 00:00,bank_transfer,1576.48,Refunded
PMT-165638D53B,RES-050E36A597,2024-04-09 00:00:00,paypal,341.68,paid
PMT-7530F068BF,RES-8E619816D3,19/02/2024 00:00,bank_transfer,1631.47,paid
PMT-06280732E9,RES-8E619816D3,29/08/2024 00:00,mobile_money,1540.83,SUCCESS
PMT-4D909F57E8,RES-EFC31F2BBA,2024-09-02 00:00:00,credit_card,1590.92,refunded
PMT-124D0FF70A,RES-88C2491659,03-01-2025 12:00 AM,paypal,408.04,Failed
PMT-A81A8154FF,RES-6AC922BD01,23/06/2025 00:00,bank_transfer,992.71,PENDING
PMT-6CACC4C641,RES-E2176E1958,05-27-2026 12:00 AM,mobile_money,548.25,Failed
PMT-90E83154A3,RES-A71E480F2A,08-14-2024 12:00 AM,paypal,920.83,Paid
PMT-16F909917C,RES-F900E2769C,12-05-2025 12:00 AM,mobile_money,1396.37,PAID
PMT-164A043CF9,RES-464E7C11F0,2025-06-09 00:00:00,bank_transfer,1439.04,SUCCESS
PMT-50DE41CC00,RES-95F868D33C,28/12/2024 00:00,bank_transfer,968.77,DECLINED
PMT-9F8A56D331,RES-95F868D33C,02-26-2026 12:00 AM,cash,1118.33,PENDING
PMT-E1D92AA98B,RES-0A4D2FA9AC,16/01/2024 00:00,cash,1269.24,PAID
PMT-364932A687,RES-4D7415026D,2026-06-07 00:00:00,cash,1393.12,Refunded
PMT-3EFE10FACB,RES-4D7415026D,23/03/2024 00:00,cash,1599.35,PENDING
PMT-E6BD20E3CB,RES-4D7415026D,05-27-2024 12:00 AM,debit_card,856.83,failed
PMT-3B09B808F8,RES-508D38363B,20/02/2024 00:00,debit_card,1643.86,Refunded
PMT-9EE3AF843B,RES-508D38363B,12-07-2025 12:00 AM,cash,1744.53,success
PMT-3FF81E74AE,RES-9458D48378,02-10-2024 12:00 AM,debit_card,236.41,pending
PMT-F56DFF7D73,RES-9458D48378,03-12-2026 12:00 AM,paypal,544.61,paid
PMT-9119B5CBE8,RES-592EF52512,08-17-2024 12:00 AM,credit_card,351.74,paid
PMT-4B4F2D4986,RES-328C52EBE2,2025-07-25 00:00:00,paypal,121.79,Refunded
PMT-7B94C82074,RES-E18AC6DA86,03-28-2026 12:00 AM,credit_card,717.49,REFUNDED
PMT-20C2FBA088,RES-E82A7A4F10,06-18-2025 12:00 AM,bank_transfer,258.93,Paid
PMT-C2CB5BF14A,RES-6476F43C2F,17/11/2025 00:00,paypal,546.88,declined
PMT-CBF024392D,RES-F3B0C09FD3,02/12/2024 00:00,debit_card,1517.88,Paid
PMT-40A0A74620,RES-7017A4C865,04-23-2024 12:00 AM,debit_card,1373.37,failed
PMT-79B41CE609,RES-660D12A46C,,debit_card,51.4,paid
PMT-A2BEC006F2,RES-88920B9E6D,12-19-2024 12:00 AM,debit_card,159.95,REFUNDED
PMT-3E07CBA1FC,RES-88920B9E6D,05-01-2024 12:00 AM,credit_card,706.0,Failed
PMT-FE8FB4BEDA,RES-EE299D61D0,19/06/2025 00:00,mobile_money,1047.21,pending
PMT-02B9BFDE27,RES-EE299D61D0,2026-01-05 00:00:00,debit_card,687.48,DECLINED
PMT-8C64F9DFA3,RES-D068048E4F,16/07/2024 00:00,paypal,312.82,REFUNDED
PMT-F1FCC329B4,RES-F8864910C3,26/07/2025 00:00,bank_transfer,1003.69,Refunded
PMT-897387A0C8,RES-4128723E2D,2026-04-24 00:00:00,credit_card,1345.54,PAID
PMT-25D2E3D1ED,RES-1704187149,2025-12-03 00:00:00,paypal,959.66,failed
PMT-3A11464A6E,RES-ED0945D14D,2024-10-06 00:00:00,cash,370.34,pending
PMT-03E8D0A0CE,RES-7AD3C5D389,12-17-2025 12:00 AM,credit_card,436.61,failed
PMT-19D234504C,RES-D0608578B0,02-06-2026 12:00 AM,debit_card,1108.97,DECLINED
PMT-9C3899F4BF,RES-445D9BA9A6,2024-08-19 00:00:00,paypal,289.48,declined
PMT-693AE8F54D,RES-22C98EEC00,19/05/2026 00:00,paypal,386.88,Pending
PMT-0E07CF10D4,RES-F084AF7C88,07/05/2026 00:00,bank_transfer,778.68,Paid
PMT-0C8E87FB5D,RES-4234B16754,19/01/2024 00:00,bank_transfer,1013.3,failed
PMT-A5A85F79F7,RES-87A675963C,14/11/2025 00:00,paypal,632.85,SUCCESS
PMT-AC78794668,RES-4516EB0C24,2025-11-26 00:00:00,mobile_money,888.28,PAID
PMT-DB1EA9DF53,RES-03449E021B,02-26-2026 12:00 AM,debit_card,987.16,refunded
PMT-810ADC2E97,RES-CA7EB1BF34,08-29-2024 12:00 AM,debit_card,471.21,Paid
PMT-93566F6A25,RES-CA3106D45A,24/11/2025 00:00,credit_card,1578.51,Refunded
PMT-8677AEDE4F,RES-26BD570E68,2026-05-13 00:00:00,bank_transfer,536.45,Refunded
PMT-85D7B31D5C,RES-7AF2CB8B29,2025-08-09 00:00:00,debit_card,600.06,Paid
PMT-43D7E56004,RES-0CB2A061ED,2025-07-02 00:00:00,credit_card,1547.63,Pending
PMT-775CD79B9E,RES-DA4534EC47,2026-06-09 00:00:00,mobile_money,1586.96,SUCCESS
PMT-3223F5F4A5,RES-4DC7D5EB29,2026-02-15 00:00:00,cash,1720.41,REFUNDED
PMT-933422EB60,RES-9B6B6E8669,27/11/2024 00:00,mobile_money,967.49,Paid
PMT-79F32CA61A,RES-348F50203D,2025-02-14 00:00:00,credit_card,354.81,success
PMT-180A1E265D,RES-783637FA66,2024-08-25 00:00:00,credit_card,760.4,Refunded
PMT-597E5A61CE,RES-BF3D32DF50,24/12/2025 00:00,mobile_money,82.16,SUCCESS
PMT-34D2E49A5A,RES-57804E0501,2026-06-08 00:00:00,cash,806.39,PENDING
PMT-ACAFCBBAE4,RES-8A6546B118,02/12/2024 00:00,bank_transfer,1034.79,failed
PMT-C801C6BE24,RES-281D7099CF,2026-04-14 00:00:00,cash,402.68,FAILED
PMT-A7DF9E0B55,RES-F834900823,2025-09-10 00:00:00,bank_transfer,1596.96,success
PMT-1590E9E6CF,RES-EBC4ABBDA6,02-08-2024 12:00 AM,mobile_money,1571.21,REFUNDED
PMT-5039EFF2AA,RES-43473D5F77,2025-06-23 00:00:00,credit_card,1293.26,FAILED
PMT-AC1B5E2D4E,RES-DD6275DD59,03/10/2024 00:00,mobile_money,1722.9,paid
PMT-6281B64EFF,RES-DD6275DD59,2026-06-17 00:00:00,cash,1131.28,Failed
PMT-B9771812EC,RES-DD6275DD59,16/01/2024 00:00,debit_card,1271.19,Paid
PMT-2BA0922A5A,RES-A060EB40F6,02/10/2025 00:00,mobile_money,1539.45,Refunded
PMT-4127D22E0A,RES-A060EB40F6,2024-03-11 00:00:00,credit_card,1783.28,failed
PMT-4DB011C89A,RES-A060EB40F6,01/05/2026 00:00,debit_card,764.31,failed
PMT-80C0C496C1,RES-A98172CD2D,2024-11-22 00:00:00,mobile_money,687.44,PAID
PMT-56DE30F02A,RES-9D8101987B,28/06/2025 00:00,cash,766.22,PENDING
PMT-5643B25AB7,RES-CDBCC0525D,10/06/2024 00:00,credit_card,783.2,refunded
PMT-278C48AB3A,RES-31770D2EF1,10-02-2024 12:00 AM,mobile_money,647.09,PAID
PMT-1EF5C8FD1F,RES-31770D2EF1,19/06/2025 00:00,paypal,1584.4,failed
PMT-3C3A35C7FD,RES-5740AA2892,03-20-2026 12:00 AM,bank_transfer,1101.63,success
PMT-7ED7231518,RES-5740AA2892,06-09-2025 12:00 AM,mobile_money,1421.94,Failed
PMT-5881F71E17,RES-A20C7104AA,11-17-2025 12:00 AM,debit_card,386.91,DECLINED
PMT-9C93CDE9B3,RES-0030CEE036,01-20-2026 12:00 AM,paypal,91.27,paid
PMT-EE4F2E84A6,RES-DBCF7CDE4B,2024-05-17 00:00:00,credit_card,782.82,declined
PMT-A1D5C5134D,RES-33C629A566,2025-05-29 00:00:00,cash,290.68,pending
PMT-EF6F921D45,RES-ED8A206184,03/05/2025 00:00,bank_transfer,988.55,failed
PMT-4972519D9D,RES-1035F5178D,2024-03-25 00:00:00,paypal,526.06,pending
PMT-A13EB686C2,RES-229434900A,2026-04-16 00:00:00,credit_card,962.11,refunded
PMT-552BAFD120,RES-0CB663DC80,2025-01-14 00:00:00,paypal,236.82,Refunded
PMT-2F203C02DA,RES-C2DA6BF741,22/03/2024 00:00,debit_card,414.66,Paid
PMT-FA08397A24,RES-C2DA6BF741,2025-08-23 00:00:00,debit_card,1102.12,paid
PMT-15D0F7E211,RES-DFEBCBC8FC,2025-06-09 00:00:00,cash,424.12,declined
PMT-28AD76A8DB,RES-6400F4E9F8,2026-06-06 00:00:00,mobile_money,1720.35,REFUNDED
PMT-7490D54122,RES-D1288742CE,2024-12-16 00:00:00,cash,447.71,refunded
PMT-1FFA49F587,RES-3BC9E63A04,22/06/2024 00:00,credit_card,1650.18,SUCCESS
PMT-745AB3C3C7,RES-D9D7A8BA5A,11-20-2024 12:00 AM,mobile_money,921.43,Pending
PMT-D0543FEAB6,RES-CFB005E77E,08-07-2025 12:00 AM,paypal,402.26,REFUNDED
PMT-FF16716EF9,RES-78B52D61F3,02-06-2025 12:00 AM,paypal,341.79,refunded
PMT-61C8D5A427,RES-5D1CA0A795,11-29-2024 12:00 AM,paypal,721.26,failed
PMT-12F02DCB86,RES-5D1CA0A795,08-16-2025 12:00 AM,mobile_money,1495.0,Refunded
PMT-6CDE23F672,RES-5D1CA0A795,22/11/2024 00:00,paypal,1118.44,Failed
PMT-C3F87697EB,RES-49F2FAECD2,10/07/2025 00:00,debit_card,724.32,failed
PMT-AD16318CC9,RES-5283FFB1F1,04/04/2026 00:00,credit_card,1549.35,pending
PMT-273C15D52E,RES-8EC638DB4E,01/01/2025 00:00,debit_card,471.06,SUCCESS
PMT-8FC844D3DA,RES-D14FFD1CA2,07-29-2024 12:00 AM,mobile_money,963.9,paid
PMT-CE0830B133,RES-ADE028AAE6,06/10/2024 00:00,bank_transfer,919.26,DECLINED
PMT-EBB2EBAD59,RES-545BC786DD,03-06-2024 12:00 AM,debit_card,542.6,PENDING
PMT-E62F3F141E,RES-CF089FAE52,28/08/2025 00:00,mobile_money,731.75,SUCCESS
PMT-A7CA32A8F3,RES-933F4D5407,07-10-2025 12:00 AM,mobile_money,1491.26,PAID
PMT-66E61EA95D,RES-3D02D57A3F,07-01-2024 12:00 AM,paypal,1001.41,DECLINED
PMT-BD3D4A64EA,RES-447632E894,2026-03-26 00:00:00,bank_transfer,884.17,failed
PMT-DA8B6BDD62,RES-573269E21A,04-05-2025 12:00 AM,cash,1382.92,Refunded
PMT-031A3BD044,RES-0F63AADE39,23/11/2024 00:00,mobile_money,904.98,success
PMT-A4C607A743,RES-C88E1C35CB,22/07/2024 00:00,cash,138.85,declined
PMT-B151E3C04F,RES-47315567DD,05-23-2026 12:00 AM,credit_card,1343.6,refunded
PMT-01EA8EB7C7,RES-0E41A57172,03-24-2026 12:00 AM,paypal,671.24,declined
PMT-DD6EB827F1,RES-A514C9AF0E,2024-06-07 00:00:00,mobile_money,167.91,paid
PMT-FC489ED182,RES-8804407215,05-26-2026 12:00 AM,credit_card,1650.57,Paid
PMT-3CABDA5A2B,RES-BF0CE3ACEF,01-29-2025 12:00 AM,mobile_money,419.61,failed
PMT-72174158A4,RES-BF0CE3ACEF,2024-05-10 00:00:00,bank_transfer,1241.45,refunded
PMT-0F30DA1576,RES-FB859DBC85,2025-09-25 00:00:00,bank_transfer,770.89,refunded
PMT-5E88A763D1,RES-A6CC5DD1C0,10-14-2024 12:00 AM,credit_card,1429.68,PENDING
PMT-BDB7FD6515,RES-A6CC5DD1C0,08/11/2024 00:00,paypal,835.52,Paid
PMT-8AED0BAAF6,RES-A6CC5DD1C0,08/03/2026 00:00,mobile_money,943.43,FAILED
PMT-0C95CA95B4,RES-AFA9DF74A7,04-24-2024 12:00 AM,paypal,1738.14,PENDING
PMT-E24ADFB46A,RES-840107F1E6,2024-12-28 00:00:00,cash,928.64,DECLINED
PMT-F83B19250A,RES-700E74BC1A,13/11/2024 00:00,cash,664.62,Failed
PMT-8E1E899F0F,RES-8AB9CE0ECC,13/07/2025 00:00,debit_card,1359.26,DECLINED
PMT-E4D13D0DBE,RES-A76BE92E5B,2025-08-11 00:00:00,bank_transfer,172.75,success
PMT-3816AF920C,RES-4A6738D780,05/10/2025 00:00,bank_transfer,1046.83,Refunded
PMT-7C7A6E9360,RES-010BF4DFA3,2026-02-17 00:00:00,bank_transfer,1691.55,declined
PMT-64BFFEC135,RES-010BF4DFA3,13/07/2024 00:00,bank_transfer,1719.96,refunded
PMT-2A61FD132B,RES-010BF4DFA3,2024-05-06 00:00:00,debit_card,195.75,Pending
PMT-BFAA37A6F5,RES-51B1C06EEE,04-05-2024 12:00 AM,mobile_money,1558.52,FAILED
PMT-87D922D504,RES-E03852A988,31/01/2026 00:00,cash,372.72,PAID
PMT-B4A6B389CD,RES-B44AC85092,2024-05-17 00:00:00,debit_card,1073.07,PENDING
PMT-64345B1401,RES-F7FAFBEF03,2026-05-09 00:00:00,debit_card,661.87,Refunded
PMT-1D6357E8D2,RES-0DF0C70D55,05-29-2024 12:00 AM,bank_transfer,761.1,PAID
PMT-5399A50C70,RES-301F805B7F,01-30-2024 12:00 AM,credit_card,1591.7,refunded
PMT-0FC920061D,RES-3445951A96,07-17-2025 12:00 AM,mobile_money,748.56,Pending
PMT-ECD223E897,RES-48A58C1E27,2024-07-17 00:00:00,bank_transfer,165.49,Paid
PMT-98C487265D,RES-B6223C7C12,12-09-2025 12:00 AM,bank_transfer,329.33,REFUNDED
PMT-6546922816,RES-EA0D085E99,01-13-2026 12:00 AM,credit_card,915.28,PENDING
PMT-43066C83B7,RES-EA0D085E99,06-16-2025 12:00 AM,credit_card,979.3,SUCCESS
PMT-4739C19977,RES-EA0D085E99,09-27-2024 12:00 AM,mobile_money,190.92,SUCCESS
PMT-464088869A,RES-683A92103C,02/08/2024 00:00,mobile_money,1258.55,REFUNDED
PMT-08FDBEC083,RES-9A519D3852,06-08-2024 12:00 AM,paypal,1097.01,paid
PMT-7B21F6E0A3,RES-9A519D3852,15/05/2026 00:00,debit_card,1474.6,Pending
PMT-D1F51DDBAC,RES-697B935E1C,2025-02-10 00:00:00,paypal,1188.38,success
PMT-723A40D22D,RES-C972443A25,22/08/2025 00:00,cash,1324.07,pending
PMT-76CE77530D,RES-2E30EBE0A6,01-02-2026 12:00 AM,credit_card,1763.06,refunded
PMT-00D383D2B9,RES-36CDDB4653,05-18-2026 12:00 AM,mobile_money,846.3,refunded
PMT-9EB49252EC,RES-9AEEBD1C59,04-23-2026 12:00 AM,debit_card,1049.58,PAID
PMT-F72F609416,RES-9AEEBD1C59,12-28-2025 12:00 AM,paypal,1213.34,Refunded
PMT-7FE425A3D7,RES-25C73C2BD9,2025-04-25 00:00:00,paypal,537.95,Failed
PMT-DC32FCC0DF,RES-25C73C2BD9,2024-03-09 00:00:00,paypal,1114.93,success
PMT-B345CCA16C,RES-25C73C2BD9,2025-10-26 00:00:00,cash,1233.38,failed
PMT-A919BE60B5,RES-07557ACEBC,04/07/2024 00:00,mobile_money,992.17,Failed
PMT-91CAAAD33D,RES-3B0B145BC8,23/05/2024 00:00,mobile_money,312.51,Refunded
PMT-57B5E20B79,RES-2014089B6F,2025-11-07 00:00:00,credit_card,523.57,paid
PMT-8056EB2028,RES-DCEAE03E53,2026-04-03 00:00:00,credit_card,761.05,FAILED
PMT-7CE101589B,RES-339AB72268,2026-02-27 00:00:00,paypal,719.04,PENDING
PMT-7E7B994B30,RES-215107380A,01-19-2026 12:00 AM,debit_card,682.53,declined
PMT-97F82FFC79,RES-9E5B4DF8B6,02-19-2024 12:00 AM,debit_card,1402.35,DECLINED
PMT-FE07C948DD,RES-3FC46977F5,2026-06-19 00:00:00,bank_transfer,912.44,Pending
PMT-B0700372D1,RES-8F6D64E0A7,2026-06-16 00:00:00,debit_card,1059.74,pending
PMT-D3A483684A,RES-FFC84E6EA7,04/09/2025 00:00,bank_transfer,371.45,success
PMT-694D1AC6B2,RES-06C5DEA2DA,04-25-2025 12:00 AM,mobile_money,1682.14,Pending
PMT-FE0D65FE44,RES-83DA6F82B1,02/07/2024 00:00,credit_card,1731.19,refunded
PMT-C3D498A0F2,RES-96037C8A81,09-23-2024 12:00 AM,cash,163.99,PAID
PMT-2E45BC4646,RES-4667B27C8F,08-23-2025 12:00 AM,bank_transfer,713.92,PAID
PMT-515FD5CAFA,RES-D8826AF493,01-11-2025 12:00 AM,paypal,110.83,pending
PMT-326D00541A,RES-BD204D2FA7,2026-04-29 00:00:00,credit_card,1687.43,FAILED
PMT-CC98782662,RES-D323192823,11/11/2024 00:00,mobile_money,150.3,refunded
PMT-0D0A26A79B,RES-F7EAADA295,2024-06-11 00:00:00,bank_transfer,1490.98,Refunded
PMT-F06D1B13DE,RES-9D6F3C4CF2,03-13-2026 12:00 AM,cash,232.46,success
PMT-0FAE3E093B,RES-9D6F3C4CF2,2025-03-05 00:00:00,credit_card,225.7,PENDING
PMT-FC1819BB7F,RES-4BA3D67D96,2025-08-04 00:00:00,bank_transfer,1795.03,Pending
PMT-AEB2CEB1D9,RES-1DD06A8703,2025-04-09 00:00:00,paypal,342.49,Failed
PMT-1055F4219C,RES-1DE6B5272C,03-25-2026 12:00 AM,debit_card,58.01,PAID
PMT-CD1A4D2476,RES-C20EEEC349,2024-11-08 00:00:00,bank_transfer,1552.94,refunded
PMT-0C9267533B,RES-AD3FB41DFC,22/02/2024 00:00,mobile_money,869.51,DECLINED
PMT-1678514680,RES-E6B58AA3A5,26/01/2025 00:00,bank_transfer,1351.09,PENDING
PMT-254F9D04EC,RES-E6B58AA3A5,2024-06-19 00:00:00,paypal,732.2,FAILED
PMT-17840F8EC5,RES-0A8DC2AE7A,2024-01-06 00:00:00,mobile_money,1471.94,FAILED
PMT-07961FB7ED,RES-8FAB3E87C4,06/02/2025 00:00,credit_card,1250.66,REFUNDED
PMT-22F2C33316,RES-19FC3D5097,2025-03-19 00:00:00,bank_transfer,1747.72,Paid
PMT-68E2759D0A,RES-5096D1C8F9,2025-05-31 00:00:00,paypal,1015.91,pending
PMT-F6054CC820,RES-012D9BA43E,27/07/2024 00:00,cash,416.92,success
PMT-87F005356D,RES-0A9A7C1669,11-21-2025 12:00 AM,bank_transfer,1432.4,DECLINED
PMT-40F1E95EBE,RES-992FEC6031,12/07/2024 00:00,mobile_money,542.97,failed
PMT-B4AB8F01FF,RES-9E8B1450D3,12-29-2025 12:00 AM,mobile_money,490.22,PAID
PMT-AEE1DACC3C,RES-0D139AE9BE,2024-04-18 00:00:00,cash,1551.43,REFUNDED
PMT-DA6F4781C1,RES-CE7C69F710,10/12/2025 00:00,mobile_money,817.36,refunded
PMT-25C7C841C7,RES-1259B39A84,2025-12-26 00:00:00,debit_card,1746.96,PENDING
PMT-192E49EEB4,RES-33D3C34BEF,24/11/2024 00:00,cash,1768.48,PAID
PMT-1938DFE454,RES-33D3C34BEF,11-01-2025 12:00 AM,paypal,63.75,refunded
PMT-70CE55527F,RES-5B7AB9171E,2026-06-17 00:00:00,bank_transfer,1652.4,FAILED
PMT-A27B6A9110,RES-5B7AB9171E,2025-03-23 00:00:00,credit_card,594.81,pending
PMT-4AB0544131,RES-5B7AB9171E,2024-08-02 00:00:00,credit_card,1452.12,SUCCESS
PMT-BA39F1B672,RES-F6DD663812,2024-03-19 00:00:00,debit_card,161.27,success
PMT-4D395950BB,RES-84D8DE9BC9,18/03/2024 00:00,debit_card,1075.38,refunded
PMT-6E7C858233,RES-FF8D51FDB6,2026-06-09 00:00:00,cash,307.26,declined
PMT-6CA26F139E,RES-FF8D51FDB6,2024-11-14 00:00:00,paypal,316.19,pending
PMT-0FD85A151D,RES-FF8D51FDB6,2024-08-01 00:00:00,debit_card,1428.81,failed
PMT-59B896B088,RES-AFDBA52014,,debit_card,1765.62,PAID
PMT-F856BDE76E,RES-23F2BA4817,25/09/2025 00:00,mobile_money,446.54,FAILED
PMT-567221F464,RES-A6B5FF55BA,03-13-2026 12:00 AM,bank_transfer,1641.66,refunded
PMT-2A58DD8819,RES-5550BC37AF,2025-04-07 00:00:00,cash,270.68,pending
PMT-4F4570A464,RES-F61B865802,2024-04-27 00:00:00,mobile_money,1734.27,FAILED
PMT-244B5EE298,RES-A605FE67BF,02-19-2025 12:00 AM,bank_transfer,306.26,pending
PMT-F5C7BE96AF,RES-555412BB06,2024-10-07 00:00:00,paypal,91.49,PENDING
PMT-6A878F92D8,RES-37A70886D8,18/01/2026 00:00,cash,121.89,PENDING
PMT-3A65DDBE76,RES-DE71104A45,12/04/2025 00:00,mobile_money,1512.37,Pending
PMT-38BB890BF2,RES-199E0EA79B,05-12-2024 12:00 AM,paypal,1170.69,PENDING
PMT-AC3D18155B,RES-55C107CC5C,05/07/2024 00:00,paypal,364.5,refunded
PMT-9127EEA881,RES-2FBCD3D323,14/04/2026 00:00,bank_transfer,581.37,paid
PMT-0C2C7A791E,RES-EB42E257E9,17/08/2025 00:00,debit_card,902.36,SUCCESS
PMT-5CA5EAD95A,RES-AAEAD02404,2025-07-11 00:00:00,debit_card,1256.89,Paid
PMT-A0E46FE1DE,RES-B2DCE12424,11-04-2025 12:00 AM,cash,1642.42,failed
PMT-D3C67D1DFB,RES-EC2D9B774F,04-20-2024 12:00 AM,cash,1494.2,Pending
PMT-D5FD1F39E5,RES-C9A99F4CBC,25/10/2024 00:00,paypal,1670.29,DECLINED
PMT-AC9801B288,RES-512388B694,2026-06-08 00:00:00,cash,536.73,paid
PMT-6A8BE759AF,RES-C9CAA62FAB,21/11/2024 00:00,paypal,1473.03,refunded
PMT-DCBBB9D7E1,RES-C7F8FF3433,06-02-2026 12:00 AM,debit_card,1223.79,Pending
PMT-88A061225B,RES-C7F8FF3433,23/02/2026 00:00,mobile_money,718.41,declined
PMT-78E382E36A,RES-C7F8FF3433,11-01-2025 12:00 AM,credit_card,1578.5,Paid
PMT-8025A31B03,RES-DD022FF5EC,09/04/2025 00:00,bank_transfer,91.15,PENDING
PMT-D4E2B51BD9,RES-0A5384B3C8,2024-12-08 00:00:00,debit_card,149.45,FAILED
PMT-F46BAE9FB4,RES-176BB5C757,2024-02-10 00:00:00,credit_card,740.86,refunded
PMT-04D5902D39,RES-B3FFD37402,2024-07-13 00:00:00,paypal,1303.02,Failed
PMT-5907F0BDB4,RES-B3FFD37402,17/08/2025 00:00,cash,936.75,REFUNDED
PMT-DF1A923DEA,RES-80C9BA8438,10-09-2025 12:00 AM,credit_card,1165.81,Refunded
PMT-504291F67F,RES-6E64ADA36F,04-11-2024 12:00 AM,cash,1567.36,SUCCESS
PMT-C50D25E148,RES-CF7216A82F,2024-06-29 00:00:00,paypal,841.22,DECLINED
PMT-BB11AD5D6E,RES-4730375862,01-26-2024 12:00 AM,credit_card,1472.27,Refunded
PMT-A725723F22,RES-D68A321533,06-09-2025 12:00 AM,debit_card,1394.92,REFUNDED
PMT-3F7A7028D5,RES-D68A321533,2024-07-06 00:00:00,credit_card,88.33,DECLINED
PMT-AD28856D21,RES-D343B4C025,2025-05-28 00:00:00,mobile_money,909.19,FAILED
PMT-3B68014B9E,RES-D343B4C025,03/06/2024 00:00,cash,909.13,failed
PMT-42668CA9EF,RES-CD82991459,08-22-2024 12:00 AM,mobile_money,1340.45,failed
PMT-81B4CE5D4F,RES-0AB70F3F33,26/05/2025 00:00,mobile_money,1234.97,Pending
PMT-BCBACE2F49,RES-6419E0B85B,08-20-2024 12:00 AM,cash,755.54,paid
PMT-044A1B8BC6,RES-DB1FA54844,11/01/2024 00:00,paypal,1071.75,Paid
PMT-59171F4A13,RES-8685A90BB0,2024-11-10 00:00:00,mobile_money,257.51,SUCCESS
PMT-79021065DF,RES-89A971490F,21/07/2025 00:00,bank_transfer,404.59,PENDING
PMT-3427D43335,RES-0843D34907,12/09/2024 00:00,mobile_money,118.67,SUCCESS
PMT-E140B0FBCD,RES-B8A1E565E9,01-30-2025 12:00 AM,bank_transfer,1404.97,refunded
PMT-751FCA5680,RES-414BE1B952,10/11/2025 00:00,paypal,922.9,refunded
PMT-0B058410F7,RES-68CD685FE1,05-12-2025 12:00 AM,credit_card,528.78,REFUNDED
PMT-3E9BCAAC5E,RES-543DA07C6F,03/10/2024 00:00,mobile_money,937.81,Paid
PMT-E63487A45C,RES-84A9535877,09-03-2025 12:00 AM,paypal,1776.52,paid
PMT-0BC5882D09,RES-AD80C19FD4,2025-10-25 00:00:00,mobile_money,685.25,success
PMT-BECE6E8144,RES-AD80C19FD4,18/05/2024 00:00,mobile_money,424.11,PENDING
PMT-D2EEE1430A,RES-AD80C19FD4,15/10/2025 00:00,cash,1244.33,refunded
PMT-29A4EBDD15,RES-A6F72EF3CB,01/06/2025 00:00,mobile_money,562.06,Pending
PMT-12C364F3BD,RES-A6F72EF3CB,10/04/2026 00:00,bank_transfer,1161.61,success
PMT-62FC51DD9E,RES-7AC9A9ED41,2025-08-05 00:00:00,cash,591.49,Refunded
PMT-AC79082C76,RES-D7E7455E3A,05-15-2024 12:00 AM,bank_transfer,1312.54,REFUNDED
PMT-8B6F3E0B54,RES-5762CE288A,2025-10-03 00:00:00,debit_card,1139.64,PENDING
PMT-305A722018,RES-2DF070B7E0,,bank_transfer,713.98,refunded
PMT-894502FDCE,RES-41DFEBA438,02-24-2026 12:00 AM,mobile_money,166.74,Paid
PMT-939E0DC316,RES-85F9AD5F8A,2025-01-23 00:00:00,mobile_money,1110.34,Pending
PMT-0430AB9003,RES-CA607BFC49,06-15-2026 12:00 AM,credit_card,1096.9,Refunded
PMT-88FCFE0B75,RES-1AB66938DF,10/12/2024 00:00,bank_transfer,1280.56,Refunded
PMT-3F195676C0,RES-010AC74938,2026-06-07 00:00:00,debit_card,1580.57,Failed
PMT-CEE35D273E,RES-F97D03C305,06-03-2024 12:00 AM,debit_card,1393.86,Pending
PMT-0C8D1483F3,RES-ABBDE13E83,2026-03-04 00:00:00,debit_card,1132.23,REFUNDED
PMT-4034C9B423,RES-03FCAF9B26,2024-02-26 00:00:00,bank_transfer,982.01,paid
PMT-5482F348D6,RES-A1EDAC4AF0,2026-02-21 00:00:00,mobile_money,351.95,PENDING
PMT-538065FEB3,RES-0D7EB8DFD6,28/02/2025 00:00,debit_card,1536.93,SUCCESS
PMT-D55538C890,RES-B255E9F4D8,2025-07-27 00:00:00,debit_card,1172.9,REFUNDED
PMT-BEAD93BEC7,RES-91B90768D8,2026-05-18 00:00:00,debit_card,931.51,PENDING
PMT-31E6859CBA,RES-AA9C9341EB,10-04-2024 12:00 AM,cash,325.35,pending
PMT-4B590C963E,RES-DA5F42A253,2025-03-20 00:00:00,bank_transfer,959.43,Pending
PMT-1171C23DB6,RES-347E3209CE,2025-05-29 00:00:00,paypal,1431.32,REFUNDED
PMT-BF87A99988,RES-1A3F91181C,2024-02-04 00:00:00,cash,572.89,PENDING
PMT-41BCCEBA5F,RES-3783784E74,2025-07-25 00:00:00,credit_card,1088.09,DECLINED
PMT-15115C1FE8,RES-2F8BDFE404,09-10-2024 12:00 AM,mobile_money,1451.04,DECLINED
PMT-3F4F5D8B83,RES-2F8BDFE404,07/06/2025 00:00,bank_transfer,1511.16,DECLINED
PMT-34BA51A136,RES-2F8BDFE404,12/02/2024 00:00,paypal,963.15,success
PMT-1A631FA21D,RES-AB7328A343,12-25-2024 12:00 AM,debit_card,307.38,pending
PMT-2B52BECB62,RES-A8965F6415,10-21-2025 12:00 AM,bank_transfer,756.3,SUCCESS
PMT-A3A98C9433,RES-E64B036BD2,07-11-2024 12:00 AM,mobile_money,1256.17,refunded
PMT-5D1535F271,RES-AB18D38D3D,2024-12-06 00:00:00,mobile_money,53.36,SUCCESS
PMT-584285B0A8,RES-BAE7FFB716,05-26-2025 12:00 AM,mobile_money,1160.51,paid
PMT-CD75279E3E,RES-28E6ED2E53,03-22-2025 12:00 AM,bank_transfer,1350.43,paid
PMT-5EEFF6774E,RES-4F5DBB6F8F,2024-08-16 00:00:00,paypal,221.22,success
PMT-7B91C2FA20,RES-057A97552F,2025-08-22 00:00:00,debit_card,1016.2,paid
PMT-830F212D79,RES-BB84EDD395,15/05/2024 00:00,debit_card,84.27,Failed
PMT-696733741D,RES-4D1519FCF7,04-09-2025 12:00 AM,credit_card,221.29,refunded
PMT-51DD6D5C08,RES-4D1519FCF7,03/06/2024 00:00,cash,1278.25,PENDING
PMT-514F5364DF,RES-825A445BBF,20/05/2026 00:00,mobile_money,388.62,Failed
PMT-6300C9878F,RES-5E2911EBBD,01-13-2024 12:00 AM,paypal,1088.72,Pending
PMT-C017DC2D11,RES-5E2911EBBD,,paypal,1761.2,refunded
PMT-7706582D67,RES-5E2911EBBD,,cash,858.34,REFUNDED
PMT-45569CA122,RES-EC02C13F78,2025-07-05 00:00:00,debit_card,665.45,Paid
PMT-C6F9703DF2,RES-3EDC9BC18C,01/11/2024 00:00,paypal,1467.15,DECLINED
PMT-BD5F4D3312,RES-3EDC9BC18C,05-30-2025 12:00 AM,debit_card,312.9,PENDING
PMT-F6B3706BCB,RES-5A0DAE376C,2024-04-10 00:00:00,credit_card,184.19,REFUNDED
PMT-C5C578FDFC,RES-4B63B40702,2024-04-19 00:00:00,cash,1683.06,Refunded
PMT-7E0331CDDB,RES-663EF4B49D,07-13-2025 12:00 AM,mobile_money,528.16,DECLINED
PMT-82F6C8E820,RES-CA7E9FEDDB,2024-04-19 00:00:00,cash,133.94,paid
PMT-A854510966,RES-DC80DA24F0,10-08-2025 12:00 AM,cash,1598.01,FAILED
PMT-18DCB3F3B2,RES-78971A784E,02-17-2024 12:00 AM,bank_transfer,538.73,PENDING
PMT-B37E2D97DF,RES-78971A784E,2025-11-21 00:00:00,cash,817.49,Pending
PMT-3172FB7937,RES-78971A784E,02-15-2024 12:00 AM,debit_card,388.38,paid
PMT-A53CA34357,RES-884419D594,2024-12-06 00:00:00,bank_transfer,1029.84,refunded
PMT-26EDB184BC,RES-884419D594,2024-01-01 00:00:00,credit_card,591.24,success
PMT-A6AAF5DA60,RES-0E28F5B815,2025-07-01 00:00:00,cash,1447.47,pending
PMT-4BE35D2A0F,RES-1307B58D39,2025-12-29 00:00:00,credit_card,1255.2,failed
PMT-D5DE8B5625,RES-5524354108,21/06/2024 00:00,paypal,150.96,FAILED
PMT-65F428C8FC,RES-86E3491992,25/08/2024 00:00,bank_transfer,1038.39,PENDING
PMT-2B976B716F,RES-0B3D14FF57,03-08-2025 12:00 AM,mobile_money,490.37,REFUNDED
PMT-27068D11F5,RES-0DA2EAD65D,08/03/2025 00:00,mobile_money,902.98,pending
PMT-7509FAE285,RES-8F8C3AACF5,01-25-2026 12:00 AM,debit_card,1356.04,SUCCESS
PMT-1FE1D54022,RES-EA2C033C2F,2025-03-29 00:00:00,paypal,718.75,Paid
PMT-8AD54CCB5C,RES-91581910D6,03-20-2026 12:00 AM,debit_card,1159.58,success
PMT-C69075776E,RES-1C5EF39A4A,07/07/2025 00:00,paypal,1609.83,REFUNDED
PMT-EE993A6153,RES-6E89DF4071,2024-06-20 00:00:00,bank_transfer,309.74,DECLINED
PMT-102C81472A,RES-FFB2233123,24/09/2024 00:00,debit_card,1575.24,PAID
PMT-0FF5932D56,RES-7113064078,08-10-2024 12:00 AM,mobile_money,943.45,Refunded
PMT-B2371A5F82,RES-AAE7B2A56D,2026-03-25 00:00:00,credit_card,629.46,Paid
PMT-222F9B4109,RES-CB9DD1BA4F,17/12/2024 00:00,debit_card,184.38,Refunded
PMT-5658404F0B,RES-63A2092FE1,11-21-2025 12:00 AM,mobile_money,571.89,pending
PMT-3DD1C58A24,RES-640C9740BB,03-03-2025 12:00 AM,credit_card,1117.54,FAILED
PMT-53875FC42B,RES-2C26B624C4,2026-01-03 00:00:00,bank_transfer,1463.13,failed
PMT-2089745DBC,RES-02AB4737FD,05-06-2025 12:00 AM,cash,1152.05,Pending
PMT-EB79F672A7,RES-6C604EF26D,12-18-2025 12:00 AM,mobile_money,364.35,Paid
PMT-9627439B64,RES-E5A9FAEF08,14/03/2024 00:00,paypal,510.06,PENDING
PMT-EEA3E96C10,RES-D085F183D2,21/10/2025 00:00,credit_card,1516.2,refunded
PMT-81DC701B4B,RES-91A8C4ECC1,07-07-2024 12:00 AM,paypal,519.93,success
PMT-6AC255CAEB,RES-0A7DF87131,2025-08-11 00:00:00,bank_transfer,304.43,failed
PMT-EF6CA71246,RES-0A7DF87131,29/04/2024 00:00,paypal,807.68,PAID
PMT-00E113024E,RES-0A7DF87131,03-31-2026 12:00 AM,mobile_money,761.84,declined
PMT-90BA4200B1,RES-830DDD4141,12/08/2025 00:00,bank_transfer,1364.91,Refunded
PMT-52E7087BD1,RES-9625B34766,03-21-2025 12:00 AM,bank_transfer,212.5,refunded
PMT-F2DE0511F7,RES-60ABF28BD7,06-30-2025 12:00 AM,debit_card,1746.1,refunded
PMT-107B701259,RES-5800EF8817,12-23-2025 12:00 AM,mobile_money,1621.66,success
PMT-A4E221C01E,RES-9645DABA56,2025-03-27 00:00:00,credit_card,1391.34,Failed
PMT-A508D7140F,RES-9645DABA56,11-02-2025 12:00 AM,debit_card,1196.78,SUCCESS
PMT-6DA060A81C,RES-E52810EE1D,2024-07-22 00:00:00,debit_card,1460.6,success
PMT-EA925D8DFF,RES-BACAB13B2E,11/09/2025 00:00,bank_transfer,325.97,Paid
PMT-B55F101534,RES-608B8D7D52,01-20-2026 12:00 AM,credit_card,1607.27,FAILED
PMT-BC3328B116,RES-A4687B12CF,11-18-2025 12:00 AM,credit_card,1053.31,REFUNDED
PMT-0DEC6387EC,RES-A4687B12CF,2025-01-23 00:00:00,bank_transfer,958.89,pending
PMT-339F33D14A,RES-A4687B12CF,30/12/2024 00:00,credit_card,398.39,failed
PMT-5EF3657F9B,RES-80A0057A70,03-05-2024 12:00 AM,paypal,457.44,failed
PMT-F653D3B32F,RES-28A48EF30F,02/04/2024 00:00,mobile_money,1032.68,Paid
PMT-584ECABD70,RES-B3C956C718,17/02/2026 00:00,debit_card,1547.1,paid
PMT-8BA6169C3C,RES-1D0F8C0EAA,10-20-2025 12:00 AM,debit_card,704.91,FAILED
PMT-B3AEA84C4D,RES-3AC73FEE57,2026-04-08 00:00:00,bank_transfer,422.18,SUCCESS
PMT-C78BC3DA96,RES-0C52213A53,2024-01-22 00:00:00,cash,914.92,Refunded
PMT-0D012EAD60,RES-BB32B1381D,10-10-2024 12:00 AM,bank_transfer,160.5,declined
PMT-1C12643B7F,RES-B556DE5D05,12-28-2025 12:00 AM,debit_card,935.79,DECLINED
PMT-6CA79B22C0,RES-B556DE5D05,21/08/2024 00:00,paypal,,REFUNDED
PMT-BF513DEB5D,RES-981D506DAD,01-21-2026 12:00 AM,paypal,1260.28,DECLINED
PMT-4B27E0FBBD,RES-981D506DAD,2024-02-11 00:00:00,bank_transfer,1411.75,pending
PMT-B5DC0D9788,RES-531813E1A2,2025-07-22 00:00:00,cash,1682.68,REFUNDED
PMT-1347DCB891,RES-D2852AC34E,16/10/2024 00:00,mobile_money,1218.97,PAID
PMT-345A2F635F,RES-D9C850B7B0,06-06-2025 12:00 AM,credit_card,1687.98,REFUNDED
PMT-8DBFDE7B45,RES-0F3CF3B3DC,17/11/2025 00:00,cash,579.16,Failed
PMT-BF85346CF5,RES-8C5D31BD4C,2025-03-26 00:00:00,debit_card,1337.55,DECLINED
PMT-FF53F0E4A5,RES-D33C1AD6A6,02-20-2025 12:00 AM,bank_transfer,196.77,Paid
PMT-D1D66A7AE6,RES-A14028589D,15/02/2026 00:00,mobile_money,1706.43,SUCCESS
PMT-F63BCA8E62,RES-95CBE86683,03-07-2025 12:00 AM,bank_transfer,830.63,PENDING
PMT-0E92F47E97,RES-C4523A4C9B,,paypal,245.17,Pending
PMT-B178DA362E,RES-18625591DD,2024-08-31 00:00:00,paypal,875.98,PAID
PMT-13A94848DF,RES-8A4FA1ED53,2026-01-24 00:00:00,debit_card,1161.48,refunded
PMT-6564A5AD57,RES-ECFAAC3917,2026-04-07 00:00:00,debit_card,1581.85,REFUNDED
PMT-E3A41247CA,RES-3D74B875E8,2024-01-31 00:00:00,credit_card,161.82,PENDING
PMT-3552E99EF3,RES-7B52298A02,2026-05-05 00:00:00,paypal,1666.9,PENDING
PMT-98A261EF24,RES-093733EEAB,12-24-2024 12:00 AM,cash,186.63,pending
PMT-86757619F6,RES-093733EEAB,07/02/2024 00:00,cash,307.03,DECLINED
PMT-F9C0B53998,RES-7C8CCC0ADE,2025-09-19 00:00:00,debit_card,68.02,success
PMT-BC73CA2C7C,RES-0C1F7D3764,2025-01-16 00:00:00,bank_transfer,1508.39,FAILED
PMT-48C39B167D,RES-76876177F0,09-29-2025 12:00 AM,cash,752.04,failed
PMT-B117D529A1,RES-E8A3DC3A0B,2024-06-18 00:00:00,cash,1775.17,paid
PMT-40E87FD78D,RES-4A0BD98A7F,01-26-2026 12:00 AM,bank_transfer,1660.78,Paid
PMT-3EC0374860,RES-FBB1E993E6,02-24-2025 12:00 AM,bank_transfer,1075.36,refunded
PMT-DB14E0624D,RES-08C01671A4,05-19-2026 12:00 AM,credit_card,882.96,Pending
PMT-944DF38010,RES-589EC28F31,09-18-2024 12:00 AM,cash,791.5,PAID
PMT-68746F7907,RES-1FF6677AF3,07/05/2026 00:00,bank_transfer,466.5,Refunded
PMT-E344CE8359,RES-15AC2C7A80,2024-08-02 00:00:00,bank_transfer,664.08,REFUNDED
PMT-22C56A8B13,RES-94A0CEABA8,04-10-2026 12:00 AM,bank_transfer,1541.27,DECLINED
PMT-290437ADBE,RES-82F88E5176,2025-12-26 00:00:00,mobile_money,1359.65,declined
PMT-3794940DDB,RES-82F88E5176,2024-04-14 00:00:00,credit_card,1034.95,pending
PMT-23D223EB48,RES-82F88E5176,2026-03-06 00:00:00,mobile_money,342.51,Refunded
PMT-16023535A9,RES-02E818C89A,07-26-2024 12:00 AM,credit_card,159.97,REFUNDED
PMT-A6B73B278E,RES-C1CDF5489C,05-18-2025 12:00 AM,bank_transfer,105.31,DECLINED
PMT-8C9398F627,RES-6C019E3BB1,07/08/2024 00:00,cash,1419.26,PENDING
PMT-0F3A81B4D1,RES-2BD46DE5CF,18/03/2026 00:00,mobile_money,1656.02,REFUNDED
PMT-6735A4E3DF,RES-F74565ADF4,2025-08-02 00:00:00,mobile_money,543.52,pending
PMT-3AFB400B75,RES-C7525C7F13,06-08-2024 12:00 AM,debit_card,803.71,pending
PMT-C2B4A59FAB,RES-82AD0A491C,25/04/2025 00:00,cash,,FAILED
PMT-C26B3B6791,RES-0E0D624E0B,02-10-2024 12:00 AM,bank_transfer,248.43,Pending
PMT-02D0F810FC,RES-A833EDDB48,2024-08-14 00:00:00,cash,1529.94,SUCCESS
PMT-7D0464F587,RES-34071BCC90,06-28-2025 12:00 AM,cash,266.59,declined
PMT-38C72485F5,RES-F411D0C7C6,12-21-2025 12:00 AM,credit_card,1506.66,PAID
PMT-6F7E447B03,RES-541278600D,24/02/2026 00:00,paypal,366.3,declined
PMT-17E8CD8BE7,RES-C388123842,07-10-2024 12:00 AM,cash,335.01,Pending
PMT-49E5C17286,RES-9ECAB94C57,31/12/2024 00:00,credit_card,762.38,Paid
PMT-65E000CB5B,RES-70661A4D98,2025-06-14 00:00:00,mobile_money,381.55,PENDING
PMT-855FE72A55,RES-51AB1A9B31,2024-06-13 00:00:00,bank_transfer,1691.54,Paid
PMT-8C91AF0C43,RES-363F61C3B3,,debit_card,219.59,PENDING
PMT-FC1E0DB475,RES-F5717A83E1,22/06/2024 00:00,cash,1256.58,REFUNDED
PMT-F44D7A816E,RES-698ECA81E4,01-29-2026 12:00 AM,credit_card,1752.47,refunded
PMT-C573645AC0,RES-874BD28A3D,15/01/2024 00:00,cash,194.87,Pending
PMT-6D3B474DB2,RES-803B3C4F66,2025-12-14 00:00:00,cash,1384.16,Pending
PMT-FB6E5221D0,RES-F1B83CA1DE,08-26-2025 12:00 AM,mobile_money,1749.09,declined
PMT-F55C7A63C8,RES-0F05E5B568,11/08/2024 00:00,mobile_money,159.12,refunded
PMT-BC41DF501B,RES-9FBF83D7A6,02-16-2025 12:00 AM,credit_card,1686.81,REFUNDED
PMT-92081080C3,RES-50DA453DDD,04/01/2025 00:00,mobile_money,566.2,pending
PMT-82499C9B0E,RES-DC24503533,2025-02-13 00:00:00,paypal,522.9,refunded
PMT-7EEF1E7713,RES-DC24503533,07-30-2024 12:00 AM,mobile_money,1324.31,DECLINED
PMT-DCDC0EB6CC,RES-DC24503533,24/01/2025 00:00,mobile_money,218.42,pending
PMT-752D931AD4,RES-C70671A3EE,07-09-2024 12:00 AM,credit_card,220.26,FAILED
PMT-EBAC9B5DE6,RES-461FAE5185,2024-01-29 00:00:00,bank_transfer,1734.77,Failed
PMT-CFC7F58F9F,RES-E1E87D8B0A,04/11/2024 00:00,credit_card,331.78,paid
PMT-FD76A0D962,RES-639DA75E65,10-01-2025 12:00 AM,paypal,1130.14,PENDING
PMT-D790C8C348,RES-14F7443DAC,2024-03-07 00:00:00,cash,,pending
PMT-578049CEA4,RES-A061BFE4D8,10-01-2025 12:00 AM,paypal,951.33,DECLINED
PMT-38ACDD5769,RES-A06B2CB886,07/08/2025 00:00,debit_card,1600.09,FAILED
PMT-7BB7AA2106,RES-D07A9A71FC,2025-11-21 00:00:00,bank_transfer,403.43,Pending
PMT-66BE3972AB,RES-E944DB0CC5,2026-05-05 00:00:00,bank_transfer,867.75,failed
PMT-7A75310B2E,RES-B8762D77A7,08-23-2024 12:00 AM,bank_transfer,982.62,Refunded
PMT-D8187D766A,RES-2630451F15,2025-08-20 00:00:00,debit_card,113.95,FAILED
PMT-A858896FA7,RES-0421F2370E,2025-02-08 00:00:00,mobile_money,900.26,DECLINED
PMT-2D2D9DE782,RES-D4F0DFDF31,06/06/2026 00:00,credit_card,616.36,pending
PMT-5DBC922B5F,RES-D4F0DFDF31,03-26-2026 12:00 AM,bank_transfer,1459.3,refunded
PMT-A0B8C06DF7,RES-D4F0DFDF31,2025-02-03 00:00:00,mobile_money,754.36,FAILED
PMT-7FC3C161EC,RES-D32CC44BD5,2025-12-13 00:00:00,mobile_money,596.44,Paid
PMT-655F66B4F6,RES-35A291B77A,27/05/2025 00:00,mobile_money,838.77,refunded
PMT-754E9C3CCF,RES-5058E8019E,2024-10-29 00:00:00,paypal,1417.92,SUCCESS
PMT-E3084FCCFA,RES-5058E8019E,2026-05-06 00:00:00,credit_card,459.82,paid
PMT-1F172145C9,RES-69C57555BA,2025-06-17 00:00:00,cash,1485.08,PAID
PMT-018BF9A16B,RES-69C57555BA,2024-08-06 00:00:00,bank_transfer,1070.58,REFUNDED
PMT-5387B2C4C7,RES-33835330FA,05/09/2024 00:00,cash,574.43,Failed
PMT-8DEEC251DF,RES-C809CA8F1F,2024-07-01 00:00:00,paypal,1207.27,REFUNDED
PMT-F2467A591E,RES-7B38846B89,2026-05-07 00:00:00,mobile_money,254.03,Pending
PMT-17671C7DFF,RES-7B38846B89,2026-03-04 00:00:00,mobile_money,1735.35,paid
PMT-AC2B704228,RES-7B38846B89,11-08-2024 12:00 AM,bank_transfer,854.45,refunded
PMT-A099DEF0A8,RES-2DFD4C1DA6,2024-12-03 00:00:00,credit_card,1355.43,Pending
PMT-33DA078DBA,RES-2B66860F52,04-26-2024 12:00 AM,bank_transfer,1219.22,pending
PMT-D76FC7A34C,RES-2B66860F52,,cash,186.95,declined
PMT-2A1EF80848,RES-2B66860F52,19/04/2024 00:00,paypal,1750.75,REFUNDED
PMT-3D67872893,RES-96B8836852,08-07-2025 12:00 AM,cash,338.88,REFUNDED
PMT-516F6675F6,RES-96B8836852,2025-09-28 00:00:00,debit_card,714.79,declined
PMT-105602C054,RES-091995D4A8,2024-10-23 00:00:00,credit_card,1306.14,failed
PMT-4D1B729781,RES-091995D4A8,07-21-2025 12:00 AM,bank_transfer,,success
PMT-1C46B7D952,RES-4EDBF57158,02-23-2024 12:00 AM,mobile_money,653.15,refunded
PMT-D552C17324,RES-124AB40475,18/10/2024 00:00,debit_card,1313.01,paid
PMT-42DBAF4C6E,RES-C133D04E5B,2026-02-19 00:00:00,cash,919.18,PENDING
PMT-E415CBDA19,RES-C133D04E5B,11-12-2024 12:00 AM,paypal,1448.07,SUCCESS
PMT-0CF03040FB,RES-56B8A9BC8F,21/10/2024 00:00,debit_card,88.66,success
PMT-57F73FFBCB,RES-41143A03BD,24/03/2025 00:00,mobile_money,824.98,FAILED
PMT-161FB0BD51,RES-41143A03BD,2024-08-09 00:00:00,debit_card,1654.73,pending
PMT-35AA5D9F7F,RES-ED215646A6,09/04/2026 00:00,credit_card,762.35,success
PMT-CA3CD18A87,RES-EADDAEC0C1,2025-05-12 00:00:00,paypal,893.59,FAILED
PMT-35DC0AC0EE,RES-EE2352BF2C,24/07/2025 00:00,mobile_money,1366.0,FAILED
PMT-ADD8EDDF87,RES-BB03EDA805,2025-08-06 00:00:00,debit_card,1011.89,refunded
PMT-B01BD4ADF6,RES-BB03EDA805,09-09-2025 12:00 AM,paypal,321.76,Pending
PMT-F6243F4567,RES-E683E43241,2026-05-20 00:00:00,credit_card,1659.08,pending
PMT-F89B089DC1,RES-A93CB01351,2026-06-04 00:00:00,cash,937.27,REFUNDED
PMT-C707B3586A,RES-1DA972D73C,,cash,578.41,pending
PMT-C4FA772609,RES-3E1FFDD2AD,12-22-2025 12:00 AM,credit_card,1313.79,PAID
PMT-4608C16DB5,RES-0DD6750262,09/11/2024 00:00,debit_card,1626.74,declined
PMT-3B455622BF,RES-2EA564070B,12-11-2025 12:00 AM,bank_transfer,261.76,refunded
PMT-61E43E5885,RES-2EA564070B,26/09/2024 00:00,debit_card,1371.02,PAID
PMT-E2F00DF53A,RES-9093674E79,09-18-2024 12:00 AM,debit_card,296.28,DECLINED
PMT-B9F0E3BDB3,RES-5B6428915F,01-25-2024 12:00 AM,cash,782.63,PAID
PMT-B014710A28,RES-C73FD54C19,2024-09-15 00:00:00,credit_card,1396.23,declined
PMT-17DE33AB8D,RES-A6ABEEF96A,04/09/2025 00:00,credit_card,922.1,PENDING
PMT-207A7F2D28,RES-A6ABEEF96A,2024-08-27 00:00:00,credit_card,887.01,refunded
PMT-36E76602FE,RES-5B61063A80,04/02/2024 00:00,cash,301.09,SUCCESS
PMT-0C270B5B8F,RES-DBD4EDC8A7,29/07/2025 00:00,cash,1147.39,success
PMT-0C38F45AA6,RES-55F4C94F5D,2025-06-13 00:00:00,credit_card,1563.45,Failed
PMT-BA760912B2,RES-0B6F5DDB1A,05-05-2026 12:00 AM,cash,646.03,Failed
PMT-E6F9C3826D,RES-A3A54EC58E,08-10-2024 12:00 AM,bank_transfer,461.87,failed
PMT-CE788308A2,RES-D228E5D826,26/10/2025 00:00,bank_transfer,168.31,success
PMT-CE2A571B0F,RES-D321DCE1C7,02-03-2026 12:00 AM,bank_transfer,180.62,REFUNDED
PMT-6CD6E4DDC4,RES-02816582F2,,debit_card,856.07,Refunded
PMT-9BEA02C58E,RES-2A1CE0A668,2025-03-07 00:00:00,paypal,216.24,Refunded
PMT-2BDE169857,RES-271893C002,03-24-2024 12:00 AM,paypal,1341.52,REFUNDED
PMT-CA71A000A6,RES-21AEFDC29E,27/04/2025 00:00,debit_card,731.08,Failed
PMT-A58AE0ECF5,RES-7064E72564,2026-03-25 00:00:00,cash,90.77,failed
PMT-83423F9D21,RES-741C24B8FA,28/10/2025 00:00,bank_transfer,804.75,REFUNDED
PMT-C06599D708,RES-AFD0D0ECB8,2025-11-14 00:00:00,credit_card,825.7,failed
PMT-2AB8CFFF0C,RES-503D6B91F5,13/02/2025 00:00,credit_card,306.95,refunded
PMT-50CF524DCA,RES-6EAACCDD0C,02-10-2024 12:00 AM,credit_card,1392.19,SUCCESS
PMT-46D0E7E257,RES-43ADB0DEFC,04/08/2024 00:00,cash,1128.34,PENDING
PMT-15DE7B2E2F,RES-0F224595EB,10-22-2025 12:00 AM,credit_card,489.25,refunded
PMT-B8D179268A,RES-F4490A6A08,08-02-2025 12:00 AM,mobile_money,499.35,pending
PMT-3DBBC28C37,RES-D535BEE0E8,2025-06-28 00:00:00,paypal,1410.87,paid
PMT-E671B72C81,RES-C5B7FF0470,15/04/2024 00:00,credit_card,881.33,Pending
PMT-E8FC5524B9,RES-A9EB6C1D88,25/02/2024 00:00,cash,1238.93,FAILED
PMT-5A54265970,RES-1A9D857F8B,2025-07-18 00:00:00,paypal,1195.43,FAILED
PMT-6C35AAA3B2,RES-1A9D857F8B,03-25-2026 12:00 AM,bank_transfer,419.15,Pending
PMT-28EE9BBF22,RES-5413BF5383,2024-04-14 00:00:00,mobile_money,530.42,refunded
PMT-25A6202ADB,RES-903D287903,01-08-2025 12:00 AM,bank_transfer,862.78,pending
PMT-527A07836B,RES-066FB99796,2026-02-09 00:00:00,paypal,1070.92,paid
PMT-9AE934990E,RES-066FB99796,05-14-2026 12:00 AM,mobile_money,296.96,Pending
PMT-C18C341D7F,RES-7296561EC3,19/08/2025 00:00,cash,332.64,Pending
PMT-E855BCA1B7,RES-F1DF726042,03-08-2026 12:00 AM,bank_transfer,962.37,REFUNDED
PMT-46E4AE86CB,RES-C2D230C80A,2024-05-25 00:00:00,bank_transfer,929.1,REFUNDED
PMT-D32627F0E2,RES-2DC5139367,2024-01-30 00:00:00,bank_transfer,76.82,paid
PMT-400FE28856,RES-E253DB592A,07/04/2026 00:00,mobile_money,362.09,Refunded
PMT-B437833ED2,RES-793AF02DCA,12/11/2024 00:00,paypal,1300.41,Refunded
PMT-F150AD1578,RES-6166938767,2025-12-10 00:00:00,debit_card,1747.9,PAID
PMT-5485DC1965,RES-6166938767,02-04-2024 12:00 AM,credit_card,1428.4,FAILED
PMT-59DD3FEEAA,RES-1F5B926E4D,2024-07-13 00:00:00,mobile_money,1164.84,Pending
PMT-9A019A136F,RES-8456EFF0AC,01-15-2025 12:00 AM,paypal,1683.85,FAILED
PMT-967AC736E4,RES-2BF41D2D35,2025-12-22 00:00:00,bank_transfer,1630.43,paid
PMT-6713C7FC69,RES-71DA0C5CE9,2025-07-03 00:00:00,debit_card,1030.33,FAILED
PMT-FB2326FDB5,RES-81CCF34135,18/03/2026 00:00,cash,231.15,PAID
PMT-9671F6403A,RES-B4DBF930C9,2025-04-10 00:00:00,credit_card,1579.22,Pending
PMT-E41E233C02,RES-ABA2650501,2025-02-10 00:00:00,bank_transfer,751.58,refunded
PMT-C3183A47F2,RES-82A97A3DE0,10-30-2025 12:00 AM,cash,51.39,Pending
PMT-0D44D4E671,RES-931A639DF0,2026-02-12 00:00:00,mobile_money,376.01,Pending
PMT-5B26881B13,RES-2F1878C071,30/11/2025 00:00,mobile_money,1574.63,PENDING
PMT-7F9C822DEB,RES-D564C94819,09/12/2025 00:00,credit_card,1660.68,DECLINED
PMT-29E5E39D81,RES-64B7685B2C,02-29-2024 12:00 AM,cash,1677.7,Pending
PMT-A6A36F6E59,RES-608269FC54,07-09-2024 12:00 AM,mobile_money,283.82,PAID
PMT-2099BC2DFE,RES-930A20B2EF,2025-09-26 00:00:00,bank_transfer,523.66,pending
PMT-FD6C1487A7,RES-AB53A395F7,04-13-2026 12:00 AM,paypal,976.63,paid
PMT-F90034EC67,RES-D05560E392,05-02-2025 12:00 AM,credit_card,292.58,Failed
PMT-28A5467CE9,RES-6F5C1D3ACB,25/09/2025 00:00,credit_card,619.89,refunded
PMT-3DAE808D3C,RES-6BB713A6BC,31/01/2026 00:00,debit_card,866.2,PAID
PMT-518912E8DB,RES-AADEB6458A,09/04/2026 00:00,credit_card,437.28,PAID
PMT-869E6C0287,RES-62DB62B1EF,12-04-2025 12:00 AM,mobile_money,364.12,Refunded
PMT-831D3C5CE7,RES-A3BFA6262F,17/03/2026 00:00,mobile_money,1247.55,refunded
PMT-6256B73CEE,RES-E2ADD74BD6,02/10/2024 00:00,mobile_money,482.76,Refunded
PMT-762E480D4A,RES-D8FC7812C9,22/04/2026 00:00,paypal,114.82,REFUNDED
PMT-F988275705,RES-827AAF3D29,10-13-2025 12:00 AM,mobile_money,994.77,Refunded
PMT-D7B0603CE5,RES-9F796B901C,01-17-2024 12:00 AM,credit_card,179.31,failed
PMT-66CE950271,RES-0A3DC1D224,06-03-2024 12:00 AM,mobile_money,1775.22,refunded
PMT-4360699F9E,RES-9FDDCEC1E0,21/09/2025 00:00,mobile_money,899.87,Refunded
PMT-D0A067264A,RES-F21D8A1994,16/02/2024 00:00,credit_card,968.75,FAILED
PMT-E94195459E,RES-F21D8A1994,2025-10-19 00:00:00,debit_card,1053.54,pending
PMT-1717B505FB,RES-F21D8A1994,22/11/2025 00:00,bank_transfer,1421.08,failed
PMT-CA0301876C,RES-2B7E723B30,02-15-2024 12:00 AM,mobile_money,1723.23,Paid
PMT-3CA0134D73,RES-9421B2E22B,01/01/2026 00:00,mobile_money,922.24,Paid
PMT-6BE63B6B52,RES-D8ECC4FDCC,2025-11-20 00:00:00,credit_card,1128.03,REFUNDED
PMT-26C0FBC41F,RES-6AA76E0DDE,01-31-2026 12:00 AM,cash,1698.39,Refunded
PMT-8EF6DE3C8B,RES-8CD660A723,10/06/2026 00:00,credit_card,1066.53,PAID
PMT-2FD2206D46,RES-EF598776FF,05-25-2024 12:00 AM,bank_transfer,1266.72,PENDING
PMT-6B6E5828AD,RES-85962DCF93,,debit_card,969.69,success
PMT-1C08EEC017,RES-85962DCF93,2025-04-30 00:00:00,mobile_money,359.3,refunded
PMT-B63EF7739A,RES-85962DCF93,19/09/2024 00:00,paypal,878.6,Pending
PMT-2722271752,RES-B876F1413A,2024-01-25 00:00:00,paypal,264.16,Refunded
PMT-7368324B52,RES-C7FE8A09A6,2026-01-10 00:00:00,bank_transfer,1071.26,Refunded
PMT-6399FB7374,RES-03E9913001,2024-05-21 00:00:00,debit_card,1450.91,refunded
PMT-AA23ED5403,RES-E0796241C2,2026-03-09 00:00:00,debit_card,1202.15,pending
PMT-9A5B14AE2A,RES-9DC6237D3E,02-22-2025 12:00 AM,mobile_money,1606.71,success
PMT-528194C229,RES-F0049838F2,16/02/2025 00:00,paypal,933.35,REFUNDED
PMT-B4776808C3,RES-DB5F944E9D,,cash,475.77,PENDING
PMT-A89F6294A5,RES-1CB8942346,2025-10-04 00:00:00,debit_card,1617.22,refunded
PMT-251F283356,RES-9B48A062B8,02-13-2026 12:00 AM,paypal,295.47,PENDING
PMT-778E75773A,RES-1EA523D3E2,2024-07-12 00:00:00,credit_card,755.39,declined
PMT-B744575734,RES-1EA523D3E2,08-06-2024 12:00 AM,credit_card,500.56,paid
PMT-16550F679F,RES-AFBED31E2B,2025-07-29 00:00:00,mobile_money,1641.35,success
PMT-6A75A45B7E,RES-94F4373968,2024-09-12 00:00:00,debit_card,328.0,Refunded
PMT-317DB92AF7,RES-1F2B7AA320,01-02-2024 12:00 AM,debit_card,1348.7,Pending
PMT-51C3FD7C71,RES-F071425EC5,16/01/2026 00:00,credit_card,437.22,success
PMT-AE3C84C0B7,RES-3EF2FE2832,06/03/2025 00:00,debit_card,175.07,SUCCESS
PMT-AEEC1FD294,RES-F65F5FCDC1,2024-08-21 00:00:00,mobile_money,1142.54,paid
PMT-89B4FBE933,RES-BCDC30BCE0,11-22-2024 12:00 AM,debit_card,1187.64,pending
PMT-C80EE2E259,RES-2742210C12,2026-02-08 00:00:00,cash,739.56,PENDING
PMT-8E16A984AB,RES-06DB00B941,05-03-2024 12:00 AM,mobile_money,1300.23,REFUNDED
PMT-AC21B352C0,RES-52DAEA0B0E,28/07/2025 00:00,bank_transfer,1381.12,refunded
PMT-B63CAC5ABA,RES-40E1F7A79E,05-09-2024 12:00 AM,paypal,1318.35,FAILED
PMT-5AF0CBF91E,RES-9CF25C9E27,22/02/2026 00:00,mobile_money,1081.35,Pending
PMT-2095B7F7DE,RES-D416067A84,09/12/2024 00:00,debit_card,330.48,REFUNDED
PMT-7185E64EED,RES-88007373CF,06/04/2026 00:00,debit_card,1281.08,PENDING
PMT-DE68D30CFB,RES-3CA8655DA2,03-31-2026 12:00 AM,credit_card,1431.38,DECLINED
PMT-83574FDE06,RES-87229CF1D0,09-15-2024 12:00 AM,paypal,1394.06,PENDING
PMT-58CF1FEF63,RES-73FC8F30D5,06-24-2024 12:00 AM,debit_card,1208.52,pending
PMT-B9CF2076B9,RES-E5D030C57B,01-27-2025 12:00 AM,paypal,1533.44,Failed
PMT-44916586C2,RES-E5D030C57B,08-18-2025 12:00 AM,cash,994.22,SUCCESS
PMT-8FBE2319C6,RES-E5D030C57B,11-25-2024 12:00 AM,cash,1644.69,REFUNDED
PMT-D696765AEA,RES-13F0AC256A,04-06-2024 12:00 AM,bank_transfer,719.49,pending
PMT-4312470110,RES-A98F3A607A,2024-05-03 00:00:00,credit_card,839.12,SUCCESS
PMT-D8472E3A6A,RES-B1D455697A,2024-10-27 00:00:00,bank_transfer,1264.76,SUCCESS
PMT-40B77CF86D,RES-A8D56D779D,24/07/2024 00:00,debit_card,1276.61,Refunded
PMT-E91C7BA8F7,RES-F54E42F262,07-23-2024 12:00 AM,mobile_money,779.23,REFUNDED
PMT-68FAF12763,RES-F54E42F262,15/01/2024 00:00,paypal,1036.47,Paid
PMT-1A69386315,RES-4BE00E504D,16/07/2025 00:00,credit_card,832.62,paid
PMT-492EBC2EB1,RES-D76AF5602D,2026-03-10 00:00:00,credit_card,1562.79,pending
PMT-E02644C91F,RES-D76AF5602D,11-14-2025 12:00 AM,credit_card,733.34,failed
PMT-D95F944C58,RES-7BE027983A,09-13-2025 12:00 AM,bank_transfer,483.95,pending
PMT-046F70E650,RES-7999C1683F,04-08-2024 12:00 AM,mobile_money,221.03,FAILED
PMT-71774A1835,RES-905CE73175,23/01/2026 00:00,mobile_money,923.56,PENDING
PMT-E61BEEB39A,RES-905CE73175,2025-10-20 00:00:00,mobile_money,754.02,pending
PMT-657F98E583,RES-905CE73175,06-16-2024 12:00 AM,debit_card,1350.62,declined
PMT-BF82B05439,RES-62D3D8CB45,05/11/2024 00:00,paypal,820.94,PENDING
PMT-6CA3EFD11E,RES-331B435C94,2024-09-29 00:00:00,bank_transfer,1045.95,FAILED
PMT-130195CF2F,RES-66A336B9EB,2024-10-14 00:00:00,mobile_money,60.71,Paid
PMT-163420D640,RES-D679815E40,2025-09-30 00:00:00,bank_transfer,1566.13,DECLINED
PMT-C58C93666E,RES-D679815E40,08/04/2024 00:00,paypal,575.61,Failed
PMT-23A14996D1,RES-C452EA11BD,,mobile_money,1454.18,PENDING
PMT-344C787473,RES-E8E23BEB07,08/04/2026 00:00,credit_card,1168.22,DECLINED
PMT-742C7C1881,RES-1607D2DDA5,02-03-2026 12:00 AM,debit_card,1401.62,pending
PMT-C0FE932331,RES-59D56F9B9B,06-22-2025 12:00 AM,bank_transfer,300.32,PENDING
PMT-273FA790A5,RES-6514C83D30,2025-10-15 00:00:00,cash,1549.38,pending
PMT-741EE21938,RES-6AD5C91E76,2024-03-22 00:00:00,bank_transfer,232.91,refunded
PMT-D0322C43AE,RES-B07457E9B5,13/06/2026 00:00,debit_card,529.33,failed
PMT-FA3EAD8E26,RES-AA18215F7A,2024-02-04 00:00:00,paypal,1046.47,refunded
PMT-6B7BC4A9B8,RES-BFD7AEC2A2,2026-05-14 00:00:00,paypal,1649.22,declined
PMT-F01CA45358,RES-BFD7AEC2A2,19/12/2025 00:00,paypal,742.37,REFUNDED
PMT-E705F65B08,RES-BFD7AEC2A2,12-31-2024 12:00 AM,credit_card,715.07,failed
PMT-8F99FE754E,RES-BF3CC66ECD,04-03-2026 12:00 AM,debit_card,1195.08,pending
PMT-5B788AD000,RES-CFE537353E,01-21-2024 12:00 AM,cash,1131.77,refunded
PMT-F62BD0CAF2,RES-CFE537353E,2025-03-28 00:00:00,mobile_money,1363.47,pending
PMT-6F919EA535,RES-EC9BBE4412,2025-03-30 00:00:00,bank_transfer,1588.36,DECLINED
PMT-A95B9E6A9A,RES-B5E3616CBE,13/05/2026 00:00,mobile_money,285.05,Refunded
PMT-868A77E274,RES-B591E4442E,04-25-2025 12:00 AM,debit_card,1294.57,Pending
PMT-E0938F5D5A,RES-B591E4442E,22/02/2024 00:00,debit_card,1368.65,SUCCESS
PMT-5C721E7B89,RES-7796D068B5,25/04/2024 00:00,mobile_money,1610.21,SUCCESS
PMT-FEFAAAA99C,RES-B708F05AEA,14/02/2026 00:00,cash,1230.17,Pending
PMT-1EF52E609E,RES-0829A1E6C8,04-04-2024 12:00 AM,credit_card,1483.31,DECLINED
PMT-1C2CA6A1B9,RES-0829A1E6C8,2026-01-08 00:00:00,mobile_money,1111.85,Pending
PMT-93F32AFB89,RES-7D66C64FF5,02/04/2026 00:00,cash,,pending
PMT-1A992F6023,RES-540E3CF82F,09/01/2025 00:00,cash,1795.68,SUCCESS
PMT-4325E22212,RES-301CA5AD77,29/08/2025 00:00,bank_transfer,819.1,PENDING
PMT-81DA1F1E24,RES-301CA5AD77,14/12/2024 00:00,paypal,920.62,success
PMT-3734555205,RES-02B26250F5,05/01/2026 00:00,debit_card,500.71,pending
PMT-EC6DC4746F,RES-C8934DC76C,2024-02-29 00:00:00,mobile_money,1703.11,FAILED
PMT-075FC5FF40,RES-9C803D105D,20/06/2024 00:00,paypal,1394.09,REFUNDED
PMT-3F9CC360D4,RES-69173EC721,2024-11-04 00:00:00,credit_card,1491.7,Refunded
PMT-EDC8FDD855,RES-447308640F,2024-02-26 00:00:00,credit_card,584.85,pending
PMT-FEF0910D41,RES-1944A33F95,05/04/2026 00:00,bank_transfer,105.95,Pending
PMT-80EF3B9BC5,RES-172A799700,01-29-2025 12:00 AM,bank_transfer,302.48,Paid
PMT-1FBD7A2D8A,RES-7B68F7B5DE,2025-04-17 00:00:00,bank_transfer,525.91,declined
PMT-AF936D62B8,RES-C75F742215,2026-03-11 00:00:00,paypal,608.31,Paid
PMT-0BD1B0531C,RES-711FA9DB9B,22/10/2025 00:00,credit_card,1628.43,Paid
PMT-31EFD7A2E7,RES-711FA9DB9B,2024-01-17 00:00:00,paypal,369.7,failed
PMT-E83B73D07A,RES-282B8001D5,22/09/2025 00:00,credit_card,333.34,declined
PMT-F26340767C,RES-4DE61003D7,24/02/2025 00:00,bank_transfer,1562.21,failed
PMT-B01D80060F,RES-33E63E1246,07-30-2024 12:00 AM,bank_transfer,821.75,Refunded
PMT-931B8DFB9D,RES-A7C7E314E6,2025-05-07 00:00:00,cash,606.27,paid
PMT-2622F38448,RES-F83111CA8D,04-09-2026 12:00 AM,mobile_money,397.09,failed
PMT-DF836BFD1F,RES-F9F7701C7C,2024-10-26 00:00:00,mobile_money,1748.01,FAILED
PMT-8B2AFD0517,RES-C3AA2B2026,01-09-2024 12:00 AM,debit_card,222.58,success
PMT-0343B92B1B,RES-D99803A3BC,07-26-2024 12:00 AM,credit_card,,Paid
PMT-9832C7BDEF,RES-A154FBA1EC,07/03/2026 00:00,mobile_money,187.87,Refunded
PMT-0E871C40A2,RES-FB62701EE7,11-29-2025 12:00 AM,cash,717.83,refunded
PMT-6CCCF1EDF2,RES-FB62701EE7,16/08/2025 00:00,debit_card,808.38,PENDING
PMT-E54C5BDD85,RES-FB62701EE7,2025-04-11 00:00:00,paypal,1712.41,refunded
PMT-30E7502097,RES-59B732134D,2025-04-24 00:00:00,credit_card,794.92,Pending
PMT-539CBBA6B0,RES-CFB9E4204F,08-21-2024 12:00 AM,credit_card,1440.01,PAID
PMT-C5ABEEBA0E,RES-703A842920,2026-05-01 00:00:00,cash,1675.81,success
PMT-5DAF0960A2,RES-F5AC5EDD78,04-15-2026 12:00 AM,credit_card,1672.2,failed
PMT-4DC20095BB,RES-44A5437DDB,26/07/2024 00:00,paypal,1245.97,DECLINED
PMT-5083020F48,RES-549A44526C,2024-01-03 00:00:00,paypal,1777.75,SUCCESS
PMT-9FD171E0B2,RES-AF1D63BACE,08-14-2024 12:00 AM,cash,1534.39,PENDING
PMT-2296C706DE,RES-DCE5DC0E3F,06-12-2026 12:00 AM,credit_card,870.67,Failed
PMT-87B647652A,RES-5C1B9CA01B,24/07/2025 00:00,bank_transfer,1163.04,Pending
PMT-943F8042A6,RES-59521CB537,02-16-2024 12:00 AM,paypal,1289.66,pending
PMT-1C1732B611,RES-836DD7449D,05-09-2026 12:00 AM,bank_transfer,1266.71,Paid
PMT-716DE71957,RES-B1F88318A0,2025-08-27 00:00:00,bank_transfer,1533.01,Paid
PMT-5D6842254F,RES-91E0155537,05/12/2025 00:00,cash,624.37,Failed
PMT-58077E142E,RES-5ACC0649C2,28/04/2024 00:00,credit_card,1087.62,FAILED
PMT-0B2809AD38,RES-2DF96E86F8,2025-11-28 00:00:00,bank_transfer,71.34,Paid
PMT-D13F2C470E,RES-4FD994D303,02-19-2025 12:00 AM,credit_card,479.39,success
PMT-2DB12018AD,RES-31D7219E5B,,mobile_money,926.89,failed
PMT-369A7915F6,RES-31D7219E5B,2025-12-28 00:00:00,paypal,898.05,failed
PMT-7394B9246F,RES-31D7219E5B,2024-12-15 00:00:00,cash,882.08,failed
PMT-5B6C7B495E,RES-9C041FB41F,18/11/2025 00:00,mobile_money,1696.26,PENDING
PMT-6158CCD8BE,RES-9C041FB41F,03-30-2025 12:00 AM,cash,519.75,Pending
PMT-B6DC4F9699,RES-9C041FB41F,2025-05-10 00:00:00,bank_transfer,741.44,PENDING
PMT-1A923055A8,RES-522E113082,06-08-2025 12:00 AM,credit_card,1299.54,Pending
PMT-0E9A4B709F,RES-97A43C4581,26/03/2026 00:00,paypal,1281.05,refunded
PMT-D63B293466,RES-A9A9C84D7F,2024-12-17 00:00:00,paypal,1506.55,DECLINED
PMT-A5DFA35F58,RES-8C9558230F,2024-10-21 00:00:00,credit_card,1529.23,Paid
PMT-AC8EA08C6D,RES-EB0783B1BA,2024-09-13 00:00:00,mobile_money,213.28,refunded
PMT-974C357A3D,RES-5CBBDA92E8,27/04/2024 00:00,credit_card,1227.18,REFUNDED
PMT-E17B294555,RES-5CBBDA92E8,2025-09-17 00:00:00,cash,657.35,PENDING
PMT-4BC85FA75A,RES-4B9DCF804C,11-26-2024 12:00 AM,bank_transfer,1543.68,Refunded
PMT-7C9AC42DC3,RES-BAC5887093,2025-09-05 00:00:00,mobile_money,1419.46,paid
PMT-6737A7851D,RES-7E1F1F5AAA,07-31-2025 12:00 AM,mobile_money,1441.27,Pending
PMT-60D2A54051,RES-0EB2C71B71,30/09/2025 00:00,bank_transfer,541.24,failed
PMT-F888FDD87D,RES-76D87C4125,2026-02-11 00:00:00,bank_transfer,941.38,PENDING
PMT-930C0D4C17,RES-9A6E8A83E9,20/01/2026 00:00,cash,461.88,success
PMT-E65C95255D,RES-EF6C1F231A,08/06/2026 00:00,bank_transfer,674.43,PENDING
PMT-BC0C092918,RES-E6D987D618,25/12/2024 00:00,mobile_money,104.03,REFUNDED
PMT-3F93BFC58B,RES-4197B56CE1,12-29-2024 12:00 AM,credit_card,897.88,Pending
PMT-60B05F7EC4,RES-1AE19EB686,2025-03-31 00:00:00,paypal,1524.96,paid
PMT-4E2AC5AFD1,RES-04B62CF346,2024-03-16 00:00:00,paypal,312.98,PAID
PMT-9A65E71FDF,RES-D7C0AB5321,03-09-2025 12:00 AM,credit_card,998.73,SUCCESS
PMT-17F95B8CFB,RES-D8C9CB6304,08-19-2025 12:00 AM,cash,546.03,pending
PMT-C76DB316A7,RES-43D60C35A3,2024-01-08 00:00:00,mobile_money,772.2,Pending
PMT-12C436070E,RES-42C033B5DA,06-30-2025 12:00 AM,debit_card,464.9,PENDING
PMT-34BDE19B13,RES-6D201076E3,2024-11-02 00:00:00,bank_transfer,1050.24,Refunded
PMT-1C72AFEAC5,RES-FFEE61AFC7,10/04/2024 00:00,paypal,853.77,Pending
PMT-BC53DD82D5,RES-1B24688F42,2025-04-16 00:00:00,debit_card,1366.67,paid
PMT-9F90A180BA,RES-3499B00C58,2024-08-10 00:00:00,debit_card,,REFUNDED
PMT-EF747C08A4,RES-5DDB105453,2025-11-18 00:00:00,mobile_money,1127.4,FAILED
PMT-37FD4EFFA9,RES-3587EB3838,2025-02-13 00:00:00,credit_card,487.33,Failed
PMT-8904A5EC5E,RES-C97F1BBED7,2024-06-05 00:00:00,credit_card,212.12,PAID
PMT-50AC9870D6,RES-746380C72D,06-25-2025 12:00 AM,credit_card,1747.15,Refunded
PMT-1A1D4014F8,RES-746380C72D,05-25-2024 12:00 AM,cash,633.71,failed
PMT-630FB0BC05,RES-83F204F827,28/06/2024 00:00,paypal,1398.96,success
PMT-C47156B3BC,RES-DF822EE282,01-27-2026 12:00 AM,credit_card,733.66,Failed
PMT-F711F0F9AA,RES-46EE264A6C,08-13-2025 12:00 AM,paypal,1038.42,PAID
PMT-776386799E,RES-D665253A24,2024-02-01 00:00:00,bank_transfer,1005.0,PENDING
PMT-C84CEE2543,RES-AA9CDA630D,23/05/2026 00:00,paypal,1777.83,PENDING
PMT-689B40884A,RES-AA9CDA630D,2026-02-28 00:00:00,paypal,1120.87,success
PMT-F13C0D6184,RES-A1FE34EB02,2024-03-10 00:00:00,bank_transfer,127.41,PAID
PMT-19A49F804A,RES-E5E3908B9D,2025-09-06 00:00:00,bank_transfer,761.67,Failed
PMT-5CADD272D9,RES-670C5A2CC5,04/12/2024 00:00,bank_transfer,1155.56,FAILED
PMT-FC3AE5D4B7,RES-670C5A2CC5,26/01/2024 00:00,cash,1522.77,SUCCESS
PMT-9B3AF7145A,RES-66F4C150F9,11-07-2024 12:00 AM,cash,785.92,failed
PMT-C4D993ACAC,RES-AEF59FD072,06-10-2024 12:00 AM,bank_transfer,853.35,PENDING
PMT-97CB28A50B,RES-0D40BFC3F4,2025-05-05 00:00:00,bank_transfer,756.74,DECLINED
PMT-5B88F7B859,RES-44E13C6C63,2025-04-03 00:00:00,debit_card,1507.03,PENDING
PMT-7A2AC08BF3,RES-44E13C6C63,03-19-2026 12:00 AM,mobile_money,295.39,refunded
PMT-86932FD7AD,RES-44E13C6C63,2026-03-19 00:00:00,mobile_money,718.31,failed
PMT-4971FB8C07,RES-7C1768425A,21/04/2026 00:00,paypal,404.47,Refunded
PMT-8A220B8770,RES-8ACC751352,2024-03-12 00:00:00,credit_card,681.02,failed
PMT-4F48358F27,RES-A9D21B68B3,27/02/2026 00:00,debit_card,1424.07,PAID
PMT-355883CDFE,RES-18523EC8F5,2025-02-25 00:00:00,cash,323.88,DECLINED
PMT-9E192BC5A9,RES-03FCB7D28B,2026-05-24 00:00:00,cash,761.99,declined
PMT-D0A8CD129C,RES-7946787B96,18/04/2024 00:00,paypal,928.32,REFUNDED
PMT-5E7CEB0688,RES-CA51573EA9,04/02/2024 00:00,debit_card,1631.92,Failed
PMT-87DD6DD9CB,RES-CA51573EA9,2024-04-22 00:00:00,credit_card,342.65,Refunded
PMT-EC2C0857E7,RES-CA51573EA9,2024-10-21 00:00:00,mobile_money,751.38,PENDING
PMT-FA6CE99E74,RES-E6CC388965,11-07-2025 12:00 AM,bank_transfer,858.24,refunded
PMT-F38AE64CA3,RES-3A1BB54E41,2026-04-17 00:00:00,paypal,79.2,paid
PMT-42E2240690,RES-1A661A76FD,2024-10-25 00:00:00,credit_card,603.39,Refunded
PMT-233B3C6AB3,RES-1A661A76FD,2025-03-09 00:00:00,credit_card,552.35,Pending
PMT-235B043726,RES-CA5DD23F07,2024-02-10 00:00:00,debit_card,140.1,Pending
PMT-BF8F0533E4,RES-13809B416D,03-16-2024 12:00 AM,mobile_money,816.43,SUCCESS
PMT-285AF435E0,RES-6676A88ED6,2024-03-28 00:00:00,bank_transfer,682.57,REFUNDED
PMT-F83E43D554,RES-643CE8547E,10-22-2025 12:00 AM,bank_transfer,61.53,FAILED
PMT-590EA76CB0,RES-99A97027EE,2024-09-08 00:00:00,bank_transfer,1460.57,SUCCESS
PMT-527C00635B,RES-93D0A23D0D,2025-06-25 00:00:00,bank_transfer,1116.51,PENDING
PMT-4300BC297A,RES-91C6EC3730,19/06/2026 00:00,bank_transfer,974.52,FAILED
PMT-86E4B08C1B,RES-553F7036FF,08-11-2025 12:00 AM,debit_card,460.89,Refunded
PMT-C3F6760501,RES-D77F304B99,2025-08-09 00:00:00,mobile_money,1246.15,declined
PMT-AC053CB64C,RES-5358D57016,08-31-2025 12:00 AM,debit_card,1656.1,PAID
PMT-7B22420A9E,RES-FB072A1E6F,20/11/2025 00:00,mobile_money,1503.24,DECLINED
PMT-7909DBE88F,RES-7CD511C04A,01-14-2026 12:00 AM,debit_card,209.44,REFUNDED
PMT-B594A1BDD6,RES-7B0275AC8A,10-05-2024 12:00 AM,paypal,128.93,Pending
PMT-1AC9E3D780,RES-2B96C77BB4,22/09/2025 00:00,cash,1372.33,pending
PMT-3409106A45,RES-1457138672,2024-04-11 00:00:00,credit_card,355.52,refunded
PMT-F1247CF16C,RES-1457138672,28/10/2024 00:00,credit_card,1673.67,SUCCESS
PMT-36EDBD09C9,RES-1457138672,2025-08-07 00:00:00,bank_transfer,1098.73,Refunded
PMT-FBB894E3EA,RES-D3B115144A,01-10-2025 12:00 AM,credit_card,1717.16,FAILED
PMT-36A72A9461,RES-602BBDF1F1,2024-05-14 00:00:00,bank_transfer,1222.43,SUCCESS
PMT-DF4D5F0147,RES-1E98EEA960,05-17-2024 12:00 AM,mobile_money,388.25,Refunded
PMT-E3FB08828F,RES-C848615E54,2025-05-09 00:00:00,cash,1719.29,refunded
PMT-F8A19BDB0C,RES-4570B61E7B,04-30-2025 12:00 AM,bank_transfer,658.0,FAILED
PMT-FF455CEECF,RES-4570B61E7B,2026-03-28 00:00:00,mobile_money,886.32,Refunded
PMT-B5C68C118F,RES-4381FDA0E4,17/01/2025 00:00,credit_card,1781.73,DECLINED
PMT-23312CFAD9,RES-E0458D6F7E,2025-09-16 00:00:00,paypal,,paid
PMT-2884AB2AA8,RES-CFEC22A652,03-06-2024 12:00 AM,paypal,423.18,pending
PMT-04A749C2DF,RES-CFEC22A652,08-02-2025 12:00 AM,bank_transfer,495.11,failed
PMT-FCA9FDE813,RES-A0C34E5665,07/01/2026 00:00,cash,1237.82,Paid
PMT-4052020320,RES-7551B1448C,28/04/2025 00:00,debit_card,1767.06,failed
PMT-89537ADB51,RES-47B41B1F18,25/04/2026 00:00,debit_card,719.56,Failed
PMT-07F31B43FB,RES-060DED0E86,04-28-2024 12:00 AM,paypal,301.21,Paid
PMT-5418C5A5C0,RES-0F51B26EAC,07-08-2025 12:00 AM,credit_card,1632.34,REFUNDED
PMT-3A8E7EFEB6,RES-0F51B26EAC,2025-02-10 00:00:00,bank_transfer,1471.58,PAID
PMT-ABEF149AE4,RES-0F51B26EAC,2025-02-07 00:00:00,debit_card,769.86,refunded
PMT-4B7B01F124,RES-8CBB4179EE,27/08/2025 00:00,paypal,202.61,SUCCESS
PMT-327E3498EE,RES-71CD780165,13/04/2025 00:00,bank_transfer,854.09,PENDING
PMT-F1737BAC54,RES-4532CD7EB6,2024-07-09 00:00:00,mobile_money,1445.62,Refunded
PMT-AAE8E28852,RES-C1FB878E58,10-15-2024 12:00 AM,paypal,1261.89,Paid
PMT-A26E1472D3,RES-C1FB878E58,07-20-2024 12:00 AM,credit_card,157.59,paid
PMT-F1C629207A,RES-2485E8B9D7,2026-03-11 00:00:00,mobile_money,856.25,refunded
PMT-FDFFDD1B7C,RES-CFF936085A,28/12/2025 00:00,paypal,1493.9,PENDING
PMT-5D98A26069,RES-8E0D69943D,12-02-2025 12:00 AM,cash,1678.24,success
PMT-10B6E4BF13,RES-7081CFBAFF,2025-03-14 00:00:00,debit_card,1036.85,Pending
PMT-A96F48489C,RES-3AC3A26274,05-20-2025 12:00 AM,paypal,66.71,declined
PMT-583C9F08BD,RES-685D0EDB03,03-30-2025 12:00 AM,mobile_money,454.64,Failed
PMT-6C6AC54952,RES-E9D715893A,03/10/2024 00:00,paypal,1681.79,SUCCESS
PMT-89654CE908,RES-B29AED3647,12-26-2024 12:00 AM,cash,1183.16,DECLINED
PMT-A127564AC4,RES-7B895AF332,2025-04-14 00:00:00,debit_card,1298.46,success
PMT-2F4B93AEC6,RES-EACF05F52C,02-04-2024 12:00 AM,paypal,142.31,failed
PMT-69B8E28087,RES-7F95860F35,10-09-2025 12:00 AM,mobile_money,874.45,Refunded
PMT-FCF9B704FD,RES-6F7F542313,31/12/2025 00:00,paypal,299.93,PENDING
PMT-0BD09DFF18,RES-0190F587F7,2024-05-28 00:00:00,paypal,999.19,declined
PMT-63F5322017,RES-0190F587F7,08-28-2025 12:00 AM,bank_transfer,1447.56,paid
PMT-B0E306D733,RES-0190F587F7,08-21-2025 12:00 AM,bank_transfer,1761.35,FAILED
PMT-765CB53AD7,RES-4EB5900A0E,02-22-2025 12:00 AM,debit_card,335.67,pending
PMT-6D03AFADD7,RES-BB19E1A98E,2025-02-02 00:00:00,debit_card,1624.0,success
PMT-76D465287D,RES-BB19E1A98E,15/08/2024 00:00,credit_card,853.18,Refunded
PMT-7094258827,RES-AE20A0A6C0,12-24-2024 12:00 AM,mobile_money,540.6,refunded
PMT-94B14C12C5,RES-313ABAAB4F,02-14-2024 12:00 AM,bank_transfer,505.56,pending
PMT-F98022BB19,RES-1B4AF73D14,06-14-2024 12:00 AM,mobile_money,543.43,Failed
PMT-3E222F6DC0,RES-502AA0AB37,26/03/2026 00:00,paypal,499.76,Refunded
PMT-CFFB609D5C,RES-11BC1AE334,11/03/2026 00:00,mobile_money,1300.26,REFUNDED
PMT-F1EAAF6E3A,RES-066C8D5F24,05-31-2024 12:00 AM,cash,1702.09,refunded
PMT-5D6D6D8E39,RES-A8AAD7261E,05-31-2024 12:00 AM,paypal,1014.76,PAID
PMT-351F017730,RES-A8AAD7261E,2025-08-06 00:00:00,bank_transfer,1321.99,failed
PMT-F2EB4F62AC,RES-C4643F82FD,08/09/2024 00:00,paypal,170.93,declined
PMT-ADDE07A59D,RES-7DA44948FA,09/06/2024 00:00,mobile_money,476.98,PAID
PMT-325B897A0F,RES-8819D64EA5,26/07/2024 00:00,paypal,687.04,Failed
PMT-9F1B1CDCE8,RES-24F2FCFF6F,27/03/2025 00:00,bank_transfer,1580.12,DECLINED
PMT-B3FCFC7FCC,RES-CC32A0A349,11/12/2024 00:00,debit_card,900.81,paid
PMT-BC68B85A6B,RES-6461924AC8,25/10/2024 00:00,mobile_money,1038.18,failed
PMT-C4CD5ACC3F,RES-6461924AC8,07/05/2025 00:00,credit_card,1185.88,DECLINED
PMT-5767804ABD,RES-6461924AC8,19/02/2024 00:00,credit_card,662.01,refunded
PMT-DE2ACDB2F6,RES-F828ABA89E,10-08-2024 12:00 AM,paypal,1769.24,DECLINED
PMT-9C16B57942,RES-E159471313,2025-12-23 00:00:00,mobile_money,1120.86,FAILED
PMT-2BD4F17832,RES-4483D54DC9,03-25-2024 12:00 AM,debit_card,1024.71,refunded
PMT-5887837D69,RES-9BB7769E1C,17/12/2024 00:00,bank_transfer,1743.17,refunded
PMT-210F1BC936,RES-9BB7769E1C,08-26-2025 12:00 AM,cash,720.87,Refunded
PMT-51F2444A4B,RES-C726D6EFC0,14/10/2025 00:00,credit_card,1607.1,Refunded
PMT-4F0DCBBF0E,RES-0A065C8E5D,05-31-2026 12:00 AM,mobile_money,1550.97,DECLINED
PMT-51B1D382B1,RES-3FBA82FC13,2025-02-10 00:00:00,bank_transfer,1371.11,REFUNDED
PMT-147B1CDB27,RES-3FBA82FC13,15/03/2026 00:00,paypal,1101.36,FAILED
PMT-3ADDA6E70D,RES-C1DFE2AF2C,2024-03-30 00:00:00,bank_transfer,359.3,DECLINED
PMT-2DD3AA6E00,RES-173C810942,03-21-2026 12:00 AM,paypal,1567.26,PAID
PMT-FBB871921A,RES-18AED3FD76,2025-03-26 00:00:00,credit_card,471.66,REFUNDED
PMT-91FC6E643A,RES-18AED3FD76,03-26-2025 12:00 AM,debit_card,1630.02,refunded
PMT-857800A549,RES-18AED3FD76,2024-01-24 00:00:00,cash,1313.78,Refunded
PMT-57A38A1F2A,RES-52590A9067,03/12/2025 00:00,cash,598.95,pending
PMT-1A19B45AB3,RES-5821672262,05/12/2024 00:00,bank_transfer,785.27,pending
PMT-3D68588761,RES-17FCD5BCFF,14/09/2024 00:00,debit_card,725.46,Pending
PMT-68EC1E3A49,RES-BFE14F0F71,06-19-2025 12:00 AM,cash,167.74,PENDING
PMT-DB63A4B684,RES-BFE14F0F71,2025-12-14 00:00:00,paypal,1161.96,FAILED
PMT-69BB11BAD0,RES-0839568DA4,09-02-2024 12:00 AM,credit_card,1045.78,failed
PMT-B0269A4BAC,RES-F8DC5650CA,23/02/2025 00:00,paypal,1124.57,DECLINED
PMT-27C68E7A25,RES-1CBB5083EA,23/05/2024 00:00,credit_card,100.0,Refunded
PMT-81A6E02DE5,RES-1511BCF146,27/12/2024 00:00,bank_transfer,914.42,DECLINED
PMT-4B1F00DA42,RES-35C8C2C79B,2024-11-07 00:00:00,bank_transfer,209.65,failed
PMT-C4B3B9A3D4,RES-9302750B17,06-26-2024 12:00 AM,bank_transfer,55.89,Pending
PMT-D75DD46AA0,RES-8495C33C55,06-11-2026 12:00 AM,paypal,1433.62,SUCCESS
PMT-8F558F3EB0,RES-8495C33C55,09/12/2025 00:00,credit_card,501.43,declined
PMT-5B75575A19,RES-8495C33C55,06-09-2024 12:00 AM,cash,916.13,pending
PMT-524265753E,RES-42F42D49C1,06-03-2025 12:00 AM,mobile_money,108.38,refunded
PMT-9E76CA7BB6,RES-FB449833B8,2025-01-12 00:00:00,cash,1056.88,refunded
PMT-0068CF6A56,RES-BFFF748098,09/07/2024 00:00,cash,860.4,Pending
PMT-23163B7A6B,RES-BFFF748098,08-23-2025 12:00 AM,bank_transfer,621.35,Pending
PMT-F60F5E5E21,RES-2200F44875,04/09/2025 00:00,paypal,1044.35,Refunded
PMT-DA84765E0F,RES-CD76D635B4,2025-03-31 00:00:00,cash,1586.57,success
PMT-C193CE69D3,RES-ABF02DFBE0,12/01/2024 00:00,debit_card,294.25,FAILED
PMT-486E15415B,RES-EEF1E59020,2024-03-21 00:00:00,bank_transfer,130.07,Paid
PMT-CADA4FE876,RES-A02398A373,05-01-2025 12:00 AM,mobile_money,1517.36,declined
PMT-193345B4F7,RES-32B0BBA44F,2026-04-04 00:00:00,paypal,458.99,refunded
PMT-2C8586FEE4,RES-A04E5ABB39,05/10/2024 00:00,debit_card,531.86,refunded
PMT-56C0353154,RES-27C45DA210,06-15-2025 12:00 AM,debit_card,1562.45,Refunded
PMT-4DE96D5CD4,RES-8C78485E04,05-29-2024 12:00 AM,mobile_money,1676.6,Pending
PMT-A6C52E15EC,RES-46DDFD8FBF,11-25-2025 12:00 AM,credit_card,1003.81,DECLINED
PMT-11CC59F93C,RES-AAA9A4598E,2025-07-04 00:00:00,bank_transfer,467.19,pending
PMT-E54113BFDF,RES-C1B1562B34,24/06/2025 00:00,credit_card,1371.14,refunded
PMT-F3865B8D01,RES-BE1063326C,2024-05-06 00:00:00,debit_card,370.38,DECLINED
PMT-C7742958E1,RES-70C7C50B99,04/08/2025 00:00,bank_transfer,1680.75,Paid
PMT-D53B0AF97A,RES-E957F6C7B7,12-25-2024 12:00 AM,debit_card,1300.48,refunded
PMT-84D655749B,RES-5A8E3BD6CD,2026-04-07 00:00:00,mobile_money,1034.53,Paid
PMT-4E0AE3F66E,RES-BA5450D020,10/01/2026 00:00,cash,449.36,refunded
PMT-04E4CCA040,RES-ABCD6516BA,24/02/2026 00:00,cash,1681.3,PAID
PMT-31867CABBC,RES-55329A377D,2025-03-09 00:00:00,paypal,145.0,pending
PMT-120BB87C16,RES-F529BF42AA,01-02-2025 12:00 AM,mobile_money,889.84,PAID
PMT-F32BC80FC6,RES-AE8A1475F2,09-21-2024 12:00 AM,cash,836.78,pending
PMT-C99737C2DC,RES-E1A642CB3B,01-18-2024 12:00 AM,mobile_money,1017.33,Refunded
PMT-60BBF131A1,RES-2760C4D839,2026-06-16 00:00:00,mobile_money,1306.56,pending
PMT-D8D300AE76,RES-2760C4D839,07-19-2025 12:00 AM,paypal,1214.89,SUCCESS
PMT-C294960CF3,RES-2760C4D839,08/02/2025 00:00,bank_transfer,1238.21,PAID
PMT-B0493E55C2,RES-C79A3F6DDB,12-30-2025 12:00 AM,mobile_money,433.19,pending
PMT-B9BBAC3E60,RES-D1B0CDE891,18/06/2024 00:00,credit_card,1173.23,Paid
PMT-5E27021932,RES-EB720B8A45,17/07/2025 00:00,mobile_money,843.83,pending
PMT-BEA0CA26DF,RES-94E4208045,2024-05-03 00:00:00,bank_transfer,1416.91,Pending
PMT-CBE4EC9266,RES-27B4BD98F2,16/12/2024 00:00,paypal,1662.24,Failed
PMT-3F04CED28F,RES-CA6DB5BCF6,13/10/2024 00:00,bank_transfer,503.3,DECLINED
PMT-099B08257C,RES-F035268E75,23/03/2026 00:00,cash,1496.39,DECLINED
PMT-F1F6BB0826,RES-ECEEC1A443,2024-02-15 00:00:00,debit_card,1367.82,pending
PMT-CD0FE2894F,RES-ECEEC1A443,2024-08-01 00:00:00,bank_transfer,922.45,pending
PMT-F19FFCF050,RES-7BD7C8267C,26/08/2024 00:00,credit_card,1436.17,success
PMT-D63B4374D6,RES-52B3E5CA1E,09-19-2024 12:00 AM,mobile_money,568.86,refunded
PMT-02A7C5622C,RES-F83AD3A5D5,08/06/2024 00:00,credit_card,1755.86,declined
PMT-99EDFAC3D5,RES-C4752D47C6,2025-01-20 00:00:00,bank_transfer,1067.28,Pending
PMT-AA0A3D3AF0,RES-1982118108,27/08/2024 00:00,mobile_money,1154.61,SUCCESS
PMT-7D6CE2488C,RES-37BC295946,12-21-2025 12:00 AM,paypal,1257.09,PAID
PMT-B3ACA81DB7,RES-C26492C919,22/03/2026 00:00,bank_transfer,859.7,failed
PMT-79D5362390,RES-7D8B309EF4,26/03/2025 00:00,debit_card,1731.35,FAILED
PMT-385CB40C79,RES-7D8B309EF4,19/10/2025 00:00,credit_card,1319.58,pending
PMT-BDDE0B654E,RES-C83C20B07F,17/08/2024 00:00,cash,940.83,PENDING
PMT-EA78AFE5F6,RES-C83C20B07F,2024-07-05 00:00:00,mobile_money,309.74,pending
PMT-A4460739B3,RES-0B87F6E674,02-26-2024 12:00 AM,paypal,1607.19,Paid
PMT-A5CBF7E1A4,RES-D33ADCA95C,07/03/2026 00:00,cash,1001.86,Refunded
PMT-EC03D69636,RES-D33ADCA95C,2026-01-28 00:00:00,mobile_money,1441.06,REFUNDED
PMT-A5AC3A9563,RES-331B3837B9,08-08-2024 12:00 AM,cash,532.66,FAILED
PMT-41E0FA9421,RES-3ECEC09149,04/05/2026 00:00,credit_card,1643.58,failed
PMT-6AB6672D31,RES-0CF651DAC8,31/03/2025 00:00,credit_card,894.83,SUCCESS
PMT-5E71B12D00,RES-98F65D01C4,10/06/2026 00:00,paypal,270.43,Paid
PMT-69B6950415,RES-63AD6CD73A,09-22-2024 12:00 AM,credit_card,1646.22,PENDING
PMT-97E7241EE6,RES-2F3615B2C4,2026-05-21 00:00:00,paypal,1113.77,Paid
PMT-4CE96F8F63,RES-FE061BF267,,credit_card,1133.95,Refunded
PMT-855E7E248B,RES-996483374D,08-02-2025 12:00 AM,cash,97.98,failed
PMT-B9FC3B3564,RES-EBAFA7FFA1,22/02/2024 00:00,debit_card,297.48,paid
PMT-B26EBBB32F,RES-CB3A32FE32,2025-03-04 00:00:00,mobile_money,1048.01,Pending
PMT-361DE6D82D,RES-2C3AF3229A,21/10/2024 00:00,paypal,1780.14,Pending
PMT-7B215347D4,RES-ECA66F483C,11/07/2024 00:00,cash,1144.72,pending
PMT-38BF5C339A,RES-5A93452A86,04-27-2026 12:00 AM,paypal,592.13,Paid
PMT-A722F8F79C,RES-8033047C62,05-16-2026 12:00 AM,cash,189.38,PENDING
PMT-EE831A82CC,RES-128328B621,2024-10-26 00:00:00,debit_card,540.92,pending
PMT-ABE1823C13,RES-B109A791CA,02/09/2024 00:00,bank_transfer,952.71,Refunded
PMT-FB18B42C89,RES-D3219517F6,06/12/2025 00:00,mobile_money,754.28,REFUNDED
PMT-F62BBC5943,RES-6566DD01DB,04-20-2024 12:00 AM,paypal,143.4,PAID
PMT-913999AFB5,RES-00B19D34F7,2024-07-28 00:00:00,paypal,1017.4,Refunded
PMT-4FA6CE422A,RES-82D7678101,02-15-2025 12:00 AM,cash,207.44,DECLINED
PMT-E0FDD7F743,RES-F08CB10B0B,2025-05-27 00:00:00,mobile_money,1138.9,Failed
PMT-5D46AD738B,RES-9A9231938A,11/09/2025 00:00,paypal,1576.91,Pending
PMT-966077EB29,RES-7330262A71,2026-04-05 00:00:00,mobile_money,1753.7,FAILED
PMT-DDC211EC59,RES-7330262A71,06/04/2025 00:00,credit_card,56.72,Refunded
PMT-4321E04094,RES-19383639EB,,debit_card,1708.77,Pending
PMT-4B99CAB834,RES-19383639EB,06-17-2025 12:00 AM,paypal,1405.53,failed
PMT-7B022EB155,RES-67F19B2DA9,08-14-2025 12:00 AM,mobile_money,1035.87,Failed
PMT-09ACB66B36,RES-65F4652F78,2024-04-22 00:00:00,cash,854.35,Pending
PMT-E27D664686,RES-AED3DE1352,23/03/2026 00:00,debit_card,978.21,Refunded
PMT-3860FD0D44,RES-AED3DE1352,28/01/2024 00:00,cash,1394.17,failed
PMT-E2C13B9784,RES-AED3DE1352,05-13-2025 12:00 AM,bank_transfer,702.66,DECLINED
PMT-5DF93EC77E,RES-DEFFB2D951,20/01/2026 00:00,debit_card,158.21,failed
PMT-37C590AB52,RES-11FD19DA01,22/10/2024 00:00,mobile_money,1409.72,Refunded
PMT-D8F7492326,RES-FDBE0CE3E0,28/04/2025 00:00,mobile_money,1700.4,success
PMT-093735FCC9,RES-51A0EEDDED,28/05/2026 00:00,credit_card,1265.73,Failed
PMT-EA7282AD72,RES-A58F426ADD,07-02-2024 12:00 AM,credit_card,1519.72,SUCCESS
PMT-AC5AF9F9D0,RES-4D1D2EC7C6,27/01/2025 00:00,credit_card,1777.05,Pending
PMT-4EC349B8DE,RES-4D1D2EC7C6,2024-04-13 00:00:00,credit_card,,Pending
PMT-AA964AAFA1,RES-96400AEF89,09-29-2024 12:00 AM,debit_card,960.59,refunded
PMT-109A59BF92,RES-7EE99AB820,2024-07-19 00:00:00,cash,1341.33,Refunded
PMT-B7F754FECF,RES-CE8F20CB97,04-26-2024 12:00 AM,cash,744.59,refunded
PMT-DD34759B40,RES-6340391FF0,24/11/2024 00:00,debit_card,1008.93,failed
PMT-4E62CA7129,RES-A25438B96F,2024-12-24 00:00:00,bank_transfer,1267.35,PAID
PMT-CD6F1AE5F8,RES-2C38D7F4E9,21/05/2024 00:00,cash,986.87,REFUNDED
PMT-78D2EA556B,RES-642D4591C0,01-28-2025 12:00 AM,credit_card,492.63,Refunded
PMT-017ED012B7,RES-BCCEC2DAB6,09-18-2024 12:00 AM,debit_card,301.53,Refunded
PMT-F1BAAB69F1,RES-C92A5043A0,07-14-2025 12:00 AM,mobile_money,1258.38,DECLINED
PMT-94ABED29FE,RES-F5B22B888D,01-06-2024 12:00 AM,paypal,794.38,REFUNDED
PMT-DEE2622E59,RES-BE529539D6,2024-02-02 00:00:00,bank_transfer,586.13,SUCCESS
PMT-609E5E7046,RES-BD9B0AEA41,09/09/2025 00:00,mobile_money,577.4,SUCCESS
PMT-4F428E4A57,RES-A2C3A7F030,14/05/2025 00:00,bank_transfer,667.2,FAILED
PMT-FE43D02867,RES-79DD66BB96,,bank_transfer,968.64,FAILED
PMT-651F389A8E,RES-CFF4AD44DD,12-29-2024 12:00 AM,bank_transfer,1544.43,PENDING
PMT-2E86F080D7,RES-E1F0CA6B16,2024-01-21 00:00:00,cash,1191.93,Failed
PMT-8CA208A5FE,RES-00D71FA2E9,15/08/2025 00:00,credit_card,798.73,FAILED
PMT-04E359537E,RES-00D71FA2E9,13/08/2024 00:00,paypal,137.46,REFUNDED
PMT-BF604D03EB,RES-0258887256,09/02/2026 00:00,debit_card,1102.21,Failed
PMT-22B20305D1,RES-27B1FC0D88,31/01/2026 00:00,paypal,893.05,Pending
PMT-C63A7EF21C,RES-D5E431CC8B,20/10/2024 00:00,debit_card,1501.67,Pending
PMT-054088B727,RES-6C6AE6CF2D,04/02/2025 00:00,bank_transfer,573.04,FAILED
PMT-63CE48C588,RES-6C6AE6CF2D,11-12-2024 12:00 AM,mobile_money,127.56,declined
PMT-13EA0BB47F,RES-2DAC30165F,25/01/2024 00:00,mobile_money,1782.56,pending
PMT-A338CB59D7,RES-2DAC30165F,2025-11-27 00:00:00,debit_card,1220.5,DECLINED
PMT-A3524D66A4,RES-4F2AF8032C,02-05-2025 12:00 AM,cash,770.54,declined
PMT-6C9BB76919,RES-4F2AF8032C,2026-03-31 00:00:00,credit_card,549.33,Pending
PMT-31F01152EF,RES-4E3330746C,2024-06-28 00:00:00,credit_card,386.46,pending
PMT-784584CE63,RES-3BE2AB0461,2025-01-27 00:00:00,cash,537.91,PENDING
PMT-207B54EBE9,RES-3BE2AB0461,2025-04-14 00:00:00,mobile_money,1072.88,PENDING
PMT-6963B8A5D6,RES-72DA130037,13/07/2025 00:00,credit_card,1098.35,success
PMT-BD01A73AC9,RES-3CF45D7332,12-27-2024 12:00 AM,cash,1573.9,pending
PMT-DD78B3996C,RES-E349D60140,2024-10-16 00:00:00,credit_card,668.83,PENDING
PMT-4CE77FD973,RES-5AB1B504CD,,bank_transfer,1777.27,FAILED
PMT-6B8FC7D703,RES-63D53B1116,2026-05-17 00:00:00,debit_card,517.85,PENDING
PMT-69D484D1E1,RES-B40EEC3080,14/03/2024 00:00,bank_transfer,1548.71,paid
PMT-894E1ED3DE,RES-18131E1F6A,02-21-2025 12:00 AM,bank_transfer,475.27,PENDING
PMT-DBE99D40BD,RES-08CC12D8B3,2025-03-06 00:00:00,debit_card,621.45,declined
PMT-C568DA4CF1,RES-8155C722D4,08-07-2024 12:00 AM,bank_transfer,1583.33,refunded
PMT-34A1572D66,RES-89242C19B3,09-25-2025 12:00 AM,credit_card,894.56,DECLINED
PMT-E64DC50DC2,RES-7D19EF2D00,02/06/2026 00:00,credit_card,839.38,Pending
PMT-97DD3E92D5,RES-D8F0D4EF84,05-24-2026 12:00 AM,cash,308.94,PAID
PMT-3AEC9DA6F3,RES-03B26D0920,2026-03-22 00:00:00,mobile_money,1624.26,declined
PMT-6665589C4F,RES-AF5A288F61,02-01-2025 12:00 AM,cash,1549.38,Failed
PMT-8C77537767,RES-F44951EB61,2025-09-16 00:00:00,bank_transfer,1493.82,Failed
PMT-E64CA4328A,RES-1FA13A04CC,11-21-2025 12:00 AM,bank_transfer,582.92,declined
PMT-28DF21AFCC,RES-219818120F,11-14-2024 12:00 AM,credit_card,1075.2,declined
PMT-62BCCEEB83,RES-6BBE28CFD9,2024-03-22 00:00:00,paypal,1156.22,SUCCESS
PMT-FEF822A4B4,RES-084DD72157,10/12/2025 00:00,cash,1149.8,PAID
PMT-C1342DE2F0,RES-C16A83A025,2024-02-20 00:00:00,paypal,957.29,FAILED
PMT-EB97599C0C,RES-C16A83A025,02-12-2026 12:00 AM,debit_card,787.63,Refunded
PMT-43053A6039,RES-C16A83A025,05-05-2026 12:00 AM,debit_card,1358.26,Pending
PMT-97D0C9540B,RES-E9DB438635,17/02/2024 00:00,bank_transfer,1232.84,PAID
PMT-8C7EF4E181,RES-BEDA403595,30/12/2024 00:00,credit_card,1074.97,DECLINED
PMT-1EC5CB12BB,RES-57CC76EA8D,06/05/2025 00:00,mobile_money,1232.4,Pending
PMT-A8FA733CC3,RES-4F751B79CA,09-16-2025 12:00 AM,debit_card,615.67,paid
PMT-66BF276B39,RES-999D9E5B0F,2026-05-04 00:00:00,bank_transfer,980.47,REFUNDED
PMT-03F8D5FE92,RES-50260334BF,01-14-2024 12:00 AM,mobile_money,304.5,DECLINED
PMT-4630D837F9,RES-143A221E5A,03-13-2026 12:00 AM,cash,124.76,refunded
PMT-D12D393251,RES-0DD1A24A99,10-24-2025 12:00 AM,mobile_money,187.87,Failed
PMT-237C0B51DA,RES-DB1990199A,02/07/2024 00:00,mobile_money,1391.94,success
PMT-D48C857787,RES-DB1990199A,02/06/2024 00:00,cash,375.92,PAID
PMT-4AC3D618B1,RES-953249503E,29/02/2024 00:00,debit_card,1525.79,failed
PMT-CD15FDA8D4,RES-953249503E,2025-11-29 00:00:00,credit_card,788.26,Pending
PMT-3D0255083E,RES-2789B99904,2025-08-21 00:00:00,credit_card,58.47,Pending
PMT-2E76228A62,RES-3F2FB6E4C9,12-12-2024 12:00 AM,bank_transfer,1574.62,refunded
PMT-88816EC738,RES-494F18A6CB,2024-12-07 00:00:00,cash,1312.53,Paid
PMT-0CE740B02F,RES-C4281C6C87,15/12/2025 00:00,bank_transfer,1634.41,Pending
PMT-4AA550B737,RES-16BE63FE25,07-22-2024 12:00 AM,mobile_money,970.33,Pending
PMT-C81C43CC9D,RES-4E7309E547,11-13-2025 12:00 AM,bank_transfer,993.39,failed
PMT-82B4B83B28,RES-DE7F075BCA,03-19-2024 12:00 AM,cash,1120.66,success
PMT-03827C7658,RES-8187F77AAA,2026-03-31 00:00:00,cash,849.14,Pending
PMT-6A55B83AD7,RES-273792D95C,08-11-2025 12:00 AM,debit_card,383.72,Paid
PMT-08BEFEAA05,RES-2F5B915DCE,13/11/2025 00:00,cash,1525.78,refunded
PMT-45CB85AF6D,RES-B922B81644,08-04-2024 12:00 AM,credit_card,1190.44,paid
PMT-ED068C3AA3,RES-1B7F76FA03,07/03/2025 00:00,paypal,1780.2,FAILED
PMT-15CCD3B553,RES-E205C8ED7E,02/01/2026 00:00,credit_card,1460.88,PENDING
PMT-5F55DD25E1,RES-5EAB75918F,28/11/2024 00:00,debit_card,691.97,REFUNDED
PMT-5711E5B86F,RES-5EAB75918F,06/05/2025 00:00,paypal,794.55,REFUNDED
PMT-23AAA6B02C,RES-5EAB75918F,2025-02-04 00:00:00,bank_transfer,1597.37,declined
PMT-BBF593A0B5,RES-743C84A310,2025-12-22 00:00:00,paypal,224.27,SUCCESS
PMT-3C1B35571F,RES-1948057C63,2024-01-06 00:00:00,paypal,332.03,PAID
PMT-DA5097B3C7,RES-E83A26BDAD,2024-06-22 00:00:00,paypal,903.76,success
PMT-B5BA97911F,RES-E83A26BDAD,2024-10-28 00:00:00,bank_transfer,1434.85,PENDING
PMT-8E5B827BBA,RES-FD2DA9B449,2025-01-22 00:00:00,bank_transfer,961.58,PAID
PMT-01D0FCC8D5,RES-676989BCBD,2025-05-17 00:00:00,debit_card,1273.22,DECLINED
PMT-67F8378D54,RES-FBD4D2A70B,2025-02-10 00:00:00,credit_card,1775.29,DECLINED
PMT-C39AFD3DE6,RES-206C463A81,2024-07-01 00:00:00,credit_card,78.99,REFUNDED
PMT-20DE706F14,RES-28CE96B210,06/02/2025 00:00,mobile_money,531.82,Paid
PMT-8B11621F41,RES-0EAE0BA991,06-07-2025 12:00 AM,mobile_money,153.55,pending
PMT-EFE2F2EED7,RES-05240E7211,02-03-2025 12:00 AM,debit_card,969.96,Pending
PMT-F6C2BC95BB,RES-05240E7211,2026-02-14 00:00:00,credit_card,,FAILED
PMT-CCBD32D36A,RES-85456DB9DE,27/06/2025 00:00,bank_transfer,680.69,failed
PMT-EA39D1F3EA,RES-2DA7E3592F,2024-09-30 00:00:00,cash,1720.71,Refunded
PMT-8C0F62A718,RES-79DB1E3679,05-07-2026 12:00 AM,mobile_money,627.4,refunded
PMT-84865DF90B,RES-AD6C63C1F4,2024-06-02 00:00:00,credit_card,1418.38,SUCCESS
PMT-9BF852FBFB,RES-AD6C63C1F4,2024-07-22 00:00:00,paypal,1347.53,Paid
PMT-B1B6115B67,RES-D1A0DB8E3B,10-18-2025 12:00 AM,credit_card,192.44,Pending
PMT-DC2C7D26F8,RES-BBAE91AC27,2024-07-04 00:00:00,mobile_money,1202.92,Paid
PMT-5318ECE3FA,RES-2398467AB2,2024-11-01 00:00:00,paypal,1007.81,PENDING
PMT-3734B6B165,RES-BA6EBC3BD4,2024-06-10 00:00:00,credit_card,1645.04,Failed
PMT-29F899576F,RES-61818A35A6,29/01/2024 00:00,paypal,742.55,paid
PMT-2417C912B9,RES-4809DB7BAF,13/07/2025 00:00,cash,369.14,refunded
PMT-D804657FC5,RES-4809DB7BAF,2024-04-02 00:00:00,paypal,370.57,FAILED
PMT-263BB8D6DA,RES-4809DB7BAF,2026-05-04 00:00:00,debit_card,1096.75,PAID
PMT-D2E4236C34,RES-57C2CF318D,11/06/2026 00:00,debit_card,1287.94,SUCCESS
PMT-93B40148F1,RES-E1A1947155,02-20-2025 12:00 AM,paypal,143.58,success
PMT-CAF5EF24ED,RES-7E4BC9581F,2025-01-30 00:00:00,mobile_money,894.66,success
PMT-460A1DDC63,RES-CF2ECEDD62,2024-10-28 00:00:00,mobile_money,1313.32,Refunded
PMT-D70D63EFC4,RES-ABC803E99C,01-15-2024 12:00 AM,cash,1027.88,Refunded
PMT-3D782B6A42,RES-ABC803E99C,2024-09-01 00:00:00,mobile_money,1102.29,success
PMT-01C93DC509,RES-5C3E488794,30/07/2024 00:00,mobile_money,1155.2,Refunded
PMT-08596E3D2F,RES-ABAF9B2213,2024-03-11 00:00:00,bank_transfer,513.65,pending
PMT-F5906BD3A3,RES-449EA80AA4,07/09/2024 00:00,debit_card,398.64,PENDING
PMT-8EAF048851,RES-DF5901FFA7,2024-02-07 00:00:00,mobile_money,,Pending
PMT-2BC71CDF5B,RES-361CD9A841,09/05/2025 00:00,bank_transfer,1049.37,failed
PMT-B5C28C5193,RES-5B64D4959F,2024-02-16 00:00:00,bank_transfer,1229.79,DECLINED
PMT-ECE2993751,RES-0ACD4A4A63,09-23-2025 12:00 AM,paypal,1332.55,refunded
PMT-96C5256817,RES-0ACD4A4A63,2025-07-10 00:00:00,mobile_money,1792.92,paid
PMT-6C21FC74BD,RES-0ACD4A4A63,18/10/2024 00:00,debit_card,1105.38,PENDING
PMT-7E6644FF71,RES-0BF01ED3E5,18/08/2024 00:00,cash,835.28,pending
PMT-6FF6E06239,RES-F49878A510,07-13-2024 12:00 AM,debit_card,996.41,REFUNDED
PMT-4E04B7008B,RES-F49878A510,2025-09-14 00:00:00,cash,664.36,refunded
PMT-B77B423AEE,RES-E6FD293EAC,2024-12-29 00:00:00,paypal,1691.36,pending
PMT-1EAEF5DE65,RES-08FAB28EFD,25/02/2024 00:00,mobile_money,348.01,SUCCESS
PMT-5ED3B60922,RES-03A806C332,09/06/2026 00:00,mobile_money,1465.94,Paid
PMT-5DF6C5945E,RES-5F43093BE6,2025-03-19 00:00:00,credit_card,681.47,FAILED
PMT-FFD4D6ABF2,RES-ED1B53EA2A,21/01/2024 00:00,cash,723.75,pending
PMT-F2B6FA48E0,RES-478C0CFF00,20/08/2024 00:00,bank_transfer,1727.54,Failed
PMT-5CC7C1F685,RES-8F84E7C2C4,08-23-2025 12:00 AM,mobile_money,1730.44,REFUNDED
PMT-A48187DD9F,RES-ADEA7BFACB,26/10/2025 00:00,credit_card,582.94,Pending
PMT-E433A80A18,RES-BBFA12D7E1,2024-05-02 00:00:00,paypal,1301.49,Pending
PMT-9EAB08874E,RES-22F7194BC7,2025-02-11 00:00:00,paypal,1495.76,DECLINED
PMT-DFC1DB233C,RES-D0459CCD92,05-08-2024 12:00 AM,credit_card,1392.72,Pending
PMT-12086AEEF0,RES-E54568EE43,01-09-2024 12:00 AM,cash,47.46,pending
PMT-E605EE2E4C,RES-EB9E67E769,25/07/2025 00:00,debit_card,1470.64,declined
PMT-B9408EC792,RES-FCF4047FFE,2026-02-14 00:00:00,paypal,1063.8,refunded
PMT-0B270708D6,RES-FF2891CF3D,03-28-2026 12:00 AM,mobile_money,1781.79,Paid
PMT-E199A594C0,RES-FF2891CF3D,06-16-2025 12:00 AM,debit_card,223.22,SUCCESS
PMT-F7D36B2677,RES-FF2891CF3D,2025-08-13 00:00:00,cash,550.76,paid
PMT-3F441B0E17,RES-5BECD52D6C,15/05/2024 00:00,paypal,766.98,Refunded
PMT-69CC2ACEA1,RES-ED0381D364,2025-11-17 00:00:00,paypal,1607.29,Paid
PMT-82EAED0872,RES-213C4DE8B6,11-12-2025 12:00 AM,bank_transfer,880.44,Refunded
PMT-5F50097867,RES-2B10D44C36,22/07/2025 00:00,debit_card,438.87,FAILED
PMT-4D6A644837,RES-9089700E25,04-12-2026 12:00 AM,debit_card,1232.32,pending
PMT-3BB0203716,RES-4024829D3D,2026-06-17 00:00:00,mobile_money,1758.02,PENDING
PMT-0AE5D8F5AA,RES-21F95208C9,24/07/2025 00:00,credit_card,816.01,paid
PMT-17AD40A832,RES-BE750C6AA4,20/02/2024 00:00,paypal,1660.39,DECLINED
PMT-846D2CB60B,RES-99BA5A617F,2025-11-17 00:00:00,paypal,856.38,failed
PMT-10A69D15AE,RES-3F4E1CD5EE,04-27-2025 12:00 AM,debit_card,265.32,pending
PMT-E8D358B128,RES-0C3FF21FE4,11-08-2025 12:00 AM,paypal,1746.51,declined
PMT-F0D16AAB24,RES-8902E0B291,06/11/2024 00:00,paypal,1298.31,refunded
PMT-83E2136A4C,RES-8902E0B291,2025-07-15 00:00:00,paypal,897.33,FAILED
PMT-E4C13CEF3B,RES-C6D5C011AB,2025-03-30 00:00:00,cash,584.15,Paid
PMT-E95C062B24,RES-6137439599,11-09-2024 12:00 AM,debit_card,630.32,Refunded
PMT-5ABE6951EC,RES-6137439599,08-07-2024 12:00 AM,paypal,,PAID
PMT-B3F055A1DD,RES-E9D058E48B,11/05/2026 00:00,paypal,767.83,paid
PMT-AF885CAFD0,RES-DF5D679B8F,06-09-2024 12:00 AM,bank_transfer,188.05,success
PMT-F71106DF39,RES-BB174E417A,06/12/2024 00:00,debit_card,1737.22,PAID
PMT-3287F9FC37,RES-CB6BFF8A61,06-02-2024 12:00 AM,credit_card,655.3,Pending
PMT-7F2FAC4771,RES-928BBC4BE6,2024-02-05 00:00:00,credit_card,880.65,refunded
PMT-706309BD54,RES-3BC6D2B230,14/03/2025 00:00,credit_card,1046.23,Refunded
PMT-6F59DED124,RES-D6828EC440,16/12/2024 00:00,bank_transfer,1390.33,pending
PMT-977B83DEAE,RES-D6828EC440,17/11/2025 00:00,debit_card,1793.24,Pending
PMT-4ADB12B7E1,RES-75CE71090B,05-20-2025 12:00 AM,bank_transfer,449.37,failed
PMT-F1BAC5F27D,RES-54605F34EF,22/12/2024 00:00,debit_card,950.18,pending
PMT-99EC7DB680,RES-BE7C0DB80F,05-17-2024 12:00 AM,paypal,638.07,Pending
PMT-C18A460372,RES-873C9C23A1,2026-03-04 00:00:00,paypal,1652.54,pending
PMT-A5500D4B97,RES-416064D32E,2025-01-11 00:00:00,mobile_money,1219.43,Failed
PMT-79E3D42BC5,RES-416064D32E,2025-01-26 00:00:00,paypal,1586.72,Refunded
PMT-3962D4AF0A,RES-879C335170,06/06/2026 00:00,credit_card,651.39,declined
PMT-648D6DF216,RES-7248A3952D,11/09/2024 00:00,bank_transfer,1068.48,PAID
PMT-2F354A6781,RES-E701693C5B,23/03/2025 00:00,debit_card,1554.05,pending
PMT-61F9B0A1CE,RES-BF1A49FE55,,bank_transfer,721.79,REFUNDED
PMT-F9704CEA2C,RES-F852A50CE6,2024-03-08 00:00:00,cash,118.42,PENDING
PMT-16FF82A4AF,RES-9D55C077EA,2025-07-20 00:00:00,debit_card,1271.68,SUCCESS
PMT-A8D1C8AFFE,RES-9D55C077EA,22/07/2024 00:00,bank_transfer,168.23,success
PMT-699E612745,RES-9D55C077EA,01-20-2025 12:00 AM,debit_card,1253.51,PENDING
PMT-1DA698C09C,RES-14ABE704A0,13/04/2024 00:00,debit_card,1525.24,Pending
PMT-8036695EAD,RES-50A71E84B0,12-30-2024 12:00 AM,bank_transfer,483.38,Refunded
PMT-956AC30E04,RES-0FD682F6D4,11-01-2024 12:00 AM,bank_transfer,1364.61,success
PMT-AEAD81F96C,RES-04C2612633,11/10/2024 00:00,debit_card,690.55,pending
PMT-B01073FB1B,RES-AE0DD5CEBB,,bank_transfer,1365.74,FAILED
PMT-48C2EF861C,RES-FF3B5286FB,24/12/2024 00:00,bank_transfer,1118.37,failed
PMT-373BAA9D94,RES-FF3B5286FB,2024-02-05 00:00:00,credit_card,636.26,Failed
PMT-F5AB7DF8B1,RES-FF3B5286FB,26/02/2026 00:00,mobile_money,794.09,PENDING
PMT-CFFB966BEF,RES-EF69BBE130,12/10/2024 00:00,debit_card,501.72,success
PMT-E5BEBC387B,RES-7B51894F27,03-26-2025 12:00 AM,paypal,1083.81,SUCCESS
PMT-CFCAEBAAEE,RES-7B51894F27,07-01-2025 12:00 AM,cash,1384.75,Pending
PMT-95D93767F0,RES-CEEF134837,2026-02-13 00:00:00,debit_card,894.34,success
PMT-A6A576946B,RES-3C91B31554,10-30-2025 12:00 AM,mobile_money,1581.0,Pending
PMT-2D425D96BF,RES-8540E0AF02,26/06/2024 00:00,paypal,113.24,FAILED
PMT-BA96A86A14,RES-FB51C46006,2024-06-08 00:00:00,bank_transfer,801.98,Failed
PMT-2648FAF40F,RES-41A3A52C03,06/09/2025 00:00,paypal,1729.36,FAILED
PMT-648CA4A95E,RES-038F1AA3AD,2026-06-01 00:00:00,cash,541.85,SUCCESS
PMT-800BF439BB,RES-25B1BC49E6,2025-08-17 00:00:00,mobile_money,448.2,refunded
PMT-4BAC646D40,RES-986D6ACE42,12-08-2025 12:00 AM,mobile_money,965.45,declined
PMT-5EFDC49731,RES-FC26ED2C92,02-09-2024 12:00 AM,cash,1124.73,Failed
PMT-CDFC86E999,RES-670DA15455,2025-10-25 00:00:00,credit_card,992.7,Pending
PMT-C08BC5C2E8,RES-3DEE705DDF,2024-03-22 00:00:00,mobile_money,1354.63,success
PMT-3DAD431882,RES-DB54C815AB,10-17-2024 12:00 AM,bank_transfer,1416.76,success
PMT-8566377BEC,RES-77A9FA1200,2025-11-02 00:00:00,paypal,788.59,Refunded
PMT-697DAEB8F6,RES-A958C2775A,2024-12-25 00:00:00,cash,890.8,Refunded
PMT-12D00CC53B,RES-EACEC854C5,02-26-2025 12:00 AM,paypal,405.52,pending
PMT-6D4296F8A2,RES-E0443BE0E7,22/04/2024 00:00,mobile_money,915.54,declined
PMT-7385012998,RES-6872DC75C0,2024-10-25 00:00:00,paypal,1494.43,refunded
PMT-C1C1473531,RES-1AA230F120,06-19-2026 12:00 AM,mobile_money,280.39,refunded
PMT-DF60360CB7,RES-3B6B919240,23/05/2025 00:00,mobile_money,57.55,PENDING
PMT-AA3BB5A65F,RES-D9BCCF5E63,03-16-2026 12:00 AM,mobile_money,1124.56,FAILED
PMT-5BB46CBD83,RES-C90CB87750,04-25-2026 12:00 AM,bank_transfer,99.89,pending
PMT-3978B43646,RES-430D9E24BF,2025-12-29 00:00:00,credit_card,334.77,Failed
PMT-E2C1D378BD,RES-A5A8B61A3D,06-30-2025 12:00 AM,paypal,1585.45,success
PMT-1D52109618,RES-B4A5B364F2,17/02/2025 00:00,bank_transfer,1661.33,refunded
PMT-3EDE9A8E8E,RES-30E3D1F479,2024-11-20 00:00:00,mobile_money,1193.76,Failed
PMT-FAED8936A9,RES-A2C54E6F48,2025-08-22 00:00:00,credit_card,1401.58,refunded
PMT-367C63D274,RES-8FA44C3B38,2024-10-10 00:00:00,cash,454.16,FAILED
PMT-32C53F07A0,RES-4D919FE260,09-07-2025 12:00 AM,paypal,1140.2,declined
PMT-83DF2F03FE,RES-59671A2DEE,01-24-2024 12:00 AM,credit_card,1311.12,Pending
PMT-2F2EF620FC,RES-E7BF181BF3,14/04/2025 00:00,mobile_money,797.37,success
PMT-9DF79647C8,RES-A7E248FCA5,03-22-2025 12:00 AM,paypal,1212.96,REFUNDED
PMT-07F30EDF48,RES-45D07ADFA8,2025-06-18 00:00:00,paypal,1752.75,success
PMT-EF56B0F2AE,RES-692003283B,07-26-2024 12:00 AM,credit_card,835.74,PAID
PMT-11D4BA9DA1,RES-465188A034,2024-08-11 00:00:00,bank_transfer,670.49,Failed
PMT-2FCFA9C21C,RES-0F63614EEA,06-20-2025 12:00 AM,cash,536.15,Refunded
PMT-2E70311A24,RES-62D19CF0AF,08-23-2025 12:00 AM,cash,1141.52,FAILED
PMT-CC2DD7D9CD,RES-7AF8568AA4,08-31-2025 12:00 AM,debit_card,265.36,DECLINED
PMT-30F4AE0BDD,RES-7AF8568AA4,05-28-2026 12:00 AM,paypal,784.8,declined
PMT-601D7897ED,RES-7AF8568AA4,01-15-2026 12:00 AM,paypal,1293.8,REFUNDED
PMT-08D93BD60A,RES-453EE4B216,10/05/2025 00:00,bank_transfer,712.95,pending
PMT-78CE10557E,RES-F115B631DF,2024-12-23 00:00:00,bank_transfer,54.03,declined
PMT-C0BF83E371,RES-09A141EF05,2024-12-13 00:00:00,credit_card,1663.01,SUCCESS
PMT-40EC521B2E,RES-FFF6F3EBEA,2025-08-30 00:00:00,cash,1246.5,paid
PMT-94B9BED5CA,RES-C4001EAD8D,2025-11-09 00:00:00,credit_card,668.87,refunded
PMT-F59CF9A1A1,RES-B6F476DC75,09-22-2025 12:00 AM,paypal,1351.34,PAID
PMT-AB851A6837,RES-B9AC5C3C08,12-24-2024 12:00 AM,debit_card,506.48,FAILED
PMT-48A7C89A45,RES-4F35EEFC88,,mobile_money,550.66,paid
PMT-CB6B5C70F8,RES-0B95BE3244,12-16-2025 12:00 AM,paypal,811.95,Paid
PMT-6CA9C4B09B,RES-38D48CE8D0,12-01-2024 12:00 AM,credit_card,1619.81,refunded
PMT-B59F1D315D,RES-79F85CD64A,08-16-2024 12:00 AM,mobile_money,625.81,SUCCESS
PMT-8E35DE5ABC,RES-3194C54462,02-23-2024 12:00 AM,debit_card,694.67,REFUNDED
PMT-F3B27E5449,RES-997C045919,24/03/2025 00:00,mobile_money,1261.18,failed
PMT-F609E512C7,RES-43799AE0BC,,paypal,278.57,DECLINED
PMT-10BCB63731,RES-8744E22F6B,15/07/2024 00:00,credit_card,1395.23,Failed
PMT-C913C268A2,RES-EBED562D98,15/05/2024 00:00,debit_card,1499.65,Paid
PMT-DDD67F2C59,RES-C750E6D2B0,10/11/2025 00:00,paypal,468.6,pending
PMT-0161604872,RES-E36CFCB4A4,2024-05-15 00:00:00,mobile_money,1465.39,DECLINED
PMT-92AB82E8A7,RES-F6DDA6C3C8,02-12-2024 12:00 AM,cash,291.05,PENDING
PMT-4241A0349D,RES-A0CE67E9E5,12-21-2025 12:00 AM,mobile_money,1248.85,DECLINED
PMT-5383D6A93E,RES-F6D863D113,27/03/2025 00:00,debit_card,,pending
PMT-6AED0C3613,RES-61F78F0344,2024-07-09 00:00:00,mobile_money,1579.87,FAILED
PMT-6B5BD74262,RES-E0C884F87C,2024-05-25 00:00:00,cash,1401.66,REFUNDED
PMT-8A20AA980B,RES-0E9A6EC30C,12-29-2024 12:00 AM,paypal,1270.94,Failed
PMT-9F94797DDE,RES-AFAF28FF5A,2025-03-21 00:00:00,credit_card,1720.4,Pending
PMT-3E037CC7E7,RES-4AFC31C892,2026-01-30 00:00:00,bank_transfer,137.15,Pending
PMT-7319D3CADF,RES-3186515844,24/05/2026 00:00,mobile_money,1205.08,DECLINED
PMT-88F9E6E94A,RES-0E245A58EB,12/03/2024 00:00,credit_card,,Refunded
PMT-79B9D94126,RES-423C1CCC38,2025-12-31 00:00:00,debit_card,1044.01,paid
PMT-D05A278A33,RES-D62C98A1DD,12/10/2025 00:00,mobile_money,915.23,pending
PMT-88A05DE28F,RES-D20D82FE98,02-01-2024 12:00 AM,paypal,1269.41,REFUNDED
PMT-1ACD2A2C8D,RES-FE7326A60A,02-18-2026 12:00 AM,debit_card,514.76,PENDING
PMT-B8403A8F0D,RES-2389C77609,07-29-2024 12:00 AM,credit_card,202.24,PAID
PMT-1CE8B2422B,RES-2389C77609,2024-08-29 00:00:00,mobile_money,87.3,Pending
PMT-D736C3772F,RES-0A0B3C86E5,24/07/2024 00:00,cash,1239.77,SUCCESS
PMT-9E9B39E2C2,RES-7EF401E138,,debit_card,351.63,REFUNDED
PMT-91DDBD44F7,RES-61F203F20D,03-30-2024 12:00 AM,credit_card,1029.78,Refunded
PMT-A8A2CF2742,RES-1938CCB9A6,02-24-2024 12:00 AM,cash,826.0,refunded
PMT-BD42FD7E2E,RES-463DA7F077,,bank_transfer,717.61,pending
PMT-D8BB6FE64E,RES-463DA7F077,20/02/2025 00:00,debit_card,1767.89,Pending
PMT-E11C49FA43,RES-463DA7F077,2024-12-20 00:00:00,cash,1442.28,PENDING
PMT-15C1970ADF,RES-36FC5CE2DB,29/01/2025 00:00,mobile_money,890.01,FAILED
PMT-55C6641A2B,RES-AE6316F3B7,2024-01-18 00:00:00,credit_card,1765.78,FAILED
PMT-4B5F4BDBBB,RES-E2A751406B,2024-07-28 00:00:00,debit_card,1354.79,failed
PMT-8E649A8B47,RES-9FB6E38475,09-01-2024 12:00 AM,cash,519.39,Failed
PMT-D8D58B099A,RES-2FA1DEDF5F,08-25-2025 12:00 AM,credit_card,1653.77,Refunded
PMT-2E4AF1D0FE,RES-CF7EA9BAA7,28/11/2024 00:00,mobile_money,779.01,Pending
PMT-E11B6DB9C9,RES-F0C7B6C8FE,25/07/2024 00:00,cash,1081.09,success
PMT-B886ADE5F8,RES-F0C7B6C8FE,2024-11-19 00:00:00,paypal,1737.52,FAILED
PMT-8C10E21D11,RES-F0C7B6C8FE,2024-07-24 00:00:00,cash,138.52,success
PMT-9E7CEAE6FD,RES-36B9179403,27/01/2025 00:00,paypal,1691.06,REFUNDED
PMT-54E39E6B24,RES-E644CC1D08,27/06/2024 00:00,mobile_money,1711.54,Pending
PMT-0E487DB9AA,RES-4F9CCB2F50,12/01/2024 00:00,paypal,1113.51,paid
PMT-2371D2B3FC,RES-6005C5C729,01/02/2024 00:00,cash,201.05,failed
PMT-12EE7049D1,RES-DCA41E8009,2024-10-06 00:00:00,bank_transfer,1172.15,Refunded
PMT-C37A009057,RES-3D6AA8707C,2025-06-25 00:00:00,cash,913.33,refunded
PMT-A8203B5A8E,RES-142731C74E,03/12/2025 00:00,mobile_money,354.92,failed
PMT-277E7F2E94,RES-D355A59F4C,06-14-2025 12:00 AM,mobile_money,680.44,refunded
PMT-3105F7351A,RES-9138DD6BDF,10-15-2025 12:00 AM,bank_transfer,1321.81,pending
PMT-7348FB0139,RES-5286E966C9,03-31-2026 12:00 AM,debit_card,1741.79,SUCCESS
PMT-48D99DC816,RES-CABCE50DC2,13/12/2024 00:00,credit_card,1724.51,DECLINED
PMT-A9E1307627,RES-B45BA1B0FE,01-15-2025 12:00 AM,paypal,615.56,Failed
PMT-147742D121,RES-AC6D8DC9A9,03-08-2025 12:00 AM,bank_transfer,121.15,paid
PMT-D104DBD866,RES-0D42829C9F,07/06/2026 00:00,paypal,1432.27,Paid
PMT-2B450F0F35,RES-60DF898791,2025-09-27 00:00:00,mobile_money,1051.81,Refunded
PMT-234D8D7C20,RES-D88D45A0F4,30/05/2026 00:00,debit_card,1569.28,pending
PMT-28A8EC28C5,RES-B22C568BFA,2025-05-27 00:00:00,paypal,1365.11,Refunded
PMT-5F72A95F2A,RES-E675B32E99,2025-07-14 00:00:00,debit_card,1039.27,refunded
PMT-17F8D33031,RES-19DB8FF44A,02-17-2024 12:00 AM,credit_card,1794.92,Paid
PMT-0088B2FD48,RES-B1A271EC4D,05-21-2024 12:00 AM,paypal,1349.87,Pending
PMT-81E12B1D71,RES-F991D128CF,24/04/2026 00:00,credit_card,537.72,Paid
PMT-A29AB7D384,RES-9ED82247FD,17/04/2024 00:00,paypal,1754.7,REFUNDED
PMT-67E90194F7,RES-3FCBD70118,2024-02-24 00:00:00,mobile_money,1072.69,PENDING
PMT-24AFF25D78,RES-4BE4A1D014,2025-01-02 00:00:00,cash,1550.26,Refunded
PMT-2DE156DCBD,RES-1483E5DD8B,28/04/2025 00:00,debit_card,742.11,failed
PMT-6A33D07FCF,RES-B612F9DFC3,2025-03-23 00:00:00,credit_card,1657.55,Failed
PMT-3A9F933077,RES-1DE56617F6,2026-01-04 00:00:00,debit_card,1536.82,paid
PMT-199561D3CC,RES-2AC52DA1EC,01-16-2024 12:00 AM,mobile_money,1561.02,Paid
PMT-97B68968E8,RES-E3E68921D0,16/05/2024 00:00,credit_card,1433.0,PENDING
PMT-9EB518F635,RES-443C168E5B,2025-01-14 00:00:00,bank_transfer,828.98,Failed
PMT-72A93CF417,RES-443C168E5B,04/03/2026 00:00,bank_transfer,618.03,pending
PMT-67A34927ED,RES-75848EC784,02-23-2025 12:00 AM,cash,1634.55,declined
PMT-07F550EF01,RES-F91FC9D7F2,2025-11-08 00:00:00,credit_card,1482.89,declined
PMT-D557F09A20,RES-E652B8A61B,2026-06-10 00:00:00,paypal,991.94,Pending
PMT-DE74192028,RES-826568ACAE,12-21-2024 12:00 AM,paypal,1251.6,SUCCESS
PMT-6AD6ED3211,RES-9755B5DC8E,11-05-2025 12:00 AM,debit_card,1479.89,refunded
PMT-057C9F4C4A,RES-4CDD13532B,03-08-2026 12:00 AM,bank_transfer,879.38,FAILED
PMT-85DA92D411,RES-C6EDC1DEE4,,bank_transfer,412.48,Paid
PMT-901E3571F4,RES-1964B168B8,07-11-2024 12:00 AM,debit_card,870.38,refunded
PMT-32D4B12A52,RES-328E5B0413,26/08/2024 00:00,paypal,67.31,FAILED
PMT-6932DE5CDE,RES-F18F271A6D,09-28-2025 12:00 AM,debit_card,477.6,pending
PMT-3FB34D0423,RES-F8197C24B2,2024-04-24 00:00:00,debit_card,650.24,refunded
PMT-3D75650F9A,RES-3CC04DEA2F,2025-09-06 00:00:00,debit_card,677.45,SUCCESS
PMT-9370CAA4B2,RES-043A0B85FF,02/03/2024 00:00,cash,712.4,declined
PMT-C8F7CFE6B2,RES-C3CA793A8A,30/04/2024 00:00,bank_transfer,505.75,SUCCESS
PMT-954D650021,RES-ABE17C8CF5,2025-03-22 00:00:00,paypal,138.0,REFUNDED
PMT-86463F0AFC,RES-72C85E45F3,04-19-2026 12:00 AM,mobile_money,1047.28,Pending
PMT-8616A0766B,RES-4FCFA6E092,05-15-2026 12:00 AM,cash,539.97,declined
PMT-9D8ADC51EB,RES-94D4E41290,06-04-2026 12:00 AM,mobile_money,260.49,Paid
PMT-E58E2D7023,RES-6C7EEB2558,10/01/2025 00:00,bank_transfer,1401.75,Refunded
PMT-C55246BFBA,RES-915CE6F240,2025-02-21 00:00:00,paypal,446.8,declined
PMT-8C06D59E19,RES-5C7C138B5A,2026-01-21 00:00:00,paypal,1616.09,Paid
PMT-9D08F4EF8C,RES-CEE4D5E16D,01-02-2025 12:00 AM,bank_transfer,1181.63,PAID
PMT-94A8DCE084,RES-CEE4D5E16D,01-06-2026 12:00 AM,bank_transfer,718.84,REFUNDED
PMT-4F833E7F43,RES-CEE4D5E16D,11/06/2025 00:00,debit_card,1597.69,paid
PMT-0C80746C7A,RES-B71CB1761C,06-02-2026 12:00 AM,mobile_money,1199.49,Pending
PMT-E1C815B18C,RES-B71CB1761C,26/12/2025 00:00,debit_card,1004.69,FAILED
PMT-BC80DD265C,RES-1BA82FA403,2025-03-03 00:00:00,debit_card,916.63,Refunded
PMT-6BD1460282,RES-9C27CCA301,05-30-2026 12:00 AM,debit_card,1581.63,PENDING
PMT-97D59576E2,RES-207049D851,22/09/2024 00:00,debit_card,1609.33,Pending
PMT-13214BD879,RES-0B64E309C2,12/01/2026 00:00,cash,1372.34,REFUNDED
PMT-136812744C,RES-79DD481F68,19/10/2025 00:00,bank_transfer,1622.59,FAILED
PMT-A41C151FF0,RES-F746B86F4A,26/12/2025 00:00,mobile_money,710.39,Failed
PMT-3288736A5D,RES-C235901FAA,25/01/2025 00:00,bank_transfer,221.38,pending
PMT-084F53D3F6,RES-897B35AF81,23/03/2026 00:00,debit_card,1681.34,Refunded
PMT-E068BA01D9,RES-3A7BAE09FA,2026-04-07 00:00:00,paypal,997.54,pending
PMT-8A2F566F07,RES-598D0F410E,02/10/2024 00:00,debit_card,191.02,paid
PMT-E670558723,RES-AC0459F14B,2024-04-12 00:00:00,bank_transfer,123.49,Pending
PMT-70D3AD12C9,RES-AC0459F14B,15/03/2025 00:00,mobile_money,966.64,Paid
PMT-D92CC9C589,RES-FE9901EBAB,2025-11-20 00:00:00,bank_transfer,1345.12,SUCCESS
PMT-6CBBEB6331,RES-49362E0FFB,2025-10-14 00:00:00,credit_card,885.0,pending
PMT-321DD38CD1,RES-49362E0FFB,28/05/2026 00:00,credit_card,549.05,pending
PMT-ECB07EE747,RES-EA14E34AF4,2025-12-12 00:00:00,paypal,558.92,Paid
PMT-0B139AD257,RES-EA14E34AF4,2025-06-30 00:00:00,debit_card,1225.56,paid
PMT-DF9B29135E,RES-4FA39AB281,08/10/2025 00:00,bank_transfer,180.28,Refunded
PMT-BCD209036A,RES-47C4AA69B4,08-28-2024 12:00 AM,bank_transfer,1642.11,pending
PMT-9B9B58BD9E,RES-47C4AA69B4,2024-10-09 00:00:00,debit_card,1416.81,SUCCESS
PMT-7405D08515,RES-BCAE291433,31/10/2025 00:00,bank_transfer,1537.52,pending
PMT-71FDD27BBC,RES-822B333C29,31/10/2025 00:00,credit_card,505.67,failed
PMT-CCD2895B3A,RES-822B333C29,04/06/2025 00:00,mobile_money,1598.78,refunded
PMT-36DB7BC1C3,RES-822B333C29,01-05-2026 12:00 AM,cash,570.47,DECLINED
PMT-4B75D5CD9B,RES-4BF8CB6A75,2026-03-23 00:00:00,cash,1574.4,PAID
PMT-BB2FAAD34F,RES-B04A547264,2024-09-19 00:00:00,bank_transfer,326.41,refunded
PMT-2AA4976A4B,RES-B04A547264,01-20-2026 12:00 AM,credit_card,1366.4,Refunded
PMT-C60AC0D1FC,RES-2534E0317E,05-23-2024 12:00 AM,mobile_money,65.42,Pending
PMT-D97328C704,RES-37FC7389ED,,credit_card,1472.54,paid
PMT-CB9A4889D1,RES-C0CB3FCD7C,2026-05-13 00:00:00,cash,408.06,declined
PMT-A91937EDE1,RES-4762F12AA2,07-19-2024 12:00 AM,debit_card,1030.05,SUCCESS
PMT-0D3812A6BA,RES-997F10B648,07-26-2025 12:00 AM,paypal,979.4,REFUNDED
PMT-034A53D7B2,RES-48A398EBDB,2024-01-29 00:00:00,cash,786.51,refunded
PMT-2F5B138A8F,RES-932C8EB436,11-26-2024 12:00 AM,mobile_money,1326.05,pending
PMT-CD9AD43736,RES-FB1F56B06C,,credit_card,936.4,DECLINED
PMT-EE4E972213,RES-5E0D4D7258,03-13-2026 12:00 AM,debit_card,517.66,refunded
PMT-B106097E52,RES-8E23455019,2024-01-17 00:00:00,debit_card,62.97,Pending
PMT-66CB53FE26,RES-8E23455019,26/02/2026 00:00,mobile_money,459.8,failed
PMT-7E4F142B0D,RES-8E23455019,,paypal,777.63,FAILED
PMT-31C34E062E,RES-3258E56F63,2026-02-23 00:00:00,credit_card,1727.49,SUCCESS
PMT-F6BCC53AE9,RES-B13A114ED6,2024-12-09 00:00:00,bank_transfer,1750.03,refunded
PMT-CC36DD0FBB,RES-EB87D6CE14,23/07/2024 00:00,mobile_money,,FAILED
PMT-FDC9887924,RES-0C54EA153E,2024-06-27 00:00:00,credit_card,247.07,paid
PMT-D528E4270E,RES-773D8286D3,23/05/2026 00:00,paypal,266.18,refunded
PMT-183E39AC25,RES-3ACF135188,16/05/2025 00:00,cash,1664.94,refunded
PMT-3C012E9191,RES-2711BF456F,2024-07-11 00:00:00,debit_card,1069.62,REFUNDED
PMT-22F7657E98,RES-AA6777654A,09-19-2025 12:00 AM,debit_card,1556.98,Refunded
PMT-0F3A7CF5B6,RES-B3AB9B1168,03/09/2025 00:00,paypal,1735.65,Refunded
PMT-82DFC4D7C2,RES-A62D072E4A,2024-03-12 00:00:00,debit_card,145.6,FAILED
PMT-3004D92A62,RES-41F2B75835,2024-12-13 00:00:00,debit_card,975.0,Pending
PMT-F91CB62645,RES-0331AA5FB0,14/05/2024 00:00,paypal,1370.35,Refunded
PMT-1B71BDDC6E,RES-8C3A7A887F,2024-11-28 00:00:00,credit_card,1138.12,REFUNDED
PMT-F469808C58,RES-740E00FFF0,03-03-2025 12:00 AM,credit_card,1326.7,PAID
PMT-21ECCE4C7D,RES-7980ECB991,2025-04-21 00:00:00,cash,1409.01,REFUNDED
PMT-6247A4A64E,RES-55984102D3,2025-11-17 00:00:00,cash,1515.59,paid
PMT-85EACDF9A4,RES-55984102D3,,cash,1779.12,REFUNDED
PMT-2969621359,RES-CBD6B3F910,08-26-2025 12:00 AM,mobile_money,847.78,refunded
PMT-00FE9FC77E,RES-9321ACCC84,12/03/2024 00:00,debit_card,977.85,FAILED
PMT-A69D8151D7,RES-CF7BB5C4B1,,bank_transfer,1584.68,PENDING
PMT-5F215481E4,RES-6644E2642B,2026-02-26 00:00:00,paypal,1167.82,REFUNDED
PMT-DB6B626271,RES-77F3EE1EC4,2025-09-14 00:00:00,debit_card,1318.07,declined
PMT-47303A1DE8,RES-77F3EE1EC4,2024-03-12 00:00:00,paypal,947.41,PENDING
PMT-C694CBAEF7,RES-E0684B7C48,15/06/2026 00:00,debit_card,1711.69,DECLINED
PMT-B423C67B40,RES-E80C6B961F,05/04/2024 00:00,cash,893.42,DECLINED
PMT-E2FF48762F,RES-D3219E5B31,2025-05-03 00:00:00,bank_transfer,198.53,PENDING
PMT-491E651800,RES-0B02384E38,21/02/2024 00:00,mobile_money,902.47,failed
PMT-E0020FD833,RES-E62DB330D4,2025-01-09 00:00:00,paypal,545.64,SUCCESS
PMT-E5FD353484,RES-85CBCD7154,10-26-2025 12:00 AM,mobile_money,628.8,REFUNDED
PMT-F0FA59368E,RES-8767D4408A,2025-05-16 00:00:00,credit_card,1011.12,pending
PMT-B7A39E1B52,RES-A19C5498CB,09-26-2024 12:00 AM,credit_card,1200.72,PAID
PMT-53790F0272,RES-1B3BAFAFFA,19/04/2024 00:00,bank_transfer,1659.55,PENDING
PMT-4C47E96E52,RES-B9E292A900,10-29-2025 12:00 AM,cash,1315.06,Paid
PMT-2155CF6DBB,RES-6DCE228484,2026-03-18 00:00:00,credit_card,614.85,pending
PMT-708FC37158,RES-C9ABF54083,10-07-2024 12:00 AM,debit_card,1404.66,DECLINED
PMT-3A5A1D2494,RES-1C4F542016,11-16-2025 12:00 AM,mobile_money,128.64,refunded
PMT-04A3F08B50,RES-DCCD277858,12-10-2024 12:00 AM,mobile_money,894.21,PAID
PMT-FAD4C38970,RES-CE9540884C,2026-04-09 00:00:00,credit_card,752.14,success
PMT-44BB4BF438,RES-CE9540884C,08/08/2024 00:00,credit_card,488.6,Failed
PMT-A7D03B3239,RES-8A1CFF4BC0,17/01/2024 00:00,debit_card,877.06,Paid
PMT-D0D7B9BDB2,RES-09FE471552,23/09/2024 00:00,bank_transfer,337.13,Paid
PMT-3F5EDEBBA3,RES-17252BEDCA,10-05-2024 12:00 AM,paypal,763.36,FAILED
PMT-9DD7870686,RES-17CC252494,01-12-2026 12:00 AM,credit_card,1668.98,REFUNDED
PMT-8E41374209,RES-17CC252494,20/08/2024 00:00,bank_transfer,304.83,Refunded
PMT-C1D222A4A5,RES-EECD110B05,07/01/2026 00:00,cash,239.15,Pending
PMT-31E347F6B7,RES-72D5066C96,2025-02-19 00:00:00,debit_card,74.52,FAILED
PMT-0511C9D4E3,RES-98EA62DA16,2025-11-15 00:00:00,credit_card,1133.82,pending
PMT-E1E1776EDF,RES-98EA62DA16,2024-05-09 00:00:00,debit_card,197.97,PENDING
PMT-5BB240527C,RES-98EA62DA16,13/04/2026 00:00,mobile_money,108.74,declined
PMT-AA00D9A00A,RES-DF5FD56408,2025-03-13 00:00:00,paypal,686.98,REFUNDED
PMT-36F6973C34,RES-5600A37C7B,2026-05-11 00:00:00,mobile_money,726.33,Failed
PMT-4743A99EC5,RES-99E950262C,15/03/2024 00:00,paypal,834.57,PENDING
PMT-680EA84635,RES-9A13BFF984,11/05/2026 00:00,cash,746.42,Paid
PMT-25E6D2423B,RES-57E1A54367,2024-04-05 00:00:00,credit_card,533.24,PENDING
PMT-0CC592B432,RES-8C8349BB6D,,debit_card,463.57,pending
PMT-78B616ED80,RES-6A10236621,02-23-2025 12:00 AM,paypal,189.9,PAID
PMT-5FEA1D9F74,RES-7283576A0E,2024-04-23 00:00:00,bank_transfer,1087.47,Paid
PMT-C86CD54143,RES-CE7F2D3E04,2024-03-17 00:00:00,paypal,1088.18,Refunded
PMT-1846FE33C2,RES-BC2483A527,10/12/2025 00:00,mobile_money,1394.27,Refunded
PMT-041E499367,RES-E15B161860,2024-05-14 00:00:00,bank_transfer,1645.1,Failed
PMT-0C3A5F003E,RES-FA4AC5675E,10-25-2024 12:00 AM,cash,457.01,Pending
PMT-66BE8D5C86,RES-88680CDBB5,2024-07-11 00:00:00,debit_card,937.03,Pending
PMT-1C3A2A3A75,RES-1CF8A4B619,06/06/2024 00:00,debit_card,1448.73,declined
PMT-B17A037F0D,RES-79AD299424,12-06-2025 12:00 AM,bank_transfer,250.96,failed
PMT-B67DCE8E29,RES-2748B942ED,18/06/2024 00:00,paypal,101.06,Pending
PMT-58A4675FC0,RES-42CCB8560D,2025-01-22 00:00:00,debit_card,812.23,paid
PMT-59EF36AD6F,RES-57545476EC,2025-03-16 00:00:00,debit_card,1388.88,refunded
PMT-077CAAE582,RES-EF691F9905,,paypal,759.92,paid
PMT-E002D10BC1,RES-EF691F9905,10-23-2025 12:00 AM,paypal,1608.5,REFUNDED
PMT-C8521E6B61,RES-92A97B6BDB,11/03/2024 00:00,mobile_money,1257.67,REFUNDED
PMT-AB383B6C4B,RES-B51E683353,09-01-2024 12:00 AM,debit_card,1493.1,FAILED
PMT-990A299D41,RES-B51E683353,10-23-2024 12:00 AM,bank_transfer,1207.79,FAILED
PMT-8D7A596098,RES-C92517D71E,01-06-2024 12:00 AM,cash,459.3,Pending
PMT-4A3989AF79,RES-A91B361761,09-03-2024 12:00 AM,credit_card,1222.4,SUCCESS
PMT-66117F07BC,RES-A48D989BA1,2024-05-28 00:00:00,bank_transfer,986.04,Refunded
PMT-DE79A1B97D,RES-FBF4F9F026,09/09/2024 00:00,cash,688.77,Paid
PMT-77ADB9C5C9,RES-ECBE6F8CBF,20/01/2024 00:00,cash,1711.79,SUCCESS
PMT-F75D7109B3,RES-65E0A589E9,2024-10-09 00:00:00,paypal,986.84,success
PMT-D104829AF5,RES-75EBED7693,2024-01-11 00:00:00,bank_transfer,679.26,PENDING
PMT-22652992CC,RES-7014C1768E,02/03/2025 00:00,cash,1110.13,SUCCESS
PMT-EBB80785D4,RES-20D095DC13,18/10/2025 00:00,cash,458.6,pending
PMT-27624734C2,RES-C01117C9AC,28/05/2026 00:00,credit_card,1325.97,Pending
PMT-AD110269E0,RES-C01117C9AC,24/03/2025 00:00,bank_transfer,344.93,paid
PMT-8CEA6FB99D,RES-239B506288,2025-12-11 00:00:00,bank_transfer,413.93,success
PMT-F4DB796530,RES-239B506288,04-10-2025 12:00 AM,bank_transfer,1106.69,paid
PMT-0FE060F0C2,RES-9149253549,29/04/2024 00:00,bank_transfer,1061.17,DECLINED
PMT-261CDA3734,RES-39C0F7F596,05/07/2024 00:00,paypal,1742.67,pending
PMT-4324084DB6,RES-7813EC8A2D,03-28-2025 12:00 AM,bank_transfer,224.25,Failed
PMT-F8B33BA049,RES-192BDC892E,04-13-2026 12:00 AM,paypal,446.58,FAILED
PMT-E0F66B4141,RES-735D3EFA24,22/11/2025 00:00,mobile_money,76.42,SUCCESS
PMT-679321A8F1,RES-C224E1E262,2025-06-20 00:00:00,bank_transfer,1208.6,FAILED
PMT-C3605665F0,RES-C224E1E262,2024-12-18 00:00:00,mobile_money,101.55,refunded
PMT-8CDD25BD36,RES-85FB371094,2025-01-28 00:00:00,debit_card,921.06,DECLINED
PMT-70E41A93E0,RES-85FB371094,2025-10-10 00:00:00,paypal,1796.74,failed
PMT-6420E79B65,RES-0F70869034,18/06/2024 00:00,debit_card,1513.6,refunded
PMT-089DCEA6D4,RES-6E4FCE0A56,25/06/2025 00:00,mobile_money,988.7,pending
PMT-CBE691B99A,RES-C4C8A4475E,11-11-2024 12:00 AM,debit_card,179.37,Pending
PMT-E00989AC99,RES-F39DB9293E,,debit_card,803.84,refunded
PMT-66DCF3D17B,RES-AB295DC9D6,04/05/2026 00:00,paypal,1734.89,SUCCESS
PMT-F0A811E3E7,RES-3DDF559E7A,30/09/2024 00:00,cash,866.38,REFUNDED
PMT-16391857F6,RES-9EE5BC67F7,08-21-2024 12:00 AM,mobile_money,854.22,pending
PMT-F3499DCEB1,RES-E0CE01BF10,2024-09-28 00:00:00,mobile_money,1676.55,Pending
PMT-811E380B56,RES-2560D7B596,2026-04-13 00:00:00,credit_card,646.02,Pending
PMT-8A2C40F0AE,RES-B30E2EF993,27/09/2025 00:00,debit_card,669.46,refunded
PMT-32F5A6D4B9,RES-9DED4C2334,07-23-2024 12:00 AM,debit_card,1312.69,declined
PMT-3E0043B22C,RES-72A57F2C3E,03-27-2024 12:00 AM,mobile_money,1532.43,success
PMT-E3D6FFB994,RES-72A57F2C3E,2026-01-26 00:00:00,mobile_money,281.99,failed
PMT-212867B174,RES-5C964BBAD4,05/02/2024 00:00,bank_transfer,1062.07,failed
PMT-6CE2F920B1,RES-059551B996,,cash,719.98,Pending
PMT-D03BC64854,RES-3351D2E41E,2025-05-15 00:00:00,debit_card,993.2,PENDING
PMT-F531ABF0CF,RES-D2A6BA45ED,2024-04-20 00:00:00,mobile_money,948.75,Refunded
PMT-9664146A15,RES-71C5A55405,23/03/2024 00:00,paypal,1740.4,Pending
PMT-7EB5711C2C,RES-7296E99A11,2025-06-23 00:00:00,mobile_money,1216.78,SUCCESS
PMT-9B7D17D24D,RES-4CA2BAA1ED,08-31-2025 12:00 AM,credit_card,1246.3,REFUNDED
PMT-6F47C97103,RES-BEA6DC7D6E,2024-04-14 00:00:00,bank_transfer,1286.37,pending
PMT-222FDECAAE,RES-0FFF4DAB65,09-14-2025 12:00 AM,debit_card,745.5,Pending
PMT-0599F2003D,RES-0FFF4DAB65,,cash,628.54,Pending
PMT-7552941BD8,RES-EA88B78423,03/05/2024 00:00,bank_transfer,380.91,declined
PMT-C6DF1B849C,RES-FAA9A5C9AA,01-06-2024 12:00 AM,credit_card,503.62,failed
PMT-87333ED9C4,RES-FAA9A5C9AA,08/02/2025 00:00,debit_card,914.5,refunded
PMT-59FFA9515F,RES-F8A90C26AA,08-12-2024 12:00 AM,cash,1136.35,Pending
PMT-8434D3BA13,RES-1CB08F4CB2,07-17-2025 12:00 AM,debit_card,650.54,FAILED
PMT-669F3A649F,RES-BAED45C18A,16/11/2025 00:00,credit_card,435.18,success
PMT-CE5758EE3E,RES-0E9840DB33,04-16-2026 12:00 AM,bank_transfer,1335.42,PENDING
PMT-098679AE1B,RES-3BA4138BA1,06-13-2024 12:00 AM,credit_card,1712.57,Refunded
PMT-7AD182B32B,RES-F569DC66D1,25/08/2025 00:00,debit_card,1539.56,paid
PMT-847FEEFA7F,RES-37BBD3D5FC,03-18-2026 12:00 AM,credit_card,559.05,refunded
PMT-531003C4D2,RES-C54EFC9B65,03/10/2024 00:00,credit_card,1685.06,Paid
PMT-CC27CCB7AC,RES-C54EFC9B65,15/10/2025 00:00,cash,797.86,PAID
PMT-6D9F8B7BDB,RES-C54EFC9B65,26/04/2025 00:00,credit_card,690.15,success
PMT-D2FDEFD9F4,RES-0D5D93F2B9,2024-11-16 00:00:00,mobile_money,1459.12,REFUNDED
PMT-347684774E,RES-0D5D93F2B9,05-06-2025 12:00 AM,credit_card,1259.07,Refunded
PMT-6496D8AAB6,RES-08D677B072,27/10/2024 00:00,cash,124.87,pending
PMT-BE67D46273,RES-F810C54F53,02/10/2025 00:00,bank_transfer,1233.16,Pending
PMT-8F739F30E8,RES-F810C54F53,2025-04-05 00:00:00,paypal,732.7,refunded
PMT-30FC6FA8CF,RES-F810C54F53,21/05/2024 00:00,paypal,683.82,Pending
PMT-0B25323F2E,RES-749E8C6CF3,2024-09-01 00:00:00,credit_card,1196.32,failed
PMT-6B3169A812,RES-749E8C6CF3,2025-03-27 00:00:00,bank_transfer,1760.38,REFUNDED
PMT-B021D7705E,RES-9639CE9885,23/03/2025 00:00,paypal,1152.5,paid
PMT-6320F92AFE,RES-43C763F348,03-21-2025 12:00 AM,credit_card,1732.86,pending
PMT-DDFAFF959F,RES-E7E5587282,07/10/2024 00:00,cash,697.69,REFUNDED
PMT-A70E99DD98,RES-C03BC9D9E6,08-30-2024 12:00 AM,bank_transfer,134.63,Refunded
PMT-ED447E441D,RES-3BE7AB62C6,2024-10-17 00:00:00,cash,915.04,Pending
PMT-392041136E,RES-4B8D4E5B50,2024-02-24 00:00:00,credit_card,118.57,Pending
PMT-04D32A905D,RES-250EBDB65A,07-31-2025 12:00 AM,bank_transfer,906.37,REFUNDED
PMT-F66A7248A0,RES-CF25CC7BA8,2024-10-20 00:00:00,mobile_money,149.98,refunded
PMT-67DC0FB9C8,RES-2F2AA0DB96,2025-05-14 00:00:00,paypal,758.53,FAILED
PMT-0A1E116A05,RES-6579489735,2024-04-16 00:00:00,bank_transfer,251.71,success
PMT-8F89EA7023,RES-6579489735,10-20-2024 12:00 AM,debit_card,473.53,Pending
PMT-C85F8B8191,RES-19197CD271,,paypal,572.12,Failed
PMT-40FB267603,RES-0D643AAB67,2025-10-19 00:00:00,debit_card,545.55,REFUNDED
PMT-0A1C65CBEB,RES-D213F7CFE1,23/06/2025 00:00,debit_card,912.03,Refunded
PMT-AB65963C0D,RES-77EAEA906C,29/06/2025 00:00,cash,666.5,failed
PMT-F1B5671362,RES-75A8220AAD,2026-04-07 00:00:00,credit_card,1177.91,failed
PMT-029F9A664E,RES-0C1C29122E,10-19-2024 12:00 AM,bank_transfer,1298.0,Paid
PMT-4D09D36B11,RES-4797230E00,2026-03-08 00:00:00,bank_transfer,550.85,Pending
PMT-3B5DF04C89,RES-8FD350F3A8,04-09-2026 12:00 AM,credit_card,1746.41,failed
PMT-AA1E50EC5E,RES-D2E6B3B8C7,2024-06-05 00:00:00,bank_transfer,210.47,Paid
PMT-AF8AFD0E7E,RES-A2E2A7E7C0,01-22-2024 12:00 AM,bank_transfer,937.22,Failed
PMT-117CDFE061,RES-465B7D4D3D,29/03/2025 00:00,bank_transfer,1351.94,Pending
PMT-E104BF5D23,RES-02C77C1D98,18/08/2024 00:00,mobile_money,1716.96,pending
PMT-A090486D87,RES-59476EFF6E,10-29-2025 12:00 AM,cash,546.37,Refunded
PMT-78910D47F3,RES-EEAD0CE862,2025-05-06 00:00:00,bank_transfer,330.38,Refunded
PMT-16D590AE81,RES-9EB5DF7E72,11-23-2025 12:00 AM,cash,1215.65,Refunded
PMT-6B6F127F86,RES-8383A33489,10/05/2024 00:00,paypal,714.03,Paid
PMT-8DE164E399,RES-3F6D487B05,2025-01-28 00:00:00,paypal,467.94,FAILED
PMT-0C07D89B32,RES-C7FDD31A49,10/10/2025 00:00,debit_card,1140.11,PENDING
PMT-77456EC0A3,RES-6CB6DE41AB,08-13-2025 12:00 AM,credit_card,1392.26,declined
PMT-59C420C41E,RES-6CB6DE41AB,28/05/2025 00:00,paypal,751.63,Refunded
PMT-E2DBE5BCCD,RES-6CB6DE41AB,20/02/2025 00:00,cash,681.21,Failed
PMT-282A29257C,RES-52FD2F697A,28/11/2024 00:00,debit_card,1639.39,PENDING
PMT-B44EDE6A7D,RES-D5E2C5BC60,11/01/2026 00:00,mobile_money,1570.07,REFUNDED
PMT-6E5DB87A0A,RES-B8AAFC3688,08-08-2024 12:00 AM,mobile_money,1469.45,Paid
PMT-A450692535,RES-B8AAFC3688,2025-05-04 00:00:00,bank_transfer,1221.49,FAILED
PMT-1D0F21852D,RES-F10B31A0E7,2025-04-22 00:00:00,mobile_money,1748.38,DECLINED
PMT-01FE736CF8,RES-0D1C0CCD53,06/04/2024 00:00,paypal,1694.21,declined
PMT-650644972E,RES-50C5912CD6,07/11/2025 00:00,credit_card,1712.72,failed
PMT-AD7480A557,RES-8ED94B95ED,08-11-2025 12:00 AM,bank_transfer,257.21,SUCCESS
PMT-51C0067E40,RES-4683260940,07/10/2024 00:00,bank_transfer,895.05,pending
PMT-FDEDBDDD25,RES-DC9AACC4FC,26/02/2025 00:00,paypal,531.97,pending
PMT-354E8984CE,RES-84FBB6AE07,10/11/2025 00:00,cash,1640.78,PENDING
PMT-122E87FE92,RES-EDEFFF5DF6,05-29-2024 12:00 AM,paypal,1387.63,refunded
PMT-5A2AC241B3,RES-C57BEFF906,08-19-2024 12:00 AM,credit_card,1005.76,refunded
PMT-27C2E1C8B9,RES-554E23DFDA,29/07/2025 00:00,bank_transfer,301.14,pending
PMT-C3BB05DAFE,RES-1D61339DC7,2024-05-10 00:00:00,debit_card,1435.83,Paid
PMT-F5CBB03D83,RES-324EA962DC,05-12-2026 12:00 AM,paypal,215.05,pending
PMT-D700033A2C,RES-594070D5DA,19/01/2024 00:00,credit_card,1027.66,Refunded
PMT-6DCA27BC9D,RES-F9D8B37037,15/08/2025 00:00,mobile_money,507.71,PENDING
PMT-26F718649A,RES-6E2E194D35,21/03/2026 00:00,mobile_money,855.11,declined
PMT-01B1135169,RES-88004B9124,03/01/2026 00:00,paypal,272.67,failed
PMT-78A2FEDCFC,RES-3BAF88E873,29/09/2024 00:00,bank_transfer,228.11,pending
PMT-CA41E92194,RES-CB1DCC88B0,2024-01-16 00:00:00,cash,1580.72,pending
PMT-AB4336FBED,RES-E7F301AB62,24/10/2025 00:00,cash,756.47,PAID
PMT-036E302063,RES-A9585C42CF,2024-06-21 00:00:00,mobile_money,923.95,PENDING
PMT-5D2D106520,RES-2781A40244,07-05-2025 12:00 AM,bank_transfer,778.03,failed
PMT-16634D4B28,RES-2972EB4E98,14/05/2026 00:00,bank_transfer,374.8,PENDING
PMT-2EDFF5515C,RES-AE24167B27,27/03/2024 00:00,credit_card,973.67,paid
PMT-D57AA99E3F,RES-97C6CEB13F,19/10/2024 00:00,cash,867.84,refunded
PMT-82D937FD99,RES-4B3458C1CE,2024-12-22 00:00:00,mobile_money,264.8,FAILED
PMT-F5D760E56A,RES-14E188967A,14/08/2024 00:00,debit_card,,Pending
PMT-2E697C5378,RES-8BE7E61A7E,02/03/2026 00:00,paypal,1417.94,PENDING
PMT-76EF5F1145,RES-EF5B40AF2F,2024-02-15 00:00:00,bank_transfer,361.59,PAID
PMT-23E655A938,RES-8C80F26623,06-04-2026 12:00 AM,debit_card,,Failed
PMT-0E414DA830,RES-2F8BFB11CB,03-01-2025 12:00 AM,debit_card,1477.68,PENDING
PMT-7AAB3C5E5D,RES-C75D358EFD,05/09/2025 00:00,paypal,973.25,Paid
PMT-FA2971F281,RES-C75D358EFD,2024-08-30 00:00:00,credit_card,1075.77,refunded
PMT-EE6D3B7692,RES-C75D358EFD,01-07-2025 12:00 AM,credit_card,594.2,PENDING
PMT-4EE001BA22,RES-CC68169A96,04-08-2026 12:00 AM,credit_card,112.64,pending
PMT-6E7978C357,RES-362F5041D2,07/12/2025 00:00,mobile_money,45.29,FAILED
PMT-5E55E43150,RES-0573F8265E,2025-06-20 00:00:00,cash,1582.35,SUCCESS
PMT-88618DE014,RES-F8BDA9656F,12-16-2025 12:00 AM,credit_card,675.01,REFUNDED
PMT-7004F86694,RES-BE65F8B4AF,10-21-2025 12:00 AM,paypal,1525.73,REFUNDED
PMT-1BF9ED45F1,RES-F4259BC36D,01-03-2025 12:00 AM,mobile_money,486.94,FAILED
PMT-7A710AA50C,RES-CFD4CD8B8B,2024-02-14 00:00:00,paypal,1578.91,DECLINED
PMT-A263B77C6A,RES-FE718170F8,09-14-2025 12:00 AM,mobile_money,1580.34,Refunded
PMT-AADCD4DB8B,RES-990EBEC0A0,10/04/2025 00:00,mobile_money,491.86,pending
PMT-B4D5EEB271,RES-560046E396,08/04/2024 00:00,debit_card,240.39,PENDING
PMT-076556D5ED,RES-7D6A2379D9,25/12/2025 00:00,cash,115.31,Failed
PMT-65149ADF27,RES-7D6A2379D9,03/01/2024 00:00,bank_transfer,481.88,Pending
PMT-FB29D89ED1,RES-5EF2DA4B20,2024-03-28 00:00:00,cash,540.25,PENDING
PMT-FD3DDA53FC,RES-69A7AA4105,06-28-2024 12:00 AM,cash,464.21,refunded
PMT-7705BCE3F2,RES-B69E758686,2026-05-11 00:00:00,mobile_money,1370.0,PENDING
PMT-C676FEE420,RES-0B84BC6139,2024-02-04 00:00:00,paypal,1499.62,paid
PMT-3D47EFD88D,RES-D5F6CA0456,2025-06-13 00:00:00,paypal,603.19,Pending
PMT-BAB3BDE4FB,RES-0D0207D47A,02-19-2024 12:00 AM,credit_card,331.9,REFUNDED
PMT-8499DCE4A5,RES-CE2E5B94E3,01-29-2025 12:00 AM,debit_card,1064.49,failed
PMT-5F3D9CBBDA,RES-9BD04D796E,19/02/2026 00:00,debit_card,1654.33,paid
PMT-B9CC3397EB,RES-9BD04D796E,2024-09-17 00:00:00,mobile_money,320.63,PENDING
PMT-829878FC2B,RES-B2AC75DC21,12-12-2024 12:00 AM,cash,1545.03,failed
PMT-169D76A4A8,RES-1A7FB2C7C9,2024-06-05 00:00:00,cash,596.53,PENDING
PMT-4A025F4B99,RES-093954C06E,22/01/2024 00:00,paypal,1788.38,failed
PMT-ED2BEDA7A4,RES-093954C06E,2025-05-18 00:00:00,debit_card,1143.69,refunded
PMT-3E44161621,RES-605E751F0A,2025-05-25 00:00:00,mobile_money,282.12,Refunded
PMT-602B24CDF5,RES-605E751F0A,28/07/2025 00:00,bank_transfer,992.47,Failed
PMT-D5958643D4,RES-290E76CA71,30/07/2025 00:00,debit_card,1154.08,SUCCESS
PMT-EB1689AB1F,RES-7B2EC375B2,2024-01-29 00:00:00,mobile_money,1771.13,FAILED
PMT-D4BFA24D19,RES-94A66FEC40,29/05/2025 00:00,credit_card,1318.1,failed
PMT-68F481C79D,RES-C6A76100F9,04/02/2026 00:00,debit_card,318.27,Refunded
PMT-3EB087D3AA,RES-C6A76100F9,28/04/2025 00:00,bank_transfer,556.21,pending
PMT-1088A918A3,RES-82ADEB06B5,2024-01-21 00:00:00,credit_card,1370.21,Failed
PMT-C3C961BFA6,RES-5738BC6FD9,03-18-2026 12:00 AM,bank_transfer,1596.66,success
PMT-587300CF25,RES-D14B8F5876,2025-09-22 00:00:00,debit_card,1497.43,FAILED
PMT-7E3BE82EF9,RES-5FD2EBC103,28/05/2024 00:00,mobile_money,390.09,PENDING
PMT-2A0FDE5F71,RES-5FD2EBC103,2024-12-14 00:00:00,bank_transfer,1049.2,REFUNDED
PMT-22466BB971,RES-5FD2EBC103,20/02/2026 00:00,bank_transfer,681.11,SUCCESS
PMT-8C8A3321C5,RES-8630876C42,2024-10-03 00:00:00,paypal,1153.86,PENDING
PMT-47B2BF9FEF,RES-8B52A675B3,2025-03-15 00:00:00,bank_transfer,1148.0,PAID
PMT-CE35206649,RES-7937AAF119,2026-05-10 00:00:00,cash,412.53,Refunded
PMT-D7BE46C6EA,RES-F09167A4A3,10/01/2024 00:00,cash,815.75,FAILED
PMT-6DE68D636D,RES-48AD1A5C05,03-26-2024 12:00 AM,debit_card,1114.54,paid
PMT-93AEF77F59,RES-3C95C76CAB,05-01-2024 12:00 AM,mobile_money,571.33,SUCCESS
PMT-A93148ABEC,RES-3C95C76CAB,2024-12-09 00:00:00,mobile_money,581.56,success
PMT-C482E683F8,RES-0E869B5EC4,2024-10-08 00:00:00,paypal,645.08,pending
PMT-CAA55C9DA7,RES-EF413B6809,19/09/2024 00:00,mobile_money,1105.61,refunded
PMT-20001E1CD2,RES-790B3F5825,2024-12-31 00:00:00,credit_card,435.98,REFUNDED
PMT-AD3C23D880,RES-B5EED1B2BF,2024-11-27 00:00:00,paypal,946.06,Pending
PMT-3898C24B07,RES-560EC665C0,19/02/2025 00:00,cash,398.67,success
PMT-DF86F053EE,RES-A9ACD5A41A,06-10-2026 12:00 AM,debit_card,1093.37,PAID
PMT-40EA00744E,RES-2D09F39384,08-07-2025 12:00 AM,debit_card,1567.59,failed
PMT-D31073D393,RES-662C7715D9,15/03/2026 00:00,mobile_money,727.29,refunded
PMT-B8E15E0BC1,RES-3142401FBB,15/04/2025 00:00,mobile_money,769.01,refunded
PMT-F7C1BE052C,RES-90980E3AC7,2025-04-17 00:00:00,paypal,1740.6,DECLINED
PMT-35E65BDC61,RES-0F96D11651,2026-04-16 00:00:00,mobile_money,289.9,refunded
PMT-9E38991EF3,RES-969C906655,2024-07-29 00:00:00,cash,1716.21,PAID
PMT-D27FF07B1D,RES-7FD187E41D,2026-02-27 00:00:00,debit_card,322.36,Paid
PMT-A770235ABF,RES-03F8EEA727,30/04/2024 00:00,cash,190.92,FAILED
PMT-BC9E652946,RES-B8A1C4D649,23/12/2025 00:00,bank_transfer,288.45,Refunded
PMT-B52F288709,RES-B8A1C4D649,01-19-2024 12:00 AM,paypal,710.78,refunded
PMT-25B11E3CAC,RES-87B809B00C,2025-12-04 00:00:00,paypal,182.77,Failed
PMT-0EC6CBA6AD,RES-87B809B00C,03-10-2025 12:00 AM,cash,707.09,PENDING
PMT-2F668AD63C,RES-87B809B00C,23/10/2025 00:00,bank_transfer,189.09,DECLINED
PMT-F2E79E3FDE,RES-6EFB0947B0,2026-04-15 00:00:00,bank_transfer,887.07,paid
PMT-03D9B0FA2E,RES-C68131C1A0,09-13-2024 12:00 AM,paypal,466.66,failed
PMT-87D3B418F1,RES-B723826910,03/01/2025 00:00,debit_card,229.98,refunded
PMT-F8A6D9B2F4,RES-B723826910,2025-09-04 00:00:00,mobile_money,825.6,Failed
PMT-7CD534415C,RES-2DF71621E3,10-16-2024 12:00 AM,mobile_money,688.75,PENDING
PMT-B0EF5F94B7,RES-BC2F47EE6B,2025-04-21 00:00:00,cash,298.39,declined
PMT-9214B6BBB6,RES-32B541ADE9,04/01/2025 00:00,mobile_money,654.84,success
PMT-159E67EF2C,RES-D89DB6BCAD,2024-07-15 00:00:00,bank_transfer,989.79,Refunded
PMT-F121477827,RES-0B7F815E05,25/02/2026 00:00,mobile_money,1760.21,paid
PMT-F395E9CE2B,RES-DBD7988127,2026-04-06 00:00:00,credit_card,875.57,PAID
PMT-FBF7D46257,RES-D39F6A42B7,02-03-2025 12:00 AM,credit_card,875.99,pending
PMT-853AE7352A,RES-0BC934D477,02-21-2024 12:00 AM,cash,1129.12,Paid
PMT-AFC1DD1737,RES-43F77C03BE,19/02/2025 00:00,credit_card,1539.79,PAID
PMT-63AAD8152C,RES-43F77C03BE,11-30-2024 12:00 AM,credit_card,1409.37,pending
PMT-0F7135B410,RES-2C926EF2CD,2025-12-10 00:00:00,credit_card,165.53,SUCCESS
PMT-E591FCDA0E,RES-A8135946C0,20/02/2025 00:00,bank_transfer,824.39,PENDING
PMT-C4793AA02A,RES-DD3EA61ADC,2025-09-14 00:00:00,mobile_money,456.29,PENDING
PMT-F695017A22,RES-6BA812B295,07-19-2025 12:00 AM,mobile_money,1424.95,Refunded
PMT-4D00BF28BB,RES-1B83A24FCC,2024-08-22 00:00:00,cash,1371.19,failed
PMT-28B118932F,RES-65D0C43BD5,2024-02-26 00:00:00,credit_card,234.53,pending
PMT-78FADA2F48,RES-489448B62A,2026-02-16 00:00:00,paypal,736.42,pending
PMT-F0887BC1D2,RES-489448B62A,21/04/2024 00:00,bank_transfer,481.26,FAILED
PMT-DAE4047CE2,RES-489448B62A,2025-12-26 00:00:00,cash,1072.54,success
PMT-F343B5469A,RES-2EA1546B5F,2024-10-01 00:00:00,paypal,752.57,PENDING
PMT-422EF61D3E,RES-2EA1546B5F,2026-05-11 00:00:00,paypal,904.37,SUCCESS
PMT-E4CB907B25,RES-0EE9B5ABEB,2024-08-30 00:00:00,bank_transfer,896.93,PAID
PMT-7748F664EA,RES-DEB23E5A67,09-10-2024 12:00 AM,cash,,Refunded
PMT-B2DBFBABF1,RES-2C7E94ABA8,2025-03-18 00:00:00,cash,248.34,PENDING
PMT-C6193644D9,RES-C2D90DC596,2025-07-07 00:00:00,debit_card,238.39,success
PMT-4BE4446064,RES-2F0E879E3A,06-14-2026 12:00 AM,mobile_money,1451.31,REFUNDED
PMT-01B8D1139D,RES-B5FBFF0379,18/11/2024 00:00,bank_transfer,1499.61,failed
PMT-1105CDDEE5,RES-8EB6A94B9B,2024-04-17 00:00:00,mobile_money,830.46,Pending
PMT-CE1BE0ACF9,RES-737B25632B,24/12/2025 00:00,bank_transfer,696.72,refunded
PMT-12B6C5DE52,RES-C029E0AFA0,2024-09-23 00:00:00,credit_card,1287.67,Paid
PMT-62C88ADBB5,RES-F8A6A2AAEA,2025-04-25 00:00:00,bank_transfer,1572.31,failed
PMT-07F82E9B08,RES-215359A623,2024-10-13 00:00:00,credit_card,766.72,Refunded
PMT-94ED06A1AE,RES-DFDAD8F552,12/02/2026 00:00,credit_card,1779.65,refunded
PMT-4D802D4237,RES-81CCFFDAC0,11-21-2024 12:00 AM,cash,1785.83,pending
PMT-7B117D1A31,RES-638069E919,07/01/2024 00:00,cash,592.56,DECLINED
PMT-D9ED7B0721,RES-6ACCA0BECB,02-17-2025 12:00 AM,debit_card,934.12,success
PMT-51D2DBBFB0,RES-872428BA4C,06-15-2025 12:00 AM,credit_card,165.02,PENDING
PMT-147EF5E77C,RES-D88B1989F8,2025-07-19 00:00:00,credit_card,366.89,Pending
PMT-6C7E6B146F,RES-36C8966EA2,2024-03-02 00:00:00,debit_card,283.47,Paid
PMT-3FBD0A6DEF,RES-071B9763F1,2024-03-09 00:00:00,mobile_money,1426.59,success
PMT-9ED4AFAA3E,RES-8D4BEF2251,02-20-2026 12:00 AM,bank_transfer,1272.59,Pending
PMT-D25CF97FCF,RES-1B5FBB45E6,2025-03-31 00:00:00,credit_card,1792.16,DECLINED
PMT-2A1DE984B6,RES-5BFE97BCC5,08/08/2024 00:00,mobile_money,1176.75,Refunded
PMT-5758A4F974,RES-109F6A1714,,cash,1054.88,pending
PMT-8CBCB45370,RES-189280754C,2025-06-23 00:00:00,credit_card,1587.96,Paid
PMT-428C9E10BE,RES-E715A10149,05-28-2024 12:00 AM,credit_card,1598.09,declined
PMT-372FE97388,RES-E715A10149,14/02/2025 00:00,debit_card,831.02,Pending
PMT-5E9FB4E343,RES-E715A10149,06-02-2026 12:00 AM,mobile_money,327.5,DECLINED
PMT-ACE93BAC75,RES-FFF8DBE8C9,05-29-2026 12:00 AM,mobile_money,729.24,paid
PMT-6212702D88,RES-69AE6B922D,06-20-2025 12:00 AM,paypal,1249.43,pending
PMT-4F510B6BD9,RES-8E1147B041,14/01/2024 00:00,paypal,1390.33,Refunded
PMT-F0EE062B27,RES-18DCC2A159,2026-06-04 00:00:00,debit_card,1365.48,REFUNDED
PMT-6BBEFBEEB7,RES-4C8DE7B849,03/01/2025 00:00,bank_transfer,53.55,Pending
PMT-586059517D,RES-7831A5ABCD,08/01/2025 00:00,cash,1516.29,pending
PMT-13BFFE6A09,RES-9DA48F31EC,07/02/2024 00:00,paypal,1502.51,Failed
PMT-41B0EDF2F9,RES-D50191F8FE,2026-03-22 00:00:00,credit_card,1104.16,paid
PMT-D2D250B200,RES-EAAD0BFB9B,2024-10-04 00:00:00,paypal,571.57,Pending
PMT-3FE8B6FD0F,RES-3A8716FDF2,10/10/2024 00:00,debit_card,873.17,FAILED
PMT-FDF7437F43,RES-3A8716FDF2,03-20-2026 12:00 AM,cash,313.59,failed
PMT-E037686A37,RES-0B70FB2A23,2026-03-28 00:00:00,paypal,,PENDING
PMT-D11466C2AF,RES-7659A71A62,02-16-2026 12:00 AM,mobile_money,1482.21,SUCCESS
PMT-66AF34869B,RES-A881F3B85E,21/07/2024 00:00,cash,1538.16,failed
PMT-E3F0A529B3,RES-5B92F369E8,05/02/2024 00:00,bank_transfer,1715.95,refunded
PMT-6B4EC26CDE,RES-5BD9CAEE25,15/05/2024 00:00,credit_card,1231.21,PENDING
PMT-2ECD1B8139,RES-9921969E07,03-03-2025 12:00 AM,paypal,203.05,Refunded
PMT-D701529659,RES-326A108C92,2024-10-15 00:00:00,credit_card,1262.58,DECLINED
PMT-0100A7CD34,RES-DCAC5082B6,09/06/2026 00:00,mobile_money,385.25,PENDING
PMT-AAFBDA1C6E,RES-B77A7446BA,2024-04-28 00:00:00,bank_transfer,856.04,FAILED
PMT-754FA7CCA3,RES-68C1152C18,06/02/2026 00:00,debit_card,1125.43,pending
PMT-04D6B435D1,RES-41BCD31E65,22/01/2024 00:00,bank_transfer,1682.27,success
PMT-C56D96CE8B,RES-41BCD31E65,01-13-2025 12:00 AM,paypal,133.58,Failed
PMT-FD9C6180AA,RES-0FE6CF38EF,2025-02-11 00:00:00,mobile_money,971.87,paid
PMT-9FF65B1A15,RES-8545915FBF,2025-08-29 00:00:00,credit_card,290.87,FAILED
PMT-0280BD8AD1,RES-36A231C0EA,2026-01-19 00:00:00,paypal,1603.87,PAID
PMT-2C9A02F820,RES-F225597371,07/12/2025 00:00,credit_card,1029.09,success
PMT-318D04BF1E,RES-70805FBD37,28/06/2024 00:00,cash,448.73,Paid
PMT-88A527F395,RES-F1D7E90DE9,05-03-2024 12:00 AM,credit_card,1107.2,Refunded
PMT-7C3923CAD6,RES-F1D7E90DE9,01/02/2026 00:00,paypal,1192.99,pending
PMT-E958C8FFF0,RES-F1D7E90DE9,01-14-2024 12:00 AM,cash,422.59,pending
PMT-5E025B71B0,RES-CD62F7E744,,debit_card,1698.81,failed
PMT-D5D4F787B2,RES-88BA862FC6,2025-08-12 00:00:00,paypal,1546.98,refunded
PMT-B2F677D774,RES-D2033283FA,09-10-2024 12:00 AM,mobile_money,914.18,paid
PMT-4F3FD50C44,RES-D2033283FA,01-23-2025 12:00 AM,cash,958.44,Failed
PMT-A8263D7863,RES-D2033283FA,04-18-2026 12:00 AM,mobile_money,1787.64,PENDING
PMT-B41634A271,RES-04193264BA,12-01-2025 12:00 AM,mobile_money,1222.14,refunded
PMT-7492512A50,RES-06364FFB53,12-17-2025 12:00 AM,mobile_money,1674.4,PENDING
PMT-55BEE60D4C,RES-054ED22EFF,2025-02-23 00:00:00,credit_card,1334.9,pending
PMT-A15FF4BC23,RES-6C2DB70CC4,04-12-2026 12:00 AM,cash,594.22,Refunded
PMT-92D03B214A,RES-D0A858FB56,27/08/2025 00:00,cash,1474.12,Failed
PMT-B8F3F0D542,RES-564BDAF3CC,03-15-2026 12:00 AM,bank_transfer,465.82,Failed
PMT-8FE4488176,RES-4B0C4BC95F,2025-11-11 00:00:00,debit_card,129.53,REFUNDED
PMT-4DC5B5D540,RES-8F1E342028,10/06/2024 00:00,cash,1158.54,PENDING
PMT-63D7DCE210,RES-1B309C412E,02-04-2025 12:00 AM,bank_transfer,186.21,PENDING
PMT-F3648BBDF6,RES-815E70C613,2025-01-28 00:00:00,bank_transfer,1606.82,failed
PMT-F51866E116,RES-815E70C613,2025-06-03 00:00:00,debit_card,904.05,refunded
PMT-8DBAC43C70,RES-815E70C613,01-03-2024 12:00 AM,mobile_money,1486.3,pending
PMT-B98D687AC2,RES-41D437939B,14/10/2025 00:00,paypal,976.35,DECLINED
PMT-ACB6423132,RES-94A0424909,10/09/2025 00:00,cash,1580.36,REFUNDED
PMT-2E7134761B,RES-FCD989BFFB,23/05/2026 00:00,mobile_money,1298.91,paid
PMT-9C619CE442,RES-BF9F06712C,12/08/2024 00:00,credit_card,317.07,FAILED
PMT-2372661079,RES-1ABAC48B9E,28/08/2025 00:00,bank_transfer,1071.34,paid
PMT-0A899B9DF8,RES-3354D1A393,02-03-2025 12:00 AM,bank_transfer,1782.24,paid
PMT-AF67B36B7C,RES-B41CDF3B01,04-08-2024 12:00 AM,credit_card,1421.0,DECLINED
PMT-28D66AC84B,RES-12B91FEB75,22/04/2024 00:00,mobile_money,717.39,success
PMT-3C96E273A5,RES-FCBCEE0DCB,2025-05-04 00:00:00,bank_transfer,1273.84,declined
PMT-6D0797B8F9,RES-1362D9157F,17/11/2024 00:00,credit_card,963.21,pending
PMT-AA2CACB217,RES-E0FA3EF6F4,06-11-2025 12:00 AM,paypal,172.67,refunded
PMT-1D64CF17CD,RES-475E3BA9D5,08-09-2024 12:00 AM,bank_transfer,1753.46,declined
PMT-C50F281CD2,RES-E68051578A,2025-09-21 00:00:00,debit_card,1568.39,Pending
PMT-2967ACCA31,RES-DEA8D421E7,23/01/2025 00:00,credit_card,502.37,refunded
PMT-BC05DA46CD,RES-16C6ECD824,2025-11-14 00:00:00,bank_transfer,382.04,paid
PMT-0EC7A2C2B1,RES-AFB326F631,06/03/2026 00:00,paypal,1034.44,Failed
PMT-7311A256BC,RES-B849868831,,cash,95.61,declined
PMT-B3224B241C,RES-6A75BAFD0F,10-04-2024 12:00 AM,mobile_money,613.97,REFUNDED
PMT-5C1B6E8AAF,RES-0A5C2990D7,2024-02-12 00:00:00,credit_card,1799.31,SUCCESS
PMT-89349A0B56,RES-045A0C6CB1,25/07/2025 00:00,credit_card,705.17,pending
PMT-20ACBC6CA0,RES-5C1175E1A1,2024-09-22 00:00:00,cash,810.14,Failed
PMT-8DE2E72C83,RES-5FD0B69B1F,2025-05-01 00:00:00,credit_card,1035.58,pending
PMT-F179AD8042,RES-47EFE6BC11,2024-02-28 00:00:00,paypal,309.21,pending
PMT-A21E85F062,RES-53F2CC8A90,06-09-2024 12:00 AM,paypal,1512.71,PENDING
PMT-1CE1B97FBE,RES-158F12D02F,07-10-2024 12:00 AM,cash,1210.82,Paid
PMT-23A38F6F68,RES-BF5CF8A3DC,10-07-2024 12:00 AM,cash,92.75,SUCCESS
PMT-D19A0ED88D,RES-D6BEC7D077,03-03-2025 12:00 AM,paypal,967.71,success
PMT-3778C42CD5,RES-EC1C3FD955,05/07/2024 00:00,paypal,1245.15,refunded
PMT-AA8D38EA59,RES-FF4D2C6894,06/08/2025 00:00,cash,1077.49,Paid
PMT-285A74D420,RES-11B3E61D5A,06/12/2024 00:00,debit_card,1773.49,REFUNDED
PMT-8EACF5CB16,RES-28548AE03E,02/10/2024 00:00,bank_transfer,1433.25,refunded
PMT-41A7654573,RES-5BDF96C9C0,2025-07-31 00:00:00,cash,597.49,Pending
PMT-7455BC0A07,RES-FF32D53E27,03/11/2025 00:00,mobile_money,1043.4,DECLINED
PMT-C0F58F9021,RES-9FB5B5E0FA,19/11/2024 00:00,bank_transfer,588.22,Pending
PMT-ED2A653ADF,RES-28DE785203,31/08/2024 00:00,paypal,388.39,Pending
PMT-89383D46E1,RES-924B152139,2025-10-13 00:00:00,debit_card,1538.02,FAILED
PMT-892847F2FB,RES-534D0FCD8C,04-09-2026 12:00 AM,credit_card,678.17,pending
PMT-EDF4C630B3,RES-39EE78D4F8,04/08/2025 00:00,mobile_money,1528.43,PENDING
PMT-1A0E7C6FC6,RES-3B46A77117,29/04/2024 00:00,bank_transfer,88.95,refunded
PMT-F260B74840,RES-678BABBF98,12/05/2025 00:00,paypal,1419.91,refunded
PMT-5C3FAA1443,RES-79D875656A,24/04/2025 00:00,bank_transfer,1490.67,refunded
PMT-5581D1EDF7,RES-C499955B8E,2026-03-11 00:00:00,bank_transfer,1224.31,PAID
PMT-76ABEACD83,RES-5B8BC57E3B,05-18-2024 12:00 AM,mobile_money,1675.81,SUCCESS
PMT-21035E653F,RES-002C8063FF,2025-04-25 00:00:00,paypal,166.3,DECLINED
PMT-6BEB65FA7A,RES-1A486D95E1,03-12-2025 12:00 AM,mobile_money,1517.49,DECLINED
PMT-DE8F9A4E67,RES-D1083A9858,01-31-2024 12:00 AM,bank_transfer,585.15,pending
PMT-EA17396F18,RES-D1083A9858,02-26-2024 12:00 AM,debit_card,604.36,DECLINED
PMT-106E57F03B,RES-4E75240741,10/08/2025 00:00,credit_card,102.48,refunded
PMT-87E6E552D0,RES-67833AF4D1,05/06/2026 00:00,bank_transfer,259.07,PENDING
PMT-22898DACEC,RES-59CF5AFE58,06-02-2026 12:00 AM,debit_card,322.47,refunded
PMT-E89F85DF8B,RES-CEDFC6B12F,11-20-2024 12:00 AM,cash,334.43,declined
PMT-2CA5347DBC,RES-02EB2831C4,12-26-2024 12:00 AM,bank_transfer,538.78,REFUNDED
PMT-60F107681F,RES-02EB2831C4,17/01/2024 00:00,mobile_money,1384.42,success
PMT-751BF1F520,RES-02EB2831C4,31/05/2025 00:00,debit_card,172.39,PENDING
PMT-6560E878ED,RES-723A4D31B6,15/07/2025 00:00,mobile_money,803.33,FAILED
PMT-064B082F73,RES-31B278874F,24/09/2024 00:00,debit_card,1183.4,failed
PMT-FD74C3440A,RES-D4E6142B9E,06-07-2025 12:00 AM,bank_transfer,191.5,PENDING
PMT-F3AA648FCE,RES-D4E6142B9E,24/05/2024 00:00,cash,715.1,SUCCESS
PMT-3E883BB6B8,RES-D4E6142B9E,10/08/2025 00:00,debit_card,766.23,paid
PMT-651B84AA4E,RES-6FA4F10211,18/08/2024 00:00,paypal,732.74,DECLINED
PMT-0BC6833B7E,RES-27EF2A918A,02/08/2024 00:00,paypal,1603.27,refunded
PMT-4771AD136B,RES-E01B49CC81,,cash,1183.53,Pending
PMT-BB9262A6C7,RES-63A399CDE2,30/07/2025 00:00,bank_transfer,1706.62,refunded
PMT-1B5DC555A4,RES-A9A701C826,08-12-2025 12:00 AM,debit_card,50.01,DECLINED
PMT-67E39D72E4,RES-792B87F6A9,11-01-2024 12:00 AM,cash,252.27,PAID
PMT-C223E32643,RES-EB6FC5C72C,02-28-2025 12:00 AM,cash,1124.6,pending
PMT-CF5AEF90F9,RES-3D383F612F,06/02/2026 00:00,debit_card,467.82,PENDING
PMT-B36A3AA5B5,RES-3D383F612F,2026-05-18 00:00:00,paypal,1679.44,failed
PMT-DF1562F7ED,RES-3D383F612F,04-24-2024 12:00 AM,debit_card,397.77,Pending
PMT-B26FB2335F,RES-C5F3C540BB,2024-04-27 00:00:00,bank_transfer,140.9,REFUNDED
PMT-B038BD9633,RES-4B86D9F5B1,05/04/2025 00:00,credit_card,603.95,SUCCESS
PMT-5A2616835A,RES-4B86D9F5B1,21/04/2024 00:00,debit_card,1034.03,pending
PMT-9065A65016,RES-F248F9EB2C,04-20-2025 12:00 AM,cash,1475.52,refunded
PMT-51271019E2,RES-E9335AFD7F,2024-01-14 00:00:00,credit_card,1346.91,Pending
PMT-EE4CC37A55,RES-E9335AFD7F,07-11-2025 12:00 AM,debit_card,1403.99,PENDING
PMT-18E695DA7C,RES-4AB98CF0BD,04/04/2026 00:00,mobile_money,986.14,Refunded
PMT-2FA0BC9262,RES-9E1AD0839D,,mobile_money,180.39,PENDING
PMT-2F75728479,RES-318973C947,02-03-2024 12:00 AM,mobile_money,1626.32,Refunded
PMT-060F2752BC,RES-3E6A49F8FE,2024-11-14 00:00:00,paypal,1132.55,Pending
PMT-CF93CA252F,RES-E127B01642,06-19-2024 12:00 AM,paypal,540.42,Refunded
PMT-CAD70B9F23,RES-E7F755D0C9,01-02-2026 12:00 AM,credit_card,905.4,refunded
PMT-FE11089443,RES-E1E27B6BF4,22/02/2024 00:00,mobile_money,252.46,REFUNDED
PMT-BAAE57F09C,RES-3A8598E954,11/11/2024 00:00,credit_card,927.82,Paid
PMT-379F4D9D44,RES-838C5C0ADA,09/05/2024 00:00,bank_transfer,74.37,pending
PMT-68CA097002,RES-67970F23E6,26/08/2024 00:00,debit_card,699.13,REFUNDED
PMT-202E522ACB,RES-284F5515FF,05-25-2024 12:00 AM,cash,1115.48,pending
PMT-E5FB3BFC83,RES-AD2BFC5BA7,2025-03-03 00:00:00,paypal,450.36,Pending
PMT-DB28D4CB59,RES-13B910B8C1,2025-12-15 00:00:00,mobile_money,1682.59,REFUNDED
PMT-896DCD96C8,RES-277A479781,03/03/2025 00:00,mobile_money,631.72,pending
PMT-A1EEE8FE5C,RES-3DD0DC65AB,2025-08-22 00:00:00,mobile_money,1377.59,Failed
PMT-F9C1D4A10F,RES-120402B8B4,01-19-2025 12:00 AM,cash,1287.05,declined
PMT-9DCF7413D3,RES-A0D2553014,2024-10-11 00:00:00,bank_transfer,634.42,declined
PMT-0BAD2D1421,RES-AE1D6BA1EE,03-21-2025 12:00 AM,cash,1303.05,Pending
PMT-1808B07EC2,RES-CF56356145,10-18-2025 12:00 AM,mobile_money,107.59,Paid
PMT-0319AD84F0,RES-90200F26DD,07-15-2024 12:00 AM,cash,700.75,REFUNDED
PMT-D3C3C442D0,RES-DCFE3E979F,07-28-2024 12:00 AM,debit_card,535.9,refunded
PMT-0E0DBFF620,RES-6021AAF496,01-06-2026 12:00 AM,mobile_money,333.12,PAID
PMT-31962D3475,RES-A8AB1EBC63,2026-05-02 00:00:00,cash,1702.05,Pending
PMT-42E8546ED7,RES-A9F51AB23F,07-12-2025 12:00 AM,paypal,1035.51,pending
PMT-61B1A2C404,RES-51F9DDF9B2,2026-04-25 00:00:00,debit_card,701.67,declined
PMT-406BF9FF24,RES-0DF3FA7895,05-18-2024 12:00 AM,credit_card,1337.32,PAID
PMT-BD9A731B31,RES-6C92515501,2024-05-04 00:00:00,debit_card,1343.51,PAID
PMT-BABB23D690,RES-9360EF196B,2024-02-10 00:00:00,credit_card,1499.58,Refunded
PMT-15D1D6C6E0,RES-9360EF196B,2024-06-25 00:00:00,paypal,1219.36,PENDING
PMT-8C5A30882C,RES-9360EF196B,2025-05-01 00:00:00,debit_card,159.2,REFUNDED
PMT-FEC9703A8A,RES-C9E3F62D51,2025-10-30 00:00:00,paypal,628.19,declined
PMT-FBA99C7AF3,RES-E320CE4531,03-26-2026 12:00 AM,cash,218.76,pending
PMT-4573D8672F,RES-0EF1C40F4B,2024-07-26 00:00:00,bank_transfer,1054.55,failed
PMT-B529529655,RES-3BE0BAA4F0,2025-04-26 00:00:00,paypal,665.9,pending
PMT-93F65178F4,RES-CD7BB9848E,05-02-2024 12:00 AM,credit_card,336.42,SUCCESS
PMT-8B163B168E,RES-12C11E4909,2026-06-12 00:00:00,paypal,582.66,paid
PMT-8A35783B99,RES-0EC5294809,2025-05-08 00:00:00,credit_card,1667.4,SUCCESS
PMT-C9287F6D56,RES-291E06A733,08/06/2026 00:00,cash,1001.37,Pending
PMT-DD50288BA1,RES-2055610B70,2024-10-24 00:00:00,paypal,408.99,refunded
PMT-FA55946D8C,RES-7C1C96EE3C,2024-07-22 00:00:00,mobile_money,553.4,paid
PMT-8C7C1F9C96,RES-0024871863,03-16-2025 12:00 AM,credit_card,1086.09,failed
PMT-5593F48BEC,RES-11737B7E87,01-13-2024 12:00 AM,cash,1132.22,SUCCESS
PMT-06FFB1A360,RES-F372B877D6,07-30-2024 12:00 AM,bank_transfer,758.33,refunded
PMT-94DEC5F303,RES-F372B877D6,07-23-2024 12:00 AM,mobile_money,1392.03,Pending
PMT-3EF22A39F6,RES-3110DFB1EF,2025-04-25 00:00:00,cash,988.8,FAILED
PMT-CD8792738C,RES-4DF89FD278,2026-05-20 00:00:00,debit_card,401.45,Pending
PMT-3A2CF30F8E,RES-A9EFF54F2E,2024-09-21 00:00:00,paypal,453.78,PAID
PMT-4DB033AAEA,RES-1713C5F32B,19/09/2025 00:00,bank_transfer,417.91,PENDING
PMT-483F9F914D,RES-CF10FD48EE,31/08/2025 00:00,credit_card,557.57,Refunded
PMT-B7F5D940EB,RES-178E7309F1,02-14-2025 12:00 AM,paypal,702.61,Pending
PMT-E751A25058,RES-178E7309F1,11-03-2024 12:00 AM,mobile_money,1410.73,REFUNDED
PMT-1D85E07773,RES-F0B1A81DAA,11-11-2024 12:00 AM,paypal,1321.12,PAID
PMT-F002A4EF9A,RES-3CA177E262,2025-08-26 00:00:00,cash,124.19,refunded
PMT-806F0F8E8D,RES-34370B4506,28/05/2025 00:00,cash,1682.37,PENDING
PMT-9C6F19939B,RES-34370B4506,12-17-2025 12:00 AM,mobile_money,1027.19,Pending
PMT-14568F56C3,RES-CD15952DAE,01/11/2025 00:00,bank_transfer,1597.37,Failed
PMT-CEFDD19FF7,RES-F73245B744,31/01/2026 00:00,cash,888.65,Pending
PMT-9BA24B5676,RES-63F9F8EA7D,11-09-2025 12:00 AM,cash,1618.07,REFUNDED
PMT-7E9A179AE5,RES-63F9F8EA7D,12-08-2024 12:00 AM,credit_card,964.76,refunded
PMT-A0BC4C1C24,RES-C1CBE8E0B4,05-15-2024 12:00 AM,debit_card,935.31,Failed
PMT-D90619A315,RES-C4D9240255,02/07/2025 00:00,mobile_money,1035.15,Failed
PMT-16242044B7,RES-9E89F8FF18,2024-12-14 00:00:00,debit_card,267.09,failed
PMT-FB698FD301,RES-10F32433A8,05-25-2024 12:00 AM,cash,424.94,pending
PMT-BDEB19B80D,RES-EE06C96F7A,03-19-2026 12:00 AM,credit_card,771.11,PAID
PMT-BAEEA1C399,RES-7CBD327AA1,11/03/2025 00:00,mobile_money,1546.61,Refunded
PMT-C868FDB335,RES-438F690232,2025-09-05 00:00:00,paypal,1748.96,Paid
PMT-608E19A432,RES-8845DE7953,18/11/2025 00:00,bank_transfer,254.63,Paid
PMT-C447010DFA,RES-8845DE7953,03/07/2024 00:00,cash,882.93,pending
PMT-47A6B6B0A8,RES-8845DE7953,10/05/2025 00:00,mobile_money,1171.2,FAILED
PMT-8D50653F64,RES-01E0795953,22/05/2026 00:00,mobile_money,1509.58,Paid
PMT-CB893402B8,RES-01D2AB8679,10-23-2025 12:00 AM,debit_card,1043.29,Pending
PMT-D2D8914422,RES-01D2AB8679,27/08/2024 00:00,paypal,762.99,declined
PMT-E5250579AE,RES-01D2AB8679,2026-01-28 00:00:00,paypal,266.57,DECLINED
PMT-B181CE7067,RES-1265C2101E,20/08/2024 00:00,mobile_money,1782.92,Refunded
PMT-0E86B35658,RES-D592E416B8,18/01/2026 00:00,bank_transfer,1165.2,Failed
PMT-FCD8DE0D56,RES-52AF3AD3B7,08/08/2025 00:00,paypal,1779.55,PENDING
PMT-66744418B0,RES-57E4951E9E,03-18-2026 12:00 AM,bank_transfer,1417.24,Refunded
PMT-854F12EA8A,RES-930693E533,07-26-2025 12:00 AM,credit_card,1163.49,success
PMT-BB13E1EE85,RES-372EC18DE9,11-14-2025 12:00 AM,debit_card,1132.45,Paid
PMT-FCDA06C416,RES-48096ABCE3,06/11/2025 00:00,cash,1625.52,success
PMT-2D4D57FF56,RES-F29C38E880,2024-07-25 00:00:00,paypal,1622.2,paid
PMT-9B1141537F,RES-0A399B2433,2026-02-12 00:00:00,paypal,171.35,Failed
PMT-E8FE61BF13,RES-AEF1D2468B,2026-01-16 00:00:00,cash,1525.17,PENDING
PMT-2844EF62F8,RES-C9BCD563D8,2026-04-12 00:00:00,paypal,1388.72,refunded
PMT-0BFD7D0F64,RES-C9BCD563D8,2025-03-22 00:00:00,credit_card,1718.29,SUCCESS
PMT-DC8812B0AE,RES-AB41852627,16/07/2024 00:00,bank_transfer,1356.83,pending
PMT-06098210F1,RES-E84FA2BAF8,30/01/2026 00:00,mobile_money,1164.79,PENDING
PMT-399AD37B0A,RES-459133F807,2025-07-11 00:00:00,cash,233.41,Failed
PMT-C72438A2F3,RES-65C6034A91,06-13-2026 12:00 AM,cash,892.91,Failed
PMT-FAE055DF6D,RES-3DDA8841DD,12-22-2025 12:00 AM,paypal,61.63,pending
PMT-9FF8DED724,RES-89A24EFAD3,,paypal,921.77,pending
PMT-5875F74FEC,RES-3159574BBE,2025-04-14 00:00:00,mobile_money,50.86,refunded
PMT-B8DEE5C54D,RES-3E80A4B663,2025-01-02 00:00:00,bank_transfer,1714.31,declined
PMT-812B3329BB,RES-DAC7C73C44,2025-03-03 00:00:00,paypal,386.67,DECLINED
PMT-7C901D6C48,RES-2EA029B67A,2025-03-11 00:00:00,credit_card,520.3,pending
PMT-07201B7E28,RES-D10244759F,21/09/2024 00:00,cash,373.78,Failed
PMT-5A04A5C355,RES-A3F1E08D83,2026-05-29 00:00:00,cash,1671.57,pending
PMT-CE8F0BC5A0,RES-BF5A3E8905,31/05/2024 00:00,debit_card,812.7,success
PMT-78B4F3DBAD,RES-BF5A3E8905,12/08/2025 00:00,mobile_money,832.58,paid
PMT-1F0A4C32EB,RES-F0CE3A98FA,11-11-2025 12:00 AM,paypal,230.09,pending
PMT-6B41EE4626,RES-CC7C8BE021,2025-10-23 00:00:00,bank_transfer,106.56,Pending
PMT-9F7BCE7EBD,RES-CD8E70D004,2025-07-10 00:00:00,bank_transfer,1760.09,DECLINED
PMT-7B363EA7F1,RES-82B8BF15B7,2025-10-01 00:00:00,paypal,1448.34,SUCCESS
PMT-A1675BC9D4,RES-E6A4A6A231,21/03/2024 00:00,bank_transfer,472.29,refunded
PMT-13DB86FF32,RES-F2FD5E01CA,11/08/2025 00:00,debit_card,367.82,refunded
PMT-C3EB12C7E0,RES-F2FD5E01CA,25/01/2025 00:00,mobile_money,1363.59,Pending
PMT-49724D30E2,RES-61F38CFF1D,02/11/2024 00:00,debit_card,374.06,SUCCESS
PMT-74D1781DDE,RES-61F38CFF1D,2025-03-31 00:00:00,debit_card,405.23,success
PMT-C9FFC029F2,RES-42D45AFACF,21/05/2026 00:00,cash,343.53,Refunded
PMT-624631F8A6,RES-957126BF6D,10-05-2025 12:00 AM,credit_card,624.18,REFUNDED
PMT-B13EF31E7E,RES-CE68B1FEDF,2026-02-17 00:00:00,bank_transfer,1714.04,PAID
PMT-B7BDFAB00B,RES-B5D3532E1E,11-01-2025 12:00 AM,credit_card,1359.15,PAID
PMT-EC7E50EA9A,RES-8E316C2BF5,24/05/2024 00:00,bank_transfer,1510.91,PENDING
PMT-5AA637FC16,RES-F99DBA46AD,10/11/2025 00:00,debit_card,852.26,pending
PMT-43A942E47A,RES-241781C982,2026-04-03 00:00:00,mobile_money,409.82,Pending
PMT-EABC95A6F4,RES-241781C982,10-20-2025 12:00 AM,debit_card,78.33,Pending
PMT-E282198525,RES-9C9F627B3F,06-07-2024 12:00 AM,mobile_money,580.83,PAID
PMT-BA71BF0381,RES-030317CCB3,06/02/2025 00:00,bank_transfer,1154.78,REFUNDED
PMT-591D9E190E,RES-7400E659D7,2024-06-03 00:00:00,debit_card,295.09,Failed
PMT-31D22747A2,RES-7400E659D7,06-03-2024 12:00 AM,bank_transfer,138.86,refunded
PMT-38D89579C9,RES-03E2BAEDEC,2024-12-12 00:00:00,paypal,337.89,FAILED
PMT-EF12AFC610,RES-DAE013A0F6,08/12/2024 00:00,debit_card,566.55,Failed
PMT-FE50CC807A,RES-73CE6E4854,05-07-2024 12:00 AM,paypal,1066.62,SUCCESS
PMT-8DAD8E603C,RES-6E2FE71281,02-07-2026 12:00 AM,debit_card,1716.52,pending
PMT-D2EA366485,RES-34F192F5B2,2024-05-20 00:00:00,mobile_money,1701.96,Failed
PMT-03027E0B82,RES-147880C7B6,2024-10-13 00:00:00,paypal,1673.25,PAID
PMT-848B345240,RES-D89EDB43E5,13/02/2025 00:00,mobile_money,144.68,DECLINED
PMT-095719AF42,RES-D89EDB43E5,06/02/2024 00:00,mobile_money,1231.51,failed
PMT-93FE46C9A3,RES-AE3174ACC9,2024-10-25 00:00:00,cash,694.26,PENDING
PMT-53B0AA1A2A,RES-C061C8651E,2025-02-11 00:00:00,paypal,1704.81,pending
PMT-24D4255F1A,RES-606ED0FF7B,05/05/2024 00:00,bank_transfer,1788.96,paid
PMT-EEB4F35391,RES-2598DCB92E,03/06/2025 00:00,paypal,1684.64,failed
PMT-66DA8277F7,RES-0F0D3BC407,08/07/2024 00:00,mobile_money,1068.04,PENDING
PMT-282F8D7604,RES-D1EF47442C,2025-12-21 00:00:00,credit_card,1079.03,Pending
PMT-F7C432DBB0,RES-A18135352E,25/11/2024 00:00,paypal,686.63,success
PMT-54A9A32A25,RES-0EE1D9AE60,31/08/2024 00:00,cash,63.08,failed
PMT-99D609AD37,RES-6CFD4139C7,07-24-2024 12:00 AM,bank_transfer,1479.02,success
PMT-1656BD83DC,RES-AF8DCFBF32,2024-12-08 00:00:00,credit_card,1772.88,Failed
PMT-A2BF3E27EF,RES-46882F0327,2024-01-22 00:00:00,mobile_money,1415.75,declined
PMT-066EF9B610,RES-245751D920,09/03/2025 00:00,paypal,729.81,Paid
PMT-F5944359DE,RES-424B2444F8,2024-01-09 00:00:00,bank_transfer,1722.05,Failed
PMT-3D8026C6AC,RES-424B2444F8,09-21-2025 12:00 AM,paypal,600.77,PENDING
PMT-13D02FC3D7,RES-424B2444F8,02-11-2024 12:00 AM,cash,891.54,success
PMT-EFA08633E0,RES-5A0BABAC4E,30/09/2025 00:00,credit_card,928.12,FAILED
PMT-4557DF875C,RES-67C838FAF8,2025-07-14 00:00:00,credit_card,712.86,PENDING
PMT-1A23601BD0,RES-4A22E1D0D3,09-11-2025 12:00 AM,debit_card,1108.83,refunded
PMT-8AE861B1AA,RES-BACA756BE5,2025-08-27 00:00:00,paypal,750.48,Failed
PMT-C6ECEFDC9E,RES-EEB007D3B9,27/05/2026 00:00,paypal,222.16,Paid
PMT-E6FF2DAFAD,RES-FB90E2184E,03-13-2026 12:00 AM,mobile_money,1521.34,Failed
PMT-D04AF27F6F,RES-404C5C65DB,2025-05-08 00:00:00,paypal,1766.42,Refunded
PMT-67AC4CF051,RES-C27BFF6884,05-21-2024 12:00 AM,mobile_money,854.45,DECLINED
PMT-6831E7A6B0,RES-22F014A0DF,06/06/2024 00:00,debit_card,1006.91,SUCCESS
PMT-F1783BB1CE,RES-22F014A0DF,07-28-2024 12:00 AM,cash,1732.93,FAILED
PMT-2387CCBAB5,RES-ECA0CBE611,20/12/2024 00:00,cash,96.98,Pending
PMT-F4688F82FA,RES-6C957F8D4C,2026-02-26 00:00:00,paypal,1740.5,success
PMT-FEAC0973A2,RES-633EDB2BB9,09-30-2025 12:00 AM,mobile_money,799.85,failed
PMT-2B8107B8F1,RES-58407ADF34,2025-03-10 00:00:00,mobile_money,1199.53,Refunded
PMT-A666A82DA5,RES-75B26E464B,2025-07-07 00:00:00,debit_card,1634.5,pending
PMT-4D33C80786,RES-DF5F22C984,2025-02-13 00:00:00,cash,1592.93,DECLINED
PMT-734A15B0F9,RES-10F410FA29,04-23-2026 12:00 AM,paypal,1338.12,REFUNDED
PMT-13B41633CB,RES-0358928203,2024-02-08 00:00:00,debit_card,687.88,success
PMT-8E0E71C2FA,RES-65EB7550AA,2026-05-03 00:00:00,debit_card,890.41,REFUNDED
PMT-E1A75560C3,RES-B290B4A371,2024-02-13 00:00:00,debit_card,388.95,PENDING
PMT-1B29F5A567,RES-B290B4A371,2025-02-28 00:00:00,debit_card,1205.96,paid
PMT-198D405E5D,RES-B290B4A371,2024-08-04 00:00:00,debit_card,363.95,success
PMT-FF86A4FAB8,RES-F47F9C7C78,27/02/2024 00:00,paypal,879.63,PAID
PMT-F787963DAF,RES-F47F9C7C78,28/07/2025 00:00,cash,1750.84,Refunded
PMT-15F93A1994,RES-6B96F33B55,19/11/2024 00:00,paypal,928.49,DECLINED
PMT-10A80F2612,RES-E7D979AA53,11/03/2025 00:00,debit_card,1481.32,failed
PMT-62FA8A1578,RES-B17742709B,12-28-2025 12:00 AM,mobile_money,777.26,pending
PMT-F02D8BFE21,RES-38522988AB,,cash,1359.77,PENDING
PMT-95FDA1CEEE,RES-566920463B,2024-01-31 00:00:00,mobile_money,338.84,Pending
PMT-4E18554BBA,RES-FB20CB2087,2024-04-14 00:00:00,mobile_money,437.02,failed
PMT-ABE4DAFA04,RES-1B7867B4DA,17/08/2024 00:00,bank_transfer,1729.91,FAILED
PMT-AF8F2C3B68,RES-4B100A80E5,2024-10-08 00:00:00,mobile_money,256.58,declined
PMT-56ACD8962C,RES-82954C8754,09-01-2024 12:00 AM,debit_card,1723.82,refunded
PMT-95BA167F16,RES-4C103B5CCC,28/11/2025 00:00,debit_card,1637.5,refunded
PMT-0E8322DEE1,RES-DDE4CEB5FE,,paypal,88.05,SUCCESS
PMT-8531CA2046,RES-2B88DAC78D,2026-03-22 00:00:00,cash,1741.42,refunded
PMT-F3CA6167AF,RES-DABFA1B58D,10-28-2024 12:00 AM,cash,63.74,PENDING
PMT-1D88D448F8,RES-076F1C8DA5,2025-03-29 00:00:00,debit_card,114.0,REFUNDED
PMT-68452486FD,RES-5029B46380,2024-05-21 00:00:00,credit_card,511.77,Failed
PMT-2EDF1AB378,RES-0B690CDFC7,09-20-2025 12:00 AM,debit_card,1402.27,Failed
PMT-4DC438CE12,RES-BF337ABF8B,03/12/2024 00:00,cash,1666.22,paid
PMT-903E7D4140,RES-EAF5BD65AE,05-04-2024 12:00 AM,debit_card,1698.08,pending
PMT-35B58E917A,RES-DC9E2777A7,04-07-2026 12:00 AM,paypal,330.6,PAID
PMT-EFA622E9DB,RES-96ABD9BD87,12/05/2025 00:00,paypal,803.62,SUCCESS
PMT-E5228EEBBE,RES-A166404E14,23/07/2025 00:00,cash,913.8,PAID
PMT-67DA5E645D,RES-F1887604D6,2024-08-04 00:00:00,bank_transfer,801.33,failed
PMT-27FFFA8221,RES-89ACAA9643,11-04-2024 12:00 AM,mobile_money,708.24,REFUNDED
PMT-64CD0BCAC3,RES-B4A2BF2F9B,2025-03-19 00:00:00,credit_card,578.56,FAILED
PMT-16F4726F99,RES-D873D7A412,20/07/2025 00:00,mobile_money,1278.24,pending
PMT-539D2EBEA7,RES-91B507BB6C,2024-10-06 00:00:00,cash,459.92,pending
PMT-06A053DDB8,RES-877C616D45,04-10-2024 12:00 AM,credit_card,193.87,FAILED
PMT-0267F9B827,RES-B6559F7B5D,10/02/2024 00:00,paypal,1509.3,Paid
PMT-662785234D,RES-0A2002B671,2024-10-22 00:00:00,debit_card,48.5,pending
PMT-BFEF75D52C,RES-54083B61C9,07-16-2024 12:00 AM,debit_card,654.0,Refunded
PMT-CF1D095EC6,RES-BB0AC39FE3,,bank_transfer,1534.78,Refunded
PMT-84E66F8875,RES-7EAEDC1909,05-22-2025 12:00 AM,debit_card,85.78,PENDING
PMT-82E195AEFF,RES-7C2FCA493C,2024-12-17 00:00:00,mobile_money,47.43,REFUNDED
PMT-87CF935E93,RES-DB4D61FA3C,02/03/2024 00:00,paypal,79.35,FAILED
PMT-FEBC4C09EC,RES-DC79BC2242,2026-01-07 00:00:00,credit_card,1611.09,SUCCESS
PMT-58A496FB0F,RES-3B2F9E495A,10/10/2024 00:00,mobile_money,1705.09,PENDING
PMT-3DE7785902,RES-1F5F752DFA,19/05/2026 00:00,cash,1780.02,failed
PMT-8483BCD9F4,RES-F6A21AFC11,2025-12-24 00:00:00,credit_card,1388.98,Failed
PMT-2CDF7756B2,RES-B016664FD6,2025-08-10 00:00:00,mobile_money,1700.86,success
PMT-F1AFC73554,RES-42BEAC2930,08-10-2025 12:00 AM,mobile_money,491.72,pending
PMT-726950C00A,RES-AB58796EA4,02-20-2024 12:00 AM,paypal,846.43,PENDING
PMT-8C1D296AB1,RES-AB58796EA4,07-09-2024 12:00 AM,credit_card,1023.04,Failed
PMT-287011793A,RES-AB58796EA4,2026-06-12 00:00:00,bank_transfer,540.98,PENDING
PMT-A3D776B0D1,RES-B3D851581A,31/01/2024 00:00,debit_card,305.23,Failed
PMT-8E5C728965,RES-FD5DC93A53,2025-02-04 00:00:00,paypal,1589.65,paid
PMT-2E11BBE6DA,RES-5FF13E7974,2026-01-18 00:00:00,bank_transfer,1309.56,PAID
PMT-E4EF8F1908,RES-AA484F4C5A,2024-09-02 00:00:00,bank_transfer,699.64,declined
PMT-E8B618E782,RES-AA484F4C5A,08-24-2025 12:00 AM,mobile_money,882.83,PENDING
PMT-416455875E,RES-F6DFDD2872,2025-04-04 00:00:00,credit_card,898.9,FAILED
PMT-D323ECD784,RES-E3F2F66481,19/09/2024 00:00,debit_card,661.16,failed
PMT-7FE2A50A5A,RES-4648376F11,2026-05-18 00:00:00,bank_transfer,1471.05,DECLINED
PMT-EA5EA293B9,RES-72EFB22E72,2025-03-18 00:00:00,bank_transfer,639.03,failed
PMT-BC633728F7,RES-5F7EADB77B,14/05/2024 00:00,bank_transfer,554.58,Refunded
PMT-C254CE736F,RES-F54D8D6A48,2025-06-26 00:00:00,bank_transfer,172.83,FAILED
PMT-A20F722F03,RES-F54D8D6A48,08/01/2025 00:00,cash,612.09,SUCCESS
PMT-BCA13A264B,RES-F54D8D6A48,2025-11-18 00:00:00,bank_transfer,1130.53,paid
PMT-EE06C1C6BB,RES-788FCBC15E,2024-01-26 00:00:00,debit_card,827.87,failed
PMT-68B2F5E3EC,RES-C53AE048E8,06-07-2026 12:00 AM,debit_card,1386.16,Paid
PMT-B13E75780D,RES-6F771C792D,2024-07-07 00:00:00,debit_card,727.04,Failed
PMT-805C6ADAF4,RES-47F34A8CCE,13/05/2026 00:00,debit_card,689.25,PAID
PMT-8ED0D12EBD,RES-C3437DF3C0,07-09-2025 12:00 AM,bank_transfer,681.92,REFUNDED
PMT-94162FF3CB,RES-494A62E478,2025-08-14 00:00:00,mobile_money,549.12,FAILED
PMT-A4E1FDE82E,RES-6AC161093C,2026-06-08 00:00:00,cash,1225.39,SUCCESS
PMT-F0E0BEEBE3,RES-1DF4DDC196,2024-05-18 00:00:00,debit_card,184.11,failed
PMT-F7A188F0C9,RES-8D9DEBD55E,27/02/2026 00:00,cash,823.0,paid
PMT-5D698A6FF1,RES-8D9DEBD55E,04-11-2025 12:00 AM,paypal,1384.71,pending
PMT-A753BD9089,RES-8EF2ED5B8C,11-29-2024 12:00 AM,mobile_money,830.74,SUCCESS
PMT-526FD6DEA7,RES-794EEA5459,02/02/2026 00:00,cash,515.67,Refunded
PMT-F109E79080,RES-B7FFB0DC94,31/01/2024 00:00,cash,1107.58,PENDING
PMT-64A325C1CE,RES-2C2491906E,11-29-2024 12:00 AM,cash,473.97,paid
PMT-8DD0093E19,RES-DDEB8DD9C4,2025-04-29 00:00:00,cash,82.13,success
PMT-88578F5A61,RES-A2070435B2,05-09-2026 12:00 AM,bank_transfer,613.61,success
PMT-74E1DD96D5,RES-A2070435B2,2025-12-28 00:00:00,credit_card,752.3,REFUNDED
PMT-55CB8B8385,RES-5F1567B5C7,05-16-2024 12:00 AM,mobile_money,1181.81,REFUNDED
PMT-BB9755872B,RES-F36D306DF7,2024-11-19 00:00:00,debit_card,76.42,pending
PMT-495642345D,RES-21C28FBACF,30/05/2026 00:00,bank_transfer,1097.0,Paid
PMT-BE3850903B,RES-9A28D4D72E,2026-06-04 00:00:00,credit_card,124.63,PENDING
PMT-F2C81C5162,RES-78DAB70C98,2026-03-15 00:00:00,paypal,223.59,DECLINED
PMT-31ED19861F,RES-C5613ADBC1,2024-06-28 00:00:00,paypal,739.96,failed
PMT-A435611065,RES-57D535DAE1,06/02/2026 00:00,mobile_money,648.74,failed
PMT-314103F91E,RES-2FCB2925D8,12-04-2024 12:00 AM,credit_card,128.93,PENDING
PMT-3C8A0C59ED,RES-A76D71E98F,01-15-2026 12:00 AM,paypal,957.65,PAID
PMT-A13BC05FD0,RES-A76D71E98F,2025-11-23 00:00:00,mobile_money,1432.84,Pending
PMT-437DC26CA1,RES-DAB816ED2F,18/08/2024 00:00,cash,601.68,declined
PMT-0AA9B9DAA4,RES-CB892C26CE,2026-01-31 00:00:00,credit_card,1603.03,PENDING
PMT-96D7E1E462,RES-FE2BFAE532,08/06/2024 00:00,paypal,1537.17,SUCCESS
PMT-9C1560F322,RES-FE2BFAE532,2024-05-04 00:00:00,cash,1662.05,paid
PMT-2687E3DC8C,RES-FE2BFAE532,2026-04-07 00:00:00,bank_transfer,1778.46,failed
PMT-723A32DD4A,RES-4F6FB2060D,04/03/2026 00:00,bank_transfer,1573.24,Paid
PMT-8448B4A887,RES-82D49EF33A,10/03/2025 00:00,cash,469.93,PENDING
PMT-A58FEBFEAF,RES-1F9DDAD401,2025-04-08 00:00:00,cash,1313.46,Refunded
PMT-5F54D48913,RES-1F9DDAD401,2026-04-18 00:00:00,credit_card,1695.0,PENDING
PMT-D0F7B947F1,RES-49E2268D95,,paypal,182.98,pending
PMT-7AA820D47D,RES-0FC08C698A,12-19-2025 12:00 AM,debit_card,69.6,success
PMT-F7B34E7A2C,RES-C82A3D96FC,12-05-2024 12:00 AM,bank_transfer,1129.93,Refunded
PMT-D21354BCB8,RES-08518E778D,11-20-2025 12:00 AM,credit_card,165.52,PAID
PMT-AA950667E3,RES-08518E778D,30/03/2024 00:00,debit_card,364.57,DECLINED
PMT-9D8783BF27,RES-D1EF9E289B,2024-03-25 00:00:00,cash,232.38,PENDING
PMT-6595698C17,RES-8145998E93,2024-04-28 00:00:00,debit_card,681.35,success
PMT-7CB718E649,RES-977A43F941,21/04/2024 00:00,bank_transfer,1101.92,failed
PMT-EEAA297E71,RES-B3850147F4,2024-03-18 00:00:00,credit_card,235.78,PENDING
PMT-0E8D72C65B,RES-9989CF70AC,07/10/2025 00:00,mobile_money,431.34,SUCCESS
PMT-E6EF3553B2,RES-EA7CF7D079,19/06/2026 00:00,credit_card,636.97,PAID
PMT-4D2B7BD8BF,RES-7FF3242A85,04-17-2025 12:00 AM,paypal,1238.52,Failed
PMT-4ADB6AD0C8,RES-F3E191B7C0,2025-07-24 00:00:00,bank_transfer,1751.9,success
PMT-F416B813B7,RES-E72ED8B642,20/02/2026 00:00,mobile_money,637.71,PENDING
PMT-CC8E155B8C,RES-E72ED8B642,11-02-2024 12:00 AM,cash,1276.36,paid
PMT-DD4EE91185,RES-12F9B2FECE,27/07/2024 00:00,paypal,523.37,PENDING
PMT-85E54A1822,RES-18AC4505C8,30/04/2025 00:00,paypal,556.19,declined
PMT-D718C15C0B,RES-AB8D6BA43F,2025-06-10 00:00:00,debit_card,1619.14,PAID
PMT-2D082E86A1,RES-0F4163F079,07-02-2025 12:00 AM,paypal,1426.22,failed
PMT-39EE9CD3BF,RES-2259249502,07-31-2024 12:00 AM,debit_card,1470.51,FAILED
PMT-F0B6F9CE78,RES-D82448A22F,22/01/2025 00:00,credit_card,1171.46,PENDING
PMT-034322599C,RES-7CA35D330D,2024-01-16 00:00:00,cash,1783.8,refunded
PMT-79DF57783F,RES-BE2E70AF8D,2026-01-23 00:00:00,bank_transfer,241.84,SUCCESS
PMT-EFE1E22CA1,RES-708EC01B56,05-17-2024 12:00 AM,mobile_money,1699.44,pending
PMT-D9C516BD55,RES-708EC01B56,04-24-2026 12:00 AM,bank_transfer,747.48,Pending
PMT-D854EB19B9,RES-708EC01B56,07/08/2024 00:00,mobile_money,1642.72,pending
PMT-FA549466CE,RES-3CF2E0D3A4,03-27-2025 12:00 AM,credit_card,700.31,FAILED
PMT-A1D2A7A5BB,RES-3CF2E0D3A4,02-20-2026 12:00 AM,paypal,121.07,REFUNDED
PMT-9A766570A3,RES-3CF2E0D3A4,18/01/2025 00:00,debit_card,1518.42,Pending
PMT-5613F3BFC9,RES-D09CE3F774,2024-02-20 00:00:00,credit_card,1006.68,paid
PMT-47922D4281,RES-EF8E74FD3D,2025-12-14 00:00:00,credit_card,381.09,paid
PMT-6B913F6AED,RES-A2A703BF32,24/08/2025 00:00,cash,1637.24,refunded
PMT-E16D784795,RES-7582537B66,2026-01-22 00:00:00,cash,1257.55,PAID
PMT-A9F35D8FBC,RES-3A3BEE02B1,12-16-2024 12:00 AM,credit_card,1590.51,PAID
PMT-A081F26E89,RES-8D9D595502,12/06/2025 00:00,bank_transfer,698.27,refunded
PMT-922D7B7FE7,RES-3963EA3C07,06-09-2024 12:00 AM,mobile_money,1117.75,Paid
PMT-D105F0AFAD,RES-D93E67E7C3,05-25-2025 12:00 AM,paypal,988.55,paid
PMT-3EF9C8135E,RES-E33BC23911,14/01/2024 00:00,paypal,1283.6,success
PMT-3C0A332FD6,RES-E33BC23911,23/02/2024 00:00,mobile_money,336.99,Pending
PMT-504347AC3C,RES-E33BC23911,2024-02-06 00:00:00,cash,307.86,FAILED
PMT-ED0930B3EF,RES-1B0361DF9E,2024-10-15 00:00:00,bank_transfer,573.16,Refunded
PMT-202034B7FA,RES-A612315CB0,06-05-2024 12:00 AM,paypal,1367.45,failed
PMT-24597EB2E8,RES-603534E75D,2024-09-02 00:00:00,cash,1090.4,refunded
PMT-9A52989B3C,RES-E6516B38C6,07/12/2024 00:00,bank_transfer,306.05,SUCCESS
PMT-D1BDE588BD,RES-F05B2063F3,22/11/2025 00:00,bank_transfer,601.45,pending
PMT-15D44E3F17,RES-ABB0EFDC1F,2024-01-14 00:00:00,credit_card,1073.97,PENDING
PMT-3ACE6BAA81,RES-B6139F7768,2024-07-08 00:00:00,debit_card,474.06,pending
PMT-F253A2C83F,RES-820B96B1B3,04/02/2025 00:00,debit_card,68.22,Refunded
PMT-7DF1EECAEB,RES-D07174D6D6,2024-05-02 00:00:00,paypal,213.85,declined
PMT-0CA20C43E5,RES-C18DD43DB4,12-20-2025 12:00 AM,mobile_money,1562.43,pending
PMT-7AD5436BCE,RES-C18DD43DB4,03/01/2024 00:00,cash,110.31,pending
PMT-AB2775ED94,RES-1853E514FF,14/05/2025 00:00,bank_transfer,1144.77,Paid
PMT-D87C26FE9D,RES-12CD80B8D6,03/02/2026 00:00,paypal,1558.08,PAID
PMT-BCA9598210,RES-A81BE4AF34,26/02/2024 00:00,bank_transfer,434.43,REFUNDED
PMT-0425E71E8C,RES-2723106E08,29/11/2025 00:00,credit_card,1045.1,SUCCESS
PMT-627E7C00FF,RES-D588524100,2025-07-03 00:00:00,credit_card,1421.02,Failed
PMT-834A3EEB72,RES-3067BBF506,02-23-2026 12:00 AM,debit_card,780.88,Pending
PMT-1B06E3B82E,RES-6F423A7DE4,02/04/2024 00:00,debit_card,653.53,SUCCESS
PMT-502565CECA,RES-6F423A7DE4,05-08-2024 12:00 AM,mobile_money,1681.94,Failed
PMT-7F372A2314,RES-D8C1E651FE,04-03-2026 12:00 AM,paypal,344.46,Paid
PMT-C90B7DE20E,RES-C9C3FC323A,11-23-2024 12:00 AM,credit_card,1385.05,failed
PMT-BA18B3248E,RES-B1B6B224E3,09/06/2026 00:00,bank_transfer,1148.28,pending
PMT-EBC33C1DD8,RES-B8D912045F,05-22-2026 12:00 AM,bank_transfer,789.19,Refunded
PMT-C04F5A267B,RES-9B1D8E873F,03-17-2026 12:00 AM,bank_transfer,1748.93,refunded
PMT-984CE669E8,RES-CC9873BD7C,05-21-2026 12:00 AM,credit_card,381.05,PAID
PMT-B863CC3390,RES-B36CC5017D,06/02/2024 00:00,bank_transfer,1708.33,PENDING
PMT-419115AAD3,RES-C1AB9936BF,08-15-2024 12:00 AM,bank_transfer,1637.61,Refunded
PMT-5775E0B074,RES-F0749C4D4D,12/02/2026 00:00,credit_card,714.6,pending
PMT-39A9C9B07B,RES-8097D43745,01-12-2025 12:00 AM,bank_transfer,143.41,refunded
PMT-036C7B5D81,RES-B854701960,2025-03-02 00:00:00,paypal,1278.11,failed
PMT-B5B2CA100C,RES-EFDCA2BC1E,04-13-2024 12:00 AM,credit_card,1295.83,failed
PMT-1BA6450B1C,RES-97B902F845,2025-06-02 00:00:00,mobile_money,746.75,paid
PMT-C8259FB29F,RES-DD75B18A62,05-02-2026 12:00 AM,cash,1372.2,REFUNDED
PMT-31306B70A2,RES-B027FECCB5,2024-07-10 00:00:00,cash,1546.95,Paid
PMT-809D0EC049,RES-E600C40A8D,12-22-2025 12:00 AM,cash,1468.51,PAID
PMT-D5B4C66B60,RES-A62EEF37BC,07-23-2025 12:00 AM,cash,692.45,REFUNDED
PMT-45E7E75D4B,RES-A62EEF37BC,03-16-2025 12:00 AM,credit_card,1314.01,Refunded
PMT-FEAFAECD82,RES-A62EEF37BC,13/11/2025 00:00,bank_transfer,989.32,Refunded
PMT-2FA03E19E2,RES-7406197C07,2026-01-14 00:00:00,mobile_money,1540.6,Pending
PMT-AFB4312045,RES-55DBFF604C,07-31-2025 12:00 AM,paypal,366.49,pending
PMT-F87330564B,RES-55DBFF604C,10/10/2024 00:00,credit_card,215.35,REFUNDED
PMT-4C57E973DC,RES-F28EF82991,10/11/2024 00:00,credit_card,861.53,refunded
PMT-C81A257CCE,RES-0091D70A40,11-21-2024 12:00 AM,bank_transfer,323.55,pending
PMT-1B5ED55F99,RES-F64AEC96D9,12-12-2025 12:00 AM,cash,874.07,DECLINED
PMT-D4C8EB0B06,RES-4CFEDC3FD5,08/09/2024 00:00,cash,560.72,failed
PMT-43DAF9E1FB,RES-EFDFD74B67,03-26-2025 12:00 AM,mobile_money,1392.97,Failed
PMT-073E013FD1,RES-B08112EDD0,05/11/2024 00:00,cash,1328.4,success
PMT-EC93BB39C6,RES-F1D36D764A,06/12/2024 00:00,paypal,761.08,refunded
PMT-7BCBD7BADC,RES-CAA05BB659,26/04/2026 00:00,debit_card,1405.04,paid
PMT-2EB4D4A3AC,RES-1EF3E54B44,02/07/2025 00:00,credit_card,539.67,pending
PMT-6B13129B87,RES-A3AF278433,02-03-2024 12:00 AM,cash,1184.87,Refunded
PMT-8AED925CCE,RES-D2F7A627F0,02-17-2026 12:00 AM,paypal,155.13,REFUNDED
PMT-74872A8B55,RES-1D0801F61A,03-11-2025 12:00 AM,cash,209.79,Failed
PMT-2B18426678,RES-01498E0450,22/02/2024 00:00,paypal,557.97,paid
PMT-E386907306,RES-01498E0450,2025-12-09 00:00:00,bank_transfer,1069.8,Paid
PMT-D67A04523A,RES-01498E0450,2024-08-28 00:00:00,mobile_money,420.62,SUCCESS
PMT-B149AA1C76,RES-AA31527D00,,paypal,1214.22,Refunded
PMT-C9924DD3E7,RES-8A64A1D5CD,2025-08-14 00:00:00,cash,182.41,pending
PMT-BE8702C671,RES-1D66FF6450,,cash,946.66,Paid
PMT-0D70EF8396,RES-5053479EDE,2025-03-07 00:00:00,mobile_money,218.91,success
PMT-43ABC9E3BA,RES-CB0B7AB922,13/12/2025 00:00,bank_transfer,644.61,pending
PMT-8E1A1DA0EF,RES-4E01F3E125,03-20-2026 12:00 AM,debit_card,841.23,DECLINED
PMT-4D103F56C1,RES-4E01F3E125,03-25-2026 12:00 AM,debit_card,490.61,SUCCESS
PMT-3BB88CA90D,RES-4E01F3E125,2026-02-20 00:00:00,credit_card,176.08,success
PMT-483A963D23,RES-680BBDB239,2025-10-27 00:00:00,mobile_money,1495.43,PAID
PMT-94C88045D8,RES-680BBDB239,01-16-2026 12:00 AM,cash,1649.01,DECLINED
PMT-3242132906,RES-680BBDB239,06-03-2024 12:00 AM,cash,757.25,success
PMT-7006F8CC11,RES-568A9E15CA,10/02/2026 00:00,paypal,1686.98,Refunded
PMT-3C4B63D0A4,RES-7A074B2AF9,10-18-2024 12:00 AM,credit_card,1329.31,pending
PMT-40B3991243,RES-F54BBA4598,2024-12-26 00:00:00,mobile_money,246.32,pending
PMT-1C66F64575,RES-F54BBA4598,16/04/2025 00:00,credit_card,228.41,declined
PMT-969E332D7E,RES-D0578F911A,12-21-2024 12:00 AM,mobile_money,,FAILED
PMT-57CAC4BA33,RES-B424391DF3,2024-09-27 00:00:00,mobile_money,244.83,failed
PMT-0082FDF153,RES-B424391DF3,2025-10-21 00:00:00,paypal,447.97,failed
PMT-973D449D16,RES-B424391DF3,04/07/2024 00:00,credit_card,1770.33,Refunded
PMT-7E1A88FD09,RES-AEF02EB715,2025-10-30 00:00:00,credit_card,623.03,FAILED
PMT-0275A671E9,RES-3BED50CDCB,11-20-2025 12:00 AM,debit_card,651.72,pending
PMT-97A1613CBE,RES-A00A1D85A1,29/03/2025 00:00,cash,331.28,refunded
PMT-F383C74874,RES-C8B778DA03,2024-06-22 00:00:00,debit_card,,Pending
PMT-157E6C49CB,RES-3F11DC6735,05-21-2024 12:00 AM,credit_card,1784.9,PAID
PMT-3F6D4B2BAB,RES-EF4BF299FB,28/10/2024 00:00,cash,87.13,PENDING
PMT-ECA4B40576,RES-E7ACF01D37,04/03/2025 00:00,mobile_money,1336.65,DECLINED
PMT-54B5FDF1B6,RES-E90358AD20,2024-05-19 00:00:00,bank_transfer,469.03,Pending
PMT-2CB3561789,RES-2DBA0D5200,2025-07-28 00:00:00,mobile_money,,SUCCESS
PMT-8F3FCF8E93,RES-2DBA0D5200,2025-06-05 00:00:00,debit_card,1369.02,REFUNDED
PMT-53392CE072,RES-B4ACA79894,2026-04-13 00:00:00,cash,479.01,DECLINED
PMT-650926CBBC,RES-527B75F033,23/03/2026 00:00,debit_card,1447.36,declined
PMT-400C539E20,RES-C86AAEB3D8,18/03/2024 00:00,cash,679.03,declined
PMT-3C1C5777A0,RES-C86AAEB3D8,02/02/2025 00:00,credit_card,531.64,failed
PMT-D12FEED2DD,RES-C86AAEB3D8,07-20-2025 12:00 AM,credit_card,898.1,Failed
PMT-A8C9DFC531,RES-E184874560,11-01-2024 12:00 AM,paypal,678.91,refunded
PMT-664A6BEF42,RES-B884798A42,12/03/2026 00:00,credit_card,1561.62,pending
PMT-060D5E20CC,RES-4D55ABBFB2,2025-06-27 00:00:00,cash,202.91,pending
PMT-BF1CE06465,RES-DC67A186CE,10/03/2026 00:00,cash,1339.58,Refunded
PMT-9BD074016A,RES-EB7E6A2376,03-11-2025 12:00 AM,cash,596.64,Refunded
PMT-056D3DDBBC,RES-4850B2A78D,2024-02-06 00:00:00,paypal,610.31,pending
PMT-F88C532475,RES-4850B2A78D,03-27-2025 12:00 AM,debit_card,1124.76,FAILED
PMT-F80242D96B,RES-2FE3FA7C79,07/10/2025 00:00,credit_card,1427.48,PENDING
PMT-BBE6A15B6C,RES-D4064266D3,02/08/2024 00:00,mobile_money,776.85,Refunded
PMT-FED3C3972D,RES-71ACDA234B,05-20-2024 12:00 AM,bank_transfer,147.65,failed
PMT-92A3A7646F,RES-0F16A63AA6,01-20-2025 12:00 AM,debit_card,80.96,Pending
PMT-8A7859CDFD,RES-869053D276,07-23-2024 12:00 AM,paypal,399.43,PENDING
PMT-41341BF192,RES-F3F6DA951D,2024-03-12 00:00:00,debit_card,1169.47,PAID
PMT-AD87196817,RES-C1562857B2,2025-07-18 00:00:00,mobile_money,,pending
PMT-17DA57E751,RES-B46C47663B,05-19-2025 12:00 AM,cash,982.1,paid
PMT-7790DEBF2A,RES-B46C47663B,12/06/2026 00:00,mobile_money,292.89,declined
PMT-DE95C93623,RES-B46C47663B,12/11/2025 00:00,credit_card,1015.59,SUCCESS
PMT-4BFD82A8DE,RES-F5BA379827,2024-03-21 00:00:00,mobile_money,1169.12,Pending
PMT-FAAE854E37,RES-70D64FD9E7,2025-07-14 00:00:00,mobile_money,579.43,PENDING
PMT-84A7436818,RES-AE8B733297,01-13-2026 12:00 AM,mobile_money,257.36,Pending
PMT-285BACA239,RES-32030ED258,,cash,,Failed
PMT-63DE55622D,RES-C6BBD74168,2025-09-21 00:00:00,credit_card,1510.92,declined
PMT-17F3CAE168,RES-82FEF08BC6,05-10-2026 12:00 AM,mobile_money,279.05,declined
PMT-5BA7C4EE99,RES-117EE663E1,01-24-2026 12:00 AM,credit_card,113.06,Pending
PMT-C44F21754F,RES-7D903934F6,2025-12-12 00:00:00,credit_card,1303.68,SUCCESS
PMT-BF6A3EF259,RES-93B8807BBF,28/03/2024 00:00,credit_card,1533.82,pending
PMT-F496E690F8,RES-4E9509C5E8,2025-05-11 00:00:00,credit_card,944.08,FAILED
PMT-F4CA64184F,RES-AA0F83CF4D,13/04/2024 00:00,cash,377.26,Refunded
PMT-567E9415EF,RES-85E7D21276,2025-08-18 00:00:00,cash,1500.47,refunded
PMT-DB3ADF4F76,RES-CDB6C48543,2025-09-07 00:00:00,cash,1325.49,Paid
PMT-01CB556329,RES-DFCB8A4C40,,bank_transfer,1248.84,success
PMT-D2E527D270,RES-689A82164D,2024-04-15 00:00:00,paypal,150.22,pending
PMT-BBC4264F63,RES-EDCB8B58C1,08-05-2025 12:00 AM,mobile_money,1498.21,REFUNDED
PMT-409FC95D71,RES-0A9F3DDDE2,01-21-2025 12:00 AM,paypal,1309.93,PAID
PMT-F807A5DA6A,RES-CDC22920FA,2025-11-19 00:00:00,mobile_money,220.87,declined
PMT-8B493F5933,RES-8B74C2BE8A,02-25-2025 12:00 AM,cash,1635.73,Failed
PMT-7710FAD652,RES-A685986AA5,2025-02-18 00:00:00,debit_card,276.11,Refunded
PMT-E90A126CA7,RES-A685986AA5,10-22-2025 12:00 AM,mobile_money,1694.12,Paid
PMT-9215BEDFAC,RES-A685986AA5,31/05/2025 00:00,bank_transfer,484.78,Paid
PMT-37F9975AF1,RES-F39FCB961A,10/05/2026 00:00,paypal,455.59,refunded
PMT-DEDC694911,RES-E0ED114413,06-01-2026 12:00 AM,credit_card,392.56,DECLINED
PMT-98B15469FC,RES-E9885F0561,,bank_transfer,1707.11,REFUNDED
PMT-836D1896EA,RES-E9885F0561,06/09/2025 00:00,credit_card,341.58,REFUNDED
PMT-5B1A3081EE,RES-97ABC07BC9,05/03/2024 00:00,bank_transfer,766.88,Pending
PMT-FFAB803F24,RES-7327DFD7C5,09/04/2026 00:00,mobile_money,1221.49,Failed
PMT-8A7CBDB4EE,RES-AD7156562D,27/03/2024 00:00,debit_card,1187.5,Pending
PMT-1B6F82F052,RES-C5AF972A4A,09-23-2025 12:00 AM,paypal,211.59,Refunded
PMT-6FAD8E8491,RES-A6AC64D734,2025-02-07 00:00:00,debit_card,126.6,Paid
PMT-6699D57DD3,RES-2D3208378D,12-02-2025 12:00 AM,paypal,1503.97,PENDING
PMT-3651FDF4CD,RES-B0AA948351,07-11-2024 12:00 AM,paypal,101.1,PENDING
PMT-CCB4F95EC0,RES-F54B6A10A2,05-19-2025 12:00 AM,credit_card,1070.24,declined
PMT-4C2B86C356,RES-7215EBFC1B,09-03-2025 12:00 AM,debit_card,1332.59,SUCCESS
PMT-8BAD2CEC1B,RES-2D45242B7F,05-16-2024 12:00 AM,debit_card,1604.99,Pending
PMT-E93C2631EC,RES-0182338F8B,2025-10-09 00:00:00,credit_card,107.54,REFUNDED
PMT-6C252B817F,RES-276A36EA6A,2024-04-18 00:00:00,bank_transfer,1550.15,Refunded
PMT-04F7F05156,RES-49BA101B1F,2024-03-02 00:00:00,credit_card,1136.37,declined
PMT-9761435040,RES-49BA101B1F,2025-07-20 00:00:00,credit_card,983.94,Refunded
PMT-559FFE580D,RES-49BA101B1F,27/12/2024 00:00,cash,1414.21,PAID
PMT-FDFFD07C21,RES-68682EB145,2024-08-20 00:00:00,debit_card,894.37,failed
PMT-9B3265E623,RES-4C83F3F575,09-17-2025 12:00 AM,debit_card,1759.86,pending
PMT-25B453CA88,RES-367CCEBB8B,21/02/2026 00:00,credit_card,232.45,REFUNDED
PMT-84A88A870C,RES-83CD0361EA,05-29-2025 12:00 AM,credit_card,258.27,refunded
PMT-483C2891C3,RES-499811F829,02-16-2025 12:00 AM,debit_card,271.69,refunded
PMT-521C5C07E9,RES-49BF8E58B1,05-23-2026 12:00 AM,cash,147.81,REFUNDED
PMT-6094F39412,RES-5149672009,18/07/2025 00:00,credit_card,818.83,PAID
PMT-F73135506A,RES-EE09E2683A,07-12-2025 12:00 AM,bank_transfer,985.14,Refunded
PMT-60D561DD44,RES-6C9DB04F86,05-06-2024 12:00 AM,debit_card,711.65,failed
PMT-776EDF62A4,RES-1177136012,2026-05-29 00:00:00,credit_card,1242.71,success
PMT-9152B481CA,RES-D110154EC9,12/06/2026 00:00,debit_card,153.8,refunded
PMT-3252725E64,RES-6C37E76632,04-28-2024 12:00 AM,cash,1604.98,FAILED
PMT-E5CFAD194A,RES-43BD33049C,01-02-2024 12:00 AM,cash,1348.78,Failed
PMT-083022137B,RES-43BD33049C,2024-03-19 00:00:00,mobile_money,808.74,pending
PMT-8AEDAEE278,RES-43BD33049C,01-17-2024 12:00 AM,bank_transfer,857.52,refunded
PMT-1496B979AF,RES-C7A96EAD3B,,paypal,1754.9,SUCCESS
PMT-4F9C0684C4,RES-BF77C346FD,2024-03-16 00:00:00,debit_card,949.04,Paid
PMT-A4CA135814,RES-292AC944A0,2025-07-23 00:00:00,mobile_money,345.56,declined
PMT-1DEF2A572E,RES-292AC944A0,07/02/2024 00:00,bank_transfer,91.78,pending
PMT-7633CCE17C,RES-3AF3D4D7A4,29/12/2025 00:00,bank_transfer,656.97,paid
PMT-DC858CCE7D,RES-3AF3D4D7A4,2025-12-02 00:00:00,paypal,216.35,failed
PMT-DFAFDAB286,RES-3AF3D4D7A4,2025-07-14 00:00:00,mobile_money,1142.93,PAID
PMT-D9AD2A0083,RES-D21FA13A12,06-29-2025 12:00 AM,bank_transfer,578.71,declined
PMT-C12C5008A6,RES-F8B6855B07,2026-05-04 00:00:00,credit_card,1324.98,Refunded
PMT-2F8F145451,RES-6864FE50ED,08-17-2025 12:00 AM,debit_card,413.83,Failed
PMT-8403761881,RES-6864FE50ED,2024-11-15 00:00:00,cash,699.96,paid
PMT-F1DB9C9E8D,RES-6864FE50ED,09-12-2025 12:00 AM,paypal,940.46,PAID
PMT-439D43E8EE,RES-1932CD1DD6,2024-05-25 00:00:00,debit_card,301.65,pending
PMT-A02A708D4F,RES-3427AF507F,,credit_card,1290.14,pending
PMT-36271D0965,RES-9BDA412A84,2026-04-10 00:00:00,cash,817.88,REFUNDED
PMT-5957322CDE,RES-72D87CB3C7,2024-05-31 00:00:00,cash,157.64,PENDING
PMT-30132321C4,RES-55DB34CF09,2024-02-18 00:00:00,mobile_money,1383.78,Refunded
PMT-B21D491D3B,RES-9DF2F6D85D,28/06/2025 00:00,credit_card,1386.24,Refunded
PMT-ACB264F69D,RES-C750839413,2025-10-19 00:00:00,debit_card,985.42,PENDING
PMT-6E08DF4E1D,RES-F4B87BB293,2026-01-13 00:00:00,bank_transfer,1028.99,refunded
PMT-73BA255E56,RES-F4B87BB293,05/11/2025 00:00,mobile_money,1684.11,FAILED
PMT-CDDE86BB2B,RES-0B27316182,01/09/2024 00:00,debit_card,217.77,pending
PMT-B394A53724,RES-65F11A6FED,15/02/2026 00:00,debit_card,1046.9,success
PMT-3A82B82D3A,RES-F8F9F8036C,10-17-2025 12:00 AM,mobile_money,968.55,Paid
PMT-E976077E1E,RES-A78DC82277,2024-08-12 00:00:00,credit_card,515.99,refunded
PMT-EC6F0C1083,RES-F1ADB84F31,09-25-2025 12:00 AM,paypal,1269.9,refunded
PMT-8B9D53487C,RES-1DDEF32171,2026-02-27 00:00:00,bank_transfer,140.12,pending
PMT-49E726ACF8,RES-41EC1FC9FA,2025-05-05 00:00:00,mobile_money,1080.45,declined
PMT-4881863D54,RES-E1DF946D50,19/10/2024 00:00,paypal,471.54,Failed
PMT-25C7E2B05A,RES-18CD1F60C8,2025-01-28 00:00:00,debit_card,1789.01,REFUNDED
PMT-9A94251C34,RES-18CD1F60C8,02-14-2025 12:00 AM,cash,1447.38,success
PMT-AD3D870FDF,RES-44A4EAA5B7,26/05/2025 00:00,debit_card,1583.87,refunded
PMT-7659C93163,RES-D950AF6B94,2025-08-19 00:00:00,credit_card,1494.49,failed
PMT-524858AE54,RES-38C3CFC509,12/04/2026 00:00,paypal,1605.93,declined
PMT-8EF4188DF6,RES-713F8FDAB2,2026-05-01 00:00:00,mobile_money,338.85,SUCCESS
PMT-621F367A22,RES-713F8FDAB2,04-21-2026 12:00 AM,cash,103.96,FAILED
PMT-EF4C1EA50E,RES-52B1013DE0,15/10/2025 00:00,debit_card,512.85,success
PMT-612A0A4A6E,RES-2A0B288450,2024-09-15 00:00:00,debit_card,1321.33,PAID
PMT-D15E564A44,RES-3BF009FADF,05/02/2025 00:00,mobile_money,1667.06,success
PMT-96ADBD8D4F,RES-09B7FB32EF,04/08/2024 00:00,debit_card,568.73,pending
PMT-B6AC45B083,RES-A151CB9EB2,12/05/2025 00:00,cash,885.54,Failed
PMT-5A116FC0E9,RES-A151CB9EB2,2025-11-21 00:00:00,cash,205.75,DECLINED
PMT-5CBB6982A2,RES-2EB0DDFC77,,bank_transfer,586.5,Refunded
PMT-021A3E2262,RES-3A03F5CF85,03-01-2024 12:00 AM,bank_transfer,1024.99,pending
PMT-AC2A258C03,RES-6C3120ACB5,10-02-2024 12:00 AM,mobile_money,924.65,success
PMT-C0BDC29680,RES-89FF1A898D,31/05/2025 00:00,paypal,1770.83,PENDING
PMT-B2CE82952D,RES-F92F809DDE,2025-12-22 00:00:00,bank_transfer,1356.21,pending
PMT-9859F8B1AD,RES-F92F809DDE,2026-05-14 00:00:00,paypal,855.08,PAID
PMT-BCE74512B8,RES-4EF6F8C8B7,2025-09-05 00:00:00,paypal,1459.76,PENDING
PMT-1F3138F5F4,RES-6EE64717D0,15/05/2025 00:00,paypal,1059.7,declined
PMT-267D62877C,RES-3D38A5DEE1,07-20-2025 12:00 AM,debit_card,503.37,Paid
PMT-6A0300F91A,RES-30E33C7E10,2024-11-14 00:00:00,debit_card,1129.73,Refunded
PMT-2174AFA860,RES-BED30E68C8,02-13-2025 12:00 AM,credit_card,677.57,Refunded
PMT-2D2DFF0255,RES-1E7B6BC053,22/03/2025 00:00,bank_transfer,365.93,FAILED
PMT-9F2D105271,RES-D9925D1486,07-09-2024 12:00 AM,mobile_money,990.44,REFUNDED
PMT-D85FB8CCFF,RES-660AD9AB62,2025-04-11 00:00:00,credit_card,607.13,refunded
PMT-574A783EBC,RES-6DB741563D,2024-10-11 00:00:00,cash,1520.45,refunded
PMT-034813E750,RES-22FB91E3E4,29/10/2024 00:00,paypal,66.21,DECLINED
PMT-BD81D9B81F,RES-D66335829F,2024-06-18 00:00:00,paypal,465.65,failed
PMT-FF55A97444,RES-D66335829F,13/04/2026 00:00,paypal,889.36,paid
PMT-27A9EEBF1C,RES-D66335829F,21/11/2024 00:00,cash,593.09,Failed
PMT-E6E5F2EB3E,RES-5E39BB4D9C,23/07/2024 00:00,debit_card,1087.39,declined
PMT-CAB9337D83,RES-29A2C5083D,2025-06-13 00:00:00,mobile_money,725.65,pending
PMT-5B4E2250DE,RES-DB1DEB2E24,31/01/2025 00:00,bank_transfer,685.85,SUCCESS
PMT-E712D7A544,RES-549D685762,07-19-2024 12:00 AM,credit_card,1240.7,Pending
PMT-B56D1754D1,RES-A1015E93C6,,mobile_money,928.34,DECLINED
PMT-A11D786251,RES-EDC39DCDB2,2025-10-06 00:00:00,paypal,939.53,Refunded
PMT-F13D94F6DB,RES-C703771B19,03-18-2025 12:00 AM,debit_card,288.89,refunded
PMT-72FB757F3E,RES-EF1A65C3EF,07-18-2024 12:00 AM,cash,388.98,SUCCESS
PMT-5C4646C121,RES-E1F79754B0,2025-07-14 00:00:00,paypal,872.16,DECLINED
PMT-F7B36970DF,RES-4AE1D9D3B3,01-14-2025 12:00 AM,debit_card,1057.07,failed
PMT-88219FAEAF,RES-54176EA95C,22/11/2024 00:00,bank_transfer,1303.87,Refunded
PMT-733C1C2CD8,RES-973FE4FE7D,22/05/2025 00:00,paypal,952.6,success
PMT-1470AC427A,RES-E399043AC0,11-16-2024 12:00 AM,mobile_money,869.19,Refunded
PMT-472AE5FE9A,RES-53348BF96B,2026-05-28 00:00:00,bank_transfer,524.89,paid
PMT-FD94EA9052,RES-53348BF96B,2025-07-30 00:00:00,bank_transfer,1048.18,paid
PMT-1167A63DEB,RES-53348BF96B,05-08-2026 12:00 AM,cash,1038.08,REFUNDED
PMT-9E3FF1FB4A,RES-4B4A38CCF6,28/02/2026 00:00,cash,797.79,REFUNDED
PMT-4BB6C0C792,RES-73077DA836,10/01/2025 00:00,mobile_money,1147.74,Pending
PMT-B03C534231,RES-D7CE97FDDD,2024-07-25 00:00:00,paypal,1487.62,Failed
PMT-7A3A4B1E3B,RES-A7F4603C99,09-06-2024 12:00 AM,cash,1781.97,success
PMT-42EF5BAD4A,RES-332CC55B3F,2024-12-04 00:00:00,credit_card,600.18,refunded
PMT-689930ED25,RES-8CFDB87F06,2026-04-13 00:00:00,debit_card,1531.09,refunded
PMT-3B1510E2A7,RES-8E2EBC5296,2025-09-24 00:00:00,credit_card,1168.11,SUCCESS
PMT-31DD8B946D,RES-4009B4EB14,2026-03-04 00:00:00,mobile_money,777.58,Refunded
PMT-039DCA8B16,RES-4D550E3838,04-20-2026 12:00 AM,mobile_money,1477.89,FAILED
PMT-8C5A37FB9C,RES-4D550E3838,2025-11-01 00:00:00,credit_card,1571.84,refunded
PMT-C7CA282BE6,RES-8837F340DB,2024-03-29 00:00:00,cash,1633.76,pending
PMT-48AAEB8EB2,RES-8837F340DB,2025-05-21 00:00:00,mobile_money,1201.98,DECLINED
PMT-60E1E17124,RES-8837F340DB,2024-12-18 00:00:00,credit_card,479.03,PENDING
PMT-EB7B24C9DE,RES-F2B939532D,06-20-2025 12:00 AM,debit_card,1429.0,PENDING
PMT-E8C0771954,RES-4268FFBCB4,12-13-2025 12:00 AM,debit_card,706.57,success
PMT-6330DC98EB,RES-57C18F3452,27/01/2024 00:00,debit_card,1551.77,paid
PMT-5D2F089132,RES-3AEB19B875,2025-01-16 00:00:00,paypal,901.66,DECLINED
PMT-A966DC9659,RES-6A0EC937B5,2024-09-03 00:00:00,bank_transfer,1444.84,pending
PMT-F7D1DB5A2D,RES-F5A2D542CE,09-19-2025 12:00 AM,paypal,75.3,Pending
PMT-57689C124B,RES-A9B0F3FA31,07-27-2024 12:00 AM,cash,1040.88,Paid
PMT-15A8D9B5F9,RES-55AE06EF2B,07-14-2024 12:00 AM,credit_card,527.73,FAILED
PMT-635E23BD87,RES-D8CF625945,2024-08-29 00:00:00,bank_transfer,1405.83,PAID
PMT-2BC87A02C0,RES-1F43A7CA22,12-27-2025 12:00 AM,bank_transfer,383.08,Refunded
PMT-EECB1F69A7,RES-43313FC171,07-30-2025 12:00 AM,debit_card,1201.93,success
PMT-6ECCB0F0E2,RES-00A9FBA36D,2024-06-18 00:00:00,credit_card,561.91,Pending
PMT-3F0E43EB64,RES-00A9FBA36D,12/03/2025 00:00,mobile_money,1093.02,failed
PMT-318A0ED10E,RES-00A9FBA36D,11/12/2025 00:00,bank_transfer,868.67,REFUNDED
PMT-C99E1D1A3A,RES-E1B41D229E,24/11/2025 00:00,debit_card,1620.72,REFUNDED
PMT-BE66404965,RES-2E52D7E173,05-15-2026 12:00 AM,cash,1110.85,Pending
PMT-E0A7AA2A0B,RES-E725751C29,08/08/2024 00:00,debit_card,746.3,pending
PMT-63D7AA82E1,RES-4395DA17A7,10-01-2025 12:00 AM,mobile_money,233.36,pending
PMT-56E4531B8C,RES-4395DA17A7,2024-12-26 00:00:00,mobile_money,944.16,REFUNDED
PMT-B05501186E,RES-95C4BF6BDB,,bank_transfer,1304.93,DECLINED
PMT-4CCADEADF8,RES-8597B42569,28/06/2024 00:00,bank_transfer,1209.8,PENDING
PMT-26D1C240E9,RES-E11CCBB82C,22/11/2025 00:00,paypal,483.54,SUCCESS
PMT-88A54C54C7,RES-854BA39693,29/08/2025 00:00,paypal,191.0,SUCCESS
PMT-608A3A578D,RES-9B24721CE5,16/08/2024 00:00,cash,1687.63,success
PMT-EA34F27C59,RES-45247C4657,11-07-2024 12:00 AM,credit_card,759.69,FAILED
PMT-FEDC5F33DD,RES-944F5C60B5,11-18-2024 12:00 AM,debit_card,857.13,Failed
PMT-CB7A51BFFF,RES-550D7EC3DA,05-15-2026 12:00 AM,cash,77.6,Failed
PMT-B6CF1C9015,RES-8F1EBEE16F,2026-02-04 00:00:00,mobile_money,656.02,Failed
PMT-55549C84D8,RES-E20C098ED9,01/03/2025 00:00,paypal,516.01,paid
PMT-746C92F8DA,RES-C2885B71B6,10/07/2024 00:00,debit_card,1484.31,Pending
PMT-8839C6E134,RES-A7882B5D5B,12/07/2025 00:00,paypal,619.46,SUCCESS
PMT-66CA8FDF87,RES-8B2D129D0C,18/03/2026 00:00,debit_card,903.89,success
PMT-CB9075B593,RES-5E0221CF9B,2026-06-19 00:00:00,paypal,251.82,Refunded
PMT-FEA75920BB,RES-8633A2CD37,23/04/2025 00:00,credit_card,1538.4,REFUNDED
PMT-54481C16BC,RES-043CF38EA3,02-20-2025 12:00 AM,debit_card,1265.48,DECLINED
PMT-02E2FD22B1,RES-6827B8712F,2024-06-15 00:00:00,debit_card,952.18,REFUNDED
PMT-C56D66E53D,RES-6827B8712F,2024-08-28 00:00:00,paypal,238.81,Failed
PMT-0B81F5C42A,RES-6827B8712F,29/06/2025 00:00,mobile_money,1321.91,PENDING
PMT-C8A782A740,RES-B7A18D72A2,19/12/2025 00:00,paypal,112.46,declined
PMT-EA3DBC805D,RES-599A8A828B,2026-05-15 00:00:00,debit_card,228.54,PAID
PMT-FB38ECA823,RES-98D342704E,2024-09-06 00:00:00,debit_card,1496.54,pending
PMT-46B2D800F3,RES-B78782372A,23/05/2025 00:00,debit_card,877.27,PENDING
PMT-D1D8931B0B,RES-9DE951112B,02-22-2025 12:00 AM,credit_card,624.38,refunded
PMT-EB1A39E7C4,RES-DA09B075B2,10/09/2025 00:00,credit_card,1548.19,Refunded
PMT-30B0F0DEC3,RES-5013F2680D,25/02/2024 00:00,paypal,666.22,PENDING
PMT-F0D857AAEC,RES-EC4BBD4501,2026-03-31 00:00:00,debit_card,1785.73,PENDING
PMT-CFB1C2FC3A,RES-8368008D26,01/04/2025 00:00,cash,1064.36,Failed
PMT-9487ABDE61,RES-033334613F,04-01-2026 12:00 AM,mobile_money,186.08,failed
PMT-99C617061C,RES-4B8645DD5F,10-03-2024 12:00 AM,debit_card,674.59,REFUNDED
PMT-0F35874844,RES-D97A39A2AA,04/05/2026 00:00,mobile_money,447.99,REFUNDED
PMT-FC9A2F01B2,RES-4A3620DE9E,04-19-2025 12:00 AM,cash,442.03,SUCCESS
PMT-9EEF8D8AF5,RES-FE4E4AAEBA,2024-11-29 00:00:00,cash,622.57,Refunded
PMT-F6757A8EBA,RES-2102AA0DB5,11/10/2025 00:00,mobile_money,1737.44,failed
PMT-8D558995D9,RES-B88D33BA11,2026-02-16 00:00:00,credit_card,1256.23,REFUNDED
PMT-1ADA1566E9,RES-E92A687554,2026-02-04 00:00:00,bank_transfer,1420.86,REFUNDED
PMT-D442ED1B81,RES-36E73DE972,2025-12-03 00:00:00,paypal,477.53,Refunded
PMT-144DAA0DFB,RES-990D244524,2025-02-28 00:00:00,cash,1638.25,Pending
PMT-75C40279C9,RES-11D8C44853,14/08/2024 00:00,mobile_money,1666.45,DECLINED
PMT-0EBAEA00F7,RES-C60EB8656A,2026-06-02 00:00:00,cash,454.06,refunded
PMT-1238300E68,RES-69F9A020CE,24/10/2024 00:00,bank_transfer,1148.92,Refunded
PMT-557876845A,RES-2CB12D3612,2026-01-12 00:00:00,paypal,1772.98,Pending
PMT-51B3E16E33,RES-BA7D5BAC81,2024-12-19 00:00:00,bank_transfer,125.5,Pending
PMT-871F5431B4,RES-BA7D5BAC81,08-27-2024 12:00 AM,credit_card,1013.77,success
PMT-D14B5556F5,RES-ADCC1CC30E,2024-03-21 00:00:00,cash,1747.09,refunded
PMT-F8B8452E64,RES-4480F92CE4,07/10/2024 00:00,paypal,582.77,Refunded
PMT-8391809610,RES-EA9290AF30,2026-01-05 00:00:00,bank_transfer,692.38,refunded
PMT-B8F2822F81,RES-B4F3C17DE7,09-02-2024 12:00 AM,credit_card,1036.41,SUCCESS
PMT-8EB778313A,RES-8953B15215,06-22-2025 12:00 AM,cash,1190.58,pending
PMT-7516FDCF3C,RES-39657B063E,11-15-2024 12:00 AM,paypal,557.1,Refunded
PMT-63962A8577,RES-39657B063E,2025-08-28 00:00:00,mobile_money,1199.71,REFUNDED
PMT-F2CE88C5A4,RES-78653DE9A5,01/04/2024 00:00,mobile_money,1395.72,PAID
PMT-744DADFDE6,RES-78653DE9A5,11/03/2024 00:00,credit_card,585.34,pending
PMT-DA847CCDE8,RES-78653DE9A5,07-19-2025 12:00 AM,debit_card,964.62,Failed
PMT-80BE6FCAB7,RES-73A9B25235,01-05-2025 12:00 AM,debit_card,1433.43,Refunded
PMT-D071FA3A9D,RES-ABF990782E,2024-01-28 00:00:00,bank_transfer,351.43,Refunded
PMT-4CA3EA85AE,RES-602C4B1489,04/10/2024 00:00,bank_transfer,1365.47,DECLINED
PMT-6163075896,RES-8475CBE0C2,26/01/2025 00:00,bank_transfer,832.57,Failed
PMT-0CB2B8D7A0,RES-01B18E8845,2024-05-12 00:00:00,credit_card,591.03,declined
PMT-E86051F080,RES-77F893D691,2025-08-23 00:00:00,debit_card,653.63,Paid
PMT-11F5C1E01E,RES-77F893D691,2024-03-09 00:00:00,debit_card,1638.39,Refunded
PMT-9D672A3571,RES-77F893D691,2026-04-07 00:00:00,credit_card,1389.88,paid
PMT-6B3762CB5F,RES-3481FF032B,06-08-2024 12:00 AM,credit_card,1171.56,pending
PMT-DCE09974EF,RES-648E705B14,01-29-2025 12:00 AM,debit_card,701.57,PAID
PMT-FB677710FF,RES-B02A627EA7,2024-04-13 00:00:00,bank_transfer,1398.98,pending
PMT-12D30FE3C4,RES-6B86627D6A,,bank_transfer,880.26,SUCCESS
PMT-8A2D48ADAC,RES-0077B87404,02-15-2024 12:00 AM,credit_card,1427.42,REFUNDED
PMT-E70D0723EC,RES-1ADD59FCA5,06-03-2025 12:00 AM,cash,1081.88,refunded
PMT-310B81AA87,RES-2D992A55A3,27/09/2024 00:00,cash,,success
PMT-E05F564757,RES-2D992A55A3,16/11/2025 00:00,paypal,1638.76,PAID
PMT-E8E49E6C8D,RES-2D992A55A3,2026-01-13 00:00:00,mobile_money,1457.58,Paid
PMT-1D19C0A5E5,RES-6025AC69E1,2025-11-02 00:00:00,cash,303.84,Paid
PMT-D9CCE507E6,RES-13460DAFBB,2025-06-10 00:00:00,mobile_money,369.79,Pending
PMT-0CB68082BE,RES-36265DBA06,03-11-2025 12:00 AM,cash,1531.82,declined
PMT-4695C08F27,RES-F3F43DB229,12-10-2024 12:00 AM,paypal,1310.41,FAILED
PMT-01B07C9445,RES-3B14FCDA34,12-31-2024 12:00 AM,mobile_money,1252.9,failed
PMT-029713569D,RES-EE29C271FA,09-27-2025 12:00 AM,paypal,709.06,pending
PMT-007CB76BC2,RES-2DC54D03FF,08/10/2024 00:00,debit_card,356.88,paid
PMT-43B35568FE,RES-451748E94C,2024-06-05 00:00:00,credit_card,707.69,PENDING
PMT-0B493EA412,RES-451748E94C,19/04/2024 00:00,paypal,879.46,DECLINED
PMT-10BE8A8112,RES-8BC6000D01,04-25-2026 12:00 AM,bank_transfer,192.59,declined
PMT-7134CAAE96,RES-C2B5102524,05-02-2024 12:00 AM,debit_card,602.45,pending
PMT-2E609E9897,RES-20AC1DBF7C,2025-04-06 00:00:00,paypal,212.31,FAILED
PMT-074D8A1A54,RES-8999200A46,12-19-2024 12:00 AM,paypal,1323.63,refunded
PMT-2D6F87AA64,RES-50E210E958,11/06/2025 00:00,debit_card,392.93,Paid
PMT-4BE872C319,RES-FC5926E19E,11-03-2024 12:00 AM,mobile_money,306.13,failed
PMT-66A22CBE09,RES-2B272929DF,09/06/2026 00:00,bank_transfer,1426.52,Pending
PMT-E3C98723BF,RES-4578201A83,11-23-2024 12:00 AM,mobile_money,639.21,PENDING
PMT-21271EDB07,RES-F64A3EEFE8,2024-04-20 00:00:00,credit_card,1675.45,failed
PMT-11D92CC6F9,RES-0087F130A7,09/06/2024 00:00,mobile_money,408.1,Pending
PMT-7C69B8832F,RES-DF0843E583,29/04/2025 00:00,mobile_money,1154.16,Pending
PMT-EA89ED2B81,RES-9CA0DCF26D,2024-10-20 00:00:00,cash,1504.33,Failed
PMT-6515BD2202,RES-DAA9316E5D,27/08/2024 00:00,bank_transfer,474.8,FAILED
PMT-225EC4BB12,RES-C2A6187A18,31/07/2024 00:00,bank_transfer,1328.74,Pending
PMT-F7BB70F78E,RES-6D3F508C0F,2024-08-09 00:00:00,bank_transfer,1574.7,FAILED
PMT-3B0A1ADEA2,RES-3A06FA1817,15/06/2025 00:00,bank_transfer,590.26,REFUNDED
PMT-1BA626DEED,RES-90392D57BF,02/01/2026 00:00,bank_transfer,,pending
PMT-7EA351A8FF,RES-FF84FA44E0,07-14-2024 12:00 AM,cash,837.14,Pending
PMT-6DDFEB0136,RES-E11F3E891A,07-22-2025 12:00 AM,debit_card,548.97,DECLINED
PMT-9ECB615E24,RES-EA78BDE563,2024-02-19 00:00:00,credit_card,151.29,Pending
PMT-40F9EE4A3D,RES-28A558EF7D,2024-04-15 00:00:00,cash,1391.21,Failed
PMT-FB8686C78F,RES-295D3D2C6E,08-13-2025 12:00 AM,cash,1781.91,Pending
PMT-2D9ABFF689,RES-75DF253FBB,2024-09-25 00:00:00,mobile_money,1423.82,Refunded
PMT-66DC5CDCDF,RES-E27BC5B389,04/10/2025 00:00,bank_transfer,396.78,Paid
PMT-BCA3116E82,RES-FA9EB8F6E4,2024-05-19 00:00:00,bank_transfer,507.98,failed
PMT-C90F0EAE41,RES-5D890F2D65,11-29-2024 12:00 AM,bank_transfer,372.29,REFUNDED
PMT-E463009490,RES-5D890F2D65,,mobile_money,1310.32,PAID
PMT-523179D7DD,RES-9E1715678F,12-01-2025 12:00 AM,mobile_money,190.14,refunded
PMT-95D2797A75,RES-E0F0067697,01-08-2025 12:00 AM,mobile_money,1762.07,refunded
PMT-D15E0B1BBA,RES-6E1F54B432,11/06/2026 00:00,cash,244.8,DECLINED
PMT-54C55E228E,RES-90DBA669C4,04-30-2025 12:00 AM,debit_card,75.59,REFUNDED
PMT-E53DB7A900,RES-5733832FA0,13/11/2025 00:00,credit_card,565.76,PAID
PMT-D046D41EFD,RES-96E38594BE,2025-11-20 00:00:00,credit_card,1086.9,Refunded
PMT-9B7BE12B68,RES-E991A6BA61,05-08-2026 12:00 AM,credit_card,745.7,paid
PMT-5705221043,RES-D92349E538,2025-08-12 00:00:00,credit_card,1634.66,Paid
PMT-58B5AE5FAE,RES-D92349E538,2025-12-04 00:00:00,credit_card,1445.88,PENDING
PMT-AA272A0798,RES-7BA41BAAC9,17/02/2024 00:00,debit_card,1322.43,Pending
PMT-6749DE280E,RES-E589620643,03-02-2026 12:00 AM,debit_card,1711.15,FAILED
PMT-C9C84CE28C,RES-E589620643,02-14-2024 12:00 AM,bank_transfer,,Pending
PMT-4FAFE216A0,RES-58DE35A74B,12/02/2026 00:00,paypal,435.16,Failed
PMT-C15B4E471F,RES-781D12A3CD,05-13-2025 12:00 AM,cash,1189.02,REFUNDED
PMT-6DAE0C3B7A,RES-610043F45D,03-11-2026 12:00 AM,cash,1591.89,REFUNDED
PMT-8FD4235CCB,RES-D026AF6625,2024-05-08 00:00:00,credit_card,167.87,paid
PMT-EFF9B407F0,RES-D2B6DF8B45,26/02/2024 00:00,credit_card,1106.21,Refunded
PMT-B712AD6909,RES-3B53850DC1,11/02/2025 00:00,cash,682.33,Pending
PMT-A665DB8F86,RES-A21990586E,17/04/2026 00:00,mobile_money,108.18,Pending
PMT-21CF165D55,RES-512115519A,20/05/2024 00:00,cash,1338.58,PENDING
PMT-1E9FD20F3A,RES-512115519A,24/01/2025 00:00,bank_transfer,941.95,declined
PMT-39E9561378,RES-71303298CC,2024-02-21 00:00:00,mobile_money,900.27,pending
PMT-3B06708123,RES-96ED56F1F3,2024-04-17 00:00:00,bank_transfer,939.73,failed
PMT-9392B2ECD1,RES-6AD9D4B2CD,22/07/2025 00:00,bank_transfer,1456.37,Paid
PMT-91DD15DF67,RES-90060B90E6,2026-03-26 00:00:00,cash,446.98,REFUNDED
PMT-DCC53852E1,RES-6A5EFE1095,11-15-2025 12:00 AM,cash,1319.86,refunded
PMT-4AA98C1865,RES-E5D5026D37,01-15-2024 12:00 AM,credit_card,743.81,refunded
PMT-4261D6CD4D,RES-CBD715977E,19/02/2026 00:00,credit_card,443.37,paid
PMT-9424D454B3,RES-806676C546,09/02/2024 00:00,bank_transfer,799.38,Paid
PMT-954503DF8E,RES-3CEDF22D5D,2025-11-14 00:00:00,debit_card,1130.9,failed
PMT-96288AA52C,RES-9EDADACEF5,2025-08-21 00:00:00,debit_card,884.83,PAID
PMT-0F4EFEDBF0,RES-9EDADACEF5,2025-11-26 00:00:00,credit_card,732.12,PENDING
PMT-74A4A4D87D,RES-9EDADACEF5,17/11/2024 00:00,debit_card,950.96,Refunded
PMT-099C2A8AC8,RES-40659CBF4B,2024-08-27 00:00:00,bank_transfer,674.14,Paid
PMT-3E64CA154B,RES-A3748903C1,2025-08-31 00:00:00,credit_card,360.14,Pending
PMT-23C60BB167,RES-E9011E7C78,2024-04-26 00:00:00,paypal,324.3,failed
PMT-B360EC8B65,RES-E102DC952B,2025-04-03 00:00:00,bank_transfer,1797.35,refunded
PMT-D2F0506926,RES-E102DC952B,04/01/2025 00:00,debit_card,117.29,pending
PMT-5FE93B3D31,RES-C3EF475244,11/12/2024 00:00,bank_transfer,1726.44,pending
PMT-9AA42117B7,RES-BD06E845FA,04/11/2024 00:00,cash,1770.67,Refunded
PMT-6F987B28F6,RES-BD06E845FA,08-18-2024 12:00 AM,cash,1112.91,declined
PMT-2EAC900724,RES-BD06E845FA,01-31-2025 12:00 AM,credit_card,695.0,paid
PMT-8FB50227ED,RES-60C1F0F34F,01-08-2026 12:00 AM,paypal,1765.75,Pending
PMT-30F14C2258,RES-60C1F0F34F,2024-05-02 00:00:00,credit_card,1026.88,Paid
PMT-9F9A75AE15,RES-ADD9F057FA,05/02/2024 00:00,cash,162.15,Refunded
PMT-443563BC43,RES-ADD9F057FA,2024-06-19 00:00:00,paypal,1706.22,pending
PMT-192A4BBC87,RES-FAC1138B8F,20/01/2024 00:00,credit_card,1000.45,PENDING
PMT-029F218B39,RES-EB4DCA3642,10-02-2024 12:00 AM,credit_card,145.89,PAID
PMT-BDDFEC495F,RES-9E5EF8F373,30/04/2025 00:00,bank_transfer,1674.41,Paid
PMT-3A7698F7EE,RES-9FDA43CFBA,06-06-2024 12:00 AM,cash,592.74,success
PMT-CD317BE715,RES-9FDA43CFBA,2024-10-23 00:00:00,debit_card,555.54,PAID
PMT-621C205B9D,RES-9FDA43CFBA,2024-02-26 00:00:00,debit_card,198.35,pending
PMT-AEABAA5CBA,RES-4B8B968E47,04-20-2026 12:00 AM,cash,1134.61,FAILED
PMT-C25E749F7F,RES-163A77E04A,2026-02-18 00:00:00,mobile_money,206.24,Pending
PMT-86BF6A2D48,RES-D55425DFDC,13/10/2024 00:00,cash,1279.59,declined
PMT-3EF93DA273,RES-21999DDB5E,2024-04-20 00:00:00,debit_card,1466.4,FAILED
PMT-E7263A15BB,RES-9A37F9A64E,,bank_transfer,1392.68,Pending
PMT-3708B5FF7F,RES-9A37F9A64E,2024-03-20 00:00:00,bank_transfer,713.75,REFUNDED
PMT-78A6382F91,RES-9A37F9A64E,06-01-2026 12:00 AM,credit_card,1649.23,PAID
PMT-D9434A690D,RES-536CAD9D1A,2025-10-01 00:00:00,mobile_money,111.94,REFUNDED
PMT-E820767785,RES-58A6BD0762,2025-03-25 00:00:00,bank_transfer,637.81,Pending
PMT-8782E639F2,RES-AF8D49492B,2026-02-23 00:00:00,mobile_money,1751.47,declined
PMT-E42DF75F96,RES-91665AA11C,18/07/2024 00:00,debit_card,724.51,DECLINED
PMT-E6EEFA4088,RES-217A74B86E,11/02/2024 00:00,mobile_money,1624.18,Paid
PMT-1E3F84C82E,RES-EDD9B823AB,11-26-2025 12:00 AM,cash,1259.91,pending
PMT-1166C85546,RES-EDD9B823AB,02-12-2024 12:00 AM,cash,1191.2,SUCCESS
PMT-D3142E606F,RES-EDD9B823AB,2024-07-09 00:00:00,bank_transfer,1623.08,failed
PMT-58261C7F38,RES-C41E9E2093,08-24-2024 12:00 AM,mobile_money,1118.66,Failed
PMT-15FD8D9A6D,RES-FDFEE48A3E,02/04/2026 00:00,credit_card,,PENDING
PMT-BF71BE1CE4,RES-189CCF6C10,08-25-2024 12:00 AM,credit_card,1216.18,REFUNDED
PMT-3682D102EB,RES-1D2CE0BFDA,16/08/2025 00:00,bank_transfer,1705.1,pending
PMT-E63267A4AE,RES-E74CF0C172,13/10/2024 00:00,mobile_money,1768.38,Paid
PMT-D4D87563E6,RES-4A692889DF,05-01-2026 12:00 AM,mobile_money,171.42,success
PMT-2CCA8818E7,RES-4A692889DF,07-11-2024 12:00 AM,debit_card,1787.39,DECLINED
PMT-A1111E51EE,RES-92D503BE06,2025-03-04 00:00:00,bank_transfer,1066.59,FAILED
PMT-1F83887B19,RES-EB653A8179,18/01/2026 00:00,credit_card,1634.01,Refunded
PMT-250CE0FEFC,RES-329CA505E6,12/04/2024 00:00,paypal,940.45,PENDING
PMT-CA903C170F,RES-736BA347BA,2024-01-06 00:00:00,bank_transfer,865.01,Failed
PMT-ED48AA5362,RES-C996787CA6,06/06/2024 00:00,debit_card,600.8,refunded
PMT-229D88A488,RES-1F6A58F1B7,26/07/2025 00:00,credit_card,704.12,REFUNDED
PMT-0DCD35DAD0,RES-BCBD8F192D,2024-10-15 00:00:00,bank_transfer,645.44,declined
PMT-586399B6EC,RES-2A13C97043,04/01/2024 00:00,credit_card,884.9,DECLINED
PMT-2F41899431,RES-BB287EA560,01-29-2024 12:00 AM,bank_transfer,230.92,pending
PMT-EA9EA2A4A7,RES-9B934F6DDF,14/09/2024 00:00,bank_transfer,677.65,REFUNDED
PMT-3C63DCE018,RES-E66C53B484,12-19-2025 12:00 AM,bank_transfer,1616.49,success
PMT-1118FE153E,RES-D6E671908C,27/04/2025 00:00,bank_transfer,637.7,DECLINED
PMT-B4DCB64BA4,RES-D4BA786863,01/05/2024 00:00,mobile_money,140.45,FAILED
PMT-9FED019A01,RES-1B52E4E2B8,11/04/2025 00:00,paypal,136.44,PAID
PMT-5E1FED0E53,RES-0E879417D6,2025-03-19 00:00:00,credit_card,805.58,refunded
PMT-CA1699CC2F,RES-0E879417D6,2025-09-22 00:00:00,credit_card,310.77,PENDING
PMT-174EBC80CA,RES-0E879417D6,2024-11-29 00:00:00,paypal,1687.1,pending
PMT-471A24D946,RES-1B80FD2836,2025-11-08 00:00:00,bank_transfer,264.36,PENDING
PMT-B013D6F0DD,RES-1B80FD2836,2025-07-09 00:00:00,mobile_money,1731.69,Refunded
PMT-3CA4A64888,RES-2AD93EE802,11/04/2026 00:00,mobile_money,134.7,paid
PMT-C319F28455,RES-627E6322BA,2025-04-17 00:00:00,debit_card,1692.05,FAILED
PMT-DDB227E580,RES-627E6322BA,,mobile_money,1372.79,Refunded
PMT-6C2E82F1FA,RES-83F37EF09A,05-15-2024 12:00 AM,paypal,1010.44,REFUNDED
PMT-5DDB07F54C,RES-724670580B,12/10/2024 00:00,bank_transfer,624.88,PAID
PMT-2DD2143359,RES-29F204B288,05-05-2025 12:00 AM,mobile_money,1127.42,Refunded
PMT-0E336DCCFD,RES-53E47977CD,02/11/2024 00:00,bank_transfer,1354.22,refunded
PMT-4508C3F346,RES-DCB804178A,2025-06-30 00:00:00,paypal,1765.76,paid
PMT-B2F81C1A1F,RES-E18689795B,10-23-2024 12:00 AM,credit_card,369.51,SUCCESS
PMT-435477387D,RES-5501BA94D8,2025-10-08 00:00:00,credit_card,1557.47,declined
PMT-42F4D48899,RES-B5A64E6A45,2025-03-27 00:00:00,bank_transfer,448.32,pending
PMT-102B00B053,RES-837BCABEF9,09-22-2025 12:00 AM,bank_transfer,776.88,pending
PMT-96ED3E865A,RES-5E7BE5CB52,,bank_transfer,130.27,PAID
PMT-163F9A4B61,RES-5E7BE5CB52,11/09/2025 00:00,bank_transfer,867.67,success
PMT-602C84A9F3,RES-5E7BE5CB52,26/03/2024 00:00,mobile_money,701.91,failed
PMT-74AEBC9AFC,RES-619C1EA90E,10-14-2025 12:00 AM,bank_transfer,1490.55,Refunded
PMT-60325A7471,RES-CC44E228FB,06-28-2025 12:00 AM,credit_card,1488.72,Refunded
PMT-69F6F8D5CD,RES-28AEAB923C,2025-08-28 00:00:00,credit_card,1699.74,pending
PMT-1937C5875A,RES-28AEAB923C,2024-11-18 00:00:00,cash,1666.03,success
PMT-2D893A3891,RES-700C898DB5,04-05-2026 12:00 AM,credit_card,727.2,success
PMT-6803450F20,RES-6613C2A1AC,2025-03-24 00:00:00,paypal,96.67,Pending
PMT-12529B78B5,RES-6EA1F65A34,22/01/2025 00:00,credit_card,1157.93,SUCCESS
PMT-3713F14BEB,RES-6EA1F65A34,21/01/2026 00:00,cash,1191.3,success
PMT-44F49F6EA3,RES-9D5834FCDD,2024-11-10 00:00:00,mobile_money,231.86,Refunded
PMT-FA05859D24,RES-74B35092ED,17/12/2024 00:00,bank_transfer,1603.93,pending
PMT-4A5CC2F440,RES-F4E5E94953,10-26-2025 12:00 AM,cash,471.89,DECLINED
PMT-AFDFE41EAD,RES-24C9FB54FE,10/09/2025 00:00,credit_card,1748.29,Paid
PMT-D8B6497887,RES-F391525556,10-01-2025 12:00 AM,credit_card,714.2,Pending
PMT-58F5C7DCF9,RES-F391525556,2026-02-18 00:00:00,bank_transfer,353.74,paid
PMT-4A4FEC5CA4,RES-BC1681309E,04-26-2026 12:00 AM,bank_transfer,1744.17,Failed
PMT-ED51DE3B56,RES-57D507D500,01/09/2025 00:00,bank_transfer,835.25,DECLINED
PMT-EDC01F29F5,RES-D76860D530,2024-04-09 00:00:00,mobile_money,296.14,pending
PMT-35360C75CF,RES-2D09376267,05-14-2024 12:00 AM,paypal,561.04,Paid
PMT-5874A4907E,RES-2D09376267,2025-06-11 00:00:00,debit_card,1147.06,pending
PMT-EB015C7F75,RES-34B43EC20D,2025-01-31 00:00:00,debit_card,1707.99,Refunded
PMT-47B9239E52,RES-24C3A87572,2026-04-25 00:00:00,debit_card,1320.94,paid
PMT-F31395B29B,RES-AA78C40A6B,14/12/2024 00:00,debit_card,1507.44,pending
PMT-D04B414931,RES-AD4D042294,01-15-2024 12:00 AM,credit_card,988.32,pending
PMT-3EC0ABB4F0,RES-93C0012502,2026-04-16 00:00:00,mobile_money,575.23,PENDING
PMT-992971B86F,RES-B0A6DD7420,10-16-2025 12:00 AM,debit_card,1456.37,DECLINED
PMT-BA4A588942,RES-77DE633C47,19/01/2026 00:00,credit_card,752.19,DECLINED
PMT-9AD0C7D90E,RES-41603F7E19,15/04/2026 00:00,mobile_money,1545.34,pending
PMT-A278E41F18,RES-41603F7E19,08-17-2025 12:00 AM,paypal,528.79,failed
PMT-BE616E9F7D,RES-476EE95B1B,2026-05-06 00:00:00,cash,1368.48,success
PMT-FEEC750164,RES-490A4BD624,2025-03-05 00:00:00,debit_card,1380.79,Refunded
PMT-8FFE2BD839,RES-490A4BD624,15/02/2025 00:00,debit_card,1147.43,pending
PMT-9B72C43E08,RES-5332223559,06-04-2026 12:00 AM,bank_transfer,45.66,paid
PMT-A26E3E07D0,RES-90F2C3DAD2,2025-03-10 00:00:00,debit_card,1730.64,pending
PMT-5989BEBA4A,RES-F610827262,2026-06-17 00:00:00,credit_card,1164.9,DECLINED
PMT-2D68B71BFC,RES-0512D51663,2025-09-06 00:00:00,debit_card,832.78,Failed
PMT-4610865ADA,RES-0512D51663,2025-12-21 00:00:00,cash,189.47,pending
PMT-DEC8AB56DD,RES-C53EE19F7E,06-21-2024 12:00 AM,mobile_money,533.78,PENDING
PMT-475A3F0D5C,RES-694ED215D6,2025-08-25 00:00:00,debit_card,990.86,paid
PMT-5379833EBD,RES-A778B03429,21/02/2025 00:00,paypal,1610.73,Refunded
PMT-A07404B32D,RES-48FEFAB03A,03-30-2025 12:00 AM,bank_transfer,570.55,paid
PMT-06501B9356,RES-3D0F6DB31C,06-26-2025 12:00 AM,cash,1569.54,pending
PMT-357E19930E,RES-0B8044417B,23/03/2025 00:00,debit_card,233.71,pending
PMT-51BCC960DE,RES-0E8448468B,06-01-2025 12:00 AM,debit_card,961.31,pending
PMT-846F060295,RES-507577FCCD,07-12-2024 12:00 AM,mobile_money,719.66,success
PMT-C04AD02A2D,RES-2EC76A37C1,06-13-2024 12:00 AM,cash,157.1,refunded
PMT-8B86358974,RES-5EBE71DB2F,05-01-2026 12:00 AM,bank_transfer,1208.3,REFUNDED
PMT-29F72E9A77,RES-28CC2AB5B0,26/10/2025 00:00,mobile_money,1274.28,SUCCESS
PMT-F5F232CF09,RES-B5449D0CC4,02-25-2024 12:00 AM,mobile_money,84.65,pending
PMT-F0F6DFA53C,RES-78F64AA446,30/07/2024 00:00,credit_card,99.45,Failed
PMT-5D75E2A4A4,RES-FAC4B3B90A,06-04-2024 12:00 AM,paypal,231.24,Paid
PMT-3D30F36581,RES-95BFCE17AF,2025-07-05 00:00:00,bank_transfer,917.05,DECLINED
PMT-3E09822803,RES-9067168249,02/11/2024 00:00,mobile_money,1451.36,Paid
PMT-6F1C9CDBA7,RES-071321B1BD,13/12/2025 00:00,credit_card,613.43,DECLINED
PMT-7270E5D0D3,RES-5CEEA5497F,01-30-2025 12:00 AM,credit_card,359.79,Pending
PMT-3519539583,RES-CEBFDBA5DF,04-21-2024 12:00 AM,mobile_money,1303.55,Failed
PMT-D1FFD99FCF,RES-869C73D41A,07/08/2024 00:00,bank_transfer,377.15,PAID
PMT-1BC9FF87A6,RES-869C73D41A,2025-04-30 00:00:00,bank_transfer,90.47,PENDING
PMT-494FA1D4BA,RES-869C73D41A,02-06-2024 12:00 AM,credit_card,574.67,refunded
PMT-92364FF3CD,RES-EEAAF7048F,17/01/2024 00:00,cash,1750.79,paid
PMT-7D9044DB54,RES-F7F2A843B7,23/06/2025 00:00,paypal,468.81,declined
PMT-2EA61B8E47,RES-419316574B,2026-05-10 00:00:00,bank_transfer,414.91,Refunded
PMT-7A5C7F302C,RES-419316574B,,bank_transfer,410.12,paid
PMT-BAC3223288,RES-419316574B,09-10-2025 12:00 AM,mobile_money,519.86,pending
PMT-EC3FCA7333,RES-DD2C0B6C10,12/04/2026 00:00,debit_card,1495.85,Failed
PMT-B285B464F3,RES-DD2C0B6C10,05-06-2026 12:00 AM,cash,1782.06,success
PMT-9E4C3A20CC,RES-169A5A3B0B,23/03/2024 00:00,credit_card,658.92,DECLINED
PMT-A2C1CEB7B5,RES-47F177F1A6,25/12/2024 00:00,cash,1553.37,success
PMT-2D84D8D95F,RES-47F177F1A6,,debit_card,302.62,SUCCESS
PMT-935B176A85,RES-77046CEBFD,11-15-2025 12:00 AM,mobile_money,1470.41,Paid
PMT-0F5F439CFB,RES-FE5D757FCF,12/05/2025 00:00,cash,389.61,DECLINED
PMT-867BF09606,RES-FE5D757FCF,2025-02-15 00:00:00,debit_card,901.46,Pending
PMT-EAE2E9C91F,RES-DC549B76D0,,credit_card,802.17,FAILED
PMT-7435088CFC,RES-A8B41CD7F5,2024-10-11 00:00:00,paypal,335.28,Failed
PMT-3F77E418C6,RES-6737F1FF47,04-05-2025 12:00 AM,bank_transfer,835.86,failed
PMT-BF736ACB05,RES-A8D6B2467D,12/06/2026 00:00,bank_transfer,1312.04,refunded
PMT-24E91FA9D5,RES-A8D6B2467D,06/05/2026 00:00,mobile_money,846.37,Refunded
PMT-573C968C82,RES-A8D6B2467D,01-23-2024 12:00 AM,cash,266.33,REFUNDED
PMT-721516167F,RES-4D678D9926,09-05-2024 12:00 AM,debit_card,1201.01,Failed
PMT-889461A61C,RES-4D678D9926,2024-02-25 00:00:00,debit_card,256.28,Paid
PMT-6401FC3733,RES-4C92AF76C3,08-13-2025 12:00 AM,credit_card,1094.79,pending
PMT-51233E0EC4,RES-E14F6AD588,20/07/2024 00:00,debit_card,187.73,declined
PMT-1EB893D282,RES-E14F6AD588,02/06/2026 00:00,bank_transfer,887.78,pending
PMT-A77DDE9793,RES-08042581BF,2024-03-26 00:00:00,credit_card,1679.51,FAILED
PMT-B60D314922,RES-78A08B86CE,2025-06-28 00:00:00,credit_card,862.04,SUCCESS
PMT-2167CA8241,RES-FCFFFD826A,2024-01-02 00:00:00,bank_transfer,983.26,Pending
PMT-52D8F546DB,RES-642F2AECF4,2025-02-03 00:00:00,mobile_money,912.81,PENDING
PMT-70D2AEC0E4,RES-74F3E91177,2024-04-17 00:00:00,bank_transfer,1796.4,Refunded
PMT-D415DD0245,RES-4222BE80F2,25/01/2024 00:00,bank_transfer,926.14,success
PMT-6EC0339362,RES-83F03011D4,12-24-2025 12:00 AM,bank_transfer,1795.1,refunded
PMT-1FE243EB31,RES-83F03011D4,2026-05-19 00:00:00,cash,1121.75,PENDING
PMT-29EF4418A5,RES-83F03011D4,03-25-2025 12:00 AM,credit_card,1388.23,Refunded
PMT-B441E0AAB9,RES-4EFEF4A1B3,2026-06-10 00:00:00,paypal,1778.48,PENDING
PMT-AA67D8C789,RES-315A519727,19/06/2024 00:00,mobile_money,1521.6,REFUNDED
PMT-F57013FCF8,RES-A6FD336D0B,2025-01-21 00:00:00,mobile_money,55.75,success
PMT-2971DF403E,RES-6BD9FE374D,05-25-2025 12:00 AM,cash,1362.0,REFUNDED
PMT-A6420F4B12,RES-DD436F64BA,13/04/2024 00:00,credit_card,1136.48,DECLINED
PMT-0BDCAB13AC,RES-3CF32F2866,23/06/2024 00:00,credit_card,1064.73,failed
PMT-4FB76DF265,RES-72643B87EA,20/12/2025 00:00,mobile_money,217.27,Failed
PMT-34FD0CF7A8,RES-D1E9E46BA3,11/08/2024 00:00,paypal,1661.98,PAID
PMT-61C96FEF37,RES-E5381DE415,27/11/2024 00:00,bank_transfer,1256.71,FAILED
PMT-0C7937D64B,RES-CDEA4854B8,16/07/2025 00:00,mobile_money,1321.68,refunded
PMT-DDBB211B26,RES-84639FCB40,08-08-2024 12:00 AM,debit_card,1672.08,pending
PMT-4ECC029747,RES-ECC50F4F11,08-21-2024 12:00 AM,paypal,1755.4,pending
PMT-37E55A16F5,RES-A33AA189E9,03-15-2026 12:00 AM,bank_transfer,1553.67,Pending
PMT-E63C2D0B31,RES-55DEC5D016,20/10/2024 00:00,credit_card,1038.38,refunded
PMT-67DFAF15A1,RES-8FAC1BF1BF,09/06/2026 00:00,cash,1237.42,Refunded
PMT-644DA0A6B1,RES-2C0B0FEA84,2025-10-31 00:00:00,mobile_money,159.2,Refunded
PMT-E5857202C7,RES-2C0B0FEA84,01/03/2025 00:00,credit_card,1672.9,PENDING
PMT-3158D7D890,RES-375F1C0152,2024-05-18 00:00:00,cash,1514.67,paid
PMT-D8440E3A0F,RES-2CF0CCC258,04/05/2026 00:00,bank_transfer,308.68,Failed
PMT-7BF67AB82A,RES-76135FB9DA,2024-05-12 00:00:00,credit_card,581.65,Refunded
PMT-93B74C8CBC,RES-76135FB9DA,07/11/2025 00:00,paypal,749.73,FAILED
PMT-0744D73F6F,RES-A0086B08C6,06-19-2025 12:00 AM,cash,1281.65,PAID
PMT-E2E0AC31F9,RES-A0086B08C6,2025-03-03 00:00:00,credit_card,158.52,refunded
PMT-2749CFDEAE,RES-A0086B08C6,17/12/2024 00:00,mobile_money,1368.41,Refunded
PMT-6E7B617AA2,RES-CC4E2CB5EF,05-20-2025 12:00 AM,paypal,1287.52,Refunded
PMT-716DF460C8,RES-DE15047641,08-02-2025 12:00 AM,credit_card,412.23,Pending
PMT-03209AAF7F,RES-7695DFD1AF,06-02-2025 12:00 AM,cash,796.11,Paid
PMT-848C8419AC,RES-ADCE881600,11/05/2025 00:00,credit_card,1477.75,refunded
PMT-8E1C858503,RES-ADCE881600,10/03/2025 00:00,debit_card,1040.59,PAID
PMT-EB55BD8611,RES-D607E97398,2024-06-09 00:00:00,credit_card,1520.46,PAID
PMT-C0A19DF9E0,RES-175B53584C,26/02/2024 00:00,credit_card,1034.69,declined
PMT-10EE16B9D0,RES-6670F2F6A7,23/09/2025 00:00,debit_card,1096.56,refunded
PMT-F7AFCBD252,RES-462032BFED,10-23-2024 12:00 AM,cash,153.29,PENDING
PMT-51C735191D,RES-462032BFED,2024-07-07 00:00:00,bank_transfer,1199.55,Refunded
PMT-11B4A16C24,RES-28BFF7C8D1,2024-01-25 00:00:00,paypal,1384.83,Paid
PMT-09A6856B9F,RES-3935A6A437,24/06/2024 00:00,mobile_money,530.04,refunded
PMT-D5D2729D20,RES-78A73394FD,28/12/2025 00:00,credit_card,1492.17,SUCCESS
PMT-1C9649E01A,RES-78A73394FD,01/10/2025 00:00,debit_card,957.6,pending
PMT-6586A5CF84,RES-78A73394FD,07-14-2024 12:00 AM,debit_card,604.27,declined
PMT-CDD42E6CDF,RES-532D124275,09-10-2024 12:00 AM,debit_card,633.69,success
PMT-01B71777FC,RES-532D124275,11-04-2025 12:00 AM,credit_card,1282.96,PENDING
PMT-0ADDF7E3F3,RES-CFEC935A05,2026-04-08 00:00:00,mobile_money,671.67,Refunded
PMT-D629CC9045,RES-D3C5DFBA82,21/11/2024 00:00,credit_card,1390.62,refunded
PMT-8C7C4CF036,RES-599D29334C,09-25-2024 12:00 AM,bank_transfer,854.39,refunded
PMT-FFB2474C92,RES-85B470DB79,11-14-2025 12:00 AM,mobile_money,1169.29,Pending
PMT-DA40A0DFD1,RES-CE9AD74C78,07-26-2024 12:00 AM,cash,1307.52,REFUNDED
PMT-1E5ACA4CAC,RES-897C2E0036,14/11/2025 00:00,credit_card,1502.36,pending
PMT-CC63337A54,RES-4CC6B099B4,2025-06-17 00:00:00,cash,391.49,PAID
PMT-70E42D2ED1,RES-09CE7C3FC3,08/08/2025 00:00,debit_card,1402.55,refunded
PMT-6FF19CCD1B,RES-94512E709C,09-21-2025 12:00 AM,credit_card,1503.56,DECLINED
PMT-128A7AA0BF,RES-5BA2BBD376,09-18-2025 12:00 AM,debit_card,844.99,Failed
PMT-2BD0A4C2DC,RES-22FFB4BC3E,05-12-2024 12:00 AM,mobile_money,1309.19,Paid
PMT-0A16872408,RES-85D3120EF9,01/09/2024 00:00,debit_card,876.11,REFUNDED
PMT-E57585D9FD,RES-F41AF4D41C,2026-01-13 00:00:00,debit_card,390.8,declined
PMT-032572E984,RES-F91D27764E,06-10-2025 12:00 AM,mobile_money,1246.41,Pending
PMT-9272109DBE,RES-1DAFAC8351,2025-08-07 00:00:00,credit_card,343.28,paid
PMT-80D9AB7938,RES-7BF13361F2,01-29-2025 12:00 AM,debit_card,1184.08,REFUNDED
PMT-08ECF8CC91,RES-19BDD6685D,05-11-2024 12:00 AM,bank_transfer,932.61,Pending
PMT-3435F81CE6,RES-103929E30D,2024-11-03 00:00:00,debit_card,893.52,success
PMT-F2E90994F8,RES-D4D79F4B7B,02/10/2025 00:00,paypal,175.73,pending
PMT-B7BC5806D6,RES-018AA03637,05-23-2025 12:00 AM,mobile_money,961.0,PAID
PMT-B2F30C64CA,RES-D20D179E2C,2024-06-29 00:00:00,credit_card,327.76,pending
PMT-169185B1D2,RES-D20D179E2C,19/01/2026 00:00,paypal,1375.77,Pending
PMT-A45E009C17,RES-D424179F8F,01-03-2025 12:00 AM,cash,736.44,PAID
PMT-EBE646CD40,RES-6F96D35979,19/04/2024 00:00,bank_transfer,1595.85,Pending
PMT-6AD4EFB025,RES-5F0E5A52D0,12-29-2024 12:00 AM,credit_card,454.17,PAID
PMT-D155AFC547,RES-B0A53406A8,2026-01-15 00:00:00,debit_card,123.75,Paid
PMT-9CC4D92A34,RES-E453A09426,01-06-2026 12:00 AM,mobile_money,1336.96,Refunded
PMT-89D0FE92DD,RES-DCA079EB00,08-22-2025 12:00 AM,mobile_money,1220.19,PENDING
PMT-B9628A87EE,RES-4A61B752B4,10-12-2024 12:00 AM,credit_card,581.79,Pending
PMT-B34DADE2B1,RES-7F419EA94B,03/04/2026 00:00,cash,255.24,refunded
PMT-28A387DBE3,RES-F73B7DE3C2,2026-05-27 00:00:00,credit_card,822.47,PENDING
PMT-1F9142D275,RES-FEB41FA15D,06-15-2026 12:00 AM,mobile_money,404.79,PAID
PMT-336B535D29,RES-0E080AF70C,09/06/2024 00:00,mobile_money,1581.45,Failed
PMT-653814D7AA,RES-2E803B653F,2024-12-11 00:00:00,mobile_money,1002.31,Refunded
PMT-0D460A74B1,RES-0E15C918C7,2024-08-04 00:00:00,paypal,123.16,Pending
PMT-25E0F8FDF8,RES-08CE3B6F9E,08-05-2025 12:00 AM,mobile_money,653.98,DECLINED
PMT-6525C3C7EC,RES-080096B0B0,29/02/2024 00:00,cash,386.35,declined
PMT-8AC8032C68,RES-79279AEEDB,2025-11-28 00:00:00,bank_transfer,355.49,REFUNDED
PMT-DB0BCD2BB8,RES-913CD884A2,2025-08-20 00:00:00,cash,1319.01,Paid
PMT-E376E6217B,RES-DCE73509A5,03-07-2025 12:00 AM,bank_transfer,372.44,DECLINED
PMT-F27B3E3B05,RES-DCCFDA9327,2025-12-14 00:00:00,bank_transfer,861.61,pending
PMT-902DB6A8FB,RES-CD35662487,30/01/2025 00:00,cash,1754.21,PENDING
PMT-68741AA4BC,RES-77108CE7A2,01-16-2025 12:00 AM,cash,817.27,Failed
PMT-38062BEAD3,RES-C87B4F28DA,2024-07-02 00:00:00,paypal,242.08,PAID
PMT-F1F3D5147F,RES-C87B4F28DA,06-25-2025 12:00 AM,mobile_money,994.89,REFUNDED
PMT-14D1632D03,RES-C87B4F28DA,21/11/2024 00:00,bank_transfer,448.48,failed
PMT-4CB14CDF36,RES-758472248B,02-18-2025 12:00 AM,credit_card,1283.14,Failed
PMT-C3715913AA,RES-14FA4505ED,02-05-2024 12:00 AM,cash,431.55,PAID
PMT-785539F188,RES-2DEC13CC53,2024-01-17 00:00:00,debit_card,150.61,REFUNDED
PMT-48E60F0647,RES-9BC2F84783,11-16-2024 12:00 AM,bank_transfer,658.43,FAILED
PMT-04D728FE98,RES-8D14DE531C,2025-02-18 00:00:00,debit_card,214.7,success
PMT-CAE35E717C,RES-2E71780CD4,02-06-2024 12:00 AM,mobile_money,1242.34,failed
PMT-C595BD1A09,RES-4E837F866B,15/04/2026 00:00,cash,1473.65,REFUNDED
PMT-9B70B7B53E,RES-1D0F3EAD46,21/10/2025 00:00,credit_card,1589.48,Paid
PMT-C45F6E4F9D,RES-89DAFE9C59,10-06-2024 12:00 AM,cash,938.55,REFUNDED
PMT-B26633DB15,RES-0EF5366ECA,02/01/2025 00:00,cash,779.26,Pending
PMT-35C769F94F,RES-0EF5366ECA,17/02/2026 00:00,debit_card,917.36,Paid
PMT-B2B4B09D81,RES-0F0BB90441,2025-05-14 00:00:00,debit_card,1256.77,PENDING
PMT-3A7EC23E5B,RES-D4979FFB15,2024-06-12 00:00:00,debit_card,1197.9,Paid
PMT-F455CC6E0D,RES-2FB4F8B963,16/03/2025 00:00,cash,646.83,refunded
PMT-364E98673A,RES-7D42EF7123,2025-09-22 00:00:00,credit_card,769.44,REFUNDED
PMT-CE87AA9B7A,RES-9B4759EA79,2025-05-12 00:00:00,cash,797.21,PENDING
PMT-04E5642374,RES-DF556FAF36,2025-02-26 00:00:00,bank_transfer,1230.72,SUCCESS
PMT-127D073E09,RES-2D9FB10919,05/08/2025 00:00,debit_card,1618.2,pending
PMT-81EC994E7E,RES-89F52E08BB,10/06/2024 00:00,paypal,277.27,DECLINED
PMT-8865898A23,RES-89F52E08BB,05-06-2026 12:00 AM,credit_card,1012.31,REFUNDED
PMT-393A56F039,RES-BD2AC1ED79,04/08/2025 00:00,credit_card,992.69,SUCCESS
PMT-9C6F105597,RES-F01D8654D6,2025-04-06 00:00:00,cash,1229.53,Refunded
PMT-7A9BF124B8,RES-9EA2A737E5,28/04/2025 00:00,credit_card,687.11,REFUNDED
PMT-9B507A13D9,RES-9EA2A737E5,04-18-2025 12:00 AM,paypal,566.57,Failed
PMT-5D035E64D4,RES-1B00E5C31B,04-02-2025 12:00 AM,paypal,1320.71,SUCCESS
PMT-D8376819BB,RES-1B00E5C31B,10-31-2024 12:00 AM,bank_transfer,1493.15,refunded
PMT-5CB5133BD9,RES-1B00E5C31B,07-31-2025 12:00 AM,debit_card,584.43,SUCCESS
PMT-B451825D1D,RES-A05446E2E3,26/07/2025 00:00,cash,1147.26,Paid
PMT-7E3E41BBD8,RES-DDF047ED2E,2024-05-19 00:00:00,mobile_money,1197.92,SUCCESS
PMT-1A5B4182FF,RES-71BB597CF5,25/07/2024 00:00,cash,894.54,Pending
PMT-0678C921DC,RES-2CBCED08ED,07-06-2024 12:00 AM,debit_card,1640.94,DECLINED
PMT-C10D821CE7,RES-4D67704171,23/06/2024 00:00,credit_card,761.0,PAID
PMT-420898F515,RES-7804AA6E38,09/12/2025 00:00,mobile_money,399.19,SUCCESS
PMT-416F1E7C22,RES-238D3AF549,17/01/2025 00:00,cash,1159.86,refunded
PMT-415928D48D,RES-96622ADDEC,01-23-2026 12:00 AM,paypal,947.89,declined
PMT-15AB992EAC,RES-1CD9C2152B,17/01/2026 00:00,credit_card,1542.59,FAILED
PMT-6523E1DB50,RES-13712A1928,12-22-2024 12:00 AM,cash,213.65,refunded
PMT-E3AE740289,RES-FE8461953A,09/02/2024 00:00,mobile_money,376.95,paid
PMT-DAEBCD1763,RES-E19D689EEC,06-09-2026 12:00 AM,cash,1021.1,declined
PMT-A7AA941647,RES-F13F9EE0AF,2026-02-02 00:00:00,bank_transfer,94.36,PENDING
PMT-040B3F5C07,RES-4D47567BF1,28/11/2024 00:00,debit_card,561.78,refunded
PMT-72F53416BB,RES-5C304A6A22,01/03/2026 00:00,cash,540.17,pending
PMT-EA3A4B23FF,RES-9515CBE564,2025-03-16 00:00:00,bank_transfer,661.72,success
PMT-AD7F4FFD3E,RES-A75C22A2F0,18/10/2025 00:00,cash,1164.89,Pending
PMT-7EEE454A33,RES-A75C22A2F0,11/08/2025 00:00,debit_card,492.5,Pending
PMT-16639A73ED,RES-A75C22A2F0,09-25-2024 12:00 AM,bank_transfer,1062.19,Refunded
PMT-E938115487,RES-E35A1546F7,08-13-2025 12:00 AM,paypal,1681.44,pending
PMT-718C22D58D,RES-E35A1546F7,06-04-2026 12:00 AM,paypal,1368.86,FAILED
PMT-663951448E,RES-E35A1546F7,12-10-2024 12:00 AM,cash,61.49,PENDING
PMT-F2B78EB524,RES-E190168D09,2025-05-17 00:00:00,bank_transfer,384.05,SUCCESS
PMT-5F96B897EF,RES-59919EACE3,31/03/2025 00:00,mobile_money,620.86,PENDING
PMT-FF69CDFA8F,RES-A0D9ACF779,11/05/2026 00:00,debit_card,226.54,Pending
PMT-4C1F97B403,RES-41153E16B3,06-17-2025 12:00 AM,paypal,167.99,Pending
PMT-8CBB0CC4F5,RES-222284985D,10/09/2024 00:00,paypal,1478.59,pending
PMT-22AA30FB44,RES-34C9EEA1C2,,bank_transfer,512.28,PAID
PMT-C3FB6CCFC1,RES-ADDA16DC39,03-10-2025 12:00 AM,debit_card,1574.34,paid
PMT-737AE62DA7,RES-DD38218E59,2026-04-16 00:00:00,bank_transfer,850.32,refunded
PMT-C3D8D036F0,RES-6530E1DCD1,,mobile_money,1726.7,Refunded
PMT-4D94E827A6,RES-D49EB57810,2026-01-07 00:00:00,paypal,457.95,REFUNDED
PMT-D17B10749A,RES-D49EB57810,04-14-2025 12:00 AM,paypal,207.95,REFUNDED
PMT-B3B8A73ECB,RES-D566A78609,19/12/2024 00:00,bank_transfer,1061.6,declined
PMT-B109A01D32,RES-DBFA7A252F,2024-12-06 00:00:00,cash,399.54,REFUNDED
PMT-E0DB31E972,RES-D296648C26,2026-02-27 00:00:00,credit_card,702.38,Refunded
PMT-E319F66334,RES-9FB6394F50,07-17-2025 12:00 AM,mobile_money,418.49,Refunded
PMT-BDAC020FF4,RES-CA5CBC308A,09-21-2024 12:00 AM,credit_card,1725.36,SUCCESS
PMT-0156950DE8,RES-8947E56915,2024-01-31 00:00:00,credit_card,1291.41,Pending
PMT-B677EEAC20,RES-7740D9549E,01-16-2025 12:00 AM,credit_card,473.89,Failed
PMT-1905219803,RES-3F513CA668,2024-08-07 00:00:00,debit_card,1441.33,DECLINED
PMT-04C6A5361B,RES-63606CE2F7,2025-09-26 00:00:00,bank_transfer,214.49,refunded
PMT-0FB1C67CFC,RES-3D9ACAD561,01-31-2024 12:00 AM,bank_transfer,1658.32,Refunded
PMT-BDF962F9E3,RES-2DBF3474CC,01-11-2026 12:00 AM,mobile_money,496.03,FAILED
PMT-2A8652CF89,RES-2DBF3474CC,2026-01-28 00:00:00,cash,1296.8,pending
PMT-3F7A3F6C3C,RES-2DBF3474CC,01/08/2025 00:00,credit_card,113.14,REFUNDED
PMT-1E767BE3CF,RES-F42B3309C5,22/01/2026 00:00,mobile_money,1214.65,PENDING
PMT-DBCACD1DDD,RES-6F795071BE,02-08-2024 12:00 AM,bank_transfer,1336.55,DECLINED
PMT-E7EEA9D209,RES-D35E2E2750,04-10-2025 12:00 AM,credit_card,1617.65,refunded
PMT-7BD7FFC09B,RES-0AA4FF483B,07-13-2025 12:00 AM,mobile_money,1156.97,pending
PMT-F1BA0AA5AE,RES-8EEF9171BB,04-09-2025 12:00 AM,credit_card,88.81,PAID
PMT-CAF975B3A8,RES-271EF09656,2024-08-31 00:00:00,credit_card,995.56,paid
PMT-5C96B6AC1E,RES-82D2374903,20/10/2025 00:00,paypal,249.43,SUCCESS
PMT-DAE3E8EF27,RES-804F5FF429,2026-05-09 00:00:00,credit_card,957.06,FAILED
PMT-6C616223E6,RES-DF80D25B57,10-20-2025 12:00 AM,mobile_money,1084.59,Pending
PMT-3DB596F225,RES-A38B847FB8,07-02-2024 12:00 AM,credit_card,1364.69,Pending
PMT-F941FF8DED,RES-0605BA0D69,2025-09-15 00:00:00,paypal,1627.12,Failed
PMT-D93243FE24,RES-0BAF0C4637,2025-08-06 00:00:00,debit_card,162.22,Failed
PMT-26C3A1CD43,RES-8E9062EEFF,2025-05-26 00:00:00,debit_card,571.17,Paid
PMT-AFC9874E4A,RES-648B2AA9D1,2024-05-20 00:00:00,bank_transfer,253.98,paid
PMT-349F80113A,RES-B7F1927E54,04-18-2025 12:00 AM,paypal,1438.2,FAILED
PMT-70949AC837,RES-751A57A86F,10-01-2024 12:00 AM,bank_transfer,1162.07,SUCCESS
PMT-B07CCFAE78,RES-811E17BF68,11-25-2025 12:00 AM,credit_card,288.55,FAILED
PMT-410281B196,RES-D9522C7563,11-06-2025 12:00 AM,debit_card,279.62,Pending
PMT-B60E73294A,RES-CF8DA7922A,06/02/2024 00:00,paypal,882.94,REFUNDED
PMT-F723B2DC25,RES-849B208DA0,08-16-2025 12:00 AM,credit_card,1623.75,REFUNDED
PMT-5828DCD427,RES-EA3D37694D,11-27-2025 12:00 AM,debit_card,763.71,pending
PMT-E61A5B677E,RES-E87A76B19D,21/02/2024 00:00,cash,1085.14,PAID
PMT-AC0C387A14,RES-4AB06A88EA,08/11/2025 00:00,debit_card,1542.92,FAILED
PMT-59B6C496CC,RES-4AB06A88EA,31/10/2024 00:00,cash,833.17,success
PMT-8DF13CF9DD,RES-9480E4CF5D,02-03-2026 12:00 AM,cash,1033.02,Failed
PMT-08262FB86E,RES-EE1AD07053,2026-01-15 00:00:00,bank_transfer,373.23,Failed
PMT-AF5C3D5CA8,RES-EE1AD07053,05/03/2024 00:00,credit_card,635.92,SUCCESS
PMT-215683C906,RES-EE1AD07053,2025-02-21 00:00:00,bank_transfer,223.1,declined
PMT-A3FCAD3A83,RES-C711E6E04E,17/07/2025 00:00,credit_card,1697.14,Refunded
PMT-58EF809BF0,RES-32EDE0AD8B,08/09/2025 00:00,mobile_money,297.96,pending
PMT-6433B617DF,RES-32EDE0AD8B,2024-12-09 00:00:00,bank_transfer,1558.15,pending
PMT-88765FD87E,RES-32EDE0AD8B,09/02/2026 00:00,cash,332.75,PENDING
PMT-3F2BA705D0,RES-BDE0EDBCD3,2026-01-17 00:00:00,credit_card,1604.86,REFUNDED
PMT-3141FB7BB9,RES-55719283E1,02-15-2025 12:00 AM,credit_card,611.43,failed
PMT-AB4737E357,RES-CC4DC25CBB,22/04/2025 00:00,debit_card,1445.56,declined
PMT-0B9FF24A48,RES-24072FA1BF,,mobile_money,1052.83,PAID
PMT-5A691C3B64,RES-24072FA1BF,2026-06-15 00:00:00,bank_transfer,648.21,refunded
PMT-C8E075AACD,RES-C48C2ED8D8,01/08/2025 00:00,mobile_money,1693.69,refunded
PMT-C2547CB2EF,RES-C48C2ED8D8,04-19-2024 12:00 AM,debit_card,1494.87,success
PMT-0E98583D41,RES-D6DA9B5288,26/11/2024 00:00,mobile_money,253.47,Failed
PMT-90CD9AAEE0,RES-43510B13C2,02-21-2024 12:00 AM,cash,1448.04,Pending
PMT-E142E73E48,RES-4FE0F3F205,11-25-2025 12:00 AM,mobile_money,1201.19,PAID
PMT-CC24AA38CA,RES-C7486AA19D,2024-02-18 00:00:00,mobile_money,1625.01,refunded
PMT-20375CE85F,RES-D38B4C3D94,20/02/2026 00:00,debit_card,1048.74,refunded
PMT-B2141522EF,RES-22FE0E15A7,29/12/2024 00:00,credit_card,579.87,Pending
PMT-3E68DE0C5E,RES-29AAD921B1,01/07/2025 00:00,cash,1294.49,Failed
PMT-F6F9CE2A05,RES-8A19F8FEE0,12-15-2024 12:00 AM,paypal,1498.7,REFUNDED
PMT-DB8B6DE4FF,RES-F6B9D44F7E,2025-10-21 00:00:00,paypal,1145.75,Pending
PMT-62F444151F,RES-09BAD3CC74,10-22-2024 12:00 AM,cash,768.38,SUCCESS
PMT-D86894C5E5,RES-E25B16AACC,18/09/2025 00:00,mobile_money,1665.87,PAID
PMT-FE5BCEEA5A,RES-D7A3E1AFC7,04/01/2026 00:00,bank_transfer,939.8,Refunded
PMT-4390B57AF4,RES-E68C15C1CE,07/11/2025 00:00,paypal,744.92,paid
PMT-E41E8B9435,RES-6711AFE3FE,04-02-2026 12:00 AM,credit_card,67.75,PENDING
PMT-5F98882899,RES-9F1380F792,29/03/2024 00:00,paypal,1437.73,PENDING
PMT-D3A9C9705E,RES-D63454EB9C,12-24-2025 12:00 AM,mobile_money,475.21,PENDING
PMT-1E248307BC,RES-D63454EB9C,2025-11-06 00:00:00,credit_card,820.8,REFUNDED
PMT-CF5CCAC8B2,RES-CD4D39CBB1,06/12/2024 00:00,credit_card,371.11,Refunded
PMT-7F8507E2F3,RES-EBF705B949,,credit_card,797.7,refunded
PMT-33125CD61F,RES-2BA769B7FC,2025-01-07 00:00:00,mobile_money,1122.76,Failed
PMT-62EC0A39DF,RES-D2EF58EB66,22/03/2026 00:00,cash,921.46,Failed
PMT-AE5097CC65,RES-D2EF58EB66,07/03/2026 00:00,credit_card,1525.4,Pending
PMT-FF1F8AD2D4,RES-D2EF58EB66,06/07/2025 00:00,credit_card,648.35,REFUNDED
PMT-5EF62A522D,RES-A0F0AEB106,2026-06-02 00:00:00,cash,1155.0,SUCCESS
PMT-F957F4EC89,RES-0CB0D7A11E,01/10/2024 00:00,bank_transfer,335.31,paid
PMT-C0C7079690,RES-AE0D1C5396,03-13-2024 12:00 AM,paypal,1119.36,Pending
PMT-3BD1921C77,RES-F80C01085C,02-07-2026 12:00 AM,cash,1382.02,refunded
PMT-6D2A6440A1,RES-4D989F65B1,06-30-2025 12:00 AM,paypal,1342.97,PAID
PMT-2227FDD97C,RES-6716DBDFC9,18/06/2026 00:00,credit_card,1087.85,refunded
PMT-82AF687116,RES-094988693B,02/04/2024 00:00,mobile_money,344.53,DECLINED
PMT-E1455EFB57,RES-2D2B9C715E,23/03/2024 00:00,mobile_money,1720.18,DECLINED
PMT-98B1B91F3C,RES-91C641DBAF,04-27-2024 12:00 AM,credit_card,617.43,pending
PMT-9BC2A72C42,RES-2BEDBF2533,11/02/2025 00:00,paypal,867.38,success
PMT-27E5BAE454,RES-462B8A7926,2025-10-03 00:00:00,credit_card,1078.33,PENDING
PMT-28C900CCCC,RES-7921320B14,11-11-2024 12:00 AM,bank_transfer,437.48,DECLINED
PMT-F173C0358A,RES-2181B48DE8,2024-04-01 00:00:00,debit_card,838.17,Paid
PMT-19F31E4F99,RES-0415F7BB15,2025-06-03 00:00:00,mobile_money,361.98,refunded
PMT-3AC2A2144D,RES-04D3D539BD,2024-11-05 00:00:00,credit_card,180.95,Refunded
PMT-4590D8B087,RES-6530EC5D81,2025-11-12 00:00:00,cash,1497.49,DECLINED
PMT-AB2B4838BE,RES-B1ADC76AF3,03/07/2024 00:00,debit_card,1363.07,failed
PMT-75DC3504A1,RES-B1ADC76AF3,03-09-2025 12:00 AM,cash,1279.91,Pending
PMT-8D3D051158,RES-B1ADC76AF3,01-04-2024 12:00 AM,cash,355.28,Refunded
PMT-3B3A22A082,RES-CB80899444,03-31-2025 12:00 AM,bank_transfer,701.72,Refunded
PMT-1AD9298CE1,RES-BB800BD548,10/05/2026 00:00,debit_card,1503.73,success
PMT-E3E19E1DBF,RES-67C01A4774,2025-11-15 00:00:00,mobile_money,578.43,Pending
PMT-421AA856D7,RES-5A2AEAF3D4,11-11-2024 12:00 AM,credit_card,702.45,PENDING
PMT-7058880226,RES-CCA63C5542,05-27-2026 12:00 AM,paypal,873.99,PENDING
PMT-A28CD75695,RES-6D19FB04CB,2024-03-20 00:00:00,credit_card,1530.39,Refunded
PMT-A953265C05,RES-1F6DFE6E28,03/07/2024 00:00,paypal,1201.75,declined
PMT-B0EF8B10C6,RES-2A1D600EA2,11-10-2024 12:00 AM,bank_transfer,867.42,Paid
PMT-A1C75003AF,RES-CCC091149C,11/07/2025 00:00,debit_card,193.52,Paid
PMT-21AD9F7F7A,RES-AAA3772D43,11-22-2024 12:00 AM,mobile_money,1024.33,refunded
PMT-21C72C31ED,RES-0C7646A84A,2026-06-07 00:00:00,cash,820.79,Paid
PMT-B216090611,RES-C90F9264B4,2024-03-22 00:00:00,credit_card,1640.61,declined
PMT-39C89AEF27,RES-A4B57DC02A,03-14-2025 12:00 AM,mobile_money,1285.83,refunded
PMT-5124434B27,RES-830C300D2D,08-20-2024 12:00 AM,credit_card,536.27,declined
PMT-35BAD53785,RES-58D2ECBEAE,03-17-2026 12:00 AM,paypal,590.33,REFUNDED
PMT-26F160D3D1,RES-07DCE92A0F,2025-08-16 00:00:00,credit_card,1755.94,REFUNDED
PMT-29F703ED70,RES-4E65B9C86C,20/06/2025 00:00,debit_card,1229.88,pending
PMT-03F8344B58,RES-E2AC68A99F,04-20-2026 12:00 AM,mobile_money,844.82,pending
PMT-2E0EB28F2B,RES-BEEA3E6139,06/03/2025 00:00,credit_card,1744.64,paid
PMT-A5FFDC17CB,RES-C64E774F3F,02-01-2026 12:00 AM,credit_card,66.6,success
PMT-60A553B807,RES-C3AD62FAAF,04-26-2024 12:00 AM,debit_card,158.09,PENDING
PMT-1CDD7E1093,RES-C1C5F8F31F,25/07/2025 00:00,cash,1542.3,paid
PMT-43DF9C18D9,RES-50A14BB575,04-17-2024 12:00 AM,credit_card,626.59,failed
PMT-F884B294A8,RES-50A14BB575,2024-08-16 00:00:00,bank_transfer,1116.28,Refunded
PMT-9BEB237351,RES-048403651D,03/01/2026 00:00,paypal,1206.41,refunded
PMT-9D0F96B970,RES-0E8440617C,04-19-2025 12:00 AM,paypal,1769.47,refunded
PMT-E815C085F7,RES-5CD1869B2F,19/02/2026 00:00,cash,1295.27,pending
PMT-4248DC6B09,RES-7D49CC8B9E,2025-02-12 00:00:00,mobile_money,1688.38,refunded
PMT-9C6D409246,RES-C2E7773234,02/06/2025 00:00,paypal,774.38,pending
PMT-5A19CBFBF7,RES-8B941A7C8E,05-10-2026 12:00 AM,paypal,1077.68,success
PMT-AFC6999521,RES-8E761E55D4,05/04/2025 00:00,bank_transfer,141.98,paid
PMT-61D477506A,RES-C1C0E641B1,2024-03-16 00:00:00,debit_card,611.6,FAILED
PMT-BB5F375CA9,RES-FF56697C49,2025-06-06 00:00:00,cash,1379.6,Refunded
PMT-F282F55032,RES-B092F9FD89,01-24-2024 12:00 AM,bank_transfer,1606.17,refunded
PMT-DB7E5BD6DC,RES-D000690F00,2025-09-03 00:00:00,paypal,664.74,REFUNDED
PMT-A7E3FEE80B,RES-19EBAED706,26/01/2024 00:00,debit_card,465.23,Refunded
PMT-FEAEB3F47B,RES-19EBAED706,02-22-2024 12:00 AM,bank_transfer,1102.51,Failed
PMT-6C95846EFD,RES-19EBAED706,2024-06-22 00:00:00,mobile_money,1627.66,Failed
PMT-C4D5F142A9,RES-68684F013D,05-29-2025 12:00 AM,debit_card,1541.0,PENDING
PMT-95018B9376,RES-A73E996B5D,08/05/2026 00:00,bank_transfer,1260.18,REFUNDED
PMT-3A7133988A,RES-E321152333,09-01-2024 12:00 AM,credit_card,357.48,PAID
PMT-CB30DFBEE8,RES-43C37AA924,2024-02-10 00:00:00,credit_card,1650.57,refunded
PMT-5DAFD05A92,RES-9AB98ED054,27/05/2024 00:00,mobile_money,1422.49,Paid
PMT-BA21BE67A9,RES-B3A36A1B3D,2025-09-14 00:00:00,credit_card,1334.35,FAILED
PMT-D92A5EC855,RES-F83C3F7E43,04-12-2026 12:00 AM,cash,1660.82,Refunded
PMT-14415F5CA7,RES-682124E1C9,07/08/2024 00:00,bank_transfer,528.97,FAILED
PMT-0F1D1CBDF3,RES-682124E1C9,02-02-2026 12:00 AM,cash,996.65,FAILED
PMT-864AC45547,RES-682124E1C9,04-02-2026 12:00 AM,credit_card,604.2,pending
PMT-14E26F436D,RES-80AC88B1D3,2024-02-12 00:00:00,bank_transfer,1044.93,REFUNDED
PMT-155DE7F7ED,RES-6E325C9442,2025-05-03 00:00:00,bank_transfer,1739.44,success
PMT-AA0A7EF2F0,RES-1A7F236F73,12-25-2025 12:00 AM,debit_card,1157.58,pending
PMT-2901595FE6,RES-218B8EB904,05-30-2024 12:00 AM,paypal,336.03,success
PMT-71ADDC1B3E,RES-9EE67DD947,2025-03-31 00:00:00,paypal,865.86,pending
PMT-B4CFEF0AB1,RES-F4E9902913,18/05/2026 00:00,cash,1274.15,FAILED
PMT-A093E4EEC4,RES-3514F2DDEF,08/06/2026 00:00,paypal,176.33,REFUNDED
PMT-6D08CC098D,RES-A87305124D,2025-04-14 00:00:00,credit_card,1139.24,PENDING
PMT-ED7A5C47A9,RES-A87305124D,2026-03-31 00:00:00,mobile_money,52.59,FAILED
PMT-C944C94FDC,RES-A87305124D,13/04/2025 00:00,bank_transfer,1029.78,Failed
PMT-2C46CF4E2F,RES-82C11FB875,19/07/2025 00:00,mobile_money,952.48,success
PMT-4701FBAFF2,RES-189B3067E7,2024-05-31 00:00:00,paypal,307.99,refunded
PMT-387A4EAC2E,RES-735843BB6D,2025-01-05 00:00:00,cash,899.31,Failed
PMT-2F385BDED1,RES-52D3F1DB0C,2025-03-27 00:00:00,bank_transfer,1482.9,refunded
PMT-5E9D403800,RES-7A4DF81F0D,05-11-2025 12:00 AM,debit_card,1190.72,REFUNDED
PMT-9C23500AEB,RES-BA8E0AABC8,12/04/2025 00:00,mobile_money,1185.49,pending
PMT-1F14C78A64,RES-A62B319593,08-28-2025 12:00 AM,debit_card,1346.52,DECLINED
PMT-D393E6A185,RES-AD66550005,12-11-2025 12:00 AM,credit_card,1074.44,DECLINED
PMT-7C91A67237,RES-548977CB90,03-09-2025 12:00 AM,cash,1168.88,paid
PMT-163C54F1B5,RES-31A9ED6970,04/03/2025 00:00,paypal,91.76,failed
PMT-6987701BE5,RES-AA7FA078A1,09-30-2024 12:00 AM,paypal,1602.18,Failed
PMT-12C367F59C,RES-6E6A8860DD,2024-07-28 00:00:00,cash,304.69,SUCCESS
PMT-0E9A824A62,RES-1484B7498D,2025-11-17 00:00:00,credit_card,815.83,DECLINED
PMT-6F28219213,RES-1484B7498D,,paypal,579.3,SUCCESS
PMT-1EDEEDD20F,RES-28A6780962,26/10/2025 00:00,debit_card,1682.02,FAILED
PMT-448DF329AF,RES-81B3454700,30/03/2025 00:00,mobile_money,132.12,refunded
PMT-F57A3C5851,RES-2FDF6806E6,27/07/2025 00:00,paypal,683.78,pending
PMT-C9574B2A1B,RES-2FDF6806E6,2026-05-22 00:00:00,cash,728.69,REFUNDED
PMT-015048BAAA,RES-95A4F781AB,28/08/2024 00:00,paypal,1493.48,DECLINED
PMT-AB619AA63B,RES-C671E92F45,09-28-2024 12:00 AM,paypal,1344.62,REFUNDED
PMT-BC73172C66,RES-E7D57D18DD,07-08-2024 12:00 AM,cash,842.94,PENDING
PMT-A7D8195B7E,RES-E1AEBD0FF8,03-05-2026 12:00 AM,credit_card,1102.77,Paid
PMT-714579F4DA,RES-08DCAD9E92,13/12/2024 00:00,mobile_money,1191.34,Paid
PMT-D24B2CF085,RES-F98628DE96,2024-11-03 00:00:00,paypal,617.33,declined
PMT-C686ED879A,RES-D50CEB9755,20/12/2025 00:00,mobile_money,1645.19,paid
PMT-6B8618F270,RES-7799F02570,10-26-2025 12:00 AM,mobile_money,936.77,Failed
PMT-E82C318FEA,RES-B8374E5AA4,10-01-2025 12:00 AM,debit_card,1460.93,PAID
PMT-D990144B45,RES-6FDF7BE7B5,12-20-2024 12:00 AM,cash,788.75,Pending
PMT-8CB99E79D8,RES-2121FAEDCE,2025-03-25 00:00:00,debit_card,535.01,paid
PMT-4E6627F577,RES-2121FAEDCE,04/06/2025 00:00,debit_card,990.78,Paid
PMT-0394C7BC0F,RES-1B4BDEA41C,03-03-2026 12:00 AM,mobile_money,1016.53,declined
PMT-A777150609,RES-5A5627ED45,05-10-2026 12:00 AM,mobile_money,501.7,Pending
PMT-17E7544A45,RES-A104A3EDB9,2026-03-10 00:00:00,bank_transfer,1487.09,pending
PMT-1B65E65BBC,RES-83A80E01B0,2024-01-03 00:00:00,paypal,691.89,Failed
PMT-8631735483,RES-767EE1EFE8,26/01/2026 00:00,credit_card,1111.73,PENDING
PMT-367504FD7D,RES-13250EC5E8,2026-05-08 00:00:00,bank_transfer,216.34,REFUNDED
PMT-9A294B1CAA,RES-E3D1F39D5A,2025-05-22 00:00:00,debit_card,1706.16,pending
PMT-29CD2F384B,RES-B24CC71CE0,2026-05-10 00:00:00,cash,1506.71,Pending
PMT-19911E7514,RES-B180755D2D,08-14-2024 12:00 AM,credit_card,840.91,failed
PMT-A22937C524,RES-E67E70B3B2,2026-01-02 00:00:00,credit_card,861.14,success
PMT-751F36822C,RES-E67E70B3B2,22/03/2024 00:00,credit_card,1624.18,PENDING
PMT-ADFC99660F,RES-E67E70B3B2,2026-03-09 00:00:00,paypal,818.0,Failed
PMT-0F4C96AB5A,RES-5922E2DE9F,05-29-2025 12:00 AM,debit_card,900.64,failed
PMT-255DBC9784,RES-5922E2DE9F,21/03/2025 00:00,paypal,1654.38,refunded
PMT-37128DEC05,RES-811E55B8B9,2025-06-26 00:00:00,credit_card,1113.99,Paid
PMT-8506D7B766,RES-811E55B8B9,12-19-2025 12:00 AM,debit_card,405.95,REFUNDED
PMT-8EE01EA6C6,RES-811E55B8B9,2025-04-06 00:00:00,debit_card,260.12,SUCCESS
PMT-5780730419,RES-C47730AF7F,06-13-2026 12:00 AM,cash,220.08,failed
PMT-6A6637D3EB,RES-C47730AF7F,19/03/2025 00:00,mobile_money,644.13,Pending
PMT-D47F1094DE,RES-DD5AD9CFA8,09-28-2025 12:00 AM,cash,1585.72,paid
PMT-FC46A8BCC0,RES-DF6B4B27F8,09-02-2024 12:00 AM,mobile_money,681.98,Pending
PMT-30B1B79A7F,RES-37FBA37402,2026-02-10 00:00:00,paypal,1244.91,pending
PMT-8C49544765,RES-4F9379B506,15/12/2024 00:00,paypal,679.17,PENDING
PMT-D4D1CD729C,RES-4F9379B506,2025-08-01 00:00:00,debit_card,1467.34,PENDING
PMT-7D052AFA91,RES-546A393911,02-12-2024 12:00 AM,paypal,1070.76,FAILED
PMT-0B23F942EA,RES-E8D75DD7F5,2025-10-18 00:00:00,paypal,1461.66,Pending
PMT-6F3036FD0C,RES-3BEBF18A2A,2024-10-30 00:00:00,credit_card,1033.52,SUCCESS
PMT-9D7D8AD047,RES-FE816FC52F,05/11/2024 00:00,paypal,642.35,FAILED
PMT-4DFF03F479,RES-24F34C0688,01-20-2026 12:00 AM,cash,1006.77,refunded
PMT-727746EBD4,RES-C47378F10A,01-16-2026 12:00 AM,credit_card,1625.29,SUCCESS
PMT-79D1205984,RES-4299CE1EB6,08-01-2025 12:00 AM,bank_transfer,1522.24,Pending
PMT-9CC25D5ECD,RES-6B89CCA958,09-11-2024 12:00 AM,cash,537.63,FAILED
PMT-D2F55C01CC,RES-2FF640CD2C,2024-10-15 00:00:00,debit_card,266.14,pending
PMT-EF91A250BC,RES-EEA1EBA709,17/06/2025 00:00,paypal,745.15,paid
PMT-BE36F2D03C,RES-04165FB776,08-22-2024 12:00 AM,mobile_money,1755.33,Failed
PMT-C4F41902DC,RES-C0727FDF19,16/05/2024 00:00,mobile_money,1452.3,PENDING
PMT-720066ACBC,RES-B9CC690E5F,05-21-2025 12:00 AM,debit_card,1395.09,pending
PMT-CF0FD24A46,RES-4141F1547F,12/11/2025 00:00,debit_card,572.32,Refunded
PMT-CF80F3DA64,RES-03D6EB11B9,04-29-2026 12:00 AM,debit_card,191.31,DECLINED
PMT-DFDE108369,RES-27FE6EA6C6,04/05/2026 00:00,credit_card,755.22,refunded
PMT-25A57F3CCA,RES-27FE6EA6C6,04/06/2024 00:00,credit_card,1615.69,declined
PMT-5E22BBDD57,RES-9CE1ACC17C,2025-10-20 00:00:00,cash,350.66,Paid
PMT-7FF15240E6,RES-DCDE156A51,07-30-2025 12:00 AM,mobile_money,1557.14,PENDING
PMT-56907A7DBE,RES-DCDE156A51,2026-02-19 00:00:00,debit_card,123.47,Pending
PMT-BC37E76657,RES-DCDE156A51,07/06/2026 00:00,mobile_money,566.26,SUCCESS
PMT-94DAB699EE,RES-0F1820CA73,2024-07-17 00:00:00,debit_card,155.62,Refunded
PMT-233ACC0EFF,RES-1D6F12C9C1,2024-08-23 00:00:00,debit_card,602.25,success
PMT-22B4B275EA,RES-9C6AF6D578,24/03/2025 00:00,debit_card,676.63,pending
PMT-D1F74E396D,RES-9C6AF6D578,25/10/2024 00:00,credit_card,1212.46,Refunded
PMT-75FA04D9C1,RES-7D14F17DB5,2025-09-23 00:00:00,mobile_money,949.68,Pending
PMT-CF50E49B40,RES-3E97BF589F,2024-07-08 00:00:00,mobile_money,1411.17,REFUNDED
PMT-08CB8C1971,RES-710B44ACDA,12-26-2025 12:00 AM,cash,393.0,Pending
PMT-949186E0B1,RES-AF809E6760,04-30-2026 12:00 AM,cash,1714.81,Pending
PMT-14AB24254B,RES-945A37F7C8,03/03/2025 00:00,mobile_money,691.78,pending
PMT-B8C39B0298,RES-8C1CE9BD58,06-21-2024 12:00 AM,paypal,1178.43,Failed
PMT-F3F43FEE3D,RES-3DA0EB2844,2024-04-17 00:00:00,credit_card,339.46,paid
PMT-94EE092FA3,RES-11C8E80458,15/05/2025 00:00,bank_transfer,1707.29,Failed
PMT-0F7A9CC5EC,RES-11C8E80458,05-06-2024 12:00 AM,cash,807.19,Refunded
PMT-E5FB39077F,RES-11C8E80458,,credit_card,1791.96,REFUNDED
PMT-C81DC925CD,RES-C12928286B,25/05/2025 00:00,paypal,433.24,refunded
PMT-9A89DE3DE2,RES-42FA6A3BB2,31/05/2025 00:00,credit_card,1207.8,REFUNDED
PMT-F66E2714B4,RES-757057F67A,03-07-2026 12:00 AM,debit_card,1409.0,REFUNDED
PMT-42878407EA,RES-5E98555B2B,22/05/2024 00:00,debit_card,63.25,pending
PMT-C1E4297A0E,RES-7EFD08F31B,2024-09-22 00:00:00,debit_card,,Refunded
PMT-8EBA4C1052,RES-F254584B25,09-29-2025 12:00 AM,mobile_money,1019.78,failed
PMT-CE3DFF76E4,RES-F254584B25,08-16-2024 12:00 AM,paypal,349.21,Pending
PMT-ED8FB2CBB3,RES-16700ADE30,05-18-2024 12:00 AM,credit_card,1238.36,Pending
PMT-93D4FE9E08,RES-D41CDAD2B6,17/04/2024 00:00,bank_transfer,362.18,Failed
PMT-D6DBB012F2,RES-89C5380A5D,06-05-2026 12:00 AM,cash,1453.77,FAILED
PMT-D13B244011,RES-C9EAE335D8,16/03/2024 00:00,mobile_money,534.16,declined
PMT-C24027B0F6,RES-2ECEC776A4,2025-02-04 00:00:00,paypal,1422.83,Refunded
PMT-21952419E4,RES-CCEE961BB3,2024-12-07 00:00:00,paypal,497.24,PAID
PMT-404D866559,RES-99407FA60A,2024-09-16 00:00:00,cash,768.05,Refunded
PMT-55B6186657,RES-612C957934,07-15-2025 12:00 AM,debit_card,1086.64,REFUNDED
PMT-D77DFCF8CD,RES-140FB4AA62,10-18-2025 12:00 AM,cash,1535.38,PENDING
PMT-32596E0022,RES-0D6AA09054,04/07/2025 00:00,debit_card,1410.9,Refunded
PMT-B35BF50CAE,RES-2A3A80A19C,04-07-2024 12:00 AM,credit_card,1062.33,Refunded
PMT-80F138B9EC,RES-2A3A80A19C,08-13-2025 12:00 AM,credit_card,841.88,SUCCESS
PMT-F18B39169B,RES-15FC9EA235,11/12/2025 00:00,cash,50.29,Pending
PMT-BED3D9143A,RES-F301F1AF4D,07-27-2024 12:00 AM,debit_card,1052.02,SUCCESS
PMT-32369007C3,RES-976D88A457,09-04-2025 12:00 AM,paypal,1008.4,FAILED
PMT-20DEAC3E4F,RES-64DD328E41,22/03/2025 00:00,paypal,272.64,REFUNDED
PMT-1F835569A9,RES-EA6D363843,04-06-2024 12:00 AM,cash,61.68,pending
PMT-3AE0E7DCA4,RES-EA6D363843,30/04/2025 00:00,mobile_money,383.3,Refunded
PMT-2D39B0610D,RES-76100D5C95,2026-01-02 00:00:00,bank_transfer,893.11,Failed
PMT-67A1DE89DD,RES-C483024643,10-03-2025 12:00 AM,credit_card,1264.58,DECLINED
PMT-F7C9C9BE23,RES-DB8D8942BB,2025-01-11 00:00:00,paypal,1237.14,SUCCESS
PMT-9C03D29B3F,RES-DB8D8942BB,05/04/2025 00:00,bank_transfer,642.86,Refunded
PMT-E6879060F0,RES-DB8D8942BB,11/01/2026 00:00,bank_transfer,337.39,Refunded
PMT-2F4AA9531E,RES-C81FF40DAF,2024-01-30 00:00:00,bank_transfer,565.88,REFUNDED
PMT-90E6DEA5CA,RES-2019E0F9DF,07-26-2024 12:00 AM,bank_transfer,1529.21,FAILED
PMT-C0B4CF333D,RES-8D3A73B41D,03-16-2025 12:00 AM,debit_card,1673.9,FAILED
PMT-24DC326821,RES-E4F1613ECF,21/05/2026 00:00,paypal,1433.32,pending
PMT-0DA5893D6D,RES-0536FA3DFF,06-18-2024 12:00 AM,cash,126.51,SUCCESS
PMT-E5F7A2A54E,RES-E27ECD2A21,10-06-2024 12:00 AM,bank_transfer,509.86,Refunded
PMT-369D4B157E,RES-E27ECD2A21,2025-03-26 00:00:00,cash,905.59,Refunded
PMT-2C965D35DA,RES-E27ECD2A21,04-07-2026 12:00 AM,paypal,1118.74,Refunded
PMT-AFADFA0434,RES-71F46175C7,2024-12-20 00:00:00,mobile_money,1566.59,PAID
PMT-E6AC4EFBB2,RES-B73CAFC009,04/02/2026 00:00,mobile_money,1495.04,paid
PMT-04AA6273A8,RES-57C158C60A,15/05/2026 00:00,debit_card,1509.03,Pending
PMT-32B703B186,RES-2FAAB7C185,2025-07-13 00:00:00,cash,742.84,failed
PMT-404B90A6B2,RES-2FAAB7C185,06/01/2024 00:00,debit_card,1243.82,paid
PMT-24C4F6A3F0,RES-9F81EBD86E,12-22-2024 12:00 AM,debit_card,694.74,refunded
PMT-8653E0A807,RES-577F7D3E9E,19/04/2026 00:00,paypal,374.28,Refunded
PMT-FF3106DA1B,RES-577F7D3E9E,2026-06-14 00:00:00,credit_card,1347.06,pending
PMT-5C16197F5E,RES-577F7D3E9E,2024-07-19 00:00:00,paypal,55.4,pending
PMT-D3759100B6,RES-1E55FD13BF,12/03/2025 00:00,cash,591.79,refunded
PMT-FFF162BD4B,RES-2C32535813,02-22-2024 12:00 AM,bank_transfer,729.09,declined
PMT-217403507A,RES-A3CB2A5D89,2024-04-02 00:00:00,bank_transfer,1674.01,Paid
PMT-06DCC8EE37,RES-F8AA7DE332,21/06/2025 00:00,mobile_money,853.89,SUCCESS
PMT-0600F0D6F1,RES-B97F1B8FBC,18/04/2026 00:00,credit_card,855.77,Pending
PMT-8FBA0200C2,RES-B97F1B8FBC,2026-02-18 00:00:00,credit_card,875.04,Refunded
PMT-14DC5F8765,RES-5C528534CE,27/07/2025 00:00,credit_card,1510.24,refunded
PMT-327B620D5F,RES-9BD537A70A,2025-07-01 00:00:00,bank_transfer,1780.1,paid
PMT-D52DDF1B92,RES-831CB0B602,06-02-2024 12:00 AM,paypal,581.67,Paid
PMT-2AB7CB6139,RES-3499398CFB,2025-03-31 00:00:00,cash,90.86,PENDING
PMT-707F7EBAF0,RES-B858A56904,05/07/2025 00:00,debit_card,1147.77,PENDING
PMT-BDACEA31A5,RES-0718BECD2F,10-04-2024 12:00 AM,bank_transfer,368.9,declined
PMT-2B4817FC54,RES-5F0D5012A9,28/08/2024 00:00,paypal,1412.01,declined
PMT-C7D1D03350,RES-5F0D5012A9,2026-02-12 00:00:00,cash,1159.94,refunded
PMT-8289E83BE3,RES-5F0D5012A9,11-15-2025 12:00 AM,bank_transfer,986.48,success
PMT-B2F5E78348,RES-7B0C1E8165,06-07-2024 12:00 AM,bank_transfer,632.37,success
PMT-B4766CF4A2,RES-C9C92C3C28,15/05/2025 00:00,paypal,1177.36,paid
PMT-4D1F1C78E9,RES-C9C92C3C28,2024-05-08 00:00:00,paypal,1679.74,declined
PMT-ED3733D38D,RES-C9C92C3C28,12-22-2025 12:00 AM,credit_card,807.74,PENDING
PMT-358338AEBD,RES-38112F14F0,2025-04-05 00:00:00,mobile_money,481.86,REFUNDED
PMT-05778C46A3,RES-0016335D2E,23/12/2024 00:00,bank_transfer,894.69,DECLINED
PMT-EBB11B0745,RES-A20CB9BAFB,2025-05-05 00:00:00,paypal,1609.57,Pending
PMT-347C2E5089,RES-A20CB9BAFB,2025-08-03 00:00:00,bank_transfer,666.75,declined
PMT-04076A70D3,RES-A20CB9BAFB,04-18-2026 12:00 AM,bank_transfer,656.1,Pending
PMT-7450892EA8,RES-34AEC78514,10/05/2026 00:00,debit_card,1242.62,DECLINED
PMT-31E5CF5E9D,RES-E3E90B19DA,24/10/2025 00:00,mobile_money,405.35,DECLINED
PMT-B1BB2749C3,RES-7C81BAA8E2,20/06/2025 00:00,bank_transfer,468.87,REFUNDED
PMT-1A8F8A9A97,RES-370AAA4402,02-19-2025 12:00 AM,cash,1734.07,failed
PMT-26F70628D9,RES-370AAA4402,2024-07-06 00:00:00,debit_card,571.45,Paid
PMT-231DE4DAFE,RES-C7F7DEF249,28/12/2025 00:00,credit_card,904.49,PENDING
PMT-DBE4FA8EFE,RES-8170E7CF7A,09-05-2025 12:00 AM,debit_card,1559.97,Paid
PMT-39B8CE7BC4,RES-6FD820F67E,27/11/2024 00:00,debit_card,907.17,Refunded
PMT-8B8CB68A11,RES-CA2B1FDDF8,2026-02-26 00:00:00,credit_card,818.26,Pending
PMT-6F9E45282A,RES-B8DB4C3C0B,10/04/2024 00:00,mobile_money,1620.63,PENDING
PMT-A8CF68B16B,RES-D96934148F,2024-12-24 00:00:00,bank_transfer,1519.5,PAID
PMT-F359636763,RES-1297384AD7,04/11/2025 00:00,bank_transfer,1608.02,Pending
PMT-BE05DB3C85,RES-17DF90C53C,2025-11-01 00:00:00,credit_card,604.91,pending
PMT-855F0F2F1F,RES-C59E397D7E,2024-04-24 00:00:00,cash,327.56,paid
PMT-52F5875D6A,RES-3C28A78877,20/12/2025 00:00,bank_transfer,182.15,Pending
PMT-C453732D7D,RES-E88F8DCF28,2026-05-01 00:00:00,cash,1330.67,failed
PMT-3E03CCEA1B,RES-288A1DEA06,05-15-2025 12:00 AM,paypal,914.0,Failed
PMT-788F6D8C66,RES-1DE6E107B8,2024-10-23 00:00:00,debit_card,696.96,Pending
PMT-A09EEB3564,RES-1DE6E107B8,2026-01-15 00:00:00,cash,171.21,DECLINED
PMT-E04349EDA8,RES-1DE6E107B8,2026-05-04 00:00:00,paypal,1283.39,PENDING
PMT-BDDBBCBC14,RES-AE06811680,03-22-2026 12:00 AM,cash,872.44,pending
PMT-09B4D28C12,RES-362249F586,07/11/2024 00:00,credit_card,1747.88,Refunded
PMT-094F4E45DE,RES-61A7BA38B3,2025-05-26 00:00:00,cash,1268.07,DECLINED
PMT-4A541F3FEB,RES-61A7BA38B3,02-25-2025 12:00 AM,mobile_money,953.46,PAID
PMT-E0B294D53E,RES-9C1EF059B3,07-03-2025 12:00 AM,mobile_money,1717.96,SUCCESS
PMT-AE8CDF13B3,RES-318C949C0E,06-05-2025 12:00 AM,bank_transfer,1112.41,REFUNDED
PMT-1988887902,RES-CD247C0C50,03-17-2026 12:00 AM,debit_card,1421.5,paid
PMT-22FE8B29CB,RES-62B1B4CBB9,2024-02-13 00:00:00,debit_card,1275.71,paid
PMT-65476ABD95,RES-3B42E0A86F,05-28-2026 12:00 AM,credit_card,1493.96,success
PMT-7C0AA0CDF5,RES-2BE9D711E9,03-06-2025 12:00 AM,mobile_money,913.54,SUCCESS
PMT-C3AB7CCAA4,RES-2BE9D711E9,24/01/2026 00:00,cash,1477.99,SUCCESS
PMT-EB273E6DAE,RES-2BE9D711E9,15/05/2026 00:00,debit_card,757.44,Refunded
PMT-A7B4542E19,RES-B912D8EB01,17/12/2024 00:00,credit_card,1561.85,FAILED
PMT-EC5ED2BF84,RES-B912D8EB01,2024-12-29 00:00:00,mobile_money,748.35,Pending
PMT-422F3A2C91,RES-6BD445B9FF,10-17-2024 12:00 AM,paypal,589.15,PENDING
PMT-490C3224EB,RES-535E039104,03/12/2025 00:00,credit_card,741.87,refunded
PMT-56FC0C2101,RES-535E039104,18/01/2024 00:00,cash,907.35,Failed
PMT-C8CF19A41D,RES-D09DA25C49,05/06/2024 00:00,paypal,768.04,FAILED
PMT-A666EDEFC7,RES-A461565BA0,04-08-2025 12:00 AM,paypal,1364.27,Failed
PMT-F66C3A3340,RES-10882DE546,04-06-2026 12:00 AM,paypal,1083.36,REFUNDED
PMT-7A7F9FFAE2,RES-10882DE546,2026-04-06 00:00:00,debit_card,1174.41,PAID
PMT-8D0EBD8C07,RES-527501CC38,03-04-2024 12:00 AM,debit_card,1398.44,Refunded
PMT-27573450A5,RES-76367DF1BA,04-29-2025 12:00 AM,paypal,1353.48,PENDING
PMT-57D6FBD957,RES-322C483289,2024-12-17 00:00:00,paypal,1598.48,Refunded
PMT-DD2878C08D,RES-BC5297BEC8,2024-09-14 00:00:00,paypal,1722.36,REFUNDED
PMT-1A5BC38C1E,RES-23D60E541C,26/07/2024 00:00,credit_card,415.55,failed
PMT-1154157237,RES-F973E651BD,05/08/2024 00:00,paypal,1262.59,declined
PMT-7EAFC94611,RES-85444A8198,11-24-2024 12:00 AM,mobile_money,955.1,PENDING
PMT-B4EE9F8698,RES-8A928BDE43,2024-12-20 00:00:00,credit_card,455.26,failed
PMT-3FF7DA5A1A,RES-9041FEA02C,13/04/2025 00:00,bank_transfer,1348.55,FAILED
PMT-D51A196593,RES-49D2432A41,05/08/2025 00:00,debit_card,1159.75,SUCCESS
PMT-08BBD12044,RES-C91D7E667A,28/03/2025 00:00,mobile_money,1303.19,success
PMT-8B19EDD777,RES-3611ED8651,20/03/2025 00:00,paypal,171.54,failed
PMT-D0BD6C858C,RES-B5DDBD0546,2025-10-09 00:00:00,debit_card,1405.26,Paid
PMT-7E839B70D3,RES-DB784B8415,12-10-2025 12:00 AM,cash,1294.97,Pending
PMT-4159F7F163,RES-04ED1B1DD6,2024-03-08 00:00:00,cash,379.26,success
PMT-0615186938,RES-B0008D67AF,11-03-2025 12:00 AM,paypal,374.96,refunded
PMT-071D5C0806,RES-C677F59A1D,01/05/2025 00:00,mobile_money,1334.39,PENDING
PMT-FE112A30D4,RES-3BA9EC444B,2024-12-12 00:00:00,credit_card,1726.13,PENDING
PMT-74F77728C4,RES-E49DA1F82D,2024-05-01 00:00:00,cash,1251.32,PENDING
PMT-4F5974F940,RES-C9761B23E1,20/07/2025 00:00,paypal,589.06,Refunded
PMT-3A7D24DCF7,RES-76BEDD0F34,10/01/2024 00:00,cash,621.38,SUCCESS
PMT-BA03F5B4E0,RES-B9C98915F7,08-09-2024 12:00 AM,credit_card,1510.37,refunded
PMT-855FAD01D4,RES-95F108D096,2026-03-27 00:00:00,bank_transfer,1161.32,PAID
PMT-CAC8EBC55E,RES-D19C22E50D,05/04/2026 00:00,debit_card,1187.37,REFUNDED
PMT-660CC64E87,RES-C8D275D571,07-07-2025 12:00 AM,mobile_money,311.22,success
PMT-F9F3BBCC5F,RES-4593E3C991,2025-10-18 00:00:00,credit_card,1561.89,DECLINED
PMT-EBC07743A2,RES-3C317DBC2F,2024-04-03 00:00:00,credit_card,1353.38,refunded
PMT-5555C18716,RES-3CA2A09064,10/08/2025 00:00,credit_card,1141.57,refunded
PMT-5AD8045090,RES-3CA2A09064,30/09/2025 00:00,credit_card,1659.0,REFUNDED
PMT-EA0F507C57,RES-74E3645297,15/01/2026 00:00,mobile_money,1239.19,failed
PMT-A0E4A29799,RES-676946F315,26/02/2026 00:00,debit_card,1266.06,pending
PMT-C62686B38E,RES-676946F315,04-20-2024 12:00 AM,credit_card,1595.95,Failed
PMT-7CAE1A33CE,RES-676946F315,2026-02-11 00:00:00,debit_card,1158.17,paid
PMT-0971137E99,RES-4DDE8D82B2,,paypal,1139.59,refunded
PMT-6E79C81B20,RES-EC5CB2551D,07-19-2024 12:00 AM,mobile_money,1640.57,Refunded
PMT-9CB401F62D,RES-CA2B09825F,18/05/2026 00:00,cash,1664.39,PENDING
PMT-AD5AA6ABCE,RES-CA2B09825F,2026-04-24 00:00:00,bank_transfer,848.54,Refunded
PMT-63797DC005,RES-A0EADA4401,18/08/2025 00:00,cash,905.04,refunded
PMT-DF27D705A7,RES-2ACC424DAB,2024-01-19 00:00:00,mobile_money,451.19,REFUNDED
PMT-BD8115AB04,RES-F29C26FFE8,28/11/2024 00:00,mobile_money,1508.64,refunded
PMT-B5D3D4E2AD,RES-F29C26FFE8,04-12-2025 12:00 AM,credit_card,186.58,PENDING
PMT-EB27C1E834,RES-2910FB5C61,06/11/2024 00:00,bank_transfer,822.2,refunded
PMT-0FC8637B65,RES-2910FB5C61,09-06-2024 12:00 AM,credit_card,174.52,success
PMT-4387F0DDBF,RES-2910FB5C61,06-17-2024 12:00 AM,cash,387.92,Pending
PMT-1BEEA3A8C0,RES-FB6E569B3E,06-19-2026 12:00 AM,debit_card,416.55,PENDING
PMT-D8741EDE2C,RES-443F0758D7,06-05-2026 12:00 AM,paypal,1681.15,paid
PMT-7B8B80F42B,RES-9E2E6CB891,07-26-2024 12:00 AM,mobile_money,1179.5,paid
PMT-3EFC46B619,RES-9E2E6CB891,02/02/2024 00:00,credit_card,374.72,Refunded
PMT-8A135C31E3,RES-9E2E6CB891,09-21-2025 12:00 AM,paypal,1546.01,failed
PMT-2249AF4ED8,RES-666A0EAFCA,2025-02-20 00:00:00,cash,1788.76,SUCCESS
PMT-FEE4939B8B,RES-666A0EAFCA,2024-12-07 00:00:00,mobile_money,258.36,PENDING
PMT-2DEC3B6FD2,RES-4D283AF21F,04-10-2026 12:00 AM,credit_card,701.78,failed
PMT-FF4C912DD0,RES-4D283AF21F,05-17-2024 12:00 AM,debit_card,1547.9,pending
PMT-DB26765ACF,RES-012C0A22E9,28/12/2025 00:00,paypal,1758.0,REFUNDED
PMT-729FCAA15E,RES-592DB3332E,02-07-2026 12:00 AM,bank_transfer,780.47,PENDING
PMT-E512B95D49,RES-6775F2802F,05-01-2024 12:00 AM,mobile_money,1335.6,refunded
PMT-C50AFE3B88,RES-9267C51BD4,01/04/2025 00:00,credit_card,1676.21,Paid
PMT-72C7269214,RES-4A9725A545,28/11/2024 00:00,credit_card,1335.15,PENDING
PMT-E7810D68E3,RES-F1F4AAA6AD,04-25-2026 12:00 AM,credit_card,148.88,Refunded
PMT-BE637E4EBF,RES-F1F4AAA6AD,03-05-2025 12:00 AM,debit_card,311.87,REFUNDED
PMT-32A2F27057,RES-E94A1C10F4,2025-08-15 00:00:00,bank_transfer,791.3,pending
PMT-C7DBABE0A7,RES-057864CA96,09/11/2024 00:00,mobile_money,503.32,DECLINED
PMT-5D18EC076E,RES-45F90DA0AB,03-06-2026 12:00 AM,bank_transfer,998.89,refunded
PMT-401BE30D0F,RES-45F90DA0AB,10-16-2024 12:00 AM,paypal,1041.71,Paid
PMT-2688A6EAAD,RES-45F90DA0AB,05-30-2025 12:00 AM,paypal,1086.02,REFUNDED
PMT-48B0A4512F,RES-3BB3E167E6,08-15-2025 12:00 AM,bank_transfer,147.71,declined
PMT-EA20A866F8,RES-7E8458FF55,2024-11-04 00:00:00,debit_card,140.45,FAILED
PMT-00028110EA,RES-1DAC87214C,11/08/2024 00:00,cash,1453.15,Paid
PMT-C19AC2ED04,RES-021519C5DB,04-02-2025 12:00 AM,credit_card,167.7,PAID
PMT-8A1C63CFB4,RES-0AE5AFB4B0,28/08/2025 00:00,cash,1228.39,REFUNDED
PMT-ABE515C334,RES-577C5C9E36,12-29-2024 12:00 AM,credit_card,1196.12,Refunded
PMT-55078ACD16,RES-B139F0352F,01-27-2025 12:00 AM,bank_transfer,411.11,Pending
PMT-077ED03B43,RES-F820E8B7DB,2025-10-24 00:00:00,paypal,119.73,PENDING
PMT-30DA2E13C9,RES-421F677451,06-08-2026 12:00 AM,debit_card,1715.15,Failed
PMT-AC9BB613EE,RES-53FE4C6D22,2025-08-26 00:00:00,mobile_money,1368.9,SUCCESS
PMT-260D47EFEE,RES-910561AE06,06-06-2024 12:00 AM,paypal,1531.73,PENDING
PMT-76823158DE,RES-CA1CA5A272,10-06-2024 12:00 AM,bank_transfer,882.88,refunded
PMT-CD9E4F546D,RES-DF4D39818B,09-21-2025 12:00 AM,cash,1365.33,paid
PMT-79A2DFDFCB,RES-AEBEE24F70,2026-03-10 00:00:00,mobile_money,338.12,Paid
PMT-16903AB7E2,RES-3BFF5E2413,11-17-2025 12:00 AM,bank_transfer,104.13,success
PMT-44ECBC0293,RES-3BFF5E2413,2024-02-19 00:00:00,bank_transfer,1368.55,REFUNDED
PMT-64A1F445BA,RES-228D737ED3,02-03-2025 12:00 AM,debit_card,1417.14,pending
PMT-D413EE24AE,RES-6F63572EEF,05-13-2025 12:00 AM,debit_card,1704.46,failed
PMT-26480A50C0,RES-81AD6264AC,2025-10-14 00:00:00,bank_transfer,669.31,Refunded
PMT-2E18D0318E,RES-014B113F08,25/03/2024 00:00,mobile_money,1312.34,REFUNDED
PMT-D73F3A77A3,RES-014B113F08,23/02/2024 00:00,bank_transfer,175.62,Pending
PMT-2610E7329E,RES-A7E40EC32E,05-25-2024 12:00 AM,bank_transfer,1554.65,PAID
PMT-3F9E616DF0,RES-2B375F72B1,13/12/2024 00:00,cash,125.69,Pending
PMT-03FBB77E35,RES-2B375F72B1,2026-04-14 00:00:00,paypal,1039.37,DECLINED
PMT-B7CBC01548,RES-2B375F72B1,2025-05-05 00:00:00,credit_card,335.87,paid
PMT-1B5A997049,RES-B90C104F57,04/03/2024 00:00,debit_card,1645.63,REFUNDED
PMT-326603DA9F,RES-D0FEC46ED4,02-24-2026 12:00 AM,mobile_money,1453.05,success
PMT-FF666D36C1,RES-8A0CAA6062,2025-04-12 00:00:00,mobile_money,629.72,refunded
PMT-6B6C2EF375,RES-9BAF7761E0,03-04-2024 12:00 AM,mobile_money,1091.92,PAID
PMT-1D14578101,RES-9BAF7761E0,,bank_transfer,439.03,refunded
PMT-F3ED15F41B,RES-9D7D9B4CE0,2024-02-29 00:00:00,credit_card,1418.69,PENDING
PMT-763578D76D,RES-2A5EB5031D,04-14-2024 12:00 AM,paypal,832.82,DECLINED
PMT-130157196F,RES-814DADE228,02-06-2024 12:00 AM,credit_card,284.46,Failed
PMT-2D62BE6B98,RES-FA7D7E8E66,19/02/2026 00:00,credit_card,1031.53,paid
PMT-32367CCE2F,RES-50CE67DD3B,27/01/2026 00:00,debit_card,949.79,Refunded
PMT-80C8365D54,RES-216534FE69,2024-05-23 00:00:00,credit_card,604.1,Refunded
PMT-3DE091A7E9,RES-216534FE69,2024-08-02 00:00:00,bank_transfer,,Pending
PMT-4C9DF9CCE7,RES-507E61DBDE,26/02/2026 00:00,paypal,119.33,refunded
PMT-5FA2B3D06B,RES-940DC117A5,2026-04-02 00:00:00,mobile_money,441.34,pending
PMT-E3309594E9,RES-CBA07764FE,10-04-2025 12:00 AM,bank_transfer,1455.09,REFUNDED
PMT-89DABF0053,RES-8D223B4BDE,2026-01-23 00:00:00,mobile_money,406.34,pending
PMT-FDE4A5F87D,RES-8BF81361A1,2026-06-03 00:00:00,mobile_money,1166.43,SUCCESS
PMT-56CF959CCF,RES-97D0BC0F54,31/12/2025 00:00,paypal,1494.38,DECLINED
PMT-C15CACEC15,RES-8BB6CB1894,04/01/2024 00:00,bank_transfer,1672.88,Refunded
PMT-0E7B4329AA,RES-EDC89524BF,2025-04-09 00:00:00,cash,600.96,Pending
PMT-572B098440,RES-C66507858B,03/04/2024 00:00,mobile_money,120.7,declined
PMT-A6BFDC001D,RES-7E5280A82E,2024-01-04 00:00:00,bank_transfer,1281.06,SUCCESS
PMT-8A1352AFD0,RES-30F6F8FF2D,28/01/2025 00:00,credit_card,345.54,success
PMT-1AB2D222CF,RES-4FF87157E5,2025-04-26 00:00:00,mobile_money,558.86,declined
PMT-ACAA186984,RES-0143B5E896,03-19-2025 12:00 AM,paypal,1536.03,PENDING
PMT-03546995D3,RES-0143B5E896,2026-04-08 00:00:00,credit_card,1713.44,Refunded
PMT-CF28C6B0A1,RES-64C895C253,29/03/2024 00:00,paypal,540.58,pending
PMT-8017513D3A,RES-425FF92E4C,2024-05-14 00:00:00,debit_card,1276.97,pending
PMT-FCA4E1BEFF,RES-88F467EE31,08-22-2024 12:00 AM,paypal,852.49,PENDING
PMT-89DD8827C7,RES-8C106415C8,2025-07-28 00:00:00,bank_transfer,648.24,declined
PMT-4E88F9DAB1,RES-8C106415C8,2024-10-18 00:00:00,bank_transfer,1704.13,PENDING
PMT-ECA2C89E69,RES-F629FD9E28,17/04/2025 00:00,mobile_money,1736.73,PAID
PMT-7B073EF615,RES-AC6EB05C32,07-27-2025 12:00 AM,credit_card,1017.39,FAILED
PMT-3004A5A2EC,RES-DA8E5949D3,11/05/2024 00:00,cash,1296.86,pending
PMT-4EF8E23CAD,RES-1CAF242E14,2024-09-02 00:00:00,credit_card,62.77,paid
PMT-112DCA9606,RES-1CAF242E14,03-13-2024 12:00 AM,cash,914.89,failed
PMT-1311642CC5,RES-6C9035322B,2024-06-25 00:00:00,debit_card,763.71,refunded
PMT-6988B51D34,RES-6C9035322B,04-21-2026 12:00 AM,credit_card,1271.45,pending
PMT-8E4A00903D,RES-DE744CA85B,07-17-2024 12:00 AM,paypal,1033.82,PAID
PMT-A417C127B6,RES-14DE2CBE1D,07-16-2024 12:00 AM,mobile_money,902.42,REFUNDED
PMT-EE8D4CD2B1,RES-E0674E0201,10/01/2026 00:00,debit_card,829.73,Pending
PMT-304983B524,RES-E0674E0201,11/08/2024 00:00,debit_card,835.8,Refunded
PMT-B9587CD817,RES-DB693670A1,2024-01-02 00:00:00,bank_transfer,96.15,refunded
PMT-DD5CDFB313,RES-1FDDEDDD49,20/01/2026 00:00,paypal,1718.09,Pending
PMT-186EDD2ECC,RES-91BF27EFF5,11/07/2024 00:00,mobile_money,696.55,REFUNDED
PMT-53F1D9BE0F,RES-DC260F7B65,13/01/2024 00:00,bank_transfer,,Refunded
PMT-195110FE5C,RES-AAEF2F3E55,01-27-2024 12:00 AM,credit_card,1540.68,pending
PMT-0F49E7F284,RES-1D18AE8BAA,2025-07-25 00:00:00,mobile_money,1707.65,PAID
PMT-EFEE11E4D5,RES-E8134C0F11,2024-03-26 00:00:00,bank_transfer,375.03,PAID
PMT-39346155BC,RES-5BBBD4F88F,27/06/2024 00:00,credit_card,543.87,paid
PMT-BB1BB319F0,RES-B7ECC1F9C6,06-17-2025 12:00 AM,cash,81.94,declined
PMT-2767BF9586,RES-B7ECC1F9C6,18/12/2024 00:00,mobile_money,108.61,pending
PMT-95508630C2,RES-92B819124B,19/10/2025 00:00,cash,1747.36,refunded
PMT-0FD6E9EEDD,RES-861EBE2BD3,2024-05-09 00:00:00,credit_card,160.75,Paid
PMT-024B60921C,RES-192054C614,2025-05-09 00:00:00,cash,263.57,PENDING
PMT-B6E355F3F4,RES-096B22D80F,28/06/2025 00:00,debit_card,366.99,failed
PMT-634DD03260,RES-096B22D80F,07-10-2025 12:00 AM,credit_card,1698.14,paid
PMT-6212675C68,RES-0A2BB16710,18/02/2025 00:00,credit_card,572.79,refunded
PMT-DE48BB8701,RES-0A2BB16710,2025-07-21 00:00:00,credit_card,896.09,Refunded
PMT-65A5BF7EF4,RES-0A2BB16710,16/01/2024 00:00,cash,203.81,Refunded
PMT-7C0706EE96,RES-4ECA0E3540,07/11/2025 00:00,credit_card,890.17,Paid
PMT-080BC013E8,RES-2821B8E0A8,2025-11-24 00:00:00,credit_card,1679.35,REFUNDED
PMT-95888A7D1B,RES-DAD23C7E63,21/07/2025 00:00,credit_card,973.55,PAID
PMT-EC8A5E549A,RES-DAD23C7E63,2025-11-26 00:00:00,debit_card,435.65,Pending
PMT-F493D67072,RES-DED3AFBDD6,2025-06-23 00:00:00,cash,1178.33,pending
PMT-72B8A643CC,RES-E4A4457609,04/11/2024 00:00,bank_transfer,201.17,declined
PMT-05AB198801,RES-E9FC28A405,2025-08-20 00:00:00,debit_card,70.29,REFUNDED
PMT-43802DAF08,RES-8C9671838A,,debit_card,1508.67,Failed
PMT-CEBD61D7C7,RES-43CDBE9E22,2025-05-18 00:00:00,credit_card,1697.0,Failed
PMT-DFD9AD5919,RES-120FAD8526,15/08/2024 00:00,bank_transfer,79.77,refunded
PMT-2D48373EA4,RES-8AB450D18B,12-22-2024 12:00 AM,mobile_money,1769.76,FAILED
PMT-3EF9523119,RES-8AB450D18B,28/12/2024 00:00,mobile_money,1289.07,success
PMT-683286C335,RES-E9294810BD,2026-01-28 00:00:00,mobile_money,474.76,SUCCESS
PMT-B360923BD4,RES-E9294810BD,2024-04-30 00:00:00,debit_card,785.2,refunded
PMT-EA0F1135CF,RES-E9294810BD,2025-08-24 00:00:00,mobile_money,284.8,pending
PMT-BAF180B67D,RES-D465797DAB,2025-07-01 00:00:00,paypal,564.9,Pending
PMT-E02EA55F1F,RES-598AD73953,21/06/2025 00:00,bank_transfer,735.52,DECLINED
PMT-F3119F76E5,RES-F0C684FEC4,05/05/2026 00:00,bank_transfer,509.6,FAILED
PMT-3E4F76A26E,RES-2451989C1A,06/10/2025 00:00,credit_card,850.75,declined
PMT-DED419DE93,RES-2451989C1A,2024-08-25 00:00:00,credit_card,49.58,FAILED
PMT-5BB6276F53,RES-2451989C1A,01/03/2025 00:00,paypal,329.3,success
PMT-C7B0A9EA40,RES-4288F85B4F,2025-06-02 00:00:00,debit_card,1413.71,success
PMT-C5978B53EC,RES-4288F85B4F,11-01-2024 12:00 AM,mobile_money,276.85,paid
PMT-139AF8F482,RES-344A918192,30/05/2025 00:00,mobile_money,607.66,Failed
PMT-607A35FB93,RES-792F96D500,2025-03-07 00:00:00,credit_card,1119.76,pending
PMT-810E867C41,RES-9036B0C613,11-02-2024 12:00 AM,credit_card,1636.8,refunded
PMT-428A289F50,RES-D9CCE87DF9,06/11/2024 00:00,debit_card,1024.3,pending
PMT-8F9B639E7E,RES-CD99A57CFE,05-01-2026 12:00 AM,credit_card,466.61,Failed
PMT-CC828FCA88,RES-900D77BF82,03-06-2026 12:00 AM,cash,62.67,Paid
PMT-B9DC7158B4,RES-900D77BF82,,paypal,835.01,declined
PMT-896E5A25E6,RES-1CCC1F303B,03-19-2025 12:00 AM,mobile_money,1761.21,FAILED
PMT-8238ED3D62,RES-80921110B2,2025-09-26 00:00:00,mobile_money,1296.23,success
PMT-20904381B2,RES-8557611AB2,07/03/2025 00:00,debit_card,1072.07,PAID
PMT-1CCB598F00,RES-29E45006AC,2025-09-30 00:00:00,cash,1698.3,Pending
PMT-82FD55CAD5,RES-EB9DE689DF,12-28-2024 12:00 AM,debit_card,1365.43,PAID
PMT-2162DA6561,RES-B716679622,06/09/2025 00:00,mobile_money,627.21,refunded
PMT-85AA3452BD,RES-072C296DA9,2025-08-29 00:00:00,credit_card,1568.33,PENDING
PMT-AD04E3059E,RES-39C1B30A56,14/11/2024 00:00,debit_card,530.24,Pending
PMT-587383938A,RES-39C1B30A56,19/09/2025 00:00,bank_transfer,1601.88,REFUNDED
PMT-B76D5E5C3A,RES-B6130C2E92,18/11/2025 00:00,paypal,400.16,paid
PMT-F70AF18163,RES-48F6FCFF3E,2024-10-03 00:00:00,bank_transfer,101.4,REFUNDED
PMT-B9164D2AA0,RES-2530416545,2025-09-28 00:00:00,debit_card,99.24,failed
PMT-B4D828C6DF,RES-B7712C383D,2025-04-25 00:00:00,paypal,904.85,Pending
PMT-717127B339,RES-28AF61C774,03/05/2026 00:00,bank_transfer,997.38,declined
PMT-E316DEE159,RES-01A5710CC4,2025-06-25 00:00:00,debit_card,781.96,PENDING
PMT-E1E5DCF781,RES-01A5710CC4,17/12/2024 00:00,bank_transfer,291.03,REFUNDED
PMT-B28F30022E,RES-01A5710CC4,06-19-2025 12:00 AM,credit_card,1761.24,FAILED
PMT-0391487940,RES-7803C18483,2024-05-03 00:00:00,cash,640.82,refunded
PMT-421BB4670B,RES-792F5CBFF4,01-25-2025 12:00 AM,mobile_money,573.7,paid
PMT-CAFB29265B,RES-1EEFCEBDED,2024-02-29 00:00:00,credit_card,1119.97,Pending
PMT-BA6BC15083,RES-ED923A873D,17/07/2024 00:00,paypal,623.09,pending
PMT-E9B7EF4D12,RES-375B35AC1E,,debit_card,175.11,refunded
PMT-DFE79547EB,RES-BB9B636001,2025-04-08 00:00:00,bank_transfer,321.98,declined
PMT-2F112355C4,RES-BB9B636001,20/10/2024 00:00,debit_card,534.72,Refunded
PMT-53791882AF,RES-BB9B636001,2024-07-25 00:00:00,credit_card,1518.26,FAILED
PMT-1EA9DC0C6A,RES-D8D3196E39,17/10/2025 00:00,bank_transfer,1249.76,PENDING
PMT-0BC732F0F8,RES-45D3BFC61E,17/08/2024 00:00,mobile_money,1487.13,failed
PMT-2EEF8046B1,RES-45D3BFC61E,06-04-2025 12:00 AM,credit_card,796.71,PAID
PMT-1A107FE985,RES-45D3BFC61E,2026-02-12 00:00:00,bank_transfer,1424.74,REFUNDED
PMT-5B40211780,RES-992C8DFCE0,17/05/2026 00:00,paypal,45.87,pending
PMT-CE1B822E09,RES-992C8DFCE0,2025-06-23 00:00:00,bank_transfer,539.39,declined
PMT-3545CBB559,RES-7E54492DBE,12/02/2024 00:00,paypal,151.76,declined
PMT-D58CF660D0,RES-7E54492DBE,2025-06-10 00:00:00,debit_card,921.18,pending
PMT-DAB7DACD21,RES-A40895FDE4,2025-10-29 00:00:00,paypal,1792.25,Failed
PMT-BD7D39A95E,RES-306F806227,06/01/2026 00:00,credit_card,875.54,DECLINED
PMT-045976270B,RES-8BA02F0E04,2025-02-12 00:00:00,bank_transfer,334.41,paid
PMT-E744AE231E,RES-7747E5B876,,cash,1487.6,pending
PMT-DD6C31232A,RES-7E062CCBBB,28/11/2024 00:00,paypal,311.33,PENDING
PMT-7CB628C046,RES-7E062CCBBB,11-11-2024 12:00 AM,cash,1267.07,Refunded
PMT-BEB54BEA03,RES-994AB1A2A3,18/01/2024 00:00,credit_card,1133.69,declined
PMT-3F149295B4,RES-C7C0E6A260,2026-02-15 00:00:00,bank_transfer,1567.78,Pending
PMT-ABAA05E398,RES-0D5620EE23,2024-02-03 00:00:00,debit_card,1676.71,Refunded
PMT-6014BA733A,RES-0C3945AA0C,08/06/2024 00:00,bank_transfer,390.39,refunded
PMT-FF9EA253E8,RES-7D43A67419,2024-04-03 00:00:00,bank_transfer,1791.27,Paid
PMT-16916798DE,RES-113FBC23DA,,mobile_money,960.23,Paid
PMT-275D7A7366,RES-3E334A8750,2025-02-10 00:00:00,debit_card,209.51,PENDING
PMT-441E24FE83,RES-85070A27A6,03-16-2025 12:00 AM,credit_card,841.87,PAID
PMT-7194EFFBBC,RES-6FB02EF627,2024-03-01 00:00:00,paypal,1306.58,Pending
PMT-97DBAECE04,RES-915BA15AD5,03-16-2026 12:00 AM,credit_card,1183.01,REFUNDED
PMT-450BFCB5E0,RES-225605DD04,28/09/2024 00:00,credit_card,578.96,failed
PMT-0BFDB7AF63,RES-53F91BBFB7,,credit_card,946.11,FAILED
PMT-D409A58851,RES-30AD6DA535,30/01/2026 00:00,debit_card,1181.75,PENDING
PMT-1859DF4CDE,RES-E942E0CD7B,04-26-2025 12:00 AM,cash,1714.81,failed
PMT-6A8770652E,RES-586216E918,01-03-2025 12:00 AM,debit_card,663.28,Pending
PMT-B42812CF5B,RES-B0EE91048A,2025-04-08 00:00:00,debit_card,1739.4,PAID
PMT-88029A4DB7,RES-83BD8246C0,03-06-2025 12:00 AM,credit_card,1635.34,success
PMT-3553606314,RES-4002E431B9,10-12-2024 12:00 AM,bank_transfer,1493.86,pending
PMT-FAA748F866,RES-C198D89C98,2025-01-01 00:00:00,credit_card,279.36,success
PMT-9751ECEC87,RES-48F8F915A8,2024-02-21 00:00:00,mobile_money,1029.38,REFUNDED
PMT-3794EC4A68,RES-45660F8D14,2026-05-23 00:00:00,cash,999.22,success
PMT-8B61016CA7,RES-B17AC6DCDF,12-29-2025 12:00 AM,credit_card,1395.38,pending
PMT-177096DD6D,RES-3E86D1B509,11-22-2025 12:00 AM,mobile_money,78.53,declined
PMT-A156E11BE1,RES-25E4C4223D,02-14-2026 12:00 AM,cash,521.29,PENDING
PMT-F69E664EDB,RES-25E4C4223D,05-13-2026 12:00 AM,credit_card,1706.36,PAID
PMT-201E8460C0,RES-25E4C4223D,2025-03-06 00:00:00,credit_card,58.72,declined
PMT-211665C42C,RES-1B4AF3BAC0,01-14-2024 12:00 AM,bank_transfer,689.89,pending
PMT-DE5415D724,RES-EF55DEF5DB,15/03/2026 00:00,paypal,1309.96,PAID
PMT-82FAFA823F,RES-04EED9E56C,2025-02-09 00:00:00,credit_card,608.41,failed
PMT-F07139D5E2,RES-DF3DB47C73,08-17-2024 12:00 AM,bank_transfer,1689.86,REFUNDED
PMT-CDCC47105B,RES-EA35BF21AF,2024-08-02 00:00:00,credit_card,1286.11,PENDING
PMT-C6BFDCF72F,RES-EA35BF21AF,2025-10-26 00:00:00,paypal,272.28,Pending
PMT-4D169DD183,RES-E8D9479F1F,13/07/2025 00:00,debit_card,1586.18,failed
PMT-634D0F8871,RES-C8D19E38A4,2024-10-23 00:00:00,paypal,46.18,success
PMT-077B59E866,RES-420BA026DE,2025-09-26 00:00:00,mobile_money,1678.93,refunded
PMT-8808C0A890,RES-0A21DFB91B,14/04/2026 00:00,credit_card,834.58,failed
PMT-3EFBC97DBD,RES-51889D6EA2,02/04/2024 00:00,cash,701.4,refunded
PMT-60FD9BD3C8,RES-51889D6EA2,19/07/2025 00:00,debit_card,1308.01,declined
PMT-E108CE4E78,RES-51889D6EA2,2025-04-11 00:00:00,debit_card,475.31,success
PMT-83CD39ED4D,RES-113EBC2C7F,30/07/2024 00:00,credit_card,474.17,REFUNDED
PMT-C1FCAEA15B,RES-113EBC2C7F,03-27-2024 12:00 AM,mobile_money,1045.53,DECLINED
PMT-DE8384EEBD,RES-D9BC050693,01-25-2024 12:00 AM,mobile_money,1471.23,REFUNDED
PMT-9C477E61FF,RES-D49383C189,25/03/2024 00:00,bank_transfer,466.11,DECLINED
PMT-844E130525,RES-EF1C810B8F,07/03/2024 00:00,cash,712.66,success
PMT-F24EA3154F,RES-7F12A564B5,30/08/2024 00:00,credit_card,735.18,success
PMT-9A6F60C879,RES-96E744DEDE,16/06/2024 00:00,cash,968.23,failed
PMT-7FB584CC87,RES-96E744DEDE,01-10-2025 12:00 AM,mobile_money,621.98,paid
PMT-5D2A12C8AE,RES-68A635CE8A,2024-08-16 00:00:00,mobile_money,690.31,Pending
PMT-6861E2479F,RES-4C3E3B8C3F,2024-08-27 00:00:00,bank_transfer,1651.06,success
PMT-0982237C66,RES-D4BE622585,2024-06-26 00:00:00,cash,715.25,REFUNDED
PMT-35F85356C4,RES-B420DBBF50,2024-05-28 00:00:00,credit_card,686.36,FAILED
PMT-2E6C1CAF90,RES-98BFACCD1C,02/09/2024 00:00,credit_card,1038.44,pending
PMT-964F82999F,RES-2838D5C1A2,2024-11-26 00:00:00,credit_card,915.95,REFUNDED
PMT-7C8DC867A1,RES-B0B76F4713,2026-04-01 00:00:00,debit_card,1325.54,PAID
PMT-1D8CFAA34A,RES-840B6FD3CA,28/07/2025 00:00,cash,98.69,PENDING
PMT-D39ED032BC,RES-A6D867E538,08-15-2024 12:00 AM,mobile_money,719.48,DECLINED
PMT-3EF544DFE8,RES-A82A0EA738,2024-05-19 00:00:00,cash,201.03,Paid
PMT-9204EB6B3B,RES-FA18DFDE2E,02-07-2026 12:00 AM,debit_card,218.45,REFUNDED
PMT-68D68991EF,RES-82637D4B05,2024-07-23 00:00:00,cash,1275.32,pending
PMT-5831A706A2,RES-47CA250C2F,09/03/2026 00:00,mobile_money,1157.25,Refunded
PMT-56940FD5F7,RES-D7FC5342F8,25/04/2025 00:00,bank_transfer,1369.46,refunded
PMT-7647061413,RES-B5EDBE9BBE,,debit_card,1612.27,declined
PMT-9A5BD9DBA6,RES-A69DD7772F,04/07/2024 00:00,mobile_money,924.93,DECLINED
PMT-D456141798,RES-A69DD7772F,10-12-2025 12:00 AM,bank_transfer,489.76,SUCCESS
PMT-5FFD1E77B8,RES-FF7F76C693,2024-02-03 00:00:00,credit_card,830.35,SUCCESS
PMT-BBB1933F1D,RES-962DCCA8F8,,paypal,1146.2,SUCCESS
PMT-234A21E749,RES-C658DB1628,2024-12-08 00:00:00,credit_card,1295.07,REFUNDED
PMT-EA20A2DA6B,RES-8142F89FD3,2024-07-30 00:00:00,mobile_money,384.08,pending
PMT-ED5CAB652E,RES-969D524E02,11/06/2026 00:00,mobile_money,899.85,SUCCESS
PMT-2727C1A17C,RES-50DF6F5ED7,2025-07-15 00:00:00,mobile_money,133.32,Failed
PMT-1003318391,RES-CD621F26AF,28/03/2024 00:00,bank_transfer,1573.41,Paid
PMT-7B1ACB54F8,RES-C1FECC4F8B,01-16-2025 12:00 AM,bank_transfer,1490.04,success
PMT-413C4A3DA8,RES-DADB2AA636,2024-08-29 00:00:00,bank_transfer,883.82,failed
PMT-AB5AE2F131,RES-C858B1AC5A,20/01/2026 00:00,paypal,260.76,success
PMT-FD346C18BF,RES-C858B1AC5A,2024-06-16 00:00:00,bank_transfer,1305.26,declined
PMT-1C33D9E363,RES-89C072B871,2025-09-11 00:00:00,paypal,168.64,declined
PMT-C132A3497A,RES-E2BE5C1B1C,2024-07-08 00:00:00,credit_card,1652.62,PENDING
PMT-CDD8F0E36F,RES-00D153D6E7,2025-02-24 00:00:00,paypal,232.37,FAILED
PMT-7D4FC2F3CB,RES-E039A67002,05-06-2024 12:00 AM,mobile_money,1578.86,failed
PMT-A862816432,RES-46117B1CD2,2026-02-15 00:00:00,paypal,533.25,pending
PMT-51AD934AEF,RES-F7B76ADF62,2024-12-12 00:00:00,cash,964.7,Paid
PMT-A1828DE9D7,RES-1D5F53F7AD,03-11-2024 12:00 AM,bank_transfer,1230.42,failed
PMT-FCF2E6FF37,RES-634E11CC9E,2024-04-28 00:00:00,paypal,819.18,PENDING
PMT-0C7C9E3238,RES-8C4264DB79,06/09/2025 00:00,mobile_money,1733.38,Pending
PMT-04AC50E29A,RES-5923A8B2D4,06-26-2025 12:00 AM,credit_card,1572.61,pending
PMT-9E80FB1FF1,RES-5923A8B2D4,2024-06-26 00:00:00,debit_card,1425.03,SUCCESS
PMT-60BDA5088E,RES-769D744A10,2024-01-30 00:00:00,bank_transfer,597.86,SUCCESS
PMT-84967C965C,RES-769D744A10,04-14-2024 12:00 AM,debit_card,474.86,Failed
PMT-641B93D573,RES-D9EF2377C8,2026-03-17 00:00:00,paypal,,Failed
PMT-0903E712FE,RES-23C064A211,22/09/2024 00:00,cash,1651.53,FAILED
PMT-1B570AD0D0,RES-C24BAEB100,02/11/2024 00:00,bank_transfer,1097.57,Failed
PMT-1D6335EF73,RES-2BCE9C9D81,2024-03-22 00:00:00,debit_card,1458.25,success
PMT-FE39415B2A,RES-107227BBE8,29/05/2026 00:00,mobile_money,952.87,refunded
PMT-B4F286EAF5,RES-5B963627C8,04-11-2026 12:00 AM,debit_card,843.01,pending
PMT-C558E12245,RES-87F6EB2A08,18/05/2025 00:00,mobile_money,1078.19,refunded
PMT-3F358CFAE3,RES-9BE204B6DB,08-09-2025 12:00 AM,bank_transfer,1132.37,paid
PMT-D965ACEF77,RES-F52ABE1386,2024-12-31 00:00:00,paypal,662.83,refunded
PMT-E02EB1A92E,RES-F52ABE1386,05-30-2024 12:00 AM,paypal,77.55,failed
PMT-54AB730754,RES-5FFAB2CC79,04-23-2025 12:00 AM,debit_card,1415.08,pending
PMT-43CA71E0ED,RES-638A4D349D,06-13-2025 12:00 AM,mobile_money,231.89,Paid
PMT-13F5D7A69A,RES-07057600FC,13/03/2025 00:00,mobile_money,1152.75,failed
PMT-68FF388499,RES-5F97BF9225,2025-04-23 00:00:00,mobile_money,1175.23,PENDING
PMT-F525B538BF,RES-271662D4A8,2026-05-01 00:00:00,debit_card,300.71,Refunded
PMT-26FFC20BEB,RES-0C3789E864,2025-04-26 00:00:00,cash,707.36,Failed
PMT-53ED4714A5,RES-314106E7AB,01-02-2026 12:00 AM,paypal,113.4,FAILED
PMT-193A24ECC7,RES-31647B3876,04-12-2026 12:00 AM,mobile_money,1568.49,Pending
PMT-F588231517,RES-997466C41C,2025-06-30 00:00:00,paypal,1271.46,PAID
PMT-0E66F8966F,RES-1AE0E55318,01/11/2024 00:00,credit_card,829.39,failed
PMT-F4BAF91A06,RES-7E28111369,07-20-2024 12:00 AM,bank_transfer,1710.84,Failed
PMT-8F817201CB,RES-FB9677DA6F,07/03/2026 00:00,credit_card,1626.77,DECLINED
PMT-21D99F5DEC,RES-2B0E229A18,30/05/2024 00:00,cash,488.65,SUCCESS
PMT-99D00A173F,RES-2B0E229A18,01/06/2025 00:00,credit_card,1049.26,pending
PMT-39B679A46A,RES-2B0E229A18,12-03-2024 12:00 AM,credit_card,686.51,paid
PMT-0A048C9AC8,RES-B69CE3E752,01/10/2024 00:00,cash,1219.78,REFUNDED
PMT-D52A4D4C1F,RES-80C59BC36B,14/07/2025 00:00,paypal,418.9,PAID
PMT-E66FC19FC0,RES-03E2DC7D92,07-22-2024 12:00 AM,credit_card,1344.33,Refunded
PMT-7F958D11B4,RES-8D242F5DB3,25/01/2025 00:00,credit_card,1766.32,declined
PMT-73149C0A83,RES-8D242F5DB3,2025-10-13 00:00:00,debit_card,1413.15,pending
PMT-0A5B92159C,RES-8D242F5DB3,10-10-2024 12:00 AM,paypal,1662.26,Refunded
PMT-3BEF7789B9,RES-7D53F6AC2E,06-22-2025 12:00 AM,mobile_money,1072.49,Pending
PMT-512D6C5316,RES-EDE708C7D6,09-15-2024 12:00 AM,mobile_money,1353.06,REFUNDED
PMT-8D2F7E6ED2,RES-30F909F3B7,2025-04-22 00:00:00,bank_transfer,1250.34,refunded
PMT-02B90D188B,RES-40D0184E57,10/11/2024 00:00,bank_transfer,84.81,refunded
PMT-3491796120,RES-68B88C572F,21/01/2024 00:00,bank_transfer,486.46,Refunded
PMT-32D7B0975E,RES-C11803B3FB,24/06/2024 00:00,mobile_money,439.35,refunded
PMT-3129F45ED8,RES-2D2084200C,15/02/2026 00:00,cash,884.81,pending
PMT-819108A10A,RES-B5184728EF,2025-04-28 00:00:00,mobile_money,1064.84,pending
PMT-127A34EB05,RES-F12AAEB55F,30/12/2025 00:00,credit_card,305.5,SUCCESS
PMT-EAE0040C06,RES-E6D82FA5A4,07-24-2024 12:00 AM,credit_card,773.4,REFUNDED
PMT-AC91912BFE,RES-4742F5AEF5,11/08/2025 00:00,mobile_money,944.96,refunded
PMT-998F450F03,RES-C9E262FF05,21/12/2024 00:00,bank_transfer,546.05,REFUNDED
PMT-4721FBB2EE,RES-2159D0483F,2024-12-02 00:00:00,bank_transfer,1393.45,paid
PMT-5CC56D289B,RES-D7D66AC318,21/03/2026 00:00,paypal,1539.38,paid
PMT-07D0EDBE7E,RES-01F823110C,05-12-2025 12:00 AM,credit_card,1167.81,DECLINED
PMT-D5C498C0E7,RES-20469B164B,2026-05-30 00:00:00,debit_card,345.44,declined
PMT-67A57694E6,RES-A1A60338AA,05-25-2025 12:00 AM,mobile_money,286.73,PENDING
PMT-BAED1468EB,RES-D4A35A1F8E,02-20-2024 12:00 AM,paypal,731.96,SUCCESS
PMT-5020C5B8A4,RES-91AB1EC2DA,2024-10-19 00:00:00,mobile_money,1030.24,Refunded
PMT-37EDDD15AA,RES-B598B1671A,2024-10-14 00:00:00,debit_card,141.77,refunded
PMT-D1AD004AFC,RES-F2A7E23DDC,09-02-2025 12:00 AM,credit_card,196.99,pending
PMT-FC5E066272,RES-F40796C651,04-05-2025 12:00 AM,bank_transfer,335.68,success
PMT-9ACCBA1315,RES-BCCC4AEF80,03/10/2025 00:00,mobile_money,1695.03,Paid
PMT-A9407D3E10,RES-50B28C7018,05/07/2024 00:00,cash,328.25,PENDING
PMT-0E293DCD1F,RES-BEDE9CAD8B,2024-11-18 00:00:00,debit_card,214.89,pending
PMT-D4A0823D2C,RES-997FCCE86C,2024-11-06 00:00:00,cash,430.08,REFUNDED
PMT-86756175AF,RES-CF7F845685,15/05/2025 00:00,paypal,1131.58,Refunded
PMT-9BD623A9F9,RES-0C47D3FC3F,12/09/2025 00:00,mobile_money,1632.2,Failed
PMT-0AA80F4D19,RES-AE332DCF80,11/11/2025 00:00,debit_card,273.98,failed
PMT-EBD0F87AA5,RES-7214A0E6FB,26/04/2026 00:00,debit_card,1481.05,success
PMT-E0BFB4314F,RES-DE65726D5A,25/12/2024 00:00,mobile_money,878.53,REFUNDED
PMT-DDC78005EA,RES-0A8EF7AA93,2025-07-25 00:00:00,bank_transfer,1515.93,PAID
PMT-4A4F1EB567,RES-78870ADF94,29/03/2024 00:00,credit_card,572.89,PENDING
PMT-B9FC7C5A49,RES-383A5E8DE9,27/04/2026 00:00,cash,976.21,failed
PMT-5ADBEE5E85,RES-B275A1C583,2025-11-17 00:00:00,debit_card,1653.71,REFUNDED
PMT-DB8791EB7B,RES-B275A1C583,19/05/2025 00:00,bank_transfer,627.83,REFUNDED
PMT-9CCD1BCFED,RES-53979AA7A8,2025-02-11 00:00:00,bank_transfer,1473.04,Paid
PMT-BF0AEC9887,RES-616F4FA76C,2025-11-30 00:00:00,cash,1771.4,FAILED
PMT-F14F6B374A,RES-F89FF9DECE,2025-03-15 00:00:00,debit_card,1760.69,pending
PMT-567A48AC82,RES-889A5F48AC,03-04-2024 12:00 AM,paypal,1235.76,failed
PMT-4DD0F8B8C9,RES-B260E6EBB6,05-29-2026 12:00 AM,paypal,1202.82,refunded
PMT-A4B253BDC8,RES-A68F48CF19,2026-01-18 00:00:00,mobile_money,1092.8,FAILED
PMT-CC5163AF7B,RES-E6E58C483C,03/10/2025 00:00,cash,576.52,paid
PMT-7D6508CF90,RES-F1C2A3DAE0,2024-12-16 00:00:00,paypal,1026.65,REFUNDED
PMT-C04BDCF4E0,RES-113609532B,25/03/2025 00:00,cash,1507.21,Pending
PMT-5DD4D167A9,RES-D045D74E8B,06-16-2024 12:00 AM,mobile_money,584.52,success
PMT-0BC822ECF9,RES-ECDA2F1CE2,2026-03-16 00:00:00,cash,1152.7,Failed
PMT-A914802262,RES-7F2B3F7EDA,2024-08-13 00:00:00,bank_transfer,590.1,Refunded
PMT-8C86EF5E8C,RES-B5C9CECCED,07/05/2026 00:00,cash,1788.27,pending
PMT-DFDABF04E1,RES-1FD6CBCAD2,09-17-2025 12:00 AM,cash,1536.75,DECLINED
PMT-DFE3C3CAC3,RES-BF74B76A3A,2024-11-27 00:00:00,credit_card,1294.47,refunded
PMT-82C1E5E0D0,RES-D62C05C2DD,31/03/2025 00:00,bank_transfer,364.59,pending
PMT-AC5C45143E,RES-135C40CAE9,2026-01-03 00:00:00,cash,1576.56,REFUNDED
PMT-0F6CDF8C16,RES-B30B9CEDF4,10/10/2024 00:00,cash,,Refunded
PMT-7479AA46F1,RES-792522EEE7,04-13-2026 12:00 AM,paypal,1052.4,Refunded
PMT-F0231E6ED8,RES-0003E41B0D,08-25-2024 12:00 AM,paypal,1039.96,REFUNDED
PMT-C024C8CEA3,RES-0003E41B0D,2024-09-27 00:00:00,debit_card,949.84,PENDING
PMT-1EB6045128,RES-C30144AA99,25/06/2024 00:00,debit_card,322.65,Paid
PMT-D2B6669AB6,RES-830378B179,07/08/2025 00:00,credit_card,1050.98,PENDING
PMT-9CB3A6822A,RES-77CCA8D80F,06-24-2024 12:00 AM,mobile_money,499.74,DECLINED
PMT-9988F421A9,RES-CB282E8D49,17/03/2024 00:00,paypal,1199.64,success
PMT-DC3F89860B,RES-CB282E8D49,08/10/2025 00:00,cash,,refunded
PMT-060D675016,RES-A2F626254A,23/01/2026 00:00,debit_card,609.35,Paid
PMT-CE820D67B7,RES-A2F626254A,03-20-2024 12:00 AM,paypal,1015.85,Pending
PMT-EF7C56470B,RES-A2F626254A,09-05-2024 12:00 AM,paypal,1575.04,Failed
PMT-787AE8D6FB,RES-8980CD5524,04-01-2026 12:00 AM,mobile_money,373.59,SUCCESS
PMT-AA3F539DE7,RES-1E05408EF3,16/04/2024 00:00,mobile_money,1444.61,REFUNDED
PMT-A6D9CE7775,RES-1E0D44A16D,03-03-2024 12:00 AM,paypal,228.68,Pending
PMT-67234B5722,RES-5B03A9D98B,2024-01-08 00:00:00,mobile_money,1117.63,pending
PMT-8F0197E0E4,RES-5B03A9D98B,28/02/2024 00:00,bank_transfer,1066.26,FAILED
PMT-9E1BF364E3,RES-5B03A9D98B,23/06/2024 00:00,credit_card,1240.01,failed
PMT-7835F42B96,RES-9E821C684F,16/02/2025 00:00,credit_card,947.47,DECLINED
PMT-592C90A00B,RES-E26740E942,28/12/2024 00:00,cash,982.86,Refunded
PMT-C24AA86C8B,RES-C5D1880486,05-01-2024 12:00 AM,mobile_money,1773.84,PAID
PMT-95EF1A0C4E,RES-79CFE33525,2024-05-13 00:00:00,credit_card,886.85,PAID
PMT-11246D1F67,RES-79CFE33525,01-12-2025 12:00 AM,cash,557.83,PAID
PMT-7EAA6D80FB,RES-3E49E315FD,10-19-2024 12:00 AM,mobile_money,889.88,paid
PMT-8CA243DD66,RES-288CCE271D,25/10/2024 00:00,cash,1516.83,PAID
PMT-B255551EA5,RES-89303ABB49,2025-03-07 00:00:00,mobile_money,825.72,PENDING
PMT-3CE52E6718,RES-89303ABB49,11-20-2025 12:00 AM,mobile_money,1131.6,declined
PMT-6FBFADD9AD,RES-89303ABB49,2025-12-03 00:00:00,paypal,1239.33,Refunded
PMT-5E275534FD,RES-5DED17B376,2025-10-20 00:00:00,cash,427.28,PAID
PMT-D4DA93BE22,RES-5DED17B376,03-09-2026 12:00 AM,credit_card,179.1,Paid
PMT-39DF21DEDA,RES-942572B8C8,2026-05-22 00:00:00,debit_card,600.2,Refunded
PMT-33E3507295,RES-95097FE398,02-25-2026 12:00 AM,bank_transfer,1108.48,Failed
PMT-34922C303C,RES-4A376303E2,08/03/2026 00:00,credit_card,55.16,Paid
PMT-E6D4AC32BE,RES-8B7F8E388A,,cash,1033.39,Refunded
PMT-EE67CD389B,RES-8B7F8E388A,06-16-2025 12:00 AM,mobile_money,679.97,pending
PMT-A819D30374,RES-8B7F8E388A,07/05/2026 00:00,bank_transfer,737.03,failed
PMT-04F036BC43,RES-59CABE113F,11-03-2024 12:00 AM,cash,771.84,Refunded
PMT-DB9E6D9B34,RES-59CABE113F,2025-03-31 00:00:00,cash,1060.52,Failed
PMT-C873ADB9EA,RES-A01A365A91,05-13-2026 12:00 AM,paypal,1296.17,Refunded
PMT-951E23F2AD,RES-5ABDB20D9E,14/06/2024 00:00,credit_card,883.19,REFUNDED
PMT-9B3D67CFCD,RES-5ABDB20D9E,04/03/2025 00:00,bank_transfer,512.73,REFUNDED
PMT-271A198090,RES-5ABDB20D9E,01-22-2026 12:00 AM,bank_transfer,119.49,paid
PMT-472C4BDBF8,RES-F580D8393E,04-25-2024 12:00 AM,paypal,173.75,REFUNDED
PMT-4D69CE7CEA,RES-BE3066A0D5,2025-12-19 00:00:00,paypal,983.82,Paid
PMT-525C407F6A,RES-FDF565D178,2024-12-21 00:00:00,paypal,45.45,Pending
PMT-4546169D34,RES-1E174F1B35,28/01/2026 00:00,mobile_money,1739.84,Refunded
PMT-3161DE3D7B,RES-535ED3BE61,02-10-2024 12:00 AM,credit_card,1219.94,DECLINED
PMT-5E7514F763,RES-FB3ABD0C6A,2026-02-07 00:00:00,cash,1767.56,PENDING
PMT-7FD9DFD0D6,RES-3DB39DA306,07-13-2025 12:00 AM,cash,298.76,SUCCESS
PMT-116594006B,RES-C7103AB59B,09-21-2025 12:00 AM,cash,140.28,DECLINED
PMT-459E052560,RES-7715074640,2025-02-01 00:00:00,mobile_money,226.28,failed
PMT-B0F23775B5,RES-3FF6476239,05/04/2025 00:00,cash,802.18,PENDING
PMT-F621D0DD69,RES-225932335B,03-21-2026 12:00 AM,mobile_money,756.12,declined
PMT-4206FD2884,RES-54679E9564,19/10/2025 00:00,mobile_money,1573.54,Paid
PMT-4EC0164B4E,RES-B6978B76CD,12-26-2025 12:00 AM,credit_card,557.97,declined
PMT-05B2D35D0B,RES-141EFCA221,29/03/2026 00:00,mobile_money,839.76,PAID
PMT-73B56A20A0,RES-D20A5012F4,09-12-2024 12:00 AM,credit_card,1495.75,FAILED
PMT-0C56E72C44,RES-1BE83953F2,2024-11-15 00:00:00,credit_card,1793.7,pending
PMT-4AC0A7743E,RES-BDB86AD706,2024-11-11 00:00:00,mobile_money,1288.96,Pending
PMT-D331C3A183,RES-A4C13FA6DC,07-28-2025 12:00 AM,bank_transfer,503.06,PENDING
PMT-85C7408D16,RES-C9FD406720,22/10/2024 00:00,cash,473.37,paid
PMT-E3484251EA,RES-F7C5448901,01-04-2024 12:00 AM,cash,984.68,success
PMT-EE01EDDFBC,RES-549F4BFAA7,08/06/2026 00:00,debit_card,1184.95,declined
PMT-81611FA0C9,RES-1530F38C5A,19/04/2024 00:00,paypal,661.48,Refunded
PMT-1ECAF60780,RES-75B0AD7B28,05-08-2025 12:00 AM,debit_card,311.18,REFUNDED
PMT-E5D3E28598,RES-E534786BC6,20/09/2024 00:00,cash,772.26,Pending
PMT-C67FA2EBAC,RES-1EF66B63B3,08-27-2024 12:00 AM,debit_card,522.9,PENDING
PMT-D5B06E00FB,RES-CDBCA3596B,01-21-2024 12:00 AM,paypal,1509.91,refunded
PMT-2B544E4736,RES-1356A32F13,2024-04-13 00:00:00,credit_card,1113.64,pending
PMT-A98B48F105,RES-EA80A83DCB,05-11-2025 12:00 AM,debit_card,1489.16,Failed
PMT-18BCC0A906,RES-7852F7B4AF,30/07/2024 00:00,credit_card,1325.03,Refunded
PMT-5187365C8B,RES-56542F41F2,18/04/2026 00:00,bank_transfer,733.02,Pending
PMT-E937055C84,RES-56542F41F2,2024-07-06 00:00:00,mobile_money,728.94,failed
PMT-4123C4B1FA,RES-B01F1EBEC8,2025-05-29 00:00:00,cash,1521.42,PAID
PMT-154860A2D7,RES-C42209FA7E,04-02-2025 12:00 AM,bank_transfer,318.08,Refunded
PMT-C31181BA42,RES-5940D66171,18/11/2025 00:00,debit_card,987.01,Pending
PMT-A7276813EE,RES-C3A24C4692,15/09/2025 00:00,debit_card,482.23,DECLINED
PMT-94BE1F3961,RES-9A613DD194,2024-12-14 00:00:00,credit_card,95.86,FAILED
PMT-A47BF4A67E,RES-4CE6CBBE8D,13/05/2026 00:00,bank_transfer,1205.21,failed
PMT-616BBFF092,RES-6A8DE91114,11-27-2025 12:00 AM,mobile_money,1394.96,declined
PMT-D9871673D0,RES-25D3EB36C5,08-09-2025 12:00 AM,cash,910.68,refunded
PMT-46E384DA55,RES-25D3EB36C5,2025-01-14 00:00:00,mobile_money,521.77,paid
PMT-DC2B1FD370,RES-D4581B75B5,02-27-2025 12:00 AM,bank_transfer,1424.24,failed
PMT-A22AC7B6BC,RES-23B0D5098D,07-04-2025 12:00 AM,cash,1754.99,DECLINED
PMT-6BA867792F,RES-23B0D5098D,11-04-2024 12:00 AM,credit_card,1623.97,paid
PMT-940D6BB240,RES-23B0D5098D,2026-02-05 00:00:00,mobile_money,1493.31,SUCCESS
PMT-59FB13EA24,RES-39C360DDE0,01/04/2026 00:00,credit_card,1409.2,pending
PMT-A81AB74D01,RES-B611A4A016,2024-03-14 00:00:00,debit_card,683.96,declined
PMT-3CAD9075F6,RES-B70BEADAC3,15/06/2026 00:00,mobile_money,59.6,DECLINED
PMT-DC424D3CDB,RES-B9B2F2318F,2024-11-24 00:00:00,cash,384.4,PAID
PMT-BB17BBAC98,RES-63ACDF2FD2,05-06-2026 12:00 AM,mobile_money,845.2,PENDING
PMT-6FAC598CB6,RES-CEF92C4DB5,2025-10-17 00:00:00,paypal,573.19,pending
PMT-8DE9465F6B,RES-7AE29F0034,03/03/2025 00:00,credit_card,1759.44,failed
PMT-1EBDC6BCB5,RES-323B7E16F7,12/11/2025 00:00,credit_card,345.68,PENDING
PMT-13AD8C5F0F,RES-66298B393C,09-26-2025 12:00 AM,credit_card,752.97,paid
PMT-2A77B1415B,RES-AF616DF92D,07-30-2024 12:00 AM,credit_card,107.76,Refunded
PMT-77907132D7,RES-82866EE23C,2024-12-13 00:00:00,cash,880.16,declined
PMT-EC61325784,RES-AE90AD5250,,credit_card,1082.12,Refunded
PMT-CC49D0A83B,RES-DAFB0D2406,03-31-2026 12:00 AM,paypal,1120.49,PENDING
PMT-E7AD180D11,RES-FF48B8FDD8,02/05/2024 00:00,bank_transfer,134.63,Refunded
PMT-90DDF3BECF,RES-F28CA01A20,01-31-2024 12:00 AM,mobile_money,1387.53,Refunded
PMT-69607AEB42,RES-02D18CAC96,2025-09-29 00:00:00,debit_card,995.12,declined
PMT-85784E1DA5,RES-117BE1364B,2025-09-04 00:00:00,debit_card,997.94,paid
PMT-047D9539DB,RES-8CFE422492,03-26-2024 12:00 AM,debit_card,781.41,SUCCESS
PMT-43D8399BFB,RES-C2C6D000F2,2024-01-15 00:00:00,mobile_money,74.22,REFUNDED
PMT-C0BE0A3273,RES-6087697378,10-23-2025 12:00 AM,mobile_money,1727.63,REFUNDED
PMT-9D3376EA40,RES-39FCD0C2A2,10-04-2025 12:00 AM,credit_card,220.49,REFUNDED
PMT-AAE86F058D,RES-367198532C,10-08-2024 12:00 AM,mobile_money,1350.83,Refunded
PMT-A3F67B55CC,RES-E5FBB654E6,06-10-2025 12:00 AM,debit_card,1534.17,PENDING
PMT-F07D4C014A,RES-66B2F4255C,12-09-2025 12:00 AM,bank_transfer,476.28,Pending
PMT-9147035925,RES-210BDE25AA,18/04/2026 00:00,mobile_money,979.26,PAID
PMT-F7B76D1E6F,RES-36128D28F3,01-21-2025 12:00 AM,paypal,1680.73,declined
PMT-C6DF00D01C,RES-CF98621E15,2024-12-18 00:00:00,debit_card,1730.91,Pending
PMT-85A0F26FA0,RES-B34962AE05,05-23-2024 12:00 AM,mobile_money,533.6,Paid
PMT-A9AF53AB8A,RES-8E7C80DAE5,2026-01-15 00:00:00,cash,1253.73,refunded
PMT-7EEAEC5AA8,RES-AFE6B66ACD,21/01/2024 00:00,mobile_money,1214.46,refunded
PMT-70A710D342,RES-862E9AA271,12-14-2025 12:00 AM,credit_card,846.44,refunded
PMT-F9B0228024,RES-D90A67AA10,07/07/2024 00:00,paypal,919.34,Refunded
PMT-AE3A30050E,RES-F0E9BB9B84,2026-04-12 00:00:00,bank_transfer,181.08,paid
PMT-8F3894F853,RES-E53A7DA8CF,02-13-2026 12:00 AM,mobile_money,1727.84,pending
PMT-9B9F6F5787,RES-6F818633C8,2025-11-21 00:00:00,cash,808.25,Refunded
PMT-11335AED91,RES-581139E774,07-04-2025 12:00 AM,debit_card,1591.37,Pending
PMT-C5FA50101B,RES-568FD626B2,13/06/2024 00:00,credit_card,1241.17,refunded
PMT-A6710457C0,RES-F0BBACD56E,05-22-2026 12:00 AM,mobile_money,540.35,pending
PMT-E71566FEE8,RES-89215B6E2D,01-13-2026 12:00 AM,debit_card,230.1,declined
PMT-BBEAC26B58,RES-9A0787AD20,2026-04-04 00:00:00,bank_transfer,723.68,PENDING
PMT-2AF8D495ED,RES-9A0787AD20,03-12-2026 12:00 AM,cash,63.41,PENDING
PMT-91114F8C97,RES-6ADE79CFA0,07/01/2025 00:00,mobile_money,1203.41,Paid
PMT-9ACEC814D0,RES-B1F7121BD8,01-14-2024 12:00 AM,debit_card,276.28,SUCCESS
PMT-2F65517F86,RES-D6684126E4,04/08/2024 00:00,mobile_money,1260.87,Refunded
PMT-4829FD7AF3,RES-D6684126E4,2026-04-29 00:00:00,debit_card,1097.73,failed
PMT-0E7C276626,RES-4C49215250,28/12/2025 00:00,credit_card,403.36,FAILED
PMT-CCECB8F889,RES-C36283FFEE,07-02-2024 12:00 AM,credit_card,1147.73,DECLINED
PMT-8D7D32E318,RES-DB8921BA49,04/01/2025 00:00,debit_card,840.15,Paid
PMT-5E6DEA768D,RES-2E0D5B4D1E,2024-06-12 00:00:00,bank_transfer,721.51,Paid
PMT-4109D22C5B,RES-6D254F3B34,07/01/2025 00:00,credit_card,614.89,PAID
PMT-EB48B0F290,RES-3152384D93,11-23-2024 12:00 AM,cash,1007.19,PENDING
PMT-C0C09A88DC,RES-F79CA6F0A0,11-12-2024 12:00 AM,bank_transfer,1085.63,REFUNDED
PMT-9214968FA6,RES-F60ABEA7F4,07-11-2024 12:00 AM,mobile_money,393.43,pending
PMT-5CFA96C431,RES-5977815EB4,,paypal,94.89,paid
PMT-9FE2DEE10F,RES-CFFCD17125,29/04/2026 00:00,debit_card,1540.86,failed
PMT-3EEEB2294B,RES-CFFCD17125,2024-03-18 00:00:00,credit_card,1788.18,REFUNDED
PMT-697258059D,RES-CFFCD17125,19/06/2024 00:00,cash,1155.83,PENDING
PMT-15136F9768,RES-75FBD2F5AA,10-14-2024 12:00 AM,mobile_money,222.54,REFUNDED
PMT-F0CD05701A,RES-22520B73B9,2025-01-19 00:00:00,paypal,211.5,refunded
PMT-3C85DA5818,RES-AC97CECDAB,03/10/2024 00:00,mobile_money,1239.14,success
PMT-07935F5203,RES-E600613DEB,03-10-2025 12:00 AM,cash,746.89,success
PMT-765057F477,RES-5E21CBA5E7,2024-11-16 00:00:00,credit_card,1473.04,REFUNDED
PMT-5006A9105D,RES-1E383E9850,2025-06-08 00:00:00,cash,331.43,declined
PMT-88C72D0FB9,RES-3B94ED9287,09-03-2024 12:00 AM,cash,558.82,PENDING
PMT-2CEE0386BE,RES-118BEDFFB3,2024-12-02 00:00:00,paypal,775.38,SUCCESS
PMT-A4E8DD5A51,RES-09579F99A2,19/12/2024 00:00,cash,1799.87,PENDING
PMT-AC3B98E45D,RES-BD4D9B10E1,01-21-2026 12:00 AM,bank_transfer,1533.0,DECLINED
PMT-096B930C96,RES-1C1C94386E,12-05-2025 12:00 AM,cash,446.24,declined
PMT-C259269841,RES-BC7C15E476,27/01/2024 00:00,credit_card,1627.17,FAILED
PMT-771A8A69A9,RES-C63C079F37,2024-12-07 00:00:00,cash,277.46,refunded
PMT-90B2F8B66F,RES-10F66D0BA2,22/02/2025 00:00,debit_card,1233.38,success
PMT-A354F5A74E,RES-80ED934788,2025-04-17 00:00:00,paypal,688.51,success
PMT-F7F14BC0D3,RES-ED52FABEC9,2025-03-11 00:00:00,bank_transfer,1786.68,FAILED
PMT-01D87C3464,RES-4335F90B45,2026-03-20 00:00:00,mobile_money,572.48,REFUNDED
PMT-05327B2BAE,RES-392AE911AC,03/04/2025 00:00,credit_card,232.0,Pending
PMT-3F0DA7ED1F,RES-6B30D5DD63,2024-12-26 00:00:00,debit_card,380.01,PENDING
PMT-EC875D3D68,RES-7250198034,2025-08-31 00:00:00,bank_transfer,496.58,success
PMT-830B267534,RES-62170DAEAD,05/05/2024 00:00,bank_transfer,164.63,PENDING
PMT-F6DE613AA4,RES-4359E90FB4,22/04/2025 00:00,cash,870.27,SUCCESS
PMT-F6AC26FC3C,RES-8F856E2723,01/12/2025 00:00,paypal,1762.88,Pending
PMT-F82E3991F1,RES-31298F8313,15/09/2024 00:00,bank_transfer,523.41,Paid
PMT-69B979A813,RES-3D0235459A,04-16-2026 12:00 AM,mobile_money,1132.82,PAID
PMT-3E2C6EB0EA,RES-31BD739DFC,10-16-2024 12:00 AM,paypal,532.92,PENDING
PMT-7C3FF4F799,RES-31BD739DFC,05/03/2024 00:00,credit_card,700.23,pending
PMT-26BB94DCF1,RES-2A2F092454,10-22-2025 12:00 AM,bank_transfer,818.39,paid
PMT-D0697DE34C,RES-2A2F092454,09-29-2025 12:00 AM,credit_card,1511.94,Pending
PMT-DD923B2155,RES-F4335F2ADA,2026-03-21 00:00:00,debit_card,332.63,SUCCESS
PMT-A9572134CA,RES-881165621A,03-20-2025 12:00 AM,mobile_money,1337.8,Paid
PMT-F9DDDD67A0,RES-9EE9EF39B5,16/01/2026 00:00,paypal,,refunded
PMT-998D954637,RES-94D8A84737,,cash,939.7,PAID
PMT-F556F9317B,RES-94D8A84737,25/05/2026 00:00,cash,984.23,refunded
PMT-C02BB9FBD0,RES-A7DA691F38,11/05/2025 00:00,cash,505.76,Refunded
PMT-1DF8B8F604,RES-E3F580D46D,21/10/2025 00:00,bank_transfer,208.34,DECLINED
PMT-C13FC880F8,RES-F54C3712F1,2024-11-20 00:00:00,cash,1207.74,pending
PMT-8E096DB0EA,RES-F54C3712F1,24/01/2026 00:00,cash,116.94,failed
PMT-8F06F5C8A1,RES-F54C3712F1,01-28-2026 12:00 AM,credit_card,227.88,PAID
PMT-DDE17A7DC3,RES-8FAE4BE0F6,03-01-2024 12:00 AM,debit_card,86.53,refunded
PMT-1219E8800D,RES-0A4D849A3F,07/12/2024 00:00,paypal,305.69,PENDING
PMT-2E7D3188D4,RES-F80BE907DC,2024-11-14 00:00:00,bank_transfer,1491.26,paid
PMT-13DD3644F7,RES-0FD9551559,2026-03-10 00:00:00,debit_card,560.05,FAILED
PMT-3B80EDC6CA,RES-C182EA6D20,01-12-2024 12:00 AM,debit_card,1598.81,SUCCESS
PMT-47578586B1,RES-16D39E880B,2024-07-28 00:00:00,mobile_money,1684.72,declined
PMT-6544AB5428,RES-C5328E09E2,23/09/2025 00:00,paypal,213.04,Pending
PMT-A81C5C2B78,RES-C5328E09E2,01-08-2024 12:00 AM,paypal,1386.07,DECLINED
PMT-7AF88A7033,RES-C5328E09E2,21/05/2026 00:00,paypal,1488.82,Pending
PMT-CA97E203D2,RES-10B34ED4AE,2026-05-03 00:00:00,cash,1583.07,REFUNDED
PMT-612D528FFA,RES-CE2278203B,13/02/2024 00:00,debit_card,1485.63,declined
PMT-DEA6FFDBE2,RES-E87109A0C0,2026-04-04 00:00:00,cash,1167.05,SUCCESS
PMT-8BA30476D5,RES-456E9948FF,04/06/2025 00:00,mobile_money,1458.61,DECLINED
PMT-5CD0096DB2,RES-8EF3E08746,2025-08-02 00:00:00,bank_transfer,1721.23,Failed
PMT-2F6D2F3274,RES-0B46528B0D,05-29-2024 12:00 AM,cash,244.64,pending
PMT-7B74C087F7,RES-67E8DE6C19,2025-05-14 00:00:00,cash,969.21,failed
PMT-CD68413C17,RES-264CBD2589,2025-12-29 00:00:00,bank_transfer,779.21,Paid
PMT-977717C09D,RES-AD242C5558,29/01/2024 00:00,credit_card,1496.51,success
PMT-B818A14A8F,RES-35DCA164DB,2026-03-19 00:00:00,debit_card,473.61,DECLINED
PMT-DAF64159D4,RES-425942CA80,09-24-2024 12:00 AM,paypal,771.96,refunded
PMT-0ECE0DD200,RES-7883565A51,20/04/2024 00:00,paypal,1231.8,Paid
PMT-ED9FC86112,RES-2131FAF390,07/01/2024 00:00,cash,1141.82,failed
PMT-015809155E,RES-7DB7CBEBA4,27/05/2024 00:00,paypal,680.44,refunded
PMT-A087532479,RES-8E01A92158,20/12/2024 00:00,cash,1264.19,refunded
PMT-7A33CBAF62,RES-8E01A92158,02-18-2026 12:00 AM,bank_transfer,181.53,failed
PMT-1822E65951,RES-A6902996E8,12-19-2025 12:00 AM,credit_card,1383.84,Pending
PMT-7402421ED8,RES-AA6C71A099,04-24-2024 12:00 AM,paypal,1652.95,PENDING
PMT-40B979D498,RES-DFE4F4BB04,2026-04-17 00:00:00,bank_transfer,389.93,SUCCESS
PMT-5756A7CA59,RES-9B1E249D0E,2024-04-30 00:00:00,bank_transfer,1706.49,paid
PMT-432E860206,RES-9B1E249D0E,07-21-2025 12:00 AM,mobile_money,801.3,pending
PMT-621C1C2D29,RES-9B1E249D0E,2025-01-19 00:00:00,credit_card,1194.36,SUCCESS
PMT-0AB51099AD,RES-63DEA17410,07-04-2025 12:00 AM,bank_transfer,266.62,pending
PMT-C30A1AD4DB,RES-8EB866D164,2024-12-16 00:00:00,cash,1632.64,Failed
PMT-D6C42FE1CC,RES-10E6C121D7,02/02/2026 00:00,cash,565.35,PAID
PMT-99F37135C6,RES-10E6C121D7,08-24-2024 12:00 AM,cash,1179.59,Refunded
PMT-A735758760,RES-0A7729A12B,2026-03-30 00:00:00,bank_transfer,1377.25,Paid
PMT-B9DDA6B9D4,RES-D189B0E8B2,09/04/2024 00:00,bank_transfer,393.1,success
PMT-05D90EC8AC,RES-1C59062B3D,2025-11-10 00:00:00,debit_card,45.72,Failed
PMT-A18C7C513C,RES-1C59062B3D,22/05/2024 00:00,paypal,1776.23,Refunded
PMT-E032038B10,RES-66AE30F76F,15/11/2024 00:00,paypal,896.88,SUCCESS
PMT-C21DAEC6BF,RES-AE8714865F,06/01/2024 00:00,bank_transfer,1496.59,SUCCESS
PMT-D668A34826,RES-F974A60E34,17/05/2024 00:00,mobile_money,375.53,pending
PMT-605C66895E,RES-AD37BDED27,01/06/2025 00:00,debit_card,1015.55,Failed
PMT-5EE48E0D62,RES-C0D48107E7,08-09-2025 12:00 AM,debit_card,619.42,Pending
PMT-E7C257E8B6,RES-C7AAB1C53A,2024-05-05 00:00:00,bank_transfer,,success
PMT-5672949A31,RES-519907AF7F,24/02/2025 00:00,cash,212.63,REFUNDED
PMT-94D934915A,RES-C0EA453275,15/06/2026 00:00,paypal,1312.82,paid
PMT-B4AC15D002,RES-C0EA453275,2025-01-24 00:00:00,paypal,,PENDING
PMT-30348AFC64,RES-C0EA453275,2024-12-17 00:00:00,mobile_money,1510.38,Refunded
PMT-85395F5C3C,RES-1BC0415C91,2024-03-13 00:00:00,credit_card,1071.46,Paid
PMT-B11F75F8EE,RES-06CB593308,09-19-2025 12:00 AM,cash,342.44,REFUNDED
PMT-E3CDE5D6AC,RES-4D9D1D3B3E,11-04-2024 12:00 AM,mobile_money,1646.03,Pending
PMT-9830BEB7B5,RES-00B850C14E,17/12/2024 00:00,paypal,267.76,Paid
PMT-13534B8721,RES-0D416FB0DB,10/07/2024 00:00,credit_card,926.18,PAID
PMT-8E94EC3E65,RES-8271631B10,2025-06-26 00:00:00,paypal,97.78,Pending
PMT-3509B5F902,RES-9777070683,07-26-2025 12:00 AM,bank_transfer,589.09,pending
PMT-2E74CBCD6E,RES-95EA8F9A74,2024-01-28 00:00:00,bank_transfer,235.14,Pending
PMT-D291F1B4B5,RES-2C2576CB17,17/11/2025 00:00,credit_card,943.76,REFUNDED
PMT-F656D40FEA,RES-BA5A7D1032,12/04/2026 00:00,credit_card,1700.77,DECLINED
PMT-B3C1727E19,RES-6CD536FBF2,2024-01-13 00:00:00,paypal,1583.67,pending
PMT-390733F9F0,RES-9A04E1F92C,05-31-2026 12:00 AM,debit_card,712.64,DECLINED
PMT-C9669CE7FF,RES-9A04E1F92C,11-20-2025 12:00 AM,paypal,1021.72,PENDING
PMT-71C96D6729,RES-9A04E1F92C,29/06/2025 00:00,cash,622.66,failed
PMT-F035A0803C,RES-7CAE5F2032,07/09/2025 00:00,bank_transfer,270.56,paid
PMT-26B2E8895D,RES-468EFFE479,2024-01-06 00:00:00,paypal,137.55,Pending
PMT-B61DD96159,RES-C247647BDF,05-18-2025 12:00 AM,paypal,974.59,declined
PMT-E96F567566,RES-B78D81AA6F,2026-02-13 00:00:00,mobile_money,1617.36,DECLINED
PMT-C1733B9D88,RES-7C9DF05153,12/05/2026 00:00,mobile_money,559.41,Refunded
PMT-67A13A9178,RES-64C3A4A01F,18/06/2025 00:00,bank_transfer,1101.17,Pending
PMT-A347CAA752,RES-87288E646C,29/02/2024 00:00,paypal,1386.3,REFUNDED
PMT-98517FCFF5,RES-8E67D3E0FE,2025-04-09 00:00:00,bank_transfer,526.32,Pending
PMT-5D07A7194D,RES-4A61CD90BE,17/09/2024 00:00,cash,1702.13,FAILED
PMT-183C2CF98D,RES-03A3D407B7,2024-06-01 00:00:00,mobile_money,1098.14,FAILED
PMT-2E15882ED4,RES-67476BB013,16/02/2026 00:00,credit_card,1247.19,success
PMT-20B1174382,RES-67476BB013,10-06-2024 12:00 AM,paypal,541.68,REFUNDED
PMT-B9F3657210,RES-67476BB013,2025-04-01 00:00:00,credit_card,386.02,PENDING
PMT-BFDB297D79,RES-B59E27DB7E,02-07-2026 12:00 AM,paypal,1447.84,pending
PMT-C83EE7C4D6,RES-1876BF550A,05-24-2024 12:00 AM,credit_card,730.42,Pending
PMT-6DA3EC64CE,RES-86A937F6DC,,mobile_money,796.04,Pending
PMT-9B6DE85C19,RES-BFAC9CE000,2025-12-03 00:00:00,credit_card,135.61,REFUNDED
PMT-B50C501FAD,RES-D829A30BC7,18/11/2024 00:00,credit_card,49.19,DECLINED
PMT-C4FF7A4940,RES-A1173A8040,09/03/2025 00:00,cash,552.99,pending
PMT-08646083D4,RES-A1173A8040,07-07-2025 12:00 AM,cash,1649.54,pending
PMT-E52E826071,RES-678F9DBD85,24/09/2025 00:00,paypal,1678.68,refunded
PMT-AD6323E0EB,RES-0982A19E7B,22/09/2025 00:00,debit_card,1694.95,paid
PMT-12BD4D1EB4,RES-DF539B9015,09/01/2024 00:00,credit_card,723.56,refunded
PMT-AC9F1A78E1,RES-78F9381E84,2024-03-26 00:00:00,cash,609.25,REFUNDED
PMT-6171D481CB,RES-D82E1ED222,25/03/2024 00:00,paypal,1611.93,REFUNDED
PMT-7EAD4DA4EB,RES-D82E1ED222,21/05/2026 00:00,cash,830.87,PENDING
PMT-C177737F17,RES-EF1768FE18,10/09/2024 00:00,bank_transfer,333.42,Paid
PMT-F6626222AB,RES-7CD8F660D2,06-19-2026 12:00 AM,mobile_money,1394.06,DECLINED
PMT-ADFA4C7A04,RES-276521F258,2024-03-05 00:00:00,credit_card,626.28,pending
PMT-BFD0A5A34C,RES-954820FD62,2025-01-21 00:00:00,cash,163.39,Failed
PMT-FB3097E1C3,RES-68E6D2CC94,2025-06-22 00:00:00,paypal,1476.17,Pending
PMT-D6593F8C13,RES-607C0EC373,2026-01-31 00:00:00,credit_card,1421.64,refunded
PMT-5D09B8779E,RES-ABBD7D42C2,05-07-2026 12:00 AM,credit_card,1240.72,Refunded
PMT-A3FD1D7AB9,RES-98EF6D74A3,05-20-2025 12:00 AM,debit_card,1179.93,failed
PMT-1CFB45205A,RES-CF58C07B9E,03-30-2024 12:00 AM,debit_card,145.1,pending
PMT-629C48CBFC,RES-25F264935F,2024-11-16 00:00:00,credit_card,721.5,Refunded
PMT-531A5DAD5C,RES-FB17057656,2024-03-05 00:00:00,cash,88.54,DECLINED
PMT-A033473237,RES-7DD76B8744,06-26-2025 12:00 AM,mobile_money,1338.94,SUCCESS
PMT-6AAB2E0973,RES-FD5789E6DC,31/05/2024 00:00,mobile_money,1078.29,Paid
PMT-42970AA089,RES-9DB1DE856D,04-28-2024 12:00 AM,cash,465.83,Paid
PMT-405385B798,RES-54826F284A,03/12/2025 00:00,bank_transfer,977.49,REFUNDED
PMT-381EC9B046,RES-94825D72CA,06-18-2024 12:00 AM,paypal,849.68,success
PMT-96506B659F,RES-54FA5065E3,05/06/2024 00:00,bank_transfer,516.21,declined
PMT-EB32E243CA,RES-3BB1157586,02/06/2025 00:00,mobile_money,1056.35,failed
PMT-77C0425085,RES-C646B0BF3E,02/06/2024 00:00,bank_transfer,716.88,Refunded
PMT-2B81881524,RES-3D29C96474,20/01/2026 00:00,mobile_money,905.41,Paid
PMT-852F405854,RES-412ADA571C,15/12/2025 00:00,credit_card,425.94,Pending
PMT-7008DB6683,RES-20C7D706D6,01-06-2026 12:00 AM,paypal,368.2,refunded
PMT-D6F8E9445E,RES-A692AB9B32,08/06/2026 00:00,paypal,586.69,pending
PMT-8894EDFBFB,RES-A51D10E744,2025-01-15 00:00:00,debit_card,1692.73,DECLINED
PMT-0293F82CB5,RES-3B3A9F9E92,02-25-2026 12:00 AM,mobile_money,93.47,PENDING
PMT-E96C7501CA,RES-D5AE0450A5,03-31-2025 12:00 AM,paypal,1331.76,refunded
PMT-2963D337A4,RES-9A68555213,05-30-2026 12:00 AM,mobile_money,930.02,FAILED
PMT-607D5AE553,RES-E28F095D2A,04-27-2024 12:00 AM,mobile_money,287.78,Pending
PMT-BDB1898A1A,RES-3D323CD516,20/05/2024 00:00,cash,1594.8,pending
PMT-45E03702FE,RES-BAF53DE1F2,,mobile_money,315.78,Refunded
PMT-AA193B0FDB,RES-BAF53DE1F2,03/02/2024 00:00,bank_transfer,1526.83,SUCCESS
PMT-F5ED3DA749,RES-41F55746D9,10/08/2024 00:00,mobile_money,450.65,pending
PMT-D849D0968C,RES-CF0887E2E9,05-03-2024 12:00 AM,paypal,223.66,Pending
PMT-48BD267F8E,RES-C470BF7474,05-13-2025 12:00 AM,credit_card,999.6,pending
PMT-40E3F2DA70,RES-4A071328B2,04-29-2024 12:00 AM,paypal,836.56,Failed
PMT-A4554ABC8F,RES-9E0299C2BF,11/12/2024 00:00,cash,755.3,refunded
PMT-C50D541C98,RES-EBAA6947FB,13/05/2025 00:00,mobile_money,937.45,FAILED
PMT-C5CB43CBA5,RES-1B34384DD6,2025-08-03 00:00:00,debit_card,126.27,PENDING
PMT-68AD633525,RES-1B34384DD6,2025-09-22 00:00:00,paypal,1002.8,Paid
PMT-84D430F8E9,RES-1B34384DD6,02/02/2025 00:00,paypal,389.98,failed
PMT-CA66EA03BE,RES-5F58EAF80C,2024-10-22 00:00:00,cash,1374.74,REFUNDED
PMT-3FD0DE3A06,RES-CDA2FC7A8F,03-04-2024 12:00 AM,bank_transfer,96.09,success
PMT-E686534522,RES-57CE8575B1,2024-07-18 00:00:00,bank_transfer,985.41,paid
PMT-0C550529B7,RES-A41178FE8F,2025-08-05 00:00:00,bank_transfer,1665.31,declined
PMT-D2DF89BE86,RES-D203BC1F6B,07-21-2025 12:00 AM,bank_transfer,738.71,FAILED
PMT-C7F9C97BDA,RES-3AA832702F,06-07-2024 12:00 AM,mobile_money,1133.26,PAID
PMT-042B1DC56C,RES-3AA832702F,10-23-2024 12:00 AM,debit_card,331.5,REFUNDED
PMT-EF9BC4F4FB,RES-3AA832702F,05-04-2024 12:00 AM,cash,1179.48,pending
PMT-C8E26D4B4C,RES-7C0FB5AA63,04/09/2025 00:00,debit_card,975.09,FAILED
PMT-4E774A58F5,RES-4080FC0F88,11-11-2024 12:00 AM,paypal,673.26,Pending
PMT-B40B0476B2,RES-DE07FE150A,06/05/2026 00:00,debit_card,1199.52,Refunded
PMT-DB7DD5A90D,RES-6F60F77159,09/07/2024 00:00,debit_card,1169.26,Paid
PMT-4E539AAA89,RES-91A49B1785,04-16-2025 12:00 AM,credit_card,55.69,SUCCESS
PMT-6407F6D653,RES-1532D4973B,08-25-2025 12:00 AM,paypal,1354.77,Failed
PMT-46393DE449,RES-4AF52C97E8,2024-04-21 00:00:00,cash,366.66,PENDING
PMT-86AFC075A4,RES-7827527AA8,,debit_card,197.55,PAID
PMT-2EC8DCD0FF,RES-519867E7ED,01-06-2026 12:00 AM,credit_card,435.91,SUCCESS
PMT-9501FD97BF,RES-7E84175337,03-12-2026 12:00 AM,cash,802.85,Refunded
PMT-EDC0BB943A,RES-BE151692DA,28/03/2024 00:00,mobile_money,1235.64,failed
PMT-89106A66B4,RES-71E8CEE93A,06-06-2024 12:00 AM,bank_transfer,64.85,failed
PMT-4CBC1CD1C9,RES-92B21C8FEE,2024-11-24 00:00:00,credit_card,1289.07,pending
PMT-DA62D66372,RES-A1793392A2,05-04-2026 12:00 AM,credit_card,787.86,Failed
PMT-FB62ABF4EA,RES-73F6692386,03/01/2024 00:00,mobile_money,784.1,declined
PMT-0D952942A1,RES-18729FBF46,27/08/2024 00:00,paypal,324.75,PENDING
PMT-64B964F204,RES-9BB7058AF2,02-06-2024 12:00 AM,bank_transfer,73.28,refunded
PMT-A4FD50EE61,RES-A465CEEBA1,04-01-2026 12:00 AM,paypal,1664.91,REFUNDED
PMT-D40A363D0B,RES-D980022C2B,2024-01-19 00:00:00,mobile_money,371.68,declined
PMT-5598D7FF0C,RES-AFCDD72937,2025-07-07 00:00:00,bank_transfer,1167.79,paid
PMT-3027EC5C12,RES-78F86BD676,02-04-2026 12:00 AM,debit_card,559.12,PENDING
PMT-C40BADE21A,RES-386324805C,2024-02-17 00:00:00,credit_card,227.71,PENDING
PMT-2F4FF6F7E8,RES-87421A8390,26/06/2025 00:00,mobile_money,1571.76,REFUNDED
PMT-527162A278,RES-9AD01FA65E,05/02/2025 00:00,paypal,1054.35,SUCCESS
PMT-340CAD214F,RES-56C84EE8EB,12/10/2024 00:00,debit_card,465.45,success
PMT-8476BD8B54,RES-CE2192C8D3,05-31-2024 12:00 AM,mobile_money,954.0,REFUNDED
PMT-211D462A28,RES-7C4872B5C6,30/01/2025 00:00,credit_card,432.53,failed
PMT-9469F467E0,RES-E91857692F,25/08/2025 00:00,cash,476.94,failed
PMT-B6E5ECEED4,RES-183E11BBA9,03-17-2025 12:00 AM,credit_card,936.48,Pending
PMT-9A3E56966D,RES-E0EA232AB2,2024-06-03 00:00:00,paypal,1592.61,pending
PMT-5574B95FDC,RES-9DC425F61E,02-15-2026 12:00 AM,bank_transfer,944.04,Pending
PMT-B4667B689E,RES-ECF04905AF,03-16-2026 12:00 AM,mobile_money,991.76,Failed
PMT-E5CAB4ED36,RES-0CB4BC6EA0,22/10/2025 00:00,debit_card,223.62,declined
PMT-1281BE2E05,RES-7F44CBE318,26/09/2025 00:00,mobile_money,509.04,Pending
PMT-594F8A8112,RES-439452AAEE,01-21-2025 12:00 AM,bank_transfer,1708.32,paid
PMT-62C6363701,RES-439452AAEE,2024-05-28 00:00:00,cash,1401.53,pending
PMT-7616779A81,RES-5DC410163D,09/11/2024 00:00,cash,725.17,REFUNDED
PMT-15EA4A04E8,RES-FD9CDC84D4,03-25-2024 12:00 AM,bank_transfer,1658.54,pending
PMT-74D413EB1F,RES-880247ABD7,29/04/2024 00:00,paypal,1728.73,Pending
PMT-E90920E95A,RES-30E6400E19,2024-11-11 00:00:00,cash,916.57,Pending
PMT-AEF6BB23E8,RES-A3031BD419,2025-12-17 00:00:00,bank_transfer,1028.18,REFUNDED
PMT-33BC3DFE51,RES-17B9095F7F,,paypal,1777.73,SUCCESS
PMT-BB9AFDF066,RES-23CBEE0F90,03-23-2026 12:00 AM,debit_card,542.76,Paid
PMT-46746546DF,RES-AF7000FECF,22/02/2025 00:00,bank_transfer,,pending
PMT-36C34AB436,RES-FA85A1AAD5,10-15-2025 12:00 AM,paypal,1610.29,refunded
PMT-55B47A23B5,RES-9EA35174A4,08/04/2025 00:00,cash,539.19,pending
PMT-D5408F1187,RES-B9328426B2,2024-09-28 00:00:00,mobile_money,1730.53,Pending
PMT-059141CDC1,RES-39A5F2960D,2025-01-22 00:00:00,bank_transfer,660.25,PENDING
PMT-00E6A12E47,RES-FB0907BDCB,01-27-2024 12:00 AM,mobile_money,643.03,Refunded
PMT-B59BDBE9B7,RES-EE5D8EAEAA,02/04/2025 00:00,paypal,1379.43,REFUNDED
PMT-6FE7B45793,RES-040C29298C,06-21-2024 12:00 AM,bank_transfer,519.61,refunded
PMT-4D0DEC576E,RES-DD83B2DD63,22/11/2024 00:00,mobile_money,686.27,failed
PMT-E442702C05,RES-596B98F64E,12-29-2025 12:00 AM,bank_transfer,868.24,Refunded
PMT-B07FB32D1A,RES-596B98F64E,04/03/2024 00:00,paypal,1448.06,REFUNDED
PMT-810CE72BD0,RES-9BE4054CA5,2026-04-06 00:00:00,paypal,1173.03,Refunded
PMT-6B9E410D39,RES-C945C2D0E5,2025-06-27 00:00:00,mobile_money,104.01,Pending
PMT-1891DA891D,RES-338C6B7826,2025-11-14 00:00:00,bank_transfer,1188.12,DECLINED
PMT-C25C289657,RES-6E73E24782,06-30-2025 12:00 AM,paypal,518.38,pending
PMT-F3CA474C02,RES-9C0245F003,12-22-2024 12:00 AM,paypal,1571.57,failed
PMT-00C6500F9F,RES-67E5937D9F,10/08/2024 00:00,paypal,260.52,paid
PMT-322B0306FD,RES-C2658EFA9B,09-26-2024 12:00 AM,debit_card,1130.88,PENDING
PMT-F937E715E7,RES-FCAE9CB1CC,21/10/2024 00:00,bank_transfer,1460.59,PENDING
PMT-78DBABB9AB,RES-A88DF3210D,2025-07-18 00:00:00,bank_transfer,1189.35,failed
PMT-BD6CD45A4C,RES-5F5017CE9D,02/06/2025 00:00,debit_card,975.93,refunded
PMT-88E709EB03,RES-5F5017CE9D,03-25-2026 12:00 AM,cash,1138.92,Failed
PMT-13CC0C4641,RES-879C378CE7,09/01/2025 00:00,bank_transfer,1402.9,FAILED
PMT-566FEF862D,RES-A4862FC61D,18/02/2024 00:00,cash,139.99,Failed
PMT-4AB779F4AE,RES-A4862FC61D,29/06/2025 00:00,debit_card,1303.25,Refunded
PMT-1D6D2188D8,RES-4787524BC0,03-16-2024 12:00 AM,paypal,737.89,REFUNDED
PMT-23FC2C4014,RES-7363700063,07-23-2025 12:00 AM,paypal,1342.67,failed
PMT-010EE5ACF7,RES-17FD0A9EC6,2024-09-14 00:00:00,debit_card,1051.33,Failed
PMT-A91E280A69,RES-17FD0A9EC6,09-04-2024 12:00 AM,paypal,343.36,DECLINED
PMT-10E600123E,RES-17FD0A9EC6,10-29-2024 12:00 AM,bank_transfer,1299.63,pending
PMT-80AC272FBB,RES-0B8E37966B,01-02-2025 12:00 AM,mobile_money,185.43,FAILED
PMT-D00E121805,RES-0B8E37966B,2025-05-10 00:00:00,bank_transfer,513.81,Refunded
PMT-D35476AD7D,RES-621B97CC6E,2024-04-29 00:00:00,debit_card,977.42,declined
PMT-76CC64FCE1,RES-9FA791FABA,2024-09-23 00:00:00,debit_card,828.03,PENDING
PMT-6F51EE06CD,RES-39DE76DD5F,01/08/2025 00:00,paypal,764.13,pending
PMT-DE4CB64BC1,RES-DB6B1C2DBF,20/09/2025 00:00,paypal,1550.7,success
PMT-D737604A12,RES-5A57EF0175,2024-11-06 00:00:00,mobile_money,127.78,Failed
PMT-4A859BE3FE,RES-5A57EF0175,2025-05-06 00:00:00,mobile_money,909.55,DECLINED
PMT-A83C07F8A4,RES-BF60B3F854,25/04/2025 00:00,debit_card,1689.23,SUCCESS
PMT-BDCDF8782E,RES-BF60B3F854,10-09-2024 12:00 AM,mobile_money,1184.54,declined
PMT-728108D8E3,RES-96C8FED030,01-03-2025 12:00 AM,paypal,757.38,FAILED
PMT-72A6E35270,RES-D29D6DD710,2025-12-31 00:00:00,debit_card,71.07,PENDING
PMT-05781E1DEC,RES-FACDDE3D37,2026-01-30 00:00:00,paypal,1052.13,Refunded
PMT-4416647951,RES-FACDDE3D37,05/02/2024 00:00,debit_card,502.78,FAILED
PMT-47D34D4DAF,RES-55B44EC7B0,13/06/2026 00:00,credit_card,82.72,DECLINED
PMT-80B1AD06E6,RES-D45C0CB41F,20/01/2026 00:00,cash,1625.56,SUCCESS
PMT-63BEEB6B84,RES-000FADF0E2,2025-07-04 00:00:00,debit_card,421.45,Failed
PMT-17924CF855,RES-4953285E69,22/08/2024 00:00,debit_card,95.65,paid
PMT-5DBC58D24F,RES-30E0D78B81,2025-04-11 00:00:00,debit_card,1525.47,pending
PMT-60730F6310,RES-D48B2CCBE3,07/06/2025 00:00,mobile_money,1519.59,Failed
PMT-B7CFE8BF6A,RES-44CA7B6825,30/09/2024 00:00,mobile_money,1286.28,REFUNDED
PMT-1A6FE39157,RES-1058609948,2026-03-16 00:00:00,paypal,319.06,refunded
PMT-264EE460F2,RES-B7F7A677C5,25/10/2024 00:00,mobile_money,1374.58,success
PMT-6A64D15C6E,RES-A2B3FF6D9C,2024-08-09 00:00:00,paypal,1522.2,paid
PMT-3E78D18482,RES-4D9F9B70B9,2024-11-11 00:00:00,debit_card,269.44,declined
PMT-96BB081592,RES-01126BB65E,30/01/2025 00:00,cash,1141.54,Refunded
PMT-BBA1FED5B9,RES-2A1246EED6,04-13-2025 12:00 AM,paypal,803.64,REFUNDED
PMT-FB963ED1FF,RES-EDE56773CD,11-23-2024 12:00 AM,debit_card,,pending
PMT-CEF74579D8,RES-C38389C61D,29/05/2024 00:00,cash,1694.25,FAILED
PMT-6BFAD02DB8,RES-48FFFDFD26,23/01/2026 00:00,cash,685.48,REFUNDED
PMT-2A9676E865,RES-78760CAF15,10/01/2024 00:00,credit_card,719.08,DECLINED
PMT-93455D87CF,RES-B596D33E63,08-06-2025 12:00 AM,paypal,477.86,REFUNDED
PMT-8B36231961,RES-708268D366,10-11-2024 12:00 AM,bank_transfer,219.13,refunded
PMT-BC51132C3E,RES-755F5887B2,20/11/2024 00:00,cash,837.65,success
PMT-E3D290065D,RES-A4B462F089,2025-09-08 00:00:00,mobile_money,1552.99,pending
PMT-599244620A,RES-39A12BECDB,12-13-2025 12:00 AM,bank_transfer,380.57,Pending
PMT-07685F946D,RES-5689F34465,09-04-2024 12:00 AM,debit_card,399.94,Refunded
PMT-FAFF83B9B0,RES-5689F34465,06-16-2024 12:00 AM,mobile_money,1175.45,failed
PMT-34B1FBFC5F,RES-38C9749DED,13/02/2024 00:00,cash,1591.23,Refunded
PMT-6CE983F73A,RES-C152CB30EB,12/01/2024 00:00,debit_card,1701.46,FAILED
PMT-8807CE72D2,RES-FB4E3DE203,03-09-2026 12:00 AM,bank_transfer,200.04,PENDING
PMT-C9B6D754B8,RES-8016225EF1,02-28-2026 12:00 AM,bank_transfer,1258.73,PENDING
PMT-0EBE22D079,RES-893EA395B4,15/06/2026 00:00,cash,1261.44,SUCCESS
PMT-67A9F434EA,RES-05419FC1D8,03-05-2026 12:00 AM,cash,1272.39,Paid
PMT-4C44A08862,RES-6761652E51,23/06/2024 00:00,paypal,691.59,DECLINED
PMT-7D4FBE9359,RES-1B8F59866D,2025-04-06 00:00:00,mobile_money,661.81,declined
PMT-7BDB0A3F9A,RES-8B5DBC9F16,19/01/2024 00:00,paypal,217.43,PENDING
PMT-FE600C0CA6,RES-6D2CC53D85,2025-10-18 00:00:00,debit_card,1649.62,Pending
PMT-CCF859B908,RES-C5D55A387F,16/04/2024 00:00,debit_card,130.57,Refunded
PMT-A775AA145E,RES-279764E6E1,02/09/2025 00:00,mobile_money,155.06,failed
PMT-4C1672A1F8,RES-77ADDDEC32,06-04-2024 12:00 AM,cash,1097.39,paid
PMT-6950BB038E,RES-54916CEC56,27/08/2024 00:00,cash,954.76,PENDING
PMT-985BE4F3D5,RES-9EFBE9AFB6,2025-07-08 00:00:00,paypal,1178.84,FAILED
PMT-0A310C84EA,RES-2F79B9200B,2025-06-18 00:00:00,paypal,861.79,pending
PMT-339D97A4B2,RES-96759F92A6,26/10/2025 00:00,cash,1039.26,refunded
PMT-DBFFFEB377,RES-E51307BC45,02/03/2025 00:00,paypal,256.26,success
PMT-05D42949ED,RES-4C6F5BD01B,13/03/2026 00:00,debit_card,1707.63,FAILED
PMT-8C2C632CCA,RES-87C6A6AE74,2024-11-15 00:00:00,debit_card,1365.79,success
PMT-C072463EEB,RES-E66632C9D2,22/04/2025 00:00,cash,1770.0,refunded
PMT-F11758E70D,RES-C7621C2CB6,10-05-2025 12:00 AM,credit_card,55.19,SUCCESS
PMT-D9168B31AC,RES-BCF7E279CD,06/05/2024 00:00,bank_transfer,391.17,SUCCESS
PMT-BDA09FF053,RES-E0C691EAEC,2025-05-31 00:00:00,bank_transfer,283.86,PAID
PMT-73B659FFF6,RES-192241090C,23/12/2025 00:00,debit_card,1179.08,PENDING
PMT-0793EA35D7,RES-6E3377AEC9,11-26-2025 12:00 AM,bank_transfer,1262.56,Refunded
PMT-E5144F7BE4,RES-34DA204B52,04-22-2026 12:00 AM,mobile_money,657.58,refunded
PMT-76251BD526,RES-CA7EE1DE09,25/04/2024 00:00,mobile_money,1477.55,paid
PMT-84B1626250,RES-A46DA4F93D,14/02/2024 00:00,debit_card,553.39,declined
PMT-1CD10197BD,RES-E06B9B7192,2026-01-09 00:00:00,credit_card,568.21,failed
PMT-709D7ADFB1,RES-2114050EC9,15/09/2025 00:00,paypal,1008.01,failed
PMT-B4145A6107,RES-46EBE7D5D5,04-27-2026 12:00 AM,credit_card,1529.96,paid
PMT-1B6B60B34E,RES-4B26DA92CD,2025-11-29 00:00:00,paypal,1000.35,REFUNDED
PMT-E63B765B92,RES-F3901F41D5,2025-12-08 00:00:00,credit_card,1596.71,Pending
PMT-3C8A3DA99B,RES-D4B80B08CC,04-16-2025 12:00 AM,cash,478.37,PENDING
PMT-81FEB91318,RES-9F36529D51,04-21-2025 12:00 AM,bank_transfer,1116.17,Refunded
PMT-4517AC6ED9,RES-A6CC6AA82D,27/02/2024 00:00,cash,1162.3,Refunded
PMT-FD9DE04FB7,RES-88460A2E76,2025-06-28 00:00:00,bank_transfer,1413.97,Failed
PMT-0043286405,RES-453613B546,01-27-2024 12:00 AM,debit_card,54.49,FAILED
PMT-995832484C,RES-E133B649CA,2024-09-01 00:00:00,paypal,178.94,DECLINED
PMT-6365BBBF3F,RES-E53627858F,2025-05-09 00:00:00,paypal,1573.74,declined
PMT-B6F612CB10,RES-3490B87FF7,2026-03-22 00:00:00,paypal,1684.96,PENDING
PMT-BA72D339D6,RES-54D4F633C3,2025-12-29 00:00:00,cash,1048.43,Pending
PMT-AAEE8881AB,RES-5F2BFBCAAB,02/11/2025 00:00,mobile_money,910.62,success
PMT-4713A12FE4,RES-FA2A38A607,2024-07-18 00:00:00,debit_card,1091.13,REFUNDED
PMT-75C053AC14,RES-14BFCD4901,06/02/2025 00:00,bank_transfer,688.79,REFUNDED
PMT-1430DA672D,RES-DEC0C2B53A,06/05/2024 00:00,debit_card,1336.33,PENDING
PMT-54F6D75090,RES-C62CFA5904,20/01/2024 00:00,debit_card,1783.77,Refunded
PMT-A367B9A072,RES-A7F2D85864,2025-05-20 00:00:00,bank_transfer,1130.76,REFUNDED
PMT-90F49ABD03,RES-6620B22109,26/02/2024 00:00,paypal,864.17,DECLINED
PMT-96716E6688,RES-4CC0856C36,2025-11-13 00:00:00,bank_transfer,757.46,pending
PMT-D83686730B,RES-7D280EFC13,03/11/2025 00:00,debit_card,1296.23,REFUNDED
PMT-07AB96CE07,RES-76AE7D12ED,11/07/2024 00:00,credit_card,210.74,declined
PMT-03B8DC1B2E,RES-15FBB5CB40,2026-01-18 00:00:00,cash,118.73,FAILED
PMT-7306F3EBDF,RES-36AC80B9D4,06/04/2024 00:00,mobile_money,1270.62,Pending
PMT-1891659E7C,RES-F55393CD3F,14/06/2024 00:00,bank_transfer,200.25,FAILED
PMT-99DC65093C,RES-F55F604C70,22/01/2025 00:00,cash,999.87,refunded
PMT-A7DBBE410F,RES-F55F604C70,03/01/2024 00:00,credit_card,706.5,Refunded
PMT-17EF5D760F,RES-01356F4887,18/08/2025 00:00,credit_card,969.31,declined
PMT-2FA9422C43,RES-50D32AD262,06-24-2025 12:00 AM,cash,365.97,success
PMT-FCC732B304,RES-50D32AD262,06-16-2026 12:00 AM,paypal,492.32,FAILED
PMT-7EE235AE11,RES-3B41B49E31,2025-09-22 00:00:00,mobile_money,1192.51,refunded
PMT-DEB1D8C68D,RES-ECB48D6775,2026-04-05 00:00:00,bank_transfer,1307.73,SUCCESS
PMT-43C05A4708,RES-28A2B50222,07-19-2024 12:00 AM,cash,722.13,refunded
PMT-9EA02641B0,RES-A6B59E1D4B,01-21-2025 12:00 AM,debit_card,653.17,pending
PMT-ED0AFE2EF0,RES-12AE5DF5B2,18/04/2026 00:00,paypal,1086.03,Refunded
PMT-CCCE954700,RES-32E7917C4C,2024-03-18 00:00:00,paypal,1278.61,success
PMT-5EDCFA73ED,RES-5A758F640E,07-22-2025 12:00 AM,debit_card,1538.44,pending
PMT-92BF4DA1FF,RES-E036A38374,12/12/2024 00:00,cash,649.24,DECLINED
PMT-306F07A9FE,RES-B98AEDFDAA,2026-04-27 00:00:00,bank_transfer,694.23,declined
PMT-EA3C9A9467,RES-7F089EA927,2025-10-25 00:00:00,debit_card,887.42,PENDING
PMT-03AFDC3CB3,RES-80F5CC7BB9,09/07/2025 00:00,paypal,1564.82,SUCCESS
PMT-564F50B5FF,RES-6D932FFB63,24/05/2025 00:00,credit_card,1151.02,pending
PMT-2811B52FFA,RES-7C8C9EACF1,2024-08-21 00:00:00,cash,280.79,refunded
PMT-C3B3D02A8C,RES-1E98623533,16/01/2026 00:00,debit_card,573.51,refunded
PMT-1996C038F9,RES-78D6AD9F19,05-06-2024 12:00 AM,paypal,1597.83,FAILED
PMT-FD38986BD0,RES-E0FF3D87B7,2024-06-14 00:00:00,credit_card,939.37,REFUNDED
PMT-1D165E32D6,RES-4221B494D6,01-16-2025 12:00 AM,credit_card,885.46,declined
PMT-3646FBB694,RES-470A64E6D3,2025-11-17 00:00:00,mobile_money,1635.99,Failed
PMT-EBA28C4042,RES-4B76A785E1,2024-07-27 00:00:00,credit_card,1205.72,success
PMT-A01F8D9C9B,RES-B7CE877500,26/10/2024 00:00,debit_card,648.75,FAILED
PMT-572365B00C,RES-2857596860,11/07/2024 00:00,debit_card,623.94,PAID
PMT-FB173A9FC6,RES-70DCFC95EF,2026-03-10 00:00:00,paypal,240.24,FAILED
PMT-4C3F576D10,RES-58FD3CE507,2026-01-12 00:00:00,bank_transfer,747.28,REFUNDED
PMT-1928B33D97,RES-4ED9065CBC,2024-06-07 00:00:00,credit_card,320.44,pending
PMT-F7EE903A5E,RES-F4E05DC397,17/01/2026 00:00,cash,412.96,PENDING
PMT-BCE874BA95,RES-E2DBCBBF2F,10-18-2024 12:00 AM,cash,1722.97,REFUNDED
PMT-ABA96E2F48,RES-DCEF5A987A,28/10/2024 00:00,bank_transfer,966.21,declined
PMT-65AD54FAC6,RES-006B0FF5B9,2025-02-03 00:00:00,credit_card,1754.53,REFUNDED
PMT-259B1C7FE1,RES-A8FB21BD16,18/03/2025 00:00,mobile_money,1683.5,Pending
PMT-118ED0B138,RES-082E677AE0,2025-03-24 00:00:00,cash,1459.57,refunded
PMT-0595B0E2C4,RES-AB1EFC4BFE,03/01/2026 00:00,bank_transfer,157.41,SUCCESS
PMT-1208E4F66B,RES-AEE23E7A01,16/01/2026 00:00,debit_card,1508.94,Refunded
PMT-94AACAF287,RES-8A76EB3DE3,03-19-2024 12:00 AM,mobile_money,995.19,declined
PMT-BA1974792D,RES-BD789BEA28,2025-07-13 00:00:00,debit_card,1019.41,refunded
PMT-FE7A7FB9DF,RES-8AD76171E6,12/02/2026 00:00,bank_transfer,489.11,REFUNDED
PMT-528ACF5B2B,RES-087A5BB204,2026-01-17 00:00:00,debit_card,1409.79,FAILED
PMT-83FB240B17,RES-FCE654DA73,2024-10-10 00:00:00,mobile_money,497.63,Failed
PMT-26ACE9899F,RES-CDE26C7494,04/06/2026 00:00,cash,1711.38,failed
PMT-D8DB38A352,RES-15B079FCBC,06/10/2024 00:00,debit_card,519.98,Pending
PMT-E9231759A7,RES-15B079FCBC,02-23-2024 12:00 AM,paypal,1520.51,Failed
PMT-71444A7AC3,RES-15B079FCBC,29/08/2024 00:00,mobile_money,1145.87,Pending
PMT-245AEFE484,RES-2246C01D05,2024-11-12 00:00:00,paypal,1176.13,refunded
PMT-D6A31F1890,RES-3D223CCC96,2024-04-08 00:00:00,paypal,466.97,declined
PMT-680C51A43A,RES-A0AD3F62EE,10/09/2025 00:00,cash,1421.76,failed
PMT-FBEB1E0946,RES-E32B90B194,10/10/2024 00:00,credit_card,485.02,refunded
PMT-151FF6BD0A,RES-784C557410,09/06/2025 00:00,bank_transfer,808.3,REFUNDED
PMT-2BC3153EF9,RES-E379E8709D,05-30-2026 12:00 AM,cash,112.0,Refunded
PMT-9A721719D3,RES-D0BFC297C5,2024-06-08 00:00:00,mobile_money,1674.78,Paid
PMT-7D1F0C61B0,RES-0F2826665D,2026-02-14 00:00:00,credit_card,543.49,PAID
PMT-54BE9B2C6F,RES-FF273E5D08,01-17-2025 12:00 AM,paypal,896.51,pending
PMT-1D8DF3DA90,RES-301A6FE06E,2025-08-15 00:00:00,cash,306.16,Pending
PMT-D24F34AF7D,RES-B52E0E0253,2024-12-19 00:00:00,paypal,261.3,failed
PMT-8DB3103710,RES-C46B84CACB,01-03-2026 12:00 AM,paypal,1198.44,refunded
PMT-4D71EB0A6A,RES-7E4EC08BDA,2026-05-26 00:00:00,debit_card,477.13,FAILED
PMT-91338B1E55,RES-0885CD448B,12-20-2024 12:00 AM,paypal,479.09,PENDING
PMT-2A8ACE9469,RES-7BF26BC790,2024-04-22 00:00:00,paypal,1614.31,PENDING
PMT-3F234C04A5,RES-58FA3FE657,05-25-2026 12:00 AM,bank_transfer,769.8,PAID
PMT-47714D4A94,RES-BAD3B0B499,2025-06-21 00:00:00,paypal,65.27,Refunded
PMT-B04D8713C3,RES-8D98F4F094,12/01/2024 00:00,credit_card,183.69,paid
PMT-8BD3EF643E,RES-1A63AF4DC4,2024-11-18 00:00:00,cash,789.29,FAILED
PMT-A7C32F1834,RES-788D073AB8,02-17-2024 12:00 AM,mobile_money,652.28,pending
PMT-835243CC9D,RES-4BFB5B9A07,2026-01-31 00:00:00,bank_transfer,1545.14,PENDING
PMT-E380CADE02,RES-7AA0E42B40,03-18-2025 12:00 AM,paypal,1626.99,refunded
PMT-28BC2CDFFE,RES-613D46AF4F,2024-11-05 00:00:00,bank_transfer,124.16,Paid
PMT-49AB7A4792,RES-1E140ADD11,2026-01-07 00:00:00,mobile_money,1114.84,paid
PMT-54A396CEE6,RES-5D0449B169,2024-07-17 00:00:00,credit_card,1467.52,Refunded
PMT-5A4F181DF2,RES-131798A7CC,24/05/2025 00:00,mobile_money,318.82,declined
PMT-F407E68591,RES-D97CA1E26C,05-22-2026 12:00 AM,bank_transfer,1064.61,PAID
PMT-D4B2BB4B5E,RES-2F056F0974,2024-07-13 00:00:00,paypal,880.86,Refunded
PMT-11D7402D43,RES-BC84B00344,09-30-2024 12:00 AM,credit_card,1111.77,refunded
PMT-AB16BFCC8A,RES-8D15272E19,2026-01-20 00:00:00,paypal,1269.4,pending
PMT-3CE5AB55EB,RES-61DE702BB2,08-01-2024 12:00 AM,debit_card,1030.09,Refunded
PMT-5168BEA58F,RES-C220694783,09/04/2025 00:00,cash,671.45,Refunded
PMT-54C0243165,RES-C220694783,01-25-2024 12:00 AM,mobile_money,1704.21,Refunded
PMT-954D5DE4E8,RES-C220694783,2024-12-02 00:00:00,bank_transfer,477.24,pending
PMT-0BBBD6C42A,RES-DD5ED8D5D8,01/03/2024 00:00,credit_card,1798.4,PENDING
PMT-88AD6A6F9C,RES-DD5ED8D5D8,2025-12-21 00:00:00,paypal,1692.7,Failed
PMT-3081833A31,RES-A15A142EC0,2024-08-06 00:00:00,credit_card,970.19,failed
PMT-53793CC6CC,RES-A15A142EC0,16/03/2026 00:00,cash,1091.51,PENDING
PMT-2C21F522CE,RES-A15A142EC0,15/02/2024 00:00,bank_transfer,212.89,DECLINED
PMT-045A87AC51,RES-44BC170641,18/06/2025 00:00,debit_card,1383.87,pending
PMT-B8DDF77C50,RES-EED270CBF4,02/09/2025 00:00,bank_transfer,394.53,DECLINED
PMT-A1C1083586,RES-623275A2C8,2026-02-23 00:00:00,paypal,1037.38,DECLINED
PMT-6DF80CF811,RES-B728885A3F,2025-09-27 00:00:00,credit_card,587.96,PAID
PMT-DB4E8C2D19,RES-13D9422FB1,2026-05-22 00:00:00,debit_card,238.38,Paid
PMT-FA274FDE3C,RES-4D504D7B99,25/10/2025 00:00,debit_card,1674.15,SUCCESS
PMT-01A2607523,RES-B648580BD1,10/09/2024 00:00,paypal,776.29,failed
PMT-2500015B4D,RES-29FB55861C,02/04/2024 00:00,cash,958.89,Refunded
PMT-494DAA5CB3,RES-443DCFF3D9,21/07/2025 00:00,mobile_money,1772.47,Pending
PMT-B72EBC3DE4,RES-BD65312587,19/06/2026 00:00,mobile_money,1478.64,Refunded
PMT-B37F3C2B96,RES-43985B8196,2024-11-17 00:00:00,credit_card,380.04,paid
PMT-ACFEAA828A,RES-FD226768D4,30/11/2024 00:00,bank_transfer,1450.36,failed
PMT-9CD808AFF9,RES-CF0A65AF36,07-18-2025 12:00 AM,mobile_money,1319.91,PAID
PMT-36B12C6DDE,RES-F45A383796,04-25-2025 12:00 AM,paypal,128.97,Refunded
PMT-3E0D6C3FD0,RES-090A4D4619,2024-11-17 00:00:00,debit_card,1048.21,PAID
PMT-57834C9D8A,RES-9698DAAB7D,2026-04-27 00:00:00,paypal,481.82,Failed
PMT-8AC15C0D85,RES-3F2D47D14F,2024-11-19 00:00:00,paypal,1773.35,Pending
PMT-AD42653417,RES-B4BF0736FF,09/04/2026 00:00,cash,425.91,refunded
PMT-BCE0737E74,RES-45315FD469,2025-10-28 00:00:00,cash,1642.69,declined
PMT-0037F63DA9,RES-6BFB706E63,05/01/2025 00:00,paypal,1645.12,REFUNDED
PMT-A4CD996D47,RES-66AB8A1C0E,2024-11-17 00:00:00,debit_card,977.4,refunded
PMT-7F131020D0,RES-18388D94C3,09-25-2024 12:00 AM,cash,1392.89,failed
PMT-25C9271033,RES-2927D95F68,22/04/2024 00:00,cash,110.5,pending
PMT-80022C027B,RES-2927D95F68,17/08/2025 00:00,paypal,442.94,REFUNDED
PMT-6B0FB98DCC,RES-2927D95F68,19/10/2024 00:00,bank_transfer,432.46,REFUNDED
PMT-C29EB2C54C,RES-1505BE3780,09-30-2024 12:00 AM,credit_card,304.19,PAID
PMT-E86C27FFF9,RES-10C54430C3,01-13-2024 12:00 AM,bank_transfer,912.14,refunded
PMT-D735AC2609,RES-36C83AEF6C,2024-07-13 00:00:00,mobile_money,1794.93,pending
PMT-1BEBB68D7E,RES-F6DD005232,2024-09-02 00:00:00,bank_transfer,375.39,REFUNDED
PMT-E598903DB9,RES-EC0C90EA94,02-21-2025 12:00 AM,credit_card,1252.42,failed
PMT-2887533FCB,RES-3A4D1A7ECB,28/04/2026 00:00,credit_card,383.91,pending
PMT-413CDB7D24,RES-9C7BF2BF40,07-02-2025 12:00 AM,credit_card,1474.87,Pending
PMT-CE3DA01722,RES-5328E33180,2026-05-25 00:00:00,credit_card,912.41,Failed
PMT-1E0523355D,RES-4FC58D0FC4,29/10/2024 00:00,debit_card,609.21,SUCCESS
PMT-7DFE6E2C2E,RES-BF3A3C5B9D,2025-06-12 00:00:00,cash,1520.19,PENDING
PMT-D95325D194,RES-329E097CF7,04-11-2025 12:00 AM,paypal,1736.25,Paid
PMT-E4D0A50024,RES-AD6B16FB96,09/09/2025 00:00,credit_card,587.1,failed
PMT-6B17740D05,RES-F1AFD8A8AB,06/07/2025 00:00,mobile_money,266.66,Refunded
PMT-DD890E2C2B,RES-947F186532,03/12/2024 00:00,mobile_money,154.33,PAID
PMT-D63248E69B,RES-1557D61A97,2024-05-10 00:00:00,cash,139.76,PAID
PMT-5AB78A7010,RES-1260737AB6,,cash,1155.5,SUCCESS
PMT-71CF21A853,RES-1260737AB6,02/11/2025 00:00,paypal,1233.2,pending
PMT-61A0E41845,RES-1260737AB6,2025-09-17 00:00:00,bank_transfer,208.48,Refunded
PMT-97D7A3DBDA,RES-EBC5F6658E,13/05/2024 00:00,debit_card,1181.77,success
PMT-2495D1D718,RES-1B7DE566BA,02-08-2024 12:00 AM,paypal,1226.01,REFUNDED
PMT-B35772FD22,RES-F4A6DFEA55,2025-03-07 00:00:00,bank_transfer,213.17,DECLINED
PMT-870451A7DB,RES-F4A6DFEA55,2024-06-26 00:00:00,credit_card,200.56,DECLINED
PMT-90C1244EDA,RES-61150D3D19,2025-10-26 00:00:00,debit_card,186.46,pending
PMT-B37A93E96D,RES-1E7F169F0C,2025-08-22 00:00:00,mobile_money,177.46,PENDING
PMT-F1543C3D72,RES-94C94D0272,07-31-2024 12:00 AM,cash,529.55,success
PMT-BED0AA0DE5,RES-C2B6EAD215,23/09/2024 00:00,debit_card,725.01,PENDING
PMT-61CA159A19,RES-A6ECD5C8CF,2025-06-12 00:00:00,credit_card,1249.57,Pending
PMT-0B23537D37,RES-A6ECD5C8CF,04-08-2024 12:00 AM,paypal,1214.52,Pending
PMT-58343071A0,RES-EAD0585C1E,01/08/2025 00:00,mobile_money,225.28,Paid
PMT-0F1F3EBC44,RES-6D17BF8517,2025-11-09 00:00:00,cash,130.61,pending
PMT-1E59F25E7E,RES-6D17BF8517,11-30-2025 12:00 AM,credit_card,1437.78,refunded
PMT-F3047256AA,RES-97164597B8,2024-02-15 00:00:00,bank_transfer,1283.49,PENDING
PMT-684771A347,RES-34C3D99815,07-02-2024 12:00 AM,mobile_money,614.5,REFUNDED
PMT-DC42CAD5FA,RES-E725721773,02-21-2025 12:00 AM,mobile_money,1535.45,Pending
PMT-B933F510AC,RES-EA2A790263,30/06/2024 00:00,mobile_money,868.11,PENDING
PMT-2535FBFED4,RES-BE3FFAA684,12-26-2025 12:00 AM,mobile_money,778.7,success
PMT-1007FD91C5,RES-8E109F5471,2026-03-09 00:00:00,debit_card,1124.87,failed
PMT-000874B866,RES-01A7113F18,2024-10-24 00:00:00,mobile_money,65.28,REFUNDED
PMT-54CBF4FC77,RES-7782F75356,2025-12-03 00:00:00,cash,208.22,Pending
PMT-C96185CC90,RES-7782F75356,05-05-2025 12:00 AM,mobile_money,1412.23,success
PMT-28B1C76AD1,RES-96265A55FB,01-21-2025 12:00 AM,mobile_money,298.01,pending
PMT-38D591C56D,RES-004DDE9313,05-26-2024 12:00 AM,debit_card,1345.55,Pending
PMT-B6742E0536,RES-A0D182E69A,19/12/2025 00:00,debit_card,211.71,Refunded
PMT-0E78650169,RES-A0D182E69A,06-19-2025 12:00 AM,paypal,847.76,pending
PMT-B2D12E0140,RES-58AF43DACF,11/09/2024 00:00,cash,342.34,pending
PMT-DAF7662882,RES-567B5C3259,18/07/2024 00:00,bank_transfer,511.14,Refunded
PMT-A1B8F29810,RES-E7AEA35616,2025-03-11 00:00:00,bank_transfer,1672.69,PENDING
PMT-82170C8707,RES-C45DB014B7,2024-02-11 00:00:00,credit_card,1499.29,Refunded
PMT-B77B3968E9,RES-C45DB014B7,2024-07-26 00:00:00,cash,95.83,SUCCESS
PMT-9447564958,RES-9D0B1972A6,2024-04-08 00:00:00,mobile_money,1100.77,refunded
PMT-1F8E0B8834,RES-F1E9810D88,29/05/2024 00:00,debit_card,1432.76,success
PMT-D33AD0A872,RES-58A3AEAA93,06-03-2026 12:00 AM,mobile_money,582.14,REFUNDED
PMT-C4DACA6EE6,RES-58A3AEAA93,01-07-2025 12:00 AM,cash,299.5,DECLINED
PMT-FF2D181C6D,RES-ED9B79D1A3,2025-08-12 00:00:00,credit_card,1399.11,refunded
PMT-EE999499BA,RES-7CAF6F04BF,12-26-2025 12:00 AM,paypal,1261.06,Pending
PMT-41B410C08A,RES-805CC92CE4,01-27-2026 12:00 AM,credit_card,1541.4,FAILED
PMT-223A055EA7,RES-F9441B4586,2024-07-18 00:00:00,paypal,891.06,success
PMT-E1F94AB83A,RES-41A01F2242,03-08-2024 12:00 AM,debit_card,86.42,declined
PMT-2090A72D34,RES-60443FB5E6,30/01/2025 00:00,paypal,536.88,FAILED
PMT-C2232B0E55,RES-012D5ABC1F,2024-06-07 00:00:00,mobile_money,347.48,pending
PMT-9EA92CBC31,RES-495ABBE367,2024-09-14 00:00:00,paypal,161.5,REFUNDED
PMT-1449531B14,RES-57840BA86E,08/09/2024 00:00,credit_card,1607.41,success
PMT-36EE929E30,RES-74E4235401,02/12/2024 00:00,bank_transfer,1169.41,SUCCESS
PMT-B0886AA6CF,RES-74E4235401,2024-09-15 00:00:00,paypal,320.13,PENDING
PMT-1B32EB1F2C,RES-74E4235401,2024-07-24 00:00:00,paypal,950.44,Paid
PMT-13724064CD,RES-5C07DD9C97,2024-01-21 00:00:00,credit_card,377.2,Refunded
PMT-8C0190E364,RES-421242F5EE,01/03/2025 00:00,mobile_money,,failed
PMT-14483D395A,RES-FC76681601,03-07-2024 12:00 AM,debit_card,1220.33,Refunded
PMT-2BADC71C8B,RES-38003B1B69,15/11/2024 00:00,debit_card,984.73,declined
PMT-9C8204F381,RES-CC0810AE20,17/12/2024 00:00,debit_card,745.56,SUCCESS
PMT-4A488744A5,RES-41E6ADD577,2025-06-10 00:00:00,paypal,1484.0,SUCCESS
PMT-70C08F281E,RES-FE5A1DC62C,02/11/2025 00:00,paypal,657.41,PENDING
PMT-094E9DB989,RES-25F2882861,02/04/2024 00:00,debit_card,239.42,paid
PMT-CEB816A46E,RES-028BAA48EC,2024-05-02 00:00:00,bank_transfer,849.41,Pending
PMT-3E902248C5,RES-C7BDCCB1DA,05-06-2026 12:00 AM,debit_card,180.94,PENDING
PMT-C1221170F6,RES-E5B46ECDF8,17/11/2024 00:00,mobile_money,1336.15,REFUNDED
PMT-1FC13051B2,RES-3BD2AB8470,02-01-2024 12:00 AM,paypal,1650.74,paid
PMT-8517DE5228,RES-3BD2AB8470,18/07/2025 00:00,credit_card,1361.64,DECLINED
PMT-7C2F549102,RES-B35BE5C7D5,2026-03-06 00:00:00,bank_transfer,1328.48,declined
PMT-2795EB75EB,RES-248434A12F,2024-02-24 00:00:00,bank_transfer,1738.91,REFUNDED
PMT-CCE2CD8D79,RES-55BDACE707,25/09/2024 00:00,credit_card,1313.26,PENDING
PMT-211981644B,RES-AA8EDEF270,2026-01-02 00:00:00,bank_transfer,1209.79,PENDING
PMT-3D6002894C,RES-067AA278ED,15/09/2025 00:00,mobile_money,180.12,failed
PMT-D45172649E,RES-7165D0A49E,2024-06-16 00:00:00,bank_transfer,54.96,REFUNDED
PMT-C94A7C9B55,RES-BD37336B0C,04-21-2024 12:00 AM,credit_card,1038.33,pending
PMT-B311865D09,RES-FE4F064883,01/06/2024 00:00,bank_transfer,83.09,FAILED
PMT-1DDA7CBE8A,RES-B3E89EE4B2,2024-08-15 00:00:00,cash,,Paid
PMT-337641EA95,RES-B3E89EE4B2,2025-11-23 00:00:00,debit_card,373.47,Pending
PMT-07A92BF562,RES-7335586D3B,12-21-2024 12:00 AM,cash,839.75,Refunded
PMT-7CC4A53A91,RES-3D76100677,2024-02-24 00:00:00,paypal,771.56,Refunded
PMT-C5B4F89D4F,RES-56E7CD5068,2025-03-14 00:00:00,cash,1096.52,Refunded
PMT-BA4127FA58,RES-5A86194A69,12-12-2024 12:00 AM,paypal,417.68,FAILED
PMT-6E44DEFB4B,RES-5A86194A69,02-02-2025 12:00 AM,bank_transfer,74.31,DECLINED
PMT-1ED376CD9F,RES-5A86194A69,10-16-2024 12:00 AM,cash,1713.88,REFUNDED
PMT-5B6AC62D92,RES-3CF9AE286B,06-07-2024 12:00 AM,bank_transfer,1532.62,PENDING
PMT-FF78447811,RES-95D5D37AD3,19/12/2025 00:00,mobile_money,565.15,failed
PMT-669C073A4E,RES-6A2D94B870,2025-01-21 00:00:00,debit_card,1311.28,REFUNDED
PMT-7B7A8D26CD,RES-A7109B626D,04-15-2024 12:00 AM,paypal,1692.84,PAID
PMT-28F75841BA,RES-1320B70847,09-18-2024 12:00 AM,cash,1480.17,pending
PMT-E3178D7645,RES-4AB4923B85,20/01/2024 00:00,bank_transfer,863.72,REFUNDED
PMT-380319B515,RES-0108FE2C1F,25/02/2024 00:00,bank_transfer,1618.84,PAID
PMT-B12C35CB72,RES-0108FE2C1F,09-28-2025 12:00 AM,debit_card,465.4,Refunded
PMT-058A4051D5,RES-6CE5313607,2025-12-12 00:00:00,cash,232.68,paid
PMT-82C7699652,RES-6D6CBC6B28,2026-01-03 00:00:00,mobile_money,908.34,REFUNDED
PMT-707EB8CE0B,RES-016C8C7817,11-21-2025 12:00 AM,bank_transfer,737.77,Paid
PMT-7F7D93D186,RES-AADD53B617,2024-09-18 00:00:00,debit_card,1783.63,failed
PMT-9B18489126,RES-EF86075A0A,2024-11-17 00:00:00,debit_card,449.13,paid
PMT-6697FC2864,RES-8E35D18B09,06-01-2024 12:00 AM,paypal,1311.14,refunded
PMT-B89C50058A,RES-431660030B,2024-10-15 00:00:00,cash,925.96,REFUNDED
PMT-EB300EFA7C,RES-08FC34314C,2025-01-29 00:00:00,paypal,1096.26,paid
PMT-ECE752EEC1,RES-08FC34314C,29/08/2025 00:00,cash,962.19,declined
PMT-10E23C6CDF,RES-E745F8C6B6,2026-04-14 00:00:00,bank_transfer,1774.54,PAID
PMT-8D5702BAE1,RES-A0C1877682,2024-06-18 00:00:00,debit_card,1731.27,PAID
PMT-2F35836DFB,RES-6D8B904AAA,2024-05-08 00:00:00,bank_transfer,1374.86,DECLINED
PMT-6D777738B8,RES-6D8B904AAA,2026-01-23 00:00:00,cash,167.93,pending
PMT-FB65AEBB26,RES-E4304E8675,03/10/2024 00:00,debit_card,456.33,refunded
PMT-BC5F8C6522,RES-9A7FA7DF0A,14/01/2026 00:00,credit_card,1304.75,REFUNDED
PMT-1BEE4C30C0,RES-9A7FA7DF0A,2026-05-23 00:00:00,mobile_money,808.58,declined
PMT-16427469E6,RES-9A7FA7DF0A,26/06/2024 00:00,mobile_money,327.19,Pending
PMT-C44F11E58A,RES-7CE337C353,07-10-2025 12:00 AM,cash,878.64,DECLINED
PMT-BC0768DA2A,RES-38BF3B63CE,15/12/2025 00:00,mobile_money,614.46,declined
PMT-C232B3E919,RES-4ED07807FE,2025-09-28 00:00:00,paypal,878.23,Refunded
PMT-B6CFC3E882,RES-1494CBDB5E,2024-01-21 00:00:00,mobile_money,1722.01,success
PMT-62FBBD7A8B,RES-8259B658FD,28/03/2025 00:00,debit_card,80.86,DECLINED
PMT-F4C408184D,RES-8259B658FD,27/05/2024 00:00,cash,768.01,refunded
PMT-8A1E07E5AC,RES-7846BA5295,02-09-2024 12:00 AM,credit_card,887.45,Pending
PMT-03020410A2,RES-5781A47270,01-12-2026 12:00 AM,cash,1517.1,PAID
PMT-22DEB38937,RES-1D2FF72F7B,,debit_card,997.88,Pending
PMT-6AB695EB82,RES-7596294AFD,20/09/2025 00:00,debit_card,1029.33,declined
PMT-03A56E2043,RES-FE9432583F,10-24-2025 12:00 AM,debit_card,825.88,REFUNDED
PMT-1CE66AF557,RES-B856C76EA9,04-26-2026 12:00 AM,credit_card,184.48,Failed
PMT-670FD32AB6,RES-3D19D3381A,06-08-2025 12:00 AM,mobile_money,1128.73,refunded
PMT-9DF8A5FC0F,RES-93389C0469,,bank_transfer,1473.9,SUCCESS
PMT-FD1353634F,RES-E424F6FA64,27/04/2026 00:00,paypal,1661.4,Paid
PMT-13C60FF3D6,RES-B9B963566B,13/01/2025 00:00,bank_transfer,249.11,DECLINED
PMT-A5A5BFC717,RES-B9B963566B,20/09/2025 00:00,mobile_money,938.45,Pending
PMT-9B16BB2FD5,RES-D74FC74D3F,2024-11-11 00:00:00,cash,716.85,pending
PMT-FDA837A31C,RES-262D332993,27/03/2026 00:00,debit_card,785.56,Refunded
PMT-6AA6E285D5,RES-BFF3409A2A,01-12-2026 12:00 AM,bank_transfer,1273.19,PENDING
PMT-96B929C007,RES-C7B6CB8EDD,2026-05-27 00:00:00,paypal,316.24,Pending
PMT-63462EB760,RES-C7B6CB8EDD,17/08/2025 00:00,cash,1580.79,REFUNDED
PMT-9F4999AF0E,RES-5B8A983F2F,10/01/2024 00:00,bank_transfer,1116.66,PENDING
PMT-B949205F81,RES-BA1D0B8C8D,05-25-2026 12:00 AM,credit_card,1154.49,paid
PMT-DE7AAFEAEC,RES-4EB944AE76,2026-03-27 00:00:00,paypal,975.01,pending
PMT-3B15211193,RES-5FE9EFCE90,01-28-2024 12:00 AM,credit_card,336.83,DECLINED
PMT-82614A4B0C,RES-3AF9134456,02/08/2025 00:00,credit_card,1759.85,failed
PMT-2B1DDF1352,RES-5CC4AF064D,2026-01-28 00:00:00,cash,,REFUNDED
PMT-FA94622A89,RES-5CC4AF064D,10/01/2026 00:00,credit_card,84.71,Paid
PMT-8F5533AF8E,RES-5CC4AF064D,12-09-2025 12:00 AM,debit_card,1101.84,pending
PMT-A82F6DCF07,RES-6296B1A334,2025-08-11 00:00:00,paypal,97.86,refunded
PMT-B118FEE9C2,RES-4CDF098E4A,31/03/2025 00:00,credit_card,1084.93,refunded
PMT-4D073DBEC4,RES-F495794BEF,2024-05-24 00:00:00,mobile_money,1532.19,pending
PMT-D38C0E08D3,RES-ECCAB537C2,15/11/2024 00:00,debit_card,68.15,REFUNDED
PMT-D9CBF640BE,RES-E496D87887,11-28-2025 12:00 AM,paypal,829.45,Pending
PMT-39F2DFDDCB,RES-E496D87887,29/07/2025 00:00,credit_card,1145.35,PAID
PMT-E1E4E0C9E4,RES-E496D87887,,bank_transfer,1083.69,PENDING
PMT-713CA729DA,RES-18B7478EDC,24/03/2026 00:00,mobile_money,640.41,refunded
PMT-3DE404A54D,RES-7E2B44A2B5,2025-06-22 00:00:00,mobile_money,998.69,Failed
PMT-926E390508,RES-32BCBC05DE,06-16-2024 12:00 AM,bank_transfer,558.4,REFUNDED
PMT-00180D89B5,RES-646ED08880,15/04/2026 00:00,credit_card,1004.02,Pending
PMT-6D6D0D5F0A,RES-63259DC0F8,2025-01-01 00:00:00,credit_card,1357.42,refunded
PMT-3F9371D740,RES-A9A49902A5,09-09-2025 12:00 AM,bank_transfer,748.29,SUCCESS
PMT-C58181498F,RES-1DB06048F7,2024-10-07 00:00:00,debit_card,436.96,failed
PMT-C31CFFE719,RES-8AC4456BD2,2024-03-22 00:00:00,bank_transfer,,Pending
PMT-11F5FF7876,RES-BAC2A57820,23/12/2024 00:00,cash,676.34,success
PMT-31772AB337,RES-1BBA5AA3D4,11-16-2024 12:00 AM,debit_card,487.5,DECLINED
PMT-581ED15188,RES-A414E3D9BC,2025-12-08 00:00:00,paypal,1646.39,Failed
PMT-274F6AFF0B,RES-D103132AD6,12/10/2025 00:00,mobile_money,436.23,Paid
PMT-1F4A419F40,RES-92190D1CAA,11-01-2024 12:00 AM,bank_transfer,343.94,success
PMT-4D6D050D18,RES-645618E142,,mobile_money,1608.63,pending
PMT-43900B3408,RES-8946686640,06-26-2024 12:00 AM,bank_transfer,96.79,success
PMT-FB7B8A2DCB,RES-3A3135B057,06-21-2024 12:00 AM,cash,1625.44,Failed
PMT-4F47F076A3,RES-3B7976EEB1,07-17-2024 12:00 AM,cash,1559.91,success
PMT-47468687E9,RES-54556E9077,2024-10-31 00:00:00,cash,1355.06,Paid
PMT-2953055198,RES-54556E9077,03-07-2024 12:00 AM,mobile_money,1202.84,PAID
PMT-600B125AC6,RES-3CD4A8A8C2,04-24-2026 12:00 AM,mobile_money,781.3,pending
PMT-9E943F375C,RES-0636088274,12-02-2025 12:00 AM,mobile_money,353.65,FAILED
PMT-7D08FFAA9C,RES-C950D42220,04/03/2024 00:00,credit_card,107.47,Refunded
PMT-958312B014,RES-E81D870F5D,2026-05-02 00:00:00,debit_card,1139.93,failed
PMT-86D40921F2,RES-E81D870F5D,2024-10-18 00:00:00,paypal,1617.89,Paid
PMT-967A3B86E8,RES-8933358BC5,21/03/2024 00:00,mobile_money,810.54,Refunded
PMT-E52839754D,RES-202655DC87,03/02/2024 00:00,paypal,487.85,DECLINED
PMT-6A3B635D64,RES-124377C750,,mobile_money,728.06,REFUNDED
PMT-E9405510D3,RES-4A36C56EB8,05-24-2026 12:00 AM,paypal,1599.72,Paid
PMT-128C78C95B,RES-90A24F2CF1,2026-06-01 00:00:00,cash,1381.24,Paid
PMT-E8C6C25EA3,RES-BE27693380,2025-12-17 00:00:00,mobile_money,1084.5,Pending
PMT-22323AACBA,RES-A5E36F9159,02-04-2026 12:00 AM,paypal,1452.33,Pending
PMT-F94EED4690,RES-CAC57A8F8A,21/05/2024 00:00,cash,397.74,declined
PMT-7108CA018E,RES-54ED736AAF,14/01/2026 00:00,bank_transfer,1273.01,Failed
PMT-A51E678E10,RES-54ED736AAF,2026-05-08 00:00:00,cash,1194.97,Refunded
PMT-EE6E843AA6,RES-29EFF43CE4,2025-11-04 00:00:00,paypal,680.27,Failed
PMT-57C2A5619A,RES-6DD872F022,22/12/2024 00:00,mobile_money,69.38,FAILED
PMT-073E524C30,RES-A41FBB58EF,04-03-2026 12:00 AM,cash,1120.41,PENDING
PMT-A70A26EDDC,RES-D763458968,18/06/2025 00:00,credit_card,591.5,paid
PMT-743D909D8B,RES-EB52E0A46C,23/01/2026 00:00,mobile_money,1627.76,REFUNDED
PMT-95615313F9,RES-6FF2C8399F,27/12/2025 00:00,paypal,267.55,Pending
PMT-E4A5E56D9A,RES-D174DEF5B0,2024-06-06 00:00:00,mobile_money,1115.9,Refunded
PMT-6973AE1803,RES-2BFEBB7825,08/03/2026 00:00,paypal,840.42,success
PMT-1F0DBA1D99,RES-9A256E5DF4,13/11/2025 00:00,cash,1585.51,PAID
PMT-C25024DB47,RES-9A256E5DF4,2024-07-11 00:00:00,paypal,1685.95,FAILED
PMT-65223D90AA,RES-7C0529DDEC,24/10/2024 00:00,credit_card,1264.16,PAID
PMT-122ABB1123,RES-976045A4F9,2024-11-04 00:00:00,bank_transfer,980.8,Pending
PMT-17A33EB8C0,RES-2B13CAFE8A,,credit_card,258.5,FAILED
PMT-30F5D5AD7A,RES-18911F1FF9,05-27-2025 12:00 AM,bank_transfer,748.52,refunded
PMT-77178A05DE,RES-4C8037C29E,27/05/2025 00:00,debit_card,1177.72,Pending
PMT-947F1D4DF3,RES-18FCB1BEFE,21/04/2024 00:00,cash,1685.98,paid
PMT-41B8906124,RES-02FD218C60,01-12-2026 12:00 AM,bank_transfer,,Refunded
PMT-199E8D7A27,RES-D7E2C61A2C,2024-06-10 00:00:00,cash,177.16,Pending
PMT-98A1148BB2,RES-3B2D7541D7,08/04/2024 00:00,cash,1014.68,success
PMT-8F75F0BAE0,RES-A75BDC7EAB,11-23-2025 12:00 AM,bank_transfer,489.17,DECLINED
PMT-8AD0E9B32B,RES-999CC5C94F,12/06/2025 00:00,cash,528.53,REFUNDED
PMT-C030110BF5,RES-5A576FA0E4,12-17-2025 12:00 AM,debit_card,,success
PMT-687297251C,RES-8FFEFDDF00,07/02/2026 00:00,debit_card,1553.15,failed
PMT-081DD74B81,RES-09CBC0B053,08-12-2024 12:00 AM,credit_card,981.56,pending
PMT-BC1869C7B4,RES-D9E770B64F,17/03/2026 00:00,bank_transfer,317.17,Paid
PMT-F85095D4EE,RES-F11A14060A,08-21-2025 12:00 AM,credit_card,1400.25,REFUNDED
PMT-D9DB5FE5F5,RES-1BDDED77F8,16/09/2025 00:00,mobile_money,757.88,failed
PMT-16D1903BFD,RES-1BDDED77F8,,bank_transfer,556.57,refunded
PMT-AB5CF3EF67,RES-180FCB2110,09-30-2025 12:00 AM,debit_card,1725.69,Refunded
PMT-6FFAD0DFB0,RES-B64EFCA91E,28/11/2025 00:00,bank_transfer,836.74,pending
PMT-DC72FB0A4E,RES-B64EFCA91E,2024-11-11 00:00:00,cash,973.5,refunded
PMT-CC13753368,RES-AC35B5AB5F,2024-10-06 00:00:00,cash,1111.26,SUCCESS
PMT-DEA013A59B,RES-4FB810EA76,07/12/2025 00:00,mobile_money,357.14,refunded
PMT-1DC4FA842F,RES-48211AB5A3,01-23-2026 12:00 AM,debit_card,133.12,PAID
PMT-87BF33C650,RES-C8DADB1971,02-25-2024 12:00 AM,mobile_money,1082.96,refunded
PMT-621F239F99,RES-ED298D67AC,03-12-2024 12:00 AM,debit_card,812.27,Pending
PMT-518FD23A82,RES-A4D43F58DB,03-22-2024 12:00 AM,mobile_money,1762.2,refunded
PMT-9677DE3830,RES-D17521B153,2024-07-04 00:00:00,bank_transfer,1192.46,Refunded
PMT-C0FD87CAB3,RES-076CEBAF30,05-21-2024 12:00 AM,cash,710.04,PENDING
PMT-CEB70E8FAE,RES-88E60C7447,07-25-2025 12:00 AM,paypal,356.34,pending
PMT-710DB2ED90,RES-88E60C7447,05-31-2025 12:00 AM,debit_card,203.93,FAILED
PMT-E10E7A7A3C,RES-E14913CCFD,2026-05-14 00:00:00,credit_card,,SUCCESS
PMT-612424E9D8,RES-99852D0C5C,27/07/2025 00:00,debit_card,447.95,declined
PMT-ECC9E5E78B,RES-621567B2CF,26/12/2025 00:00,paypal,1366.93,refunded
PMT-BE1093BDFA,RES-95ABC5CD5A,2026-05-29 00:00:00,paypal,682.39,pending
PMT-4EE5A62F1A,RES-AC39639131,03-15-2024 12:00 AM,paypal,663.09,Pending
PMT-ACEC423185,RES-BB1F8B3215,2025-12-10 00:00:00,cash,694.63,Pending
PMT-96228F6BED,RES-4D6E1C015E,2026-02-09 00:00:00,cash,516.13,pending
PMT-2A0BFE433A,RES-0CA42276D2,07-20-2025 12:00 AM,credit_card,1012.14,success
PMT-D6E4DEEC24,RES-4BB26F131C,2025-10-28 00:00:00,paypal,631.05,paid
PMT-23F4F6C2EB,RES-E6FEFD28C5,01-14-2024 12:00 AM,debit_card,533.92,Refunded
PMT-4ED3BA2722,RES-6F7B5B5CD4,2024-05-03 00:00:00,debit_card,1494.14,PENDING
PMT-FE8ABC0900,RES-6063F0E37B,2024-04-07 00:00:00,cash,164.42,Pending
PMT-4FE754C54C,RES-6063F0E37B,29/05/2026 00:00,credit_card,458.65,FAILED
PMT-74567D7D0B,RES-36EB917329,03-30-2026 12:00 AM,debit_card,1089.31,SUCCESS
PMT-BC8EBDE596,RES-2CDF8B2CB3,28/07/2024 00:00,credit_card,1369.1,refunded
PMT-14B3C6FC30,RES-F40B1F030D,2024-03-22 00:00:00,cash,533.85,refunded
PMT-9E3FC0B183,RES-9F34DD89AE,11-18-2024 12:00 AM,cash,1422.65,pending
PMT-4934D7C3F4,RES-9F34DD89AE,26/06/2024 00:00,bank_transfer,731.28,paid
PMT-F081E4AC8E,RES-3F43578CF2,2025-01-14 00:00:00,credit_card,832.94,refunded
PMT-A88F48DB76,RES-27E02CB7E5,2025-09-23 00:00:00,cash,1201.18,pending
PMT-A2BB4C4598,RES-BEBE115B15,2024-01-14 00:00:00,bank_transfer,1274.1,REFUNDED
PMT-DD6D458682,RES-BEBE115B15,17/04/2024 00:00,paypal,297.68,failed
PMT-B61E2B3F75,RES-EC638F274B,25/03/2025 00:00,mobile_money,1099.17,refunded
PMT-ACCA693A36,RES-4E3DD028DA,07-06-2025 12:00 AM,cash,1065.8,Refunded
PMT-CBA9FF71BB,RES-7E97CDD6B1,05-25-2024 12:00 AM,credit_card,314.23,REFUNDED
PMT-2753367273,RES-C24FA83D1D,2024-12-04 00:00:00,mobile_money,793.13,PENDING
PMT-315EF16198,RES-3A876F23B7,01-30-2026 12:00 AM,paypal,237.17,failed
PMT-906C2EE1F9,RES-E2A29F73ED,10-04-2024 12:00 AM,paypal,856.13,REFUNDED
PMT-C0563B31BB,RES-1E4AC93298,18/01/2026 00:00,paypal,1068.03,SUCCESS
PMT-8CF490D207,RES-5D8ABCF194,01-03-2026 12:00 AM,credit_card,1327.57,DECLINED
PMT-BB7113B95C,RES-97F954B724,07-21-2025 12:00 AM,paypal,523.53,PENDING
PMT-2BDB7B4083,RES-B588249457,26/10/2025 00:00,credit_card,172.43,PENDING
PMT-635DE408CB,RES-F9C632E39C,05-16-2024 12:00 AM,credit_card,156.61,DECLINED
PMT-A5BD10DEBD,RES-52D1D5A391,23/03/2024 00:00,paypal,1041.02,Failed
PMT-C3A636B2B0,RES-758E68420B,2026-01-18 00:00:00,bank_transfer,651.18,paid
PMT-F134CFBD43,RES-1A133FA04C,22/08/2025 00:00,debit_card,1297.79,success
PMT-EC52A90BC3,RES-4090F1F98E,25/01/2025 00:00,credit_card,475.72,FAILED
PMT-ACEB3D05BA,RES-0C8ECE5652,12-17-2025 12:00 AM,cash,489.17,failed
PMT-B098A618F5,RES-922C8B4486,01-11-2026 12:00 AM,mobile_money,1438.53,PENDING
PMT-B2EE442C18,RES-92FEA35B60,03/01/2026 00:00,paypal,1021.06,refunded
PMT-4A0CDCFF67,RES-D3E517DD0D,12-15-2025 12:00 AM,mobile_money,1066.36,SUCCESS
PMT-A5A5A906F0,RES-E4BFAB8528,2025-05-19 00:00:00,credit_card,1787.65,success
PMT-0BEC53FAD3,RES-B1BA7A82B0,08-08-2025 12:00 AM,cash,87.11,SUCCESS
PMT-B5125CF968,RES-096879EBD2,2024-02-07 00:00:00,bank_transfer,1071.75,Pending
PMT-9EA03F5D58,RES-096879EBD2,27/03/2024 00:00,cash,1304.04,declined
PMT-E7C123C8B0,RES-74EF4E11CD,27/09/2024 00:00,credit_card,1381.6,Paid
PMT-D401287977,RES-03A98465B3,,bank_transfer,882.99,Paid
PMT-C96425E6CB,RES-0208587539,06/04/2024 00:00,credit_card,1632.68,PENDING
PMT-17CF55BA11,RES-E5F3D93261,26/10/2025 00:00,mobile_money,470.8,REFUNDED
PMT-A0ACDB37FD,RES-6845C41EBC,20/04/2025 00:00,debit_card,457.47,REFUNDED
PMT-714076BE67,RES-0164B38F5C,04-03-2026 12:00 AM,mobile_money,990.96,Refunded
PMT-A5136895D9,RES-8ED1CA4F24,2025-07-07 00:00:00,debit_card,528.18,Refunded
PMT-B2EE32CC6E,RES-88D199344F,15/07/2024 00:00,cash,1597.89,refunded
PMT-3DBD0FF6DC,RES-8300BC8749,09-27-2024 12:00 AM,bank_transfer,1573.48,DECLINED
PMT-738728A9B8,RES-56FA6576CB,2025-07-07 00:00:00,cash,1608.49,PENDING
PMT-7ED41F2D20,RES-246938F7B9,09-15-2024 12:00 AM,paypal,1209.58,DECLINED
PMT-B0E47CA8CD,RES-4AF9765D17,11-09-2024 12:00 AM,credit_card,1239.52,Refunded
PMT-7B01BBF232,RES-201746AE30,2025-03-13 00:00:00,bank_transfer,49.54,refunded
PMT-D536B8661C,RES-201746AE30,18/04/2026 00:00,cash,87.0,REFUNDED
PMT-20F9BFE900,RES-53BE43197C,2025-07-09 00:00:00,paypal,1244.27,SUCCESS
PMT-5DCB454EBB,RES-5AD9A01A4B,2024-09-06 00:00:00,debit_card,1090.23,refunded
PMT-57511E8F4E,RES-5AD9A01A4B,06/08/2024 00:00,paypal,1104.45,declined
PMT-89440664F4,RES-58E39BBAF9,08-31-2025 12:00 AM,cash,513.86,refunded
PMT-6EA5F8A8FB,RES-DAAFBF6394,2024-12-06 00:00:00,mobile_money,748.45,PAID
PMT-F03BB97AF0,RES-772D6173F6,11-12-2024 12:00 AM,cash,1585.28,PENDING
PMT-FE39195A6F,RES-772D6173F6,18/06/2025 00:00,bank_transfer,1285.98,Failed
PMT-2587A664F0,RES-772D6173F6,22/05/2024 00:00,cash,1521.93,pending
PMT-C9A14ECC9C,RES-4763CC99FB,2025-11-27 00:00:00,mobile_money,384.51,SUCCESS
PMT-40F241659E,RES-59F376386B,15/01/2026 00:00,credit_card,,DECLINED
PMT-4FC53D6B7B,RES-EA31DB0780,2025-02-09 00:00:00,mobile_money,964.57,declined
PMT-5D2B9A4FC3,RES-24F8C3A5E4,2025-01-24 00:00:00,bank_transfer,381.92,DECLINED
PMT-016564CB60,RES-5A280AD94B,2024-06-01 00:00:00,paypal,83.7,PAID
PMT-623338202A,RES-065BC35BB7,10/08/2024 00:00,cash,738.67,REFUNDED
PMT-3DD3D2FD8A,RES-E43E3BFF6C,12/11/2025 00:00,mobile_money,300.61,REFUNDED
PMT-A9957903D5,RES-0ADFD908AC,2025-12-01 00:00:00,cash,705.84,Pending
PMT-8E91877B12,RES-A597B0C8A0,08-22-2025 12:00 AM,debit_card,847.54,FAILED
PMT-8232812682,RES-A597B0C8A0,12-31-2024 12:00 AM,debit_card,1057.09,pending
PMT-73FB0A3B13,RES-5C1857A999,2025-12-31 00:00:00,bank_transfer,726.32,Refunded
PMT-A40981E2BC,RES-97B3D8B9D0,2026-06-04 00:00:00,bank_transfer,1025.11,FAILED
PMT-FA93655157,RES-90CC0FFE6B,2024-07-25 00:00:00,bank_transfer,411.73,REFUNDED
PMT-F48522799B,RES-FA302B217A,06/06/2025 00:00,credit_card,653.34,REFUNDED
PMT-3217392EE5,RES-7D9852E297,22/03/2024 00:00,mobile_money,1610.53,DECLINED
PMT-80264FE04E,RES-7D9852E297,28/09/2024 00:00,bank_transfer,78.13,Paid
PMT-2D10A28CB1,RES-ECFD71ABAF,06-17-2025 12:00 AM,paypal,368.8,paid
PMT-BA05722C8B,RES-02CB1F08FB,2025-08-24 00:00:00,debit_card,892.63,DECLINED
PMT-EE4C733217,RES-02CB1F08FB,10-15-2024 12:00 AM,credit_card,849.11,DECLINED
PMT-CFDB592252,RES-20F30E4B4F,2024-07-15 00:00:00,cash,439.67,Failed
PMT-A243B55C8E,RES-08283C1B00,06-24-2025 12:00 AM,paypal,309.36,REFUNDED
PMT-3095D934B1,RES-ADBD09C425,05/10/2025 00:00,bank_transfer,1489.46,success
PMT-AF906531B5,RES-58D8E6F9DF,17/03/2026 00:00,cash,1698.01,FAILED
PMT-D308FE3829,RES-F7B8E14553,01-13-2025 12:00 AM,mobile_money,1046.6,refunded
PMT-3CE65C0A72,RES-E384062934,02-22-2025 12:00 AM,paypal,462.85,PENDING
PMT-AF0E95130D,RES-B7C8912EA6,08-23-2024 12:00 AM,debit_card,976.22,DECLINED
PMT-B937C8F6BC,RES-B7C8912EA6,16/10/2025 00:00,debit_card,1087.45,Pending
PMT-842C284780,RES-EB2EEE8B95,2024-02-09 00:00:00,cash,717.47,Failed
PMT-DEA3C72CA9,RES-80721BC31B,2025-05-15 00:00:00,mobile_money,677.62,declined
PMT-107F1104D9,RES-29A0100EC8,29/09/2024 00:00,bank_transfer,424.85,PENDING
PMT-0834BD1F9F,RES-FC4FE101C2,2024-08-24 00:00:00,mobile_money,455.24,declined
PMT-449DFE9F85,RES-E71A22CF3E,26/05/2024 00:00,bank_transfer,674.26,FAILED
PMT-4454202ABC,RES-4E737018C6,04-28-2025 12:00 AM,debit_card,1474.76,SUCCESS
PMT-8C15124936,RES-6DD4DC528E,01/12/2025 00:00,credit_card,1754.91,failed
PMT-D796F6DD3A,RES-6DD4DC528E,02/08/2025 00:00,debit_card,1788.48,Paid
PMT-35E7F5E7AC,RES-10DC52F398,20/01/2025 00:00,cash,610.84,declined
PMT-DF1F2C16DC,RES-17F7685D41,2024-01-06 00:00:00,bank_transfer,1280.44,Failed
PMT-986969AFED,RES-7A536A2C61,2025-02-19 00:00:00,mobile_money,423.88,Failed
PMT-6D989EB168,RES-8CC032D614,08-27-2024 12:00 AM,cash,244.37,Failed
PMT-CCA6BC619C,RES-084A2591BC,21/06/2025 00:00,paypal,201.15,DECLINED
PMT-AAAD73F4AB,RES-81BFEBD8DF,04/01/2026 00:00,mobile_money,1441.1,Refunded
PMT-9A0E948038,RES-7BEA440C00,2024-07-25 00:00:00,bank_transfer,60.33,success
PMT-D1A758DD07,RES-AD3FAA05BB,2024-07-19 00:00:00,mobile_money,381.21,declined
PMT-415FAC2018,RES-5ABA634328,16/11/2024 00:00,cash,1103.61,Refunded
PMT-F213251ACA,RES-E4DE059FC8,2025-08-24 00:00:00,cash,1791.5,success
PMT-7B6A809B86,RES-D58643DB0C,27/03/2025 00:00,bank_transfer,1637.43,declined
PMT-E69AEBE732,RES-C8E8B93186,03-10-2025 12:00 AM,cash,1737.31,PENDING
PMT-EB22F2F84E,RES-C8E8B93186,2025-01-15 00:00:00,debit_card,1793.7,Refunded
PMT-5C5481B2E4,RES-1A0D321099,02/07/2025 00:00,debit_card,341.92,declined
PMT-79D6C5E242,RES-9F6F71DD96,04-26-2026 12:00 AM,cash,1409.49,Refunded
PMT-B2CE447EC5,RES-9F6F71DD96,07-14-2025 12:00 AM,debit_card,715.75,paid
PMT-7708615162,RES-864ABEE1AE,11/03/2024 00:00,paypal,118.68,Paid
PMT-AF7498EA05,RES-864ABEE1AE,10/04/2025 00:00,mobile_money,69.28,REFUNDED
PMT-6C9C25A726,RES-864ABEE1AE,2025-06-17 00:00:00,debit_card,129.0,pending
PMT-2BF448BD35,RES-AE4E35F2A4,10-09-2024 12:00 AM,credit_card,1176.2,pending
PMT-D04424D6E1,RES-FB9DD56AB8,2024-05-08 00:00:00,paypal,754.9,DECLINED
PMT-F1BDE4C232,RES-25F676A6D3,06/03/2025 00:00,cash,248.1,Failed
PMT-D7CD0DFB54,RES-3FC71CF279,10-14-2025 12:00 AM,credit_card,1417.93,PAID
PMT-B5D3106327,RES-717BBC0ED9,29/06/2025 00:00,debit_card,314.48,DECLINED
PMT-E26B5C2A80,RES-469B3A6EF7,10-27-2025 12:00 AM,cash,1111.97,PAID
PMT-BABCE026D0,RES-999EA6DC29,07/07/2024 00:00,bank_transfer,231.79,Refunded
PMT-928F7531D4,RES-E8DEF2D3A9,08-21-2024 12:00 AM,debit_card,1700.87,Pending
PMT-82BBC77B2E,RES-E8DEF2D3A9,03/01/2024 00:00,paypal,643.67,FAILED
PMT-A24B35C69B,RES-020C472397,01/05/2025 00:00,debit_card,583.13,declined
PMT-09B767C18A,RES-801CB64A03,08-06-2025 12:00 AM,bank_transfer,618.05,failed
PMT-0F1646490A,RES-BC389F323E,,cash,749.71,paid
PMT-63EC9BDE34,RES-736F6F91E8,27/01/2024 00:00,mobile_money,944.92,PENDING
PMT-584EFD4972,RES-736F6F91E8,2024-08-05 00:00:00,bank_transfer,942.33,DECLINED
PMT-F488B4CDF8,RES-736F6F91E8,07/03/2025 00:00,credit_card,286.62,Refunded
PMT-FDDB9898F5,RES-CDC46C2227,2024-11-27 00:00:00,debit_card,1620.09,Refunded
PMT-95C024D8D6,RES-949A4D37E2,2025-01-20 00:00:00,paypal,1045.54,PENDING
PMT-47B8FC04AD,RES-949A4D37E2,16/12/2025 00:00,mobile_money,807.95,FAILED
PMT-E3808CA248,RES-AB0D49CEF5,04-19-2026 12:00 AM,bank_transfer,525.48,Failed
PMT-0DC436FA3C,RES-C0429CD024,19/10/2025 00:00,mobile_money,275.96,failed
PMT-99B63587B0,RES-26719F1951,01-12-2024 12:00 AM,paypal,251.18,refunded
PMT-B62C53B141,RES-5BA845542C,12/05/2024 00:00,paypal,1612.01,REFUNDED
PMT-BCB58E97DC,RES-A9337C9118,01-12-2026 12:00 AM,bank_transfer,526.31,SUCCESS
PMT-873EC20B45,RES-970BE9BA02,,mobile_money,1702.55,Failed
PMT-755A5A77D3,RES-970BE9BA02,2024-11-12 00:00:00,credit_card,1308.44,FAILED
PMT-4D26AC83C3,RES-970BE9BA02,08-24-2025 12:00 AM,bank_transfer,1077.77,Failed
PMT-CF5903F3B5,RES-8AD6303EF5,08-10-2024 12:00 AM,paypal,1781.58,Paid
PMT-BC32129D17,RES-FA7D9F5CC8,10-28-2025 12:00 AM,cash,1451.51,Paid
PMT-13F17A5CB5,RES-8B1D19A8FD,02-16-2025 12:00 AM,debit_card,1704.1,DECLINED
PMT-B6FF48AF66,RES-8B1D19A8FD,01-04-2026 12:00 AM,bank_transfer,1782.36,DECLINED
PMT-FBFD1CF79B,RES-AC59CD84C3,02-21-2024 12:00 AM,bank_transfer,1104.24,SUCCESS
PMT-DE25D3D214,RES-69A1265998,2024-01-19 00:00:00,cash,528.4,Failed
PMT-332F666C81,RES-3993B4530F,09-30-2024 12:00 AM,cash,1534.45,paid
PMT-AC2CCEA6D2,RES-770DE66C6D,11-19-2024 12:00 AM,paypal,664.64,REFUNDED
PMT-C2D9DF5613,RES-36B323A505,2025-09-01 00:00:00,debit_card,343.91,pending
PMT-B42DF97721,RES-07F91B6D8D,06-02-2024 12:00 AM,bank_transfer,1381.24,PENDING
PMT-E22C409AAF,RES-E078FFDF49,2025-03-22 00:00:00,credit_card,466.8,paid
PMT-AA7D08BC6F,RES-A6758B99B0,2026-04-24 00:00:00,bank_transfer,561.74,Refunded
PMT-A62196949C,RES-B6679D2BF4,02-01-2024 12:00 AM,cash,1700.17,success
PMT-17CB7C7A09,RES-B6679D2BF4,07/11/2025 00:00,debit_card,258.72,PAID
PMT-39AC95A61A,RES-E811998AE0,2024-03-29 00:00:00,credit_card,617.88,PENDING
PMT-DB7A7CB528,RES-B01306E185,2024-09-07 00:00:00,cash,197.74,pending
PMT-2D97B0FB3A,RES-2F83212DED,07/11/2025 00:00,mobile_money,869.56,DECLINED
PMT-CE6CA4403C,RES-3FAECDCFAA,2026-01-23 00:00:00,credit_card,708.94,FAILED
PMT-685BB9056F,RES-00272A47A9,2026-06-10 00:00:00,cash,1460.72,REFUNDED
PMT-B85E259550,RES-57001E4FE1,06-21-2024 12:00 AM,paypal,1759.01,Pending
PMT-2B5FFBF7A4,RES-B63D1943DA,2025-11-13 00:00:00,paypal,265.91,pending
PMT-9EA7A265B4,RES-D697219DF1,05-04-2025 12:00 AM,mobile_money,567.72,Refunded
PMT-66FBBA74F2,RES-3E7D3CB638,03-20-2025 12:00 AM,credit_card,1426.62,Refunded
PMT-53DB20CB4F,RES-8866073B2F,20/07/2024 00:00,credit_card,1485.82,failed
PMT-77946AC5E0,RES-1A621FE7BD,2025-11-28 00:00:00,credit_card,1798.18,declined
PMT-EC367F1CE0,RES-80E0E3B55D,03/04/2025 00:00,paypal,509.67,PAID
PMT-33CBEC5AB6,RES-DA907A1613,26/03/2024 00:00,cash,1644.16,PAID
PMT-0B7C57F5D9,RES-F238E8F878,01-11-2024 12:00 AM,paypal,852.92,SUCCESS
PMT-C12995FE37,RES-5940C9C73F,2025-04-03 00:00:00,mobile_money,337.44,Refunded
PMT-74401B4EE2,RES-E68EA85B37,2024-02-09 00:00:00,debit_card,554.38,Pending
PMT-6498C3F736,RES-E68EA85B37,27/08/2025 00:00,cash,941.26,Failed
PMT-0743918899,RES-A2338BFC51,04-03-2026 12:00 AM,debit_card,605.52,Paid
PMT-5CBFCA03C3,RES-A8C2FF77C5,24/05/2026 00:00,credit_card,223.8,Pending
PMT-37BB1B5DC1,RES-98A9702159,30/06/2025 00:00,bank_transfer,726.16,paid
PMT-EE57732467,RES-9C02DA6796,01/05/2024 00:00,paypal,1194.79,declined
PMT-5C4BF17584,RES-436CE79BC4,2024-12-05 00:00:00,bank_transfer,678.01,Refunded
PMT-8C8D4D0DF8,RES-80F37A7524,2026-06-18 00:00:00,mobile_money,1386.72,pending
PMT-2E7936EBED,RES-80F37A7524,2024-07-28 00:00:00,bank_transfer,816.49,paid
PMT-8CD2A0E13E,RES-E884587A1E,12-03-2024 12:00 AM,cash,1766.97,pending
PMT-776D70310E,RES-63A7D3D1D1,2025-08-02 00:00:00,paypal,493.87,refunded
PMT-52E259B900,RES-FF026626DD,16/07/2025 00:00,debit_card,1625.12,refunded
PMT-3269B7CBD9,RES-FF026626DD,2025-12-19 00:00:00,cash,527.8,success
PMT-DAADC2F828,RES-FF026626DD,10-30-2025 12:00 AM,cash,80.79,refunded
PMT-43F70909A3,RES-8132831BE5,2024-07-09 00:00:00,credit_card,182.39,SUCCESS
PMT-E394EFC526,RES-9C74B922D5,05-22-2026 12:00 AM,paypal,1055.96,pending
PMT-03A17D3395,RES-5DCA9D77C4,07/12/2024 00:00,mobile_money,1706.55,DECLINED
PMT-904074A13D,RES-61D9A83B9D,2024-11-15 00:00:00,bank_transfer,1038.18,REFUNDED
PMT-ACD60BB1EE,RES-EC94F46421,2025-12-23 00:00:00,credit_card,237.73,paid
PMT-F544B7199C,RES-6F2C6731D4,2025-12-15 00:00:00,mobile_money,1180.59,DECLINED
PMT-1D964D8CC2,RES-18F6D1DEC8,2025-05-14 00:00:00,debit_card,926.57,Failed
PMT-CAE9243E0E,RES-DEB225419F,02-11-2026 12:00 AM,credit_card,532.68,Refunded
PMT-2D0D506413,RES-11A782E217,2025-01-26 00:00:00,paypal,472.11,REFUNDED
PMT-044276DC87,RES-FC6A7726EB,29/04/2026 00:00,mobile_money,1339.91,failed
PMT-0866368B0C,RES-9034A81022,02-10-2026 12:00 AM,debit_card,1557.19,PAID
PMT-A9DE6D833B,RES-BE6AA590B7,2025-01-30 00:00:00,paypal,1550.36,Failed
PMT-AF7B3BA5F6,RES-00D02C49EA,2024-03-17 00:00:00,cash,379.57,success
PMT-E04C673A75,RES-F19707A10F,08-21-2025 12:00 AM,debit_card,732.85,REFUNDED
PMT-C71037CAF5,RES-9754C85016,,bank_transfer,1542.49,paid
PMT-34C38190C9,RES-4734268B54,07-04-2024 12:00 AM,debit_card,710.45,refunded
PMT-D6AFB10983,RES-4892D5AD49,27/12/2024 00:00,credit_card,1221.97,Refunded
PMT-1E8A3A14BB,RES-B72442E042,03-29-2024 12:00 AM,credit_card,1609.76,Paid
PMT-553F5C1E1A,RES-113E4FCAD0,24/09/2025 00:00,paypal,1794.47,Paid
PMT-9B4513CBA5,RES-113E4FCAD0,09-01-2025 12:00 AM,mobile_money,782.37,DECLINED
PMT-0715A05CC4,RES-353A5BB282,08-23-2025 12:00 AM,bank_transfer,768.83,Refunded
PMT-2AD5D8A2A5,RES-7849B34F12,08-10-2025 12:00 AM,mobile_money,544.36,declined
PMT-8B7F7F062D,RES-984621353C,19/09/2025 00:00,mobile_money,464.83,Pending
PMT-151C0BF997,RES-EE9AF76B82,03-29-2025 12:00 AM,mobile_money,1782.02,declined
PMT-BDDB76AB9D,RES-EE9AF76B82,10/02/2026 00:00,credit_card,348.4,Pending
PMT-764B35DABE,RES-9C2FC348F1,06/02/2024 00:00,mobile_money,1773.54,PENDING
PMT-E5409E94F9,RES-9956A3BF25,02-06-2024 12:00 AM,bank_transfer,725.21,DECLINED
PMT-A2E0735A64,RES-3F83953CE5,25/02/2026 00:00,debit_card,501.11,Paid
PMT-387A9F5135,RES-3F83953CE5,2025-01-14 00:00:00,cash,347.67,pending
PMT-C8798EB481,RES-FA9468CE8E,11-20-2024 12:00 AM,paypal,339.41,declined
PMT-9857FCE52B,RES-83591521C0,06-10-2024 12:00 AM,debit_card,1415.83,PENDING
PMT-16620A3D85,RES-79DB615C2D,2025-12-03 00:00:00,bank_transfer,291.1,REFUNDED
PMT-DA8D6E5812,RES-BCDFE076B5,26/01/2025 00:00,credit_card,1119.86,failed
PMT-60E2023466,RES-700E8B1DEE,07-19-2024 12:00 AM,cash,874.86,REFUNDED
PMT-03C7551832,RES-C0DF0C6856,11-05-2025 12:00 AM,cash,651.4,pending
PMT-8B582A66DE,RES-47890C41D0,05/08/2024 00:00,paypal,1477.15,PAID
PMT-579AE3BFF3,RES-87171CB21B,2025-08-15 00:00:00,bank_transfer,88.33,refunded
PMT-8C673DC4C0,RES-12DA0ED1AE,05-13-2024 12:00 AM,bank_transfer,946.12,Pending
PMT-BF80E894F8,RES-AD3EF4F197,2026-02-09 00:00:00,bank_transfer,664.36,DECLINED
PMT-89213DEB00,RES-C59003C9D7,05-15-2025 12:00 AM,bank_transfer,266.89,PENDING
PMT-DC8C296FED,RES-60BCECA5FC,07-19-2025 12:00 AM,paypal,1560.6,DECLINED
PMT-1E0735AA9D,RES-B9FF8EACB6,03/08/2024 00:00,credit_card,1712.29,failed
PMT-29C90B253D,RES-1A0347D159,01-15-2025 12:00 AM,credit_card,66.12,REFUNDED
PMT-5A165B1DB7,RES-1A0347D159,2024-08-18 00:00:00,debit_card,1571.32,DECLINED
PMT-5609708F8D,RES-7180E6D108,03/10/2025 00:00,cash,1351.86,success
PMT-CE1A0FA4A5,RES-9853F9D917,03-19-2026 12:00 AM,bank_transfer,1048.63,refunded
PMT-E4EB168C46,RES-9853F9D917,04/08/2025 00:00,bank_transfer,1355.42,PENDING
PMT-1CBAD4DF1A,RES-86207ADDDB,13/11/2024 00:00,bank_transfer,900.47,PAID
PMT-CB97AB63F6,RES-918327D177,10-08-2025 12:00 AM,credit_card,844.33,PENDING
PMT-5A8FB18C15,RES-CC830D547F,05-16-2026 12:00 AM,cash,47.56,pending
PMT-87F0AA989D,RES-80BF3E7B26,2025-06-24 00:00:00,debit_card,1389.6,pending
PMT-D0CB070221,RES-4EED0E4EC3,05-14-2025 12:00 AM,paypal,841.94,declined
PMT-CF48ADA4E9,RES-DDDBF812B4,25/01/2026 00:00,debit_card,999.64,paid
PMT-974A98D735,RES-69423D195D,2025-01-30 00:00:00,debit_card,1047.03,success
PMT-06A16DA970,RES-35E0C2F91C,11/03/2026 00:00,debit_card,588.73,SUCCESS
PMT-CF27D83050,RES-D0AD6F2FF7,27/12/2024 00:00,debit_card,526.24,refunded
PMT-0208A8E6F6,RES-D8A2F82B93,05-14-2024 12:00 AM,bank_transfer,1264.04,Refunded
PMT-74C4E10052,RES-14AC7F7C00,2025-11-13 00:00:00,debit_card,237.28,PAID
PMT-51D7B1ACFF,RES-C4F740C657,09/11/2024 00:00,cash,1013.62,PAID
PMT-0074D7A244,RES-62B9FB32CA,05/06/2024 00:00,bank_transfer,1667.72,pending
PMT-3AD1FBB88C,RES-38014C8D32,03-10-2025 12:00 AM,debit_card,1525.45,paid
PMT-1F13262235,RES-A8C6978BE6,05-31-2026 12:00 AM,mobile_money,206.21,Pending
PMT-855C190D48,RES-BCF69D807A,06/08/2025 00:00,mobile_money,586.95,REFUNDED
PMT-E79F35447C,RES-44502CD38D,07/09/2025 00:00,paypal,408.55,DECLINED
PMT-B6722E1DDC,RES-C914618A51,29/11/2024 00:00,mobile_money,228.02,refunded
PMT-A33DB7897F,RES-9697992EF9,05/05/2026 00:00,cash,462.22,PENDING
PMT-1B8AC0BA8F,RES-98E81AD848,06/02/2025 00:00,mobile_money,85.86,Pending
PMT-BB750ADE7E,RES-174178FF02,21/05/2025 00:00,cash,163.26,failed
PMT-004EF0BD71,RES-26AA26476B,2024-09-04 00:00:00,credit_card,1381.83,Refunded
PMT-99FC2A3EA7,RES-26AA26476B,2026-01-16 00:00:00,cash,49.8,Paid
PMT-6664363FB9,RES-41E464899D,2025-02-07 00:00:00,cash,544.26,declined
PMT-6C23C1C038,RES-D13D727E56,10-04-2025 12:00 AM,mobile_money,1773.1,Refunded
PMT-976C8A0C02,RES-A5A0CA1985,2025-08-29 00:00:00,mobile_money,1088.29,PENDING
PMT-575120B7FB,RES-608BE2AF0E,,cash,140.64,refunded
PMT-8F42DB37CF,RES-6F65AF0CDE,,mobile_money,556.57,PENDING
PMT-23FF6F308E,RES-59478ED5F9,06-01-2026 12:00 AM,paypal,1518.38,FAILED
PMT-0F6363787A,RES-4E6D62D2DD,08-06-2025 12:00 AM,credit_card,1121.01,pending
PMT-42681DEE99,RES-710C2471D7,20/12/2025 00:00,bank_transfer,1580.86,PAID
PMT-7979927CE2,RES-710C2471D7,2025-01-31 00:00:00,bank_transfer,1683.8,failed
PMT-EB8845C142,RES-4B679BB88B,08-29-2025 12:00 AM,debit_card,102.54,PAID
PMT-ECDDD6E9FF,RES-1285EA45C0,23/08/2025 00:00,cash,1040.91,Pending
PMT-B08C7A2EE8,RES-166E37F398,04-14-2025 12:00 AM,mobile_money,987.15,failed
PMT-07E8999D12,RES-AC433A68CF,2024-12-02 00:00:00,credit_card,1118.67,FAILED
PMT-6F685664C5,RES-DE864EAF01,19/02/2025 00:00,bank_transfer,1302.17,Failed
PMT-42A85980D2,RES-AF6FA16870,06-16-2025 12:00 AM,credit_card,887.75,paid
PMT-FB124721C3,RES-8200142D83,23/04/2024 00:00,credit_card,754.92,PAID
PMT-AE6708C7A6,RES-E28A6B5799,22/10/2025 00:00,cash,489.59,failed
PMT-F9625E5FAE,RES-967A57D2C0,02-17-2024 12:00 AM,bank_transfer,1618.81,success
PMT-CA98ECE352,RES-B4A35F6692,13/09/2024 00:00,cash,338.0,PENDING
PMT-7DECE58639,RES-B4A35F6692,12-04-2024 12:00 AM,paypal,123.15,declined
PMT-2B39833231,RES-B4A35F6692,16/04/2024 00:00,debit_card,825.86,FAILED
PMT-4E37DA7102,RES-F0BD789889,04-11-2024 12:00 AM,mobile_money,1505.19,declined
PMT-E348907124,RES-E25A602508,01-21-2025 12:00 AM,mobile_money,667.81,failed
PMT-4DE2579E54,RES-5500629FEB,11-22-2024 12:00 AM,paypal,1171.32,DECLINED
PMT-5619ADFE1C,RES-078001A40D,11-11-2025 12:00 AM,bank_transfer,1560.64,refunded
PMT-10C7ED369B,RES-B4917B139E,2026-01-25 00:00:00,cash,593.6,SUCCESS
PMT-52373C896C,RES-C37F3FD50C,13/12/2025 00:00,bank_transfer,911.59,Pending
PMT-590A8F5EE8,RES-5C4E0F12DF,2025-06-29 00:00:00,paypal,1585.97,DECLINED
PMT-D79D7C7869,RES-46833111A5,29/12/2025 00:00,credit_card,516.79,PAID
PMT-DE60A36BCD,RES-61385FF7DF,07/04/2026 00:00,credit_card,1580.66,Failed
PMT-BCEE2551B6,RES-85D2502C27,04-08-2026 12:00 AM,cash,933.87,Paid
PMT-82D24CF685,RES-90C651FB64,14/03/2026 00:00,mobile_money,1772.61,success
PMT-D8FEF848CD,RES-90C651FB64,23/11/2024 00:00,debit_card,1060.65,pending
PMT-4BE0BC6EC4,RES-C148DE01E4,2025-03-21 00:00:00,mobile_money,752.57,Failed
PMT-0FBE69AFCA,RES-ADC2A49E5C,07/02/2024 00:00,credit_card,1646.51,Pending
PMT-232C563824,RES-83078EA81A,2025-11-14 00:00:00,mobile_money,527.47,declined
PMT-445F47836F,RES-B5E139D488,16/03/2025 00:00,paypal,1789.13,Pending
PMT-CBD3096277,RES-94EAC97C94,02-16-2024 12:00 AM,paypal,309.43,DECLINED
PMT-CB864EC67C,RES-6EFB265C19,02-18-2025 12:00 AM,mobile_money,1482.12,pending
PMT-B7BFD7CBD2,RES-6EFB265C19,2024-03-12 00:00:00,mobile_money,1128.44,REFUNDED
PMT-ECDCC766E0,RES-AEDFD9BD4E,01-10-2026 12:00 AM,cash,1113.44,refunded
PMT-567DCD0F0B,RES-AEDFD9BD4E,2024-05-23 00:00:00,debit_card,1303.48,success
PMT-AE79CEC370,RES-BF5199EE78,07-15-2025 12:00 AM,credit_card,1686.68,refunded
PMT-674505A53C,RES-2FEA65EE9D,2024-04-11 00:00:00,bank_transfer,1012.46,PAID
PMT-6CF90FEF9C,RES-4580888812,2025-12-18 00:00:00,credit_card,1596.07,Failed
PMT-F5A8712330,RES-5021C7C703,2024-05-05 00:00:00,credit_card,378.98,Pending
PMT-92B01B9936,RES-A5F8EB8662,2025-03-27 00:00:00,credit_card,929.24,Failed
PMT-8AD5AA41FE,RES-4B541F42FB,05-31-2026 12:00 AM,debit_card,265.01,FAILED
PMT-8AD0538F43,RES-FBC3BD7C53,2025-03-13 00:00:00,debit_card,584.45,REFUNDED
PMT-C2195279F8,RES-DD0EB94A03,09-01-2024 12:00 AM,bank_transfer,1234.5,Failed
PMT-EBB87A48F2,RES-6BA32D5042,02-15-2026 12:00 AM,bank_transfer,966.92,pending
PMT-3CE5956C8A,RES-95371B80AE,31/07/2024 00:00,cash,1038.28,DECLINED
PMT-25C5C3819F,RES-E6A9B30031,07-18-2025 12:00 AM,mobile_money,1391.59,PENDING
PMT-1883AFF263,RES-E6A9B30031,01-26-2026 12:00 AM,cash,1270.71,PENDING
PMT-7E218960C2,RES-DCFE20F107,2025-09-04 00:00:00,paypal,1004.63,Pending
PMT-56E6F06585,RES-2EFA1E308E,05/02/2026 00:00,mobile_money,1329.81,Failed
PMT-8CE2D918D2,RES-6853E7C709,08-27-2024 12:00 AM,debit_card,1477.4,declined
PMT-0E91D15721,RES-6853E7C709,2026-02-17 00:00:00,cash,300.13,SUCCESS
PMT-1D7AC5F12B,RES-0119F7D64D,2024-07-17 00:00:00,paypal,1294.29,pending
PMT-109D21ECA3,RES-74FC41726E,26/09/2024 00:00,cash,1329.85,PENDING
PMT-E75F65CCD6,RES-1F0ADCE20A,08/11/2025 00:00,bank_transfer,878.19,REFUNDED
PMT-2D3A62EFC2,RES-F27C502056,05-28-2025 12:00 AM,cash,946.65,refunded
PMT-5BC6F87C4A,RES-0D166398F6,2025-09-18 00:00:00,cash,1582.44,Paid
PMT-BA3E0108E7,RES-42EF143E43,2024-06-28 00:00:00,cash,1096.52,failed
PMT-42B7458834,RES-8BC65EF2DF,06-25-2024 12:00 AM,cash,1612.8,Pending
PMT-FFD9FEF6EF,RES-3740181A79,21/11/2024 00:00,paypal,840.18,success
PMT-99F208BA8C,RES-E529773EA4,2025-07-22 00:00:00,mobile_money,773.39,refunded
PMT-01964B8632,RES-5676F25007,01-06-2024 12:00 AM,paypal,855.96,DECLINED
PMT-0789535E3C,RES-5676F25007,08/06/2025 00:00,bank_transfer,367.93,Refunded
PMT-D86E0DF33F,RES-B146DD6A83,12-01-2025 12:00 AM,paypal,1427.66,PENDING
PMT-CFF1509990,RES-4F76F6F204,2025-05-14 00:00:00,cash,1623.59,FAILED
PMT-7AEE6D51EE,RES-0E7F798C2E,03-08-2026 12:00 AM,cash,1180.17,Failed
PMT-A3B499B7F9,RES-C5DF99C7BE,2025-06-22 00:00:00,bank_transfer,874.04,pending
PMT-EBD6F3D53B,RES-3D3F615673,10/10/2024 00:00,debit_card,1256.89,pending
PMT-630F42D4F3,RES-3D3F615673,2025-03-28 00:00:00,mobile_money,105.22,Failed
PMT-B5ECC305C3,RES-21546AB34D,2025-02-19 00:00:00,paypal,1115.79,PENDING
PMT-2F26D20E54,RES-C4DDDAE27A,02/05/2024 00:00,debit_card,585.89,PAID
PMT-5FA7D20840,RES-DFC866178E,11-12-2024 12:00 AM,credit_card,870.03,DECLINED
PMT-2097640373,RES-13B0CD80B1,03-22-2025 12:00 AM,bank_transfer,374.99,refunded
PMT-429B75920A,RES-18001B82E4,2024-06-03 00:00:00,debit_card,917.68,refunded
PMT-A4AEEDC60F,RES-03995E0629,07/11/2025 00:00,debit_card,695.42,Failed
PMT-5367E47892,RES-03995E0629,30/08/2025 00:00,mobile_money,1616.2,PENDING
PMT-21E89BFBE9,RES-03995E0629,08-12-2024 12:00 AM,paypal,117.21,Refunded
PMT-C49FA769FA,RES-E3F7662B32,15/06/2026 00:00,cash,659.13,Refunded
PMT-F9E403F20B,RES-2E9C82F4A1,2025-06-23 00:00:00,credit_card,963.27,Refunded
PMT-88D4BF4E30,RES-B6543E1706,20/01/2024 00:00,paypal,310.54,pending
PMT-A844919290,RES-78ADB08E6D,2026-03-26 00:00:00,mobile_money,1022.38,PAID
PMT-2817500C81,RES-5FF6B0595B,04-24-2026 12:00 AM,mobile_money,1186.74,Pending
PMT-A577DC2C29,RES-1688ADF02D,15/01/2024 00:00,cash,508.56,PENDING
PMT-0E8B75F39E,RES-1688ADF02D,10-04-2025 12:00 AM,debit_card,1471.59,Paid
PMT-71ACAA7100,RES-1688ADF02D,2025-04-25 00:00:00,credit_card,499.05,pending
PMT-498F4FFCB6,RES-A74D00EE67,2025-09-24 00:00:00,cash,186.48,SUCCESS
PMT-1375734E11,RES-F57A623E5D,27/01/2026 00:00,bank_transfer,1430.82,Paid
PMT-B73E663233,RES-FBC920E166,2024-06-05 00:00:00,paypal,352.94,PAID
PMT-4505996673,RES-B8F3DAD8BC,11-16-2025 12:00 AM,credit_card,1436.86,PAID
PMT-A883050501,RES-B56D10EBC7,27/08/2025 00:00,bank_transfer,829.95,pending
PMT-D755613781,RES-1E16E277B6,05/03/2026 00:00,paypal,948.57,declined
PMT-1E6D53AD50,RES-05D76C2526,09-29-2025 12:00 AM,debit_card,579.5,Refunded
PMT-8F2ADCF6FF,RES-66EB2C6F67,15/03/2025 00:00,paypal,1052.41,Pending
PMT-B5E42B708A,RES-22755327E8,11-03-2024 12:00 AM,mobile_money,487.55,failed
PMT-8D43ABC71D,RES-22755327E8,2026-01-12 00:00:00,mobile_money,1436.26,Refunded
PMT-522E574343,RES-9A87F81BC9,16/08/2025 00:00,bank_transfer,358.12,FAILED
PMT-BC2254CF0C,RES-4A22A57CFA,14/05/2026 00:00,paypal,1574.79,Pending
PMT-7810C0B120,RES-3ACBCC6064,03-07-2024 12:00 AM,debit_card,1631.56,declined
PMT-FF9B87D9BF,RES-0509DB4A7B,06/05/2024 00:00,mobile_money,981.35,DECLINED
PMT-72FE8444C4,RES-F626AB40B8,02-13-2026 12:00 AM,cash,1032.61,refunded
PMT-4391C8EF4B,RES-2752B62EA7,01-20-2024 12:00 AM,credit_card,79.3,pending
PMT-BB7545D83C,RES-5ADFF62FE9,03-18-2026 12:00 AM,credit_card,491.22,Paid
PMT-814E2B94D3,RES-7A1C7B8776,2025-02-08 00:00:00,mobile_money,235.74,Pending
PMT-AB3B3DB177,RES-A6665D5C07,09-10-2025 12:00 AM,mobile_money,76.47,Pending
PMT-A9F9ECFD1A,RES-3A4C00FB67,2025-08-30 00:00:00,credit_card,1496.05,PENDING
PMT-26A84EABD8,RES-AD14BB75DC,2025-12-18 00:00:00,mobile_money,364.74,paid
PMT-863E0ECC36,RES-AD14BB75DC,04-12-2025 12:00 AM,bank_transfer,1689.68,Paid
PMT-15620A91B7,RES-BA7415B215,2025-04-19 00:00:00,debit_card,433.02,DECLINED
PMT-0BE33FB127,RES-CF05CA6AAA,2024-10-14 00:00:00,mobile_money,479.7,REFUNDED
PMT-460B9181B7,RES-E3340D8CAB,2025-07-27 00:00:00,cash,1429.53,PENDING
PMT-12CEA84AA0,RES-E3340D8CAB,2024-09-22 00:00:00,paypal,531.62,Refunded
PMT-2AB40668D3,RES-E3340D8CAB,2025-01-01 00:00:00,debit_card,1645.69,declined
PMT-FCF1999926,RES-1601620562,2025-05-20 00:00:00,cash,863.13,PAID
PMT-6BDC5FC04A,RES-B538D35BBE,08-29-2025 12:00 AM,mobile_money,1374.26,refunded
PMT-5FC3A403EC,RES-44A96DDCD7,10-28-2024 12:00 AM,mobile_money,930.46,declined
PMT-857EE61061,RES-11D642F836,2026-02-19 00:00:00,paypal,604.06,REFUNDED
PMT-64378DF08C,RES-ED68AEB8B8,05-07-2024 12:00 AM,debit_card,1304.84,PAID
PMT-4ACFEF2AC5,RES-5BE252CD17,05-25-2025 12:00 AM,cash,1711.23,FAILED
PMT-401B11EA58,RES-E5BE6B062A,01-24-2024 12:00 AM,bank_transfer,1004.81,Refunded
PMT-82D8732203,RES-5BC86DC737,04-10-2026 12:00 AM,mobile_money,1690.93,REFUNDED
PMT-68EFE2CD5F,RES-FDFDB83103,12-05-2025 12:00 AM,mobile_money,501.25,failed
PMT-D7B00C1219,RES-FDFDB83103,03-06-2025 12:00 AM,bank_transfer,631.94,Paid
PMT-BCA7291665,RES-FDFDB83103,2024-09-16 00:00:00,bank_transfer,1046.51,Failed
PMT-C1680929ED,RES-441EE07FD7,05-31-2024 12:00 AM,debit_card,456.27,SUCCESS
PMT-FC1DF61BD6,RES-778136BEC0,28/07/2025 00:00,bank_transfer,455.37,PENDING
PMT-20CB541C60,RES-778136BEC0,12-16-2025 12:00 AM,cash,990.29,PENDING
PMT-51645A6FD1,RES-C543116138,16/05/2026 00:00,debit_card,436.86,Paid
PMT-C8333544DF,RES-38A9C60B25,05/12/2024 00:00,mobile_money,66.3,PAID
PMT-5BD439207D,RES-204F796CAA,05-17-2024 12:00 AM,cash,1786.94,DECLINED
PMT-32406D150C,RES-C1D5E474B9,2025-10-10 00:00:00,cash,1154.73,FAILED
PMT-B01E25E9B5,RES-899873BFA0,22/07/2024 00:00,credit_card,317.91,DECLINED
PMT-7BDC73C987,RES-FB47E1AF0D,30/04/2024 00:00,debit_card,1425.31,success
PMT-2DD07CB51C,RES-FB47E1AF0D,05-26-2026 12:00 AM,paypal,1465.87,Failed
PMT-0C88FB1BF3,RES-FB47E1AF0D,2025-07-15 00:00:00,cash,1670.27,REFUNDED
PMT-9265A42A72,RES-8650323599,25/08/2024 00:00,mobile_money,443.04,failed
PMT-1BA572B377,RES-FFF9484EA8,18/04/2026 00:00,debit_card,242.43,PENDING
PMT-ECB804BBC9,RES-9DAA3AE162,2025-08-19 00:00:00,bank_transfer,1242.01,Paid
PMT-2D00BC5CEC,RES-E6C579468A,01-13-2025 12:00 AM,mobile_money,1110.48,Failed
PMT-22E95D247F,RES-483AACD1AC,16/07/2025 00:00,debit_card,1070.97,Paid
PMT-DFD6692891,RES-03FFA3FE01,2026-05-31 00:00:00,debit_card,337.18,FAILED
PMT-C9F97F9205,RES-C7A7744CD0,09-19-2024 12:00 AM,bank_transfer,71.1,FAILED
PMT-E8788CFE1B,RES-376EC8B337,10/12/2025 00:00,bank_transfer,717.29,FAILED
PMT-DEA2676564,RES-3B074B70C9,2024-12-07 00:00:00,cash,991.56,declined
PMT-AA7CC5B802,RES-F509A788AA,2025-12-12 00:00:00,credit_card,1585.49,failed
PMT-033768A5EB,RES-BA6FAF380B,2024-11-15 00:00:00,credit_card,836.03,declined
PMT-48C5D68B14,RES-79921A262A,2025-05-09 00:00:00,bank_transfer,1663.16,SUCCESS
PMT-1F1E6D6C04,RES-BD7BE06ADC,2026-04-07 00:00:00,mobile_money,102.48,pending
PMT-9692ABA799,RES-B90AB0DC5F,12-11-2025 12:00 AM,mobile_money,1532.93,REFUNDED
PMT-32EC2A23D6,RES-68C33E950F,13/03/2025 00:00,cash,1601.72,refunded
PMT-12B2E3CCDD,RES-E7F31B133F,11-16-2025 12:00 AM,debit_card,556.93,PENDING
PMT-C8E1087BA8,RES-CD2E4A5D98,11-18-2025 12:00 AM,cash,1169.77,declined
PMT-E718304598,RES-A7BB677C5F,22/06/2025 00:00,paypal,857.47,REFUNDED
PMT-B9601DE918,RES-C9E4AF1AE2,2025-07-08 00:00:00,paypal,212.47,pending
PMT-0C4E472E37,RES-5D127C4B7A,2025-11-02 00:00:00,credit_card,675.56,Refunded
PMT-23502B0A29,RES-5D127C4B7A,15/08/2025 00:00,paypal,1396.81,PAID
PMT-38D09FC6FB,RES-0216DF2774,24/11/2025 00:00,credit_card,735.35,Pending
PMT-E564EF4BD3,RES-0216DF2774,02-10-2026 12:00 AM,credit_card,1711.14,PAID
PMT-5F770FFF0E,RES-BF4C916AD8,2024-07-12 00:00:00,paypal,828.47,REFUNDED
PMT-7C56CB608B,RES-282F72F6B7,08-11-2024 12:00 AM,bank_transfer,1032.22,PAID
PMT-85DC2F10DC,RES-D52A7F6127,04/11/2025 00:00,credit_card,1047.58,Refunded
PMT-A8861F2381,RES-2AAB46BFE1,,paypal,884.56,Paid
PMT-0EA470B056,RES-48EBE528B0,2026-03-07 00:00:00,credit_card,980.9,REFUNDED
PMT-0870E8CB44,RES-DD9B58BA82,15/04/2026 00:00,credit_card,166.61,failed
PMT-2C49CC8C7B,RES-0F6687297B,06-01-2024 12:00 AM,bank_transfer,700.57,REFUNDED
PMT-1E13595735,RES-6C5C7D269F,2024-04-18 00:00:00,bank_transfer,374.82,DECLINED
PMT-10F259F7FF,RES-7730884A9B,02-21-2024 12:00 AM,mobile_money,148.03,Refunded
PMT-87CC7CC8C3,RES-2090493CAD,16/08/2025 00:00,bank_transfer,1235.39,Paid
PMT-98CC383868,RES-09FDE919D2,2024-12-23 00:00:00,bank_transfer,496.21,Pending
PMT-E5E0781A22,RES-757C697CE7,2025-04-04 00:00:00,bank_transfer,171.82,REFUNDED
PMT-749BBE7F57,RES-584F9DD443,2024-01-02 00:00:00,cash,1200.83,DECLINED
PMT-EDD49B7A0C,RES-D2C1CFB53B,18/01/2025 00:00,bank_transfer,673.68,PAID
PMT-B99F070973,RES-9E9956214C,18/09/2025 00:00,mobile_money,1198.34,pending
PMT-E2CDA99C71,RES-62592E204F,2025-01-07 00:00:00,paypal,1396.23,Failed
PMT-72CFB172BC,RES-8F06D1AC0A,2024-10-04 00:00:00,mobile_money,540.67,PAID
PMT-2135C02ACF,RES-99E1AE0121,09-02-2025 12:00 AM,bank_transfer,735.03,SUCCESS
PMT-BEE5D1F1A8,RES-5683424FB9,2025-11-16 00:00:00,paypal,650.79,success
PMT-15ABA6502E,RES-719194389E,11-15-2024 12:00 AM,credit_card,214.57,SUCCESS
PMT-64301E05B9,RES-DD50918826,2024-11-17 00:00:00,cash,571.07,Refunded
PMT-AFE1BEDD39,RES-49ACB3AB69,01/09/2025 00:00,debit_card,909.48,failed
PMT-3953C31D0C,RES-49ACB3AB69,2025-07-14 00:00:00,bank_transfer,1271.16,REFUNDED
PMT-714D009ED7,RES-EE9C8C5714,09/05/2025 00:00,paypal,570.5,Refunded
PMT-0C22505941,RES-BB50873FE9,15/09/2024 00:00,mobile_money,490.68,PAID
PMT-094732D3BA,RES-FABAFA6858,2025-02-18 00:00:00,cash,582.76,Refunded
PMT-DD72A6A0A7,RES-FABAFA6858,22/05/2025 00:00,credit_card,1386.12,Paid
PMT-AAE778FB0C,RES-C6D8D8BB77,11-29-2025 12:00 AM,debit_card,608.66,Paid
PMT-7C2D71E521,RES-C6D8D8BB77,04-23-2025 12:00 AM,mobile_money,1208.59,failed
PMT-9CF36F598A,RES-C6D8D8BB77,19/04/2024 00:00,paypal,923.58,refunded
PMT-1CFF833C55,RES-8CE1D90936,07-23-2024 12:00 AM,debit_card,1559.66,REFUNDED
PMT-EB947144F3,RES-8CE1D90936,10-14-2025 12:00 AM,credit_card,1297.49,Failed
PMT-58CFD7BC45,RES-8CE1D90936,2025-06-23 00:00:00,cash,323.67,PENDING
PMT-9AF4E7CF81,RES-2EBF0CAE9F,,bank_transfer,1417.54,pending
PMT-CD1B6A0155,RES-AB1D207AEF,22/02/2025 00:00,credit_card,208.13,pending
PMT-96EFCEE839,RES-AB1D207AEF,17/08/2024 00:00,bank_transfer,174.52,paid
PMT-18E637B7BD,RES-F93E87EE99,14/06/2026 00:00,paypal,1732.46,Paid
PMT-21C074ECB2,RES-5C075B4CE7,03/03/2025 00:00,mobile_money,204.12,FAILED
PMT-DCF41B3DAA,RES-5C075B4CE7,16/09/2025 00:00,cash,732.83,Refunded
PMT-769F9A5A3E,RES-0A8AA3DDFB,12/02/2025 00:00,credit_card,136.33,pending
PMT-96E991806A,RES-C47EF5AA7A,2025-06-16 00:00:00,mobile_money,315.82,Refunded
PMT-6B3A080714,RES-0C328788B1,05-08-2025 12:00 AM,bank_transfer,176.55,Refunded
PMT-040483030E,RES-B23151DE51,11-13-2024 12:00 AM,paypal,424.12,refunded
PMT-3CFE823E17,RES-515B8638F2,15/04/2025 00:00,credit_card,443.33,SUCCESS
PMT-74462BFFB5,RES-6F750340C9,30/03/2026 00:00,debit_card,247.6,REFUNDED
PMT-5128EFFD78,RES-4EAF14BE2B,07-22-2025 12:00 AM,bank_transfer,1633.61,Pending
PMT-480E7C7EB9,RES-01A9BDD010,2024-01-12 00:00:00,mobile_money,1500.44,paid
PMT-0DC11559E4,RES-34E247A511,,mobile_money,1752.97,PENDING
PMT-0DCDF7CA6D,RES-DE6325596E,01-29-2024 12:00 AM,cash,397.21,refunded
PMT-60FF7266EC,RES-33ACD0519C,04-17-2026 12:00 AM,paypal,717.11,DECLINED
PMT-3DD8AAAF6A,RES-FE23E0AC1D,10-04-2024 12:00 AM,debit_card,1766.57,DECLINED
PMT-8335777181,RES-94A52B3240,11-14-2025 12:00 AM,bank_transfer,720.03,DECLINED
PMT-31AF9D36EB,RES-4E04833BD5,13/06/2025 00:00,mobile_money,517.9,Failed
PMT-91E79E4DAD,RES-1AC5F5E7E2,05-23-2025 12:00 AM,cash,543.08,Pending
PMT-A4BA77EA76,RES-1EBDD99366,04-26-2024 12:00 AM,credit_card,354.34,failed
PMT-04C53881CC,RES-7F3D094B9D,31/05/2025 00:00,cash,1104.69,declined
PMT-064779C999,RES-526DFBF712,2025-10-03 00:00:00,debit_card,380.26,DECLINED
PMT-6AE5BD0143,RES-6ABEF340DC,02/04/2026 00:00,bank_transfer,1226.7,Failed
PMT-53ECB8C588,RES-850BCB7F2C,04-03-2026 12:00 AM,mobile_money,318.51,Paid
PMT-ACC9C42F81,RES-700D5308EC,22/11/2024 00:00,credit_card,1382.04,refunded
PMT-CD8C166B35,RES-E80042B739,10-11-2025 12:00 AM,bank_transfer,1558.28,PENDING
PMT-17111FFAE4,RES-04CF4EDD44,25/07/2025 00:00,mobile_money,107.67,paid
PMT-64AD5D014D,RES-07698DEF7A,10/12/2024 00:00,bank_transfer,1646.45,REFUNDED
PMT-428CC0EA71,RES-42F5D3FC69,2026-02-05 00:00:00,debit_card,997.68,Failed
PMT-45B404B6DE,RES-42F5D3FC69,04/04/2025 00:00,bank_transfer,1282.83,Refunded
PMT-8E46FE5FAC,RES-10ADA8A900,22/04/2024 00:00,paypal,1003.67,PAID
PMT-495C13E780,RES-44D8A3FBD8,2026-02-19 00:00:00,debit_card,1545.5,refunded
PMT-01C0B8BD20,RES-294864B2B8,05-17-2026 12:00 AM,credit_card,1069.48,REFUNDED
PMT-3AAE9EE1C1,RES-294864B2B8,14/01/2025 00:00,paypal,1035.4,pending
PMT-230DCC4999,RES-0AD9B950C2,08-15-2024 12:00 AM,bank_transfer,1591.22,refunded
PMT-77BC618F6A,RES-44C334CC8A,01/06/2024 00:00,credit_card,478.37,REFUNDED
PMT-8082E4749D,RES-5EE4EE1E08,20/04/2026 00:00,bank_transfer,377.69,Paid
PMT-0BC3A67AF4,RES-5C52C29EA9,2024-08-28 00:00:00,credit_card,274.99,declined
PMT-BF92984960,RES-4E3012A038,21/06/2025 00:00,cash,302.67,success
PMT-7F29149834,RES-4E3012A038,05-04-2024 12:00 AM,mobile_money,1472.42,PENDING
PMT-E62558096C,RES-7F84968499,2026-04-30 00:00:00,cash,1214.81,paid
PMT-2E3CF8E4D5,RES-0BDEC6002C,2025-01-17 00:00:00,bank_transfer,1203.02,success
PMT-6A1D847F51,RES-740860B00D,12-04-2025 12:00 AM,debit_card,74.96,failed
PMT-3C8BC63DEC,RES-121AFEC76A,2024-12-31 00:00:00,mobile_money,1533.13,SUCCESS
PMT-5DFE6CF119,RES-64AB1D59AF,04-01-2024 12:00 AM,debit_card,1478.28,PAID
PMT-DD9BE2442A,RES-F7149E2B28,2024-04-20 00:00:00,mobile_money,1562.52,PAID
PMT-7FBDBD30C4,RES-F7149E2B28,2025-09-15 00:00:00,debit_card,613.43,pending
PMT-4FEB078F0C,RES-F3AFA46920,01-31-2025 12:00 AM,credit_card,823.22,Pending
PMT-F4F3BFD093,RES-F3AFA46920,2024-03-13 00:00:00,debit_card,1029.12,PENDING
PMT-0A1F1180B0,RES-F3AFA46920,03-01-2024 12:00 AM,bank_transfer,215.11,REFUNDED
PMT-2067849A4E,RES-29FA40B492,2026-01-11 00:00:00,debit_card,997.3,FAILED
PMT-748FBE5904,RES-29FA40B492,2024-01-22 00:00:00,bank_transfer,163.11,PAID
PMT-34D1B14A54,RES-29FA40B492,10-11-2025 12:00 AM,cash,986.34,pending
PMT-29D74F15DB,RES-BFB442819C,2025-01-17 00:00:00,debit_card,119.76,paid
PMT-AE4C6FD05B,RES-979DA64D30,14/09/2025 00:00,credit_card,133.13,SUCCESS
PMT-776FCA2118,RES-D3FC93610F,12/04/2024 00:00,paypal,806.54,SUCCESS
PMT-B6ADBF421A,RES-DEF22AE94D,06/03/2024 00:00,cash,259.09,Pending
PMT-6AACF7B4B9,RES-21D09D0FB7,12-07-2025 12:00 AM,debit_card,1090.07,success
PMT-4B9F8C8426,RES-9A8222F4B3,04-04-2024 12:00 AM,mobile_money,126.39,FAILED
PMT-466327C687,RES-9A8222F4B3,06-06-2025 12:00 AM,paypal,1185.79,PAID
PMT-71B8714955,RES-6255C9E92A,2026-04-17 00:00:00,credit_card,807.51,pending
PMT-5666F24B4A,RES-21F36874D4,05/02/2024 00:00,bank_transfer,1413.68,Failed
PMT-CA7053B8EA,RES-81E2ED0914,24/07/2024 00:00,cash,809.67,paid
PMT-1711259EA6,RES-97C7D6B644,19/07/2024 00:00,credit_card,663.91,FAILED
PMT-8544932AF9,RES-810A01F626,2026-05-01 00:00:00,credit_card,931.84,Pending
PMT-A608A8F898,RES-938281267C,07-14-2024 12:00 AM,paypal,602.9,paid
PMT-0A4EBF1EF4,RES-8C5898944A,2025-10-08 00:00:00,paypal,879.52,PENDING
PMT-F9CDD28D6E,RES-38CB0895D5,07-22-2024 12:00 AM,credit_card,916.61,success
PMT-9E859B353A,RES-C6CC0B85EC,03/06/2025 00:00,cash,153.43,Refunded
PMT-A60A29894A,RES-F1821F384A,2025-12-07 00:00:00,paypal,674.67,REFUNDED
PMT-90B2BF4933,RES-92CDD5F781,25/07/2024 00:00,cash,410.47,refunded
PMT-E655ED1914,RES-8AAA65F63F,03-25-2026 12:00 AM,paypal,680.08,SUCCESS
PMT-633E4D9A6B,RES-6607521A83,2025-11-19 00:00:00,debit_card,1301.49,REFUNDED
PMT-412CD76041,RES-AC6AE83947,20/09/2025 00:00,mobile_money,625.75,PENDING
PMT-199759C0A8,RES-633F8A3DF0,25/10/2025 00:00,paypal,1086.2,refunded
PMT-1868DADA33,RES-55C34156F2,03-16-2024 12:00 AM,bank_transfer,306.52,refunded
PMT-2B60ADA44C,RES-2112F41A1A,2025-05-29 00:00:00,cash,915.85,declined
PMT-A59057574F,RES-D562E6DB89,04-10-2024 12:00 AM,cash,1431.65,refunded
PMT-12CE023994,RES-0D9D04FDFB,09/09/2024 00:00,debit_card,1760.15,Refunded
PMT-0EF4D97EDE,RES-0D9D04FDFB,09-26-2024 12:00 AM,credit_card,1381.87,paid
PMT-8D40DEB4C0,RES-5688598690,08-23-2024 12:00 AM,bank_transfer,121.86,Paid
PMT-2EF7F3B669,RES-696CC3867D,06-26-2025 12:00 AM,cash,1133.59,Refunded
PMT-FECE388676,RES-D3B57E5C66,05-07-2025 12:00 AM,credit_card,477.57,Pending
PMT-0C304F00DF,RES-C1EAF7BFA9,01-17-2026 12:00 AM,mobile_money,915.07,refunded
PMT-7432C18CA2,RES-83EC470FDC,2025-03-02 00:00:00,credit_card,139.61,DECLINED
PMT-47CDECAF82,RES-E99952745E,2025-12-16 00:00:00,cash,934.04,paid
PMT-599BC0AC24,RES-5E7AC9FC4C,04-06-2025 12:00 AM,paypal,608.34,Pending
PMT-25B894769F,RES-75C3F5C96E,2025-12-07 00:00:00,bank_transfer,1342.21,refunded
PMT-D752FC7D08,RES-75C3F5C96E,11/10/2024 00:00,paypal,1536.5,paid
PMT-E78F7976B0,RES-75C3F5C96E,2025-03-28 00:00:00,cash,86.26,Refunded
PMT-0A182136FE,RES-CA7A968516,11/04/2025 00:00,debit_card,1145.71,failed
PMT-1ECFC8D0A8,RES-FA06D5688D,08/07/2025 00:00,paypal,67.8,declined
PMT-17C6FBDE0E,RES-EF4489A53E,2025-06-17 00:00:00,debit_card,681.68,refunded
PMT-ECFD629B45,RES-A4A8936304,2025-04-09 00:00:00,cash,247.0,refunded
PMT-0826AC9C01,RES-B8655E54F0,06-08-2024 12:00 AM,credit_card,1430.47,pending
PMT-0BA667B7E0,RES-C46CEF5C18,2025-08-30 00:00:00,debit_card,72.55,paid
PMT-FECF5C4418,RES-1386AED7C5,26/10/2024 00:00,debit_card,543.36,success
PMT-939CD51E8B,RES-9CC8AAA7EF,04/01/2026 00:00,credit_card,1583.51,Failed
PMT-94D06BA676,RES-13CFE0435D,2024-11-09 00:00:00,paypal,1668.45,Failed
PMT-9A57A47707,RES-4FD941CC14,2026-02-07 00:00:00,debit_card,571.88,pending
PMT-859A5D5A49,RES-AF39340215,2025-04-08 00:00:00,bank_transfer,1237.83,PENDING
PMT-3241475BE9,RES-09391F336E,04-17-2025 12:00 AM,mobile_money,1222.82,Pending
PMT-9DDF67ECC5,RES-516BA8EB52,24/01/2024 00:00,debit_card,1691.27,PENDING
PMT-48456EC406,RES-E6DFB9C2DF,2025-10-21 00:00:00,paypal,442.37,failed
PMT-E51D09767B,RES-F504D5633A,22/06/2024 00:00,bank_transfer,1144.75,Pending
PMT-2003CA248C,RES-6775C53C73,01-07-2025 12:00 AM,mobile_money,380.19,Refunded
PMT-3E19960C92,RES-4A4E89D48A,2026-03-19 00:00:00,mobile_money,1490.36,Failed
PMT-FC9ED372BE,RES-4A4E89D48A,17/07/2025 00:00,cash,190.8,pending
PMT-E57953E579,RES-0939699D92,2025-03-27 00:00:00,credit_card,1231.28,Refunded
PMT-109A4852E0,RES-04BEB42C0D,07-24-2024 12:00 AM,paypal,1601.68,PAID
PMT-F6814E4BFB,RES-116338B490,03-28-2024 12:00 AM,paypal,683.76,failed
PMT-FFCEE390D0,RES-5831935110,02-23-2024 12:00 AM,debit_card,1084.88,pending
PMT-4FCD0BD882,RES-0D8F45118F,2025-02-05 00:00:00,paypal,1717.22,PENDING
PMT-FE5B1FD560,RES-F1E342F16C,2024-12-18 00:00:00,bank_transfer,1293.54,Pending
PMT-BB0C71D4A8,RES-8247725E70,06-28-2024 12:00 AM,debit_card,613.24,pending
PMT-054F3F1792,RES-E7F60234B0,2024-06-15 00:00:00,credit_card,1518.49,pending
PMT-AAF46B5D6E,RES-BB8C4CA84C,29/09/2024 00:00,bank_transfer,1415.53,Failed
PMT-4C94D60DBE,RES-C4DD6D914C,10-18-2025 12:00 AM,debit_card,741.81,PENDING
PMT-05E18FA7C7,RES-C4DD6D914C,2024-05-26 00:00:00,credit_card,252.82,SUCCESS
PMT-ADF2F06D50,RES-716FF58308,06-18-2025 12:00 AM,credit_card,727.5,SUCCESS
PMT-D13E0096A0,RES-E923F65D81,2024-10-01 00:00:00,bank_transfer,934.45,Refunded
PMT-7111F50860,RES-C9B05960ED,2024-08-10 00:00:00,mobile_money,56.94,refunded
PMT-A165FDC982,RES-2F26B44A39,2024-04-04 00:00:00,bank_transfer,1696.46,Paid
PMT-CA6C79370B,RES-676022D15B,2024-11-27 00:00:00,paypal,770.37,Pending
PMT-8DEF428C1A,RES-676022D15B,2024-10-04 00:00:00,cash,235.81,Failed
PMT-91D287E42B,RES-B05E692AF2,04-04-2026 12:00 AM,debit_card,684.86,FAILED
PMT-B5769F31FA,RES-A03CEEE1D4,10-24-2024 12:00 AM,debit_card,299.55,success
PMT-14D6D87324,RES-FC7400F168,2026-02-26 00:00:00,bank_transfer,905.34,DECLINED
PMT-744EA7BE01,RES-0A0F0A8073,15/01/2024 00:00,mobile_money,1515.32,SUCCESS
PMT-0161EEDB69,RES-949CF94D5B,07-17-2024 12:00 AM,credit_card,1313.43,DECLINED
PMT-45F53FA776,RES-F4725CEBB1,07-15-2025 12:00 AM,mobile_money,1404.73,Pending
PMT-90EAF8E83A,RES-5DAA1209DF,10/01/2024 00:00,bank_transfer,488.93,pending
PMT-A7E38A9CD8,RES-B546DAB9E9,2026-04-17 00:00:00,debit_card,302.95,refunded
PMT-5CC9659947,RES-0804EC0D0E,11-24-2025 12:00 AM,cash,208.96,declined
PMT-C8C712D6E3,RES-EE67FDB5A8,21/01/2026 00:00,cash,794.98,REFUNDED
PMT-8B11659011,RES-A06E742F7A,02-17-2025 12:00 AM,debit_card,529.88,refunded
PMT-24A8DF3CC8,RES-D7752C954B,01-19-2026 12:00 AM,mobile_money,1685.41,Pending
PMT-97BC9EB7A5,RES-2A398C5FD5,2026-05-21 00:00:00,paypal,1095.11,Paid
PMT-E551C59C7D,RES-DA51FA8E4E,23/08/2025 00:00,bank_transfer,510.69,Refunded
PMT-0E41C921E4,RES-55DEDA1E0F,02/03/2024 00:00,bank_transfer,1632.01,PENDING
PMT-85095A4ACB,RES-45E6CE93BE,22/01/2026 00:00,debit_card,1749.3,PENDING
PMT-A9D3906E61,RES-2E5BEF4C81,01-09-2025 12:00 AM,credit_card,1259.74,pending
PMT-331F33CEC0,RES-9B0C502200,11-08-2025 12:00 AM,paypal,397.87,Pending
PMT-E45600D191,RES-408450B695,05-15-2025 12:00 AM,cash,577.84,refunded
PMT-79D0BD0306,RES-09E07FCA7C,05-14-2026 12:00 AM,debit_card,1246.3,Pending
PMT-ED7347BC39,RES-640DF0BCAE,08/02/2024 00:00,credit_card,1250.55,PAID
PMT-066023416E,RES-5CAB77DA8C,07-26-2025 12:00 AM,bank_transfer,506.01,REFUNDED
PMT-61B6A5FF82,RES-5CAB77DA8C,2024-04-19 00:00:00,mobile_money,56.36,refunded
PMT-A00F29D5CD,RES-F162E3436E,01-05-2024 12:00 AM,debit_card,97.88,Failed
PMT-BB0FDA0DD8,RES-22D4CA8AA0,03-14-2026 12:00 AM,mobile_money,391.13,PENDING
PMT-8BFAB4C6B8,RES-5D7895DF5F,11-07-2025 12:00 AM,mobile_money,455.8,failed
PMT-127EF8D6BE,RES-8708ABA5E0,2024-11-10 00:00:00,paypal,1487.34,failed
PMT-B6FF4990F9,RES-4120685838,04/03/2024 00:00,mobile_money,,pending
PMT-3B03E00ED1,RES-227771ABDD,27/01/2026 00:00,bank_transfer,1798.37,REFUNDED
PMT-E3EDFDDECE,RES-B952FC0655,2025-08-12 00:00:00,mobile_money,1755.74,DECLINED
PMT-A3DBA32F88,RES-0258953B4C,07-01-2024 12:00 AM,debit_card,378.21,Paid
PMT-88D7768508,RES-0C90147536,2024-06-19 00:00:00,bank_transfer,114.92,Failed
PMT-B3B878F787,RES-E6B56A778F,2025-10-03 00:00:00,paypal,1101.86,SUCCESS
PMT-96555157D4,RES-7AF2BCC1DA,2025-06-09 00:00:00,credit_card,81.72,Failed
PMT-74B76FA828,RES-B4CC302577,22/11/2025 00:00,credit_card,428.37,pending
PMT-5608942E44,RES-FDF9EFD7A5,11/03/2025 00:00,paypal,703.09,FAILED
PMT-F23EBB3D2B,RES-8C480688C9,26/12/2025 00:00,debit_card,1648.74,Failed
PMT-69ECE3E5B0,RES-F1FBC58DD7,29/07/2025 00:00,cash,1712.64,DECLINED
PMT-4F0E012F6E,RES-979E6E1CD6,02-10-2024 12:00 AM,debit_card,1543.81,REFUNDED
PMT-FB7B099AAF,RES-29D53B4392,03-12-2024 12:00 AM,credit_card,1580.09,REFUNDED
PMT-3217CC31B9,RES-77BB699497,2025-03-20 00:00:00,debit_card,526.05,Pending
PMT-B76CCEB2B6,RES-C29AE62670,06-11-2025 12:00 AM,credit_card,,PENDING
PMT-705EC7F3B5,RES-C29AE62670,04/11/2025 00:00,debit_card,1518.16,pending
PMT-F9D5A3E4D8,RES-E6A45BE212,02-24-2024 12:00 AM,mobile_money,1327.99,REFUNDED
PMT-E6482281D4,RES-612C957934,2024-04-11 00:00:00,bank_transfer,1476.37,Refunded
PMT-CF1CAD914C,RES-860178B064,04/12/2024 00:00,bank_transfer,1182.93,PENDING
PMT-F0209EF4EE,RES-AD14BB75DC,21/06/2024 00:00,mobile_money,837.5,Paid
PMT-7691C219CB,RES-6C9DB04F86,17/06/2024 00:00,mobile_money,1739.94,FAILED
PMT-FE123EC90A,RES-6C9DB04F86,2025-05-27 00:00:00,paypal,965.18,pending
PMT-D04B59252A,RES-6C9DB04F86,18/11/2024 00:00,bank_transfer,356.63,Pending
PMT-2A7761D89A,RES-7595D538AA,2024-04-09 00:00:00,credit_card,779.33,success
PMT-DF75AAB765,RES-7595D538AA,2026-03-19 00:00:00,paypal,1426.61,failed
PMT-C046E11EE0,RES-0F8D02B892,06-21-2025 12:00 AM,mobile_money,1238.48,Paid
PMT-42408C2BE9,RES-302FD60732,31/03/2026 00:00,credit_card,1313.47,Paid
PMT-15E3BCD54F,RES-FFC84E6EA7,2025-06-23 00:00:00,cash,1154.25,REFUNDED
PMT-1A612F35E1,RES-FFC84E6EA7,04-19-2026 12:00 AM,paypal,1705.88,refunded
PMT-00EB166F03,RES-FFC84E6EA7,2024-01-19 00:00:00,bank_transfer,97.62,Failed
PMT-81E7E34FA0,RES-CF2ECEDD62,11-11-2025 12:00 AM,debit_card,1562.91,Pending
PMT-368166821A,RES-CF2ECEDD62,2025-09-04 00:00:00,mobile_money,1143.93,PAID
PMT-CF06DBD288,RES-D52A7F6127,10-31-2024 12:00 AM,mobile_money,831.45,Refunded
PMT-9A9B0CC780,RES-9093674E79,07-19-2024 12:00 AM,cash,261.57,REFUNDED
PMT-56B2BE64EE,RES-9093674E79,10/04/2026 00:00,bank_transfer,1221.77,paid
PMT-4358D1D277,RES-0D0207D47A,2024-01-24 00:00:00,credit_card,1160.85,PAID
PMT-0173727BBB,RES-11C249236C,2025-04-18 00:00:00,cash,1538.3,PENDING
PMT-8B8FC6D6F1,RES-11C249236C,02-02-2024 12:00 AM,mobile_money,1325.05,DECLINED
PMT-BC80EE8E0B,RES-9395AE6909,11/01/2025 00:00,debit_card,1252.5,Paid
PMT-1A971680F4,RES-0182338F8B,23/07/2025 00:00,paypal,870.2,SUCCESS
PMT-E14CF1B39E,RES-08FAB28EFD,09-02-2024 12:00 AM,credit_card,903.15,declined
PMT-B9FC7D79D0,RES-91B507BB6C,07-02-2024 12:00 AM,mobile_money,796.68,refunded
PMT-409A0226A3,RES-CD07CB72F0,2024-11-12 00:00:00,credit_card,1036.33,Pending
PMT-15A0D8609D,RES-54D54A2643,18/06/2024 00:00,mobile_money,533.3,refunded
PMT-EDB4044DEE,RES-D2033283FA,2026-06-12 00:00:00,debit_card,1008.33,Pending
PMT-26C5E3AE49,RES-118BEDFFB3,2025-06-10 00:00:00,cash,870.67,PENDING
PMT-2FC42EE47A,RES-74E3645297,10-14-2025 12:00 AM,debit_card,883.6,paid
PMT-DD50A84329,RES-C23C33816B,30/11/2025 00:00,cash,1696.78,PENDING
PMT-DC814B9D48,RES-7E1DC5E383,2024-11-10 00:00:00,paypal,1643.64,success
PMT-03C00C35D5,RES-BFD13DCED9,12-22-2025 12:00 AM,mobile_money,533.79,Pending
PMT-508133E158,RES-960E3D0857,01/10/2024 00:00,credit_card,361.76,success
PMT-63F5703720,RES-B9C98915F7,08-30-2024 12:00 AM,bank_transfer,1615.35,refunded
PMT-8779299F34,RES-6676A921D0,03/04/2025 00:00,debit_card,718.3,Paid
PMT-681FFB45E0,RES-5931EA8EE5,27/08/2025 00:00,paypal,274.36,success
PMT-87FAFDB08C,RES-5931EA8EE5,25/08/2024 00:00,mobile_money,1737.32,Refunded
PMT-D0C7395B83,RES-113609532B,03/01/2026 00:00,debit_card,433.73,paid
PMT-DF1270BB54,RES-3D223CCC96,03-20-2024 12:00 AM,mobile_money,907.38,PAID
PMT-79A65B2B5C,RES-ABE676D96A,03-19-2026 12:00 AM,debit_card,599.38,success
PMT-8EBBB0DF25,RES-939B822E1B,11-04-2025 12:00 AM,paypal,734.74,Failed
PMT-7AF5D3998E,RES-939B822E1B,2024-07-10 00:00:00,mobile_money,1263.81,REFUNDED
PMT-3A39DBE519,RES-939B822E1B,02-14-2024 12:00 AM,paypal,642.13,declined
PMT-2B029EE2B4,RES-A0AD3F62EE,24/08/2025 00:00,mobile_money,898.3,SUCCESS
PMT-238FF8FDCC,RES-A0AD3F62EE,2025-03-17 00:00:00,cash,774.02,PENDING
PMT-0B415372B4,RES-143A221E5A,2025-10-23 00:00:00,paypal,1537.55,REFUNDED
PMT-5F97A3ED7A,RES-0F63AADE39,09-29-2024 12:00 AM,bank_transfer,624.06,refunded
PMT-70263439D6,RES-7CAE5F2032,03-11-2024 12:00 AM,bank_transfer,846.66,refunded
PMT-9D0095D8CA,RES-82D2374903,12-09-2024 12:00 AM,mobile_money,945.71,Pending
PMT-F9822EF14A,RES-1CBB5083EA,24/02/2025 00:00,bank_transfer,1525.73,DECLINED
PMT-668A8C164A,RES-3BC6D2B230,2025-11-20 00:00:00,mobile_money,1718.77,FAILED
PMT-B6875B992D,RES-3E1FFDD2AD,2024-12-25 00:00:00,credit_card,202.26,REFUNDED
PMT-56F8771CF5,RES-3E1FFDD2AD,12-05-2025 12:00 AM,debit_card,,refunded
PMT-CD292CAD01,RES-4385815D60,03-09-2024 12:00 AM,paypal,101.29,declined
PMT-273014EDBD,RES-5B963627C8,08-21-2025 12:00 AM,cash,,PAID
PMT-4667083889,RES-9ED4FFE16E,09-06-2025 12:00 AM,debit_card,425.0,pending
PMT-F337C185D0,RES-88920B9E6D,2024-05-07 00:00:00,bank_transfer,1578.55,failed
PMT-A69DCB2907,RES-F1B83CA1DE,07-08-2024 12:00 AM,mobile_money,1312.31,REFUNDED
PMT-1C55F5029E,RES-03995E0629,2025-01-14 00:00:00,mobile_money,206.03,declined
PMT-8C1DE1344F,RES-28CC2AB5B0,12-03-2024 12:00 AM,debit_card,1422.67,PAID
PMT-4D52BE369E,RES-28CC2AB5B0,06-01-2024 12:00 AM,paypal,1734.86,Pending
PMT-1804A0F643,RES-28CC2AB5B0,13/12/2025 00:00,bank_transfer,67.7,pending
PMT-860B30373A,RES-6DAE8FF1FE,12/12/2024 00:00,debit_card,1399.68,declined
PMT-06FC51CA1E,RES-8ED1CA4F24,02/05/2025 00:00,mobile_money,628.4,DECLINED
PMT-7BA26D9A1C,RES-9D6217C022,2025-06-18 00:00:00,bank_transfer,757.93,REFUNDED
PMT-9C27CE69EA,RES-F19E40152C,12-28-2025 12:00 AM,credit_card,1433.9,paid
PMT-0B4F0EE3E0,RES-8BE7E61A7E,02-02-2024 12:00 AM,credit_card,1792.6,Paid
PMT-CEABFC8A41,RES-C92399F401,04/01/2024 00:00,mobile_money,86.69,Failed
PMT-CCD5AC7DD7,RES-E6DFB9C2DF,10/11/2024 00:00,bank_transfer,1233.05,Refunded
PMT-FC2639090F,RES-B6559F7B5D,2024-01-26 00:00:00,credit_card,1083.6,refunded
PMT-F79C6A24E3,RES-E1FC8335EB,02-25-2026 12:00 AM,debit_card,900.29,pending
PMT-2274784A25,RES-DE65726D5A,14/08/2024 00:00,credit_card,1516.03,REFUNDED
PMT-1CA0CD25A7,RES-D12D4D47C0,2025-05-12 00:00:00,paypal,1712.65,paid
PMT-78DA7374DE,RES-D12D4D47C0,09-21-2024 12:00 AM,bank_transfer,329.13,Failed
PMT-586AB2D20E,RES-D12D4D47C0,19/07/2024 00:00,debit_card,1073.1,paid
PMT-8B032FD56C,RES-38522988AB,2026-04-21 00:00:00,paypal,1192.3,refunded
PMT-2215E105CB,RES-9794EC213A,12-07-2024 12:00 AM,credit_card,348.58,FAILED
PMT-38E53D7849,RES-9794EC213A,07-04-2025 12:00 AM,debit_card,407.57,Pending
PMT-E33AB8C979,RES-9794EC213A,14/08/2025 00:00,cash,1666.79,Pending
PMT-C94609F423,RES-A4BD929D75,05-27-2026 12:00 AM,mobile_money,1332.31,refunded
PMT-84EBE3395F,RES-D000690F00,26/12/2025 00:00,credit_card,1061.36,FAILED
PMT-9540B68CB8,RES-DEFFB2D951,09/07/2025 00:00,cash,1443.26,PENDING
PMT-ECBDBB725A,RES-79DB1E3679,02-01-2026 12:00 AM,credit_card,1563.56,PENDING
PMT-5DD7E7E1FA,RES-9A37F9A64E,2024-09-03 00:00:00,paypal,1379.64,declined
PMT-C87D58259B,RES-0E9840DB33,2025-02-13 00:00:00,bank_transfer,610.51,REFUNDED
PMT-98B4F01AF1,RES-0E9840DB33,2024-05-08 00:00:00,bank_transfer,193.68,Pending
PMT-ECCD43036B,RES-0512D51663,2025-09-26 00:00:00,bank_transfer,246.09,paid
PMT-0A2666D78E,RES-0A5384B3C8,2024-03-07 00:00:00,cash,460.93,PAID
PMT-2725F1565E,RES-87229CF1D0,11-27-2025 12:00 AM,bank_transfer,939.4,SUCCESS
PMT-224D6C33F0,RES-107227BBE8,2024-04-15 00:00:00,mobile_money,1227.56,PENDING
PMT-AB91DC010B,RES-5BD5659702,07-20-2024 12:00 AM,mobile_money,1005.9,declined
PMT-F97D9E3C43,RES-CEBFDBA5DF,2025-11-15 00:00:00,cash,618.07,Pending
PMT-43E59F47F7,RES-BB19E1A98E,09-16-2024 12:00 AM,cash,308.34,success
PMT-1C6F0C114C,RES-954820FD62,2024-08-10 00:00:00,cash,1553.76,pending
PMT-7EBC1BBDA9,RES-12CD494B68,12-20-2024 12:00 AM,paypal,633.54,DECLINED
PMT-6E7789C19F,RES-CFEC22A652,2024-03-05 00:00:00,bank_transfer,1151.04,pending
PMT-F96C72C2A7,RES-91C33CA836,12/12/2024 00:00,credit_card,548.4,Pending
PMT-8E20B8CA8B,RES-91C33CA836,03-03-2024 12:00 AM,credit_card,432.78,REFUNDED
PMT-C6ADFE08FD,RES-91C33CA836,2025-11-25 00:00:00,bank_transfer,230.7,pending
PMT-3FAACBE2B8,RES-BE573BA883,24/02/2025 00:00,bank_transfer,1514.62,REFUNDED
PMT-514CAB27DE,RES-BE573BA883,01/08/2025 00:00,credit_card,494.06,Failed
PMT-3E60A70806,RES-96E38594BE,29/05/2026 00:00,bank_transfer,1198.47,DECLINED
PMT-B683180444,RES-96E38594BE,2025-08-04 00:00:00,paypal,75.28,paid
PMT-659D73129C,RES-96E38594BE,2025-02-27 00:00:00,cash,573.24,pending
PMT-D49E0678B5,RES-FC76681601,01-16-2024 12:00 AM,cash,1578.3,Refunded
PMT-D3B44C08D4,RES-FC76681601,09/04/2024 00:00,cash,507.69,SUCCESS
PMT-0ABABE8D12,RES-FC76681601,02-27-2024 12:00 AM,mobile_money,255.79,PAID
PMT-A7F04450D2,RES-A612315CB0,2024-07-27 00:00:00,bank_transfer,87.21,DECLINED
PMT-F463221419,RES-6E89DF4071,2025-06-26 00:00:00,credit_card,1374.93,REFUNDED
PMT-6E98C41D1A,RES-C7103AB59B,18/11/2024 00:00,bank_transfer,548.32,REFUNDED
PMT-158FAA7BB7,RES-8EEF9171BB,05/05/2025 00:00,bank_transfer,1063.2,DECLINED
PMT-AFED9B4516,RES-5550BC37AF,2026-02-16 00:00:00,credit_card,1742.17,PAID
PMT-3459D0F9FF,RES-A8FB21BD16,2025-03-15 00:00:00,mobile_money,1084.11,REFUNDED
PMT-EC562D2959,RES-56E59EABC1,19/10/2024 00:00,credit_card,1026.47,paid
PMT-8F9F8E8914,RES-51B49EE263,2026-01-11 00:00:00,paypal,1425.07,success
PMT-12E967B81E,RES-451748E94C,16/10/2025 00:00,paypal,1559.0,Paid
PMT-ACDE229EF4,RES-1177136012,2024-03-18 00:00:00,paypal,116.67,pending
PMT-B77DC8D8DB,RES-9360EF196B,2025-02-21 00:00:00,paypal,222.52,Refunded
PMT-FD4F697292,RES-1420F44697,12-04-2025 12:00 AM,cash,155.91,FAILED
PMT-5E335EDF42,RES-C78E103A8D,10-25-2024 12:00 AM,mobile_money,1487.39,success
PMT-2A085F10FC,RES-B0D7BE9710,2024-03-03 00:00:00,debit_card,725.57,Failed
PMT-85E3FDCF29,RES-B403526BC1,2025-02-25 00:00:00,bank_transfer,838.97,PAID
PMT-959A59E3D9,RES-3F2D47D14F,2025-11-18 00:00:00,bank_transfer,738.17,PENDING
PMT-793AFC30CE,RES-A0CE67E9E5,02-02-2024 12:00 AM,bank_transfer,717.05,paid
PMT-18271ADDBE,RES-222284985D,08/07/2025 00:00,debit_card,92.65,Pending
PMT-FDBF3B307F,RES-B0A6DD7420,12-12-2025 12:00 AM,cash,,refunded
PMT-0C1E4C4ED8,RES-599A8A828B,20/11/2025 00:00,debit_card,1378.54,SUCCESS
PMT-E51DF4A1BA,RES-BAE7FFB716,2025-10-25 00:00:00,bank_transfer,1276.68,paid
PMT-195689F6C7,RES-2C926EF2CD,06-12-2024 12:00 AM,cash,116.82,refunded
PMT-1F7D1C87CF,RES-5940D66171,12-12-2024 12:00 AM,credit_card,1619.97,Refunded
PMT-0473C0EB46,RES-B849868831,2025-11-01 00:00:00,paypal,917.42,success
PMT-6B6115C209,RES-2E9EC1CB9D,08/11/2025 00:00,credit_card,1164.65,REFUNDED
PMT-9F00A8900F,RES-2B375F72B1,01-01-2024 12:00 AM,mobile_money,1269.36,REFUNDED
PMT-C72128F3B6,RES-2B375F72B1,22/01/2025 00:00,debit_card,155.14,pending
PMT-DB6A9E7558,RES-67F92091F3,15/04/2025 00:00,mobile_money,1452.74,pending
PMT-65A2408CAA,RES-C5AF972A4A,05/01/2024 00:00,cash,1019.54,PENDING
PMT-69547232E2,RES-0CB4ABB418,07-18-2025 12:00 AM,mobile_money,1733.09,Refunded
PMT-12FF0A77F9,RES-CFEE7FBE52,06-07-2024 12:00 AM,cash,,SUCCESS
PMT-E59EAF2075,RES-82FEF08BC6,09/12/2025 00:00,paypal,1023.5,DECLINED
PMT-EF8E551A4B,RES-82FEF08BC6,23/11/2025 00:00,paypal,629.43,failed
PMT-47FFC16E8F,RES-43D60C35A3,2025-07-29 00:00:00,debit_card,1184.75,refunded
PMT-2A32A79A37,RES-CAC0EDFC6B,12-29-2024 12:00 AM,mobile_money,1477.93,failed
PMT-549E78FE12,RES-FE53F479FF,25/06/2025 00:00,mobile_money,427.1,paid
PMT-0A36A925A9,RES-FE53F479FF,2025-06-25 00:00:00,mobile_money,1473.04,Paid
PMT-0B3F685315,RES-072C296DA9,23/07/2025 00:00,credit_card,1170.79,Refunded
PMT-8852530159,RES-7B84B19197,2025-06-27 00:00:00,bank_transfer,96.45,Paid
PMT-3ECA907F28,RES-D7752C954B,07-23-2024 12:00 AM,mobile_money,1289.93,Pending
PMT-AAFB4FF545,RES-643CE8547E,07-17-2025 12:00 AM,paypal,749.27,DECLINED
PMT-7EEA274DB7,RES-643CE8547E,23/10/2024 00:00,bank_transfer,571.92,PENDING
PMT-557FCB666F,RES-643CE8547E,27/11/2025 00:00,paypal,361.49,PENDING
PMT-3464B63CE2,RES-FB875F7FE6,2026-07-27 00:00:00,debit_card,1332.94,paid
PMT-E8DD1C9668,RES-B31E003288,2025-01-29 00:00:00,paypal,439.48,REFUNDED
PMT-679217237B,RES-4970BF07CC,2025-09-26 00:00:00,credit_card,764.83,FAILED
PMT-0604BAA02A,RES-98B3184568,30/05/2026 00:00,bank_transfer,1551.3,REFUNDED
PMT-E53E6646DF,RES-655F6CF388,2025-06-26 00:00:00,credit_card,1135.19,PENDING
PMT-4B8A74B15A,RES-DEA45A74E1,2025-03-27 00:00:00,cash,434.06,refunded
PMT-CA1337A809,RES-9B2915537D,04-05-2025 12:00 AM,mobile_money,91.03,paid
PMT-6C0528F94B,RES-9EBF6CFCB2,06-16-2025 12:00 AM,paypal,538.26,Failed
PMT-D28ABB9023,RES-17A515831C,06/07/2025 00:00,bank_transfer,518.56,Pending
PMT-CD298E619D,RES-F6CA8E9675,2025-11-18 00:00:00,bank_transfer,478.49,PAID
PMT-7BE4F1186C,RES-6E9906801D,2025-11-13 00:00:00,debit_card,362.75,pending
PMT-96B59D8767,RES-53B081FE05,01-29-2026 12:00 AM,mobile_money,1136.99,failed
PMT-66AF5C5C34,RES-91EA110FB2,2025-12-08 00:00:00,cash,1693.54,refunded
PMT-578FDDD7FE,RES-083603CB6F,2025-03-04 00:00:00,bank_transfer,210.42,failed
PMT-7AE9895008,RES-C361418DC5,19/05/2025 00:00,debit_card,1729.77,failed
