reservation_id,guest_id,property_id,room_id,check_in_date,check_out_date,booking_status,booking_date
RES-BA355B9B3A,825,2,46,2026-02-14,2026/02/17,checked_out,2026-01-11 00:00:00
RES-624C1EEAB7,172,14,564,2024-07-06,2024-07-16,CNF,05-26-2024 12:00 AM
RES-78B4A38D88,984,14,569,26/09/2025,10-04-2025,canceled,2025-07-30 00:00:00
RES-2A3A16E2B8,92,9,368,2025/07/30,01-Aug-2025,cancelled,2025-07-11 00:00:00
RES-3F8CB3ADD5,463,7,286,13-Mar-2025,15/03/2025,cancelled,28/01/2025 00:00
RES-7B09B2FF55,174,6,256,21-Sep-2025,2025/09/24,CANCELLED,2025-09-11 00:00:00
RES-6C5F3456CA,588,15,653,22-Jun-2026,06-27-2026,pending,2026-06-15 00:00:00
RES-7CCA3E14F3,301,14,578,25-Jun-2024,2024-07-03,Checked Out,2024-05-31 00:00:00
RES-5797E99E3F,789,2,37,24-Dec-2024,31-Dec-2024,PENDING,2024-11-22 00:00:00
RES-93161E7D9C,1126,13,529,2025/08/09,2025/08/17,checked_out,07-05-2025 12:00 AM
RES-4E2C27C93C,450,12,509,2024-04-15,21/04/2024,CONFIRMED,03-30-2024 12:00 AM
RES-FD6EB060AC,716,8,310,07-13-2026,16-Jul-2026,NOSHOW,2026-05-19 00:00:00
RES-D980051C8D,241,4,141,2025-12-31,07-Jan-2026,pending,12-21-2025 12:00 AM
RES-05168B879E,324,10,420,2024-06-23,26/06/2024,NOSHOW,2024-05-30 00:00:00
RES-18B74254AB,614,13,522,13-Apr-2025,2025-04-19,cancelled,02-25-2025 12:00 AM
RES-CAFE3B8C5A,23,1,12,2026/05/30,06-07-2026,No Show,05-02-2026 12:00 AM
RES-C5755214D7,189,4,148,30-Jan-2025,2025/02/03,checked-out,01-21-2025 12:00 AM
RES-DFE78CDABC,960,9,365,28-Dec-2024,04/01/2025,CHECKED_IN,2024-11-16 00:00:00
RES-406F327026,688,5,184,2024/09/21,2024-09-24,no_show,02/09/2024 00:00
RES-57B9850FAF,175,4,140,04-Aug-2025,2025-08-14,CONFIRMED,2025-08-01 00:00:00
RES-9D2240509B,645,6,258,23/03/2025,2025-03-29,pending,02-04-2025 12:00 AM
RES-CB93274F7B,783,13,515,10-18-2025,19/10/2025,checked_out,08-23-2025 12:00 AM
RES-6BD4268978,289,2,40,2026/01/16,2026/01/25,CHECKED_IN,2026-01-05 00:00:00
RES-32592156CE,883,6,265,16/08/2026,23/08/2026,no_show,2026-07-01 00:00:00
RES-C5B7F0BBD8,31,10,409,2026/04/20,2026-04-25,Checked Out,2026-02-23 00:00:00
RES-A7F5A8D586,745,15,638,06-Apr-2024,04-09-2024,CHECKED_IN,04-01-2024 12:00 AM
RES-8C5F55A7B5,1000,15,641,03-Mar-2025,08-Mar-2025,Pending,07/01/2025 00:00
RES-E3C6802D8E,766,6,265,26-Dec-2025,01-04-2026,pending,11-29-2025 12:00 AM
RES-8968B1F12F,1149,11,471,08-01-2024,03-Aug-2024,checked_out,2024-06-07 00:00:00
RES-A3407C27CE,955,7,296,2025-11-23,2025-12-01,conf,19/10/2025 00:00
RES-A43A65EABE,996,4,142,2026-02-06,02-14-2026,no-show,20/12/2025 00:00
RES-533A253706,1232,3,103,28-Jan-2025,03-Feb-2025,cancelled,01-24-2025 12:00 AM
RES-71B23056C3,291,7,295,11-02-2024,04-Nov-2024,no-show,10-07-2024 12:00 AM
RES-8FCEA74E8F,878,15,687,01/11/2026,06/11/2026,CHECKED_OUT,13/09/2026 00:00
RES-F8219A379A,895,9,371,06-Sep-2026,2026-09-16,no-show,2026-07-23 00:00:00
RES-8D619A0D27,649,12,512,31/07/2024,08-Aug-2024,conf,03/06/2024 00:00
RES-4E3C02530B,258,9,389,2025-05-16,2025-05-26,CANCELLED,04-05-2025 12:00 AM
RES-88DF66DBFE,430,9,385,2026-11-05,11-15-2026,CONFIRMED,22/09/2026 00:00
RES-84412E68EF,934,9,368,2025/03/19,25-Mar-2025,checked_in,2025-02-24 00:00:00
RES-63F1AD8F5D,334,8,314,16-Apr-2025,04-21-2025,confirmed,2025-03-22 00:00:00
RES-EF0C6EEC1F,213,2,52,2026/03/27,2026-04-06,NS,2026-02-06 00:00:00
RES-0C8B96B3CE,932,11,447,02-Feb-2025,2025-02-06,CHECKED_OUT,01-25-2025 12:00 AM
RES-9FB7ED5774,768,12,498,06-22-2025,06-27-2025,checked-out,2025-06-03 00:00:00
RES-04952B9014,315,15,636,2026/07/02,07-11-2026,NOSHOW,2026-05-10 00:00:00
RES-7E3EF0B4EE,806,9,373,30-May-2026,09/06/2026,checked-out,31/03/2026 00:00
RES-D5D17FC17F,204,15,644,2026-04-09,2026/04/18,PENDING,03-31-2026 12:00 AM
RES-E30A4EA268,53,3,89,22/02/2024,2024-03-03,no_show,01-12-2024 12:00 AM
RES-C841BEEFAC,930,7,298,27/11/2025,03/12/2025,Cancelled,2025-10-08 00:00:00
RES-407FC5EEF3,106,9,385,2024-05-24,2024/05/27,conf,03-25-2024 12:00 AM
RES-970F1F1E15,370,2,42,21/04/2024,27-Apr-2024,conf,2024-03-20 00:00:00
RES-815829BC06,860,8,307,21/07/2026,29/07/2026,CXL,06-30-2026 12:00 AM
RES-1929001493,711,10,397,2025-10-29,07/11/2025,checked_in,2025-09-20 00:00:00
RES-E282901F70,313,10,394,30/06/2026,2026-07-02,cancelled,06-06-2026 12:00 AM
RES-D8A26AAE6F,409,12,490,02-06-2025,15-Feb-2025,CHECKED_OUT,12-22-2024 12:00 AM
RES-1D53601C38,576,7,283,05-23-2024,02/06/2024,PND,15/04/2024 00:00
RES-758A1A57A5,653,15,672,29-May-2024,05/06/2024,checked_in,20/04/2024 00:00
RES-26D9FCB7C3,840,3,128,11-02-2025,11-Nov-2025,Cancelled,10/09/2025 00:00
RES-87EB474A0D,762,13,529,2024-07-17,2024-07-23,CONFIRMED,2024-05-28 00:00:00
RES-016577552F,1151,8,323,17/02/2025,2025/02/27,No Show,01-29-2025 12:00 AM
RES-507E1096BD,154,10,419,14-Aug-2026,08-21-2026,canceled,2026-07-03 00:00:00
RES-25A1A9908E,863,13,516,2024/06/05,06-08-2024,CXL,2024-05-07 00:00:00
RES-A81AADB045,583,5,175,2026/06/06,2026/06/07,pending,2026-05-11 00:00:00
RES-118AC4F76C,617,8,354,08-Jan-2025,2025-01-14,CHECKED_IN,11-20-2024 12:00 AM
RES-8963B68E76,249,1,30,2026-09-27,29/09/2026,Confirmed,2026-08-18 00:00:00
RES-75910826CB,349,6,269,2024/08/30,2024-09-05,CONFIRMED,2024-07-14 00:00:00
RES-0359554203,675,2,42,11-09-2025,16/11/2025,NOSHOW,2025-09-19 00:00:00
RES-AA2B638637,847,3,81,2025/05/15,2025/05/17,CHECKED_OUT,02/04/2025 00:00
RES-BDBFA702E5,541,6,261,12-15-2024,2024/12/17,canceled,10-30-2024 12:00 AM
RES-1D7289AF1F,27,2,48,08/09/2024,15-Sep-2024,CXL,08-09-2024 12:00 AM
RES-79E1447F58,316,9,380,16/06/2024,06-19-2024,CO,04-18-2024 12:00 AM
RES-56B2929859,867,4,150,2025-12-23,02/01/2026,confirmed,2025-12-03 00:00:00
RES-0746CC0B65,976,1,12,07-26-2025,2025-08-01,CONFIRMED,27/06/2025 00:00
RES-E7C5083356,684,4,170,2025-04-14,2025-04-20,PND,2025-03-27 00:00:00
RES-47DE87C66B,1085,5,197,2025-06-23,2025-06-30,Confirmed,2025-05-20 00:00:00
RES-3C03C6762C,1090,1,18,24-Oct-2024,03-Nov-2024,Cancelled,09/10/2024 00:00
RES-17AFBA037A,590,4,151,2025-09-21,22/09/2025,PND,09-02-2025 12:00 AM
RES-8E2FA5F0AA,143,5,205,01/08/2024,2024-08-09,Checked Out,2024-07-10 00:00:00
RES-E7A9CA380D,20,3,72,2025-01-26,05-Feb-2025,checked_out,2024-12-26 00:00:00
RES-B7C490E307,1076,14,596,2024-08-08,2024-08-11,PENDING,20/06/2024 00:00
RES-9CB535A769,997,8,337,02-07-2025,02-08-2025,NS,08/01/2025 00:00
RES-6BCF2E81EE,43,2,49,20/04/2025,04-24-2025,CXL,02-24-2025 12:00 AM
RES-6F77EF71A6,183,12,496,08-25-2026,2026/08/27,CO,2026-07-31 00:00:00
RES-BBEAE78BB7,801,5,219,21/03/2025,2025-03-26,PENDING,03-03-2025 12:00 AM
RES-0306B2D350,711,2,47,23/04/2024,01-May-2024,No Show,04-22-2024 12:00 AM
RES-B08F6EFB3E,133,9,380,15/02/2024,02-16-2024,confirmed,16/01/2024 00:00
RES-FC845E9A65,2,5,220,09-23-2024,2024/09/29,no-show,2024-09-14 00:00:00
RES-C3AB4FF67A,166,12,485,08-15-2024,23/08/2024,PND,12/08/2024 00:00
RES-8016F27903,619,7,278,26-Nov-2024,12-06-2024,canceled,14/11/2024 00:00
RES-66F859555A,176,3,88,2025/10/02,10/10/2025,checked_out,2025-08-03 00:00:00
RES-18E3CA5757,733,9,381,25-Jan-2025,02-Feb-2025,no_show,28/12/2024 00:00
RES-83795EB47D,497,2,52,2025/07/02,2025/07/05,checked_in,08/06/2025 00:00
RES-1E11D5771E,1061,3,63,2026-05-13,05-15-2026,pending,09/05/2026 00:00
RES-4F2259C177,679,10,403,2024/06/21,2024-07-01,no-show,05-04-2024 12:00 AM
RES-0D171B5195,317,12,481,25-Oct-2025,2025/10/26,confirmed,2025-10-05 00:00:00
RES-2CE6EDAD13,507,3,78,2024/05/17,18-May-2024,CONFIRMED,16/04/2024 00:00
RES-C3F637C331,1120,8,355,2026/05/31,2026-06-08,pending,2026-04-21 00:00:00
RES-3583379AC3,1120,3,93,06-02-2025,2025-06-07,Checked Out,05-02-2025 12:00 AM
RES-1E3925348A,871,5,188,2024-02-17,2024/02/25,No Show,2024-01-29 00:00:00
RES-0B4F405B7F,88,11,463,21-Sep-2026,,Cancelled,09-12-2026 12:00 AM
RES-E596572931,1076,14,585,14/06/2025,06-17-2025,No Show,09/06/2025 00:00
RES-568428113D,621,12,481,08-May-2024,16-May-2024,CXL,03-10-2024 12:00 AM
RES-8988751EB7,266,15,676,01-04-2025,2025/01/14,checked_out,2024-11-27 00:00:00
RES-56E59EABC1,218,1,11,09-27-2026,05/10/2026,Pending,2026-08-14 00:00:00
RES-F3C08A42DA,861,15,680,2024-04-13,2024-04-18,conf,04/03/2024 00:00
RES-1428706647,658,10,394,14/01/2026,2026/01/21,Cancelled,16/12/2025 00:00
RES-A9EAB55CDF,332,8,317,2026-05-17,2026/05/21,pending,2026-04-13 00:00:00
RES-44A729A527,836,1,1,09-07-2025,09/09/2025,PND,2025-07-13 00:00:00
RES-10C561889B,731,14,619,2026-08-15,18-Aug-2026,checked_out,07-10-2026 12:00 AM
RES-5F523A87B8,242,2,49,2024/08/28,09-07-2024,Checked In,24/08/2024 00:00
RES-5ED6B4A78D,154,12,483,2025/08/28,2025/09/06,no_show,08-12-2025 12:00 AM
RES-1420F44697,539,12,510,03-Feb-2024,02-09-2024,Confirmed,2024-01-31 00:00:00
RES-AF6598424D,128,9,382,2025/05/25,2025-06-04,conf,05-20-2025 12:00 AM
RES-DC3F93CC72,981,12,478,2024-11-20,2024-11-21,Cancelled,04/10/2024 00:00
RES-A15BE9A960,467,8,357,15/08/2026,2026/08/16,checked_out,08-11-2026 12:00 AM
RES-DAC470D1D7,257,8,352,16/01/2026,2026-01-25,No Show,19/12/2025 00:00
RES-ACE6271C22,189,4,141,2024/01/26,2024/02/02,Confirmed,2024-01-11 00:00:00
RES-7687E511B2,90,2,47,02-01-2025,05/02/2025,checked_out,12-24-2024 12:00 AM
RES-2CA6361C63,732,2,50,05-15-2025,2025/05/20,Pending,03-30-2025 12:00 AM
RES-5B539FE538,214,15,678,2025/02/16,23-Feb-2025,canceled,12-20-2024 12:00 AM
RES-B167A98262,763,4,173,2026-06-05,08/06/2026,PND,2026-04-15 00:00:00
RES-FBEFBFC119,1205,1,3,2024-12-26,12-28-2024,CHECKED_OUT,2024-11-03 00:00:00
RES-F74A471733,422,14,615,2024/08/19,2024-08-26,CNF,07/07/2024 00:00
RES-C572744434,689,15,672,28/05/2026,2026-06-07,NOSHOW,09/04/2026 00:00
RES-D8A8BF48E5,1134,13,517,2026/10/19,24-Oct-2026,PENDING,2026-09-02 00:00:00
RES-78C4C13B71,32,7,282,2026-05-12,17/05/2026,Checked In,03-29-2026 12:00 AM
RES-44F3A8A035,514,7,283,2026-05-29,2026-06-08,PENDING,09/04/2026 00:00
RES-8E9403D062,19,14,618,2024/03/01,09/03/2024,no_show,07/02/2024 00:00
RES-A1F78BE7F5,903,15,654,11-10-2024,15-Nov-2024,Pending,2024-09-21 00:00:00
RES-82535968CD,79,14,565,2026/01/03,01-11-2026,Pending,2025-12-01 00:00:00
RES-946B40F31B,724,12,489,08/01/2026,01-18-2026,NOSHOW,2026-01-05 00:00:00
RES-26AD3DAEB9,761,9,374,03-06-2025,13/03/2025,No Show,01/03/2025 00:00
RES-8CF39B67DE,603,7,286,2024-02-12,02-18-2024,no_show,2024-02-01 00:00:00
RES-693251F61E,1041,10,404,22-Jan-2026,2026/01/26,Pending,30/12/2025 00:00
RES-C574583B3E,460,13,519,06-Jul-2025,2025/07/15,no_show,05-30-2025 12:00 AM
RES-BE91B81A04,552,8,336,12/06/2026,06-17-2026,checked-in,06/05/2026 00:00
RES-99FA0AD18B,912,6,249,11-03-2026,2026-11-10,no_show,07/09/2026 00:00
RES-F8AE3139F2,858,11,435,2025/09/28,01/10/2025,CO,08-06-2025 12:00 AM
RES-F460C02644,242,3,99,21/03/2025,2025/03/30,canceled,22/02/2025 00:00
RES-007FA07896,1136,1,27,10/09/2026,2026-09-12,Confirmed,2026-08-10 00:00:00
RES-8457B4F4AB,865,3,130,05/06/2024,06-14-2024,CI,05-10-2024 12:00 AM
RES-C37A39DF41,727,10,417,17-Aug-2026,08-25-2026,Pending,07-21-2026 12:00 AM
RES-0EB956C715,16,3,128,23-Sep-2025,10-01-2025,NS,30/08/2025 00:00
RES-1B74859ECA,99,13,533,2025/08/11,2025/08/20,Checked Out,14/06/2025 00:00
RES-147D7AC6C2,86,7,280,08-Aug-2026,2026/08/12,No Show,2026-06-22 00:00:00
RES-92685EE63B,997,6,249,10-13-2024,10-16-2024,Confirmed,08-17-2024 12:00 AM
RES-74F30CDC99,1042,5,201,2024-06-23,2024/07/03,cancelled,21/06/2024 00:00
RES-A39DB52D45,1170,14,606,17/02/2026,26-Feb-2026,confirmed,19/01/2026 00:00
RES-900B62EE73,281,15,650,03-03-2026,2026-03-05,cancelled,19/01/2026 00:00
RES-AF6F3C6EE3,1051,3,98,2026-03-11,17-Mar-2026,PENDING,2026-03-06 00:00:00
RES-871A626CEC,17,14,563,27/06/2024,04/07/2024,CANCELLED,2024-05-20 00:00:00
RES-308C30B392,182,12,481,2026-07-13,17-Jul-2026,NS,2026-05-27 00:00:00
RES-9614C2D9E5,779,12,499,05-Sep-2025,2025/09/11,Cancelled,2025-08-20 00:00:00
RES-10B12BE8D3,804,15,665,02-04-2025,2025-02-12,CHECKED_IN,31/12/2024 00:00
RES-AB3070DDF8,952,6,259,15-Nov-2025,21/11/2025,CHECKED_OUT,11-07-2025 12:00 AM
RES-82077CA42D,1040,7,275,2026-08-24,2026/08/31,Checked In,30/06/2026 00:00
RES-9FF0383786,112,7,288,06-28-2025,2025-07-02,checked-out,05-12-2025 12:00 AM
RES-FE5E18A831,226,15,647,2025/10/09,2025/10/12,pending,17/09/2025 00:00
RES-85B42082A9,1133,2,43,05/11/2025,11-14-2025,CXL,01/11/2025 00:00
RES-A55D25F47E,766,14,596,13/03/2025,2025-03-22,CNF,2025-02-27 00:00:00
RES-F8B6C5F55C,580,9,392,2024-02-09,02-13-2024,CHECKED_OUT,2024-01-25 00:00:00
RES-555E11FA8F,157,14,593,2025-07-17,2025-07-24,NS,2025-05-31 00:00:00
RES-7E93E8DD13,640,2,58,04-13-2025,04-14-2025,CONFIRMED,03-11-2025 12:00 AM
RES-1CCF930306,456,10,403,08-15-2025,2025/08/23,checked_out,28/07/2025 00:00
RES-DFBC0B85F7,222,12,496,23-Sep-2024,24/09/2024,CO,2024-08-17 00:00:00
RES-FD068BC679,172,11,430,08-Aug-2025,2025/08/12,CANCELLED,07-28-2025 12:00 AM
RES-86CDDBC7B3,121,14,631,06-06-2025,06-13-2025,CONFIRMED,05-20-2025 12:00 AM
RES-695199C37A,429,10,394,2025/09/18,26-Sep-2025,Pending,29/07/2025 00:00
RES-8BE1723F76,167,8,335,25-Apr-2025,27/04/2025,CXL,03-11-2025 12:00 AM
RES-1E946A1DAB,233,2,47,23/07/2026,2026/07/31,PND,25/06/2026 00:00
RES-058B6A4621,556,1,28,2025/01/05,11/01/2025,no-show,11-26-2024 12:00 AM
RES-2CB8A73B6D,948,12,511,07/09/2026,2026/09/10,checked_out,16/08/2026 00:00
RES-B483754F16,12,7,290,2026-01-01,2026/01/05,confirmed,12-19-2025 12:00 AM
RES-2645589EAD,1146,8,307,29/01/2025,01-30-2025,CO,12-19-2024 12:00 AM
RES-2D1366C37E,1150,5,226,2025-11-30,2025/12/04,Pending,18/10/2025 00:00
RES-941DF02538,1070,3,76,12-11-2025,2025/12/18,NS,22/10/2025 00:00
RES-BAB613D515,970,13,553,22/06/2024,2024-06-26,no-show,2024-06-21 00:00:00
RES-F8B8805249,107,3,63,29-Jul-2025,06-Aug-2025,no_show,2025-06-07 00:00:00
RES-0E53E0EDC5,728,9,385,2026/06/11,2026-06-17,canceled,05-08-2026 12:00 AM
RES-D7DB31795D,1148,14,577,2025-06-30,2025/07/05,PENDING,2025-05-16 00:00:00
RES-2399E01CF1,709,1,30,2025/03/24,03/04/2025,cancelled,2025-03-10 00:00:00
RES-91C33CA836,636,8,315,06-04-2024,2024/06/10,No Show,2024-04-06 00:00:00
RES-716AD09899,519,11,451,2025-10-06,16-Oct-2025,PND,02/10/2025 00:00
RES-66B8DCDFD8,79,3,132,10/03/2024,13/03/2024,confirmed,30/01/2024 00:00
RES-D0294AFD97,1115,11,441,2026-06-05,06-15-2026,checked-in,05-23-2026 12:00 AM
RES-D6D603C2A7,826,12,506,2026-06-19,20/06/2026,no-show,05-07-2026 12:00 AM
RES-324FCFBB9B,407,5,231,2025-06-28,07-01-2025,checked_in,01/06/2025 00:00
RES-500C1036D1,949,8,347,27/06/2024,2024-06-29,no_show,2024-04-29 00:00:00
RES-3B5E782633,167,13,554,08/09/2026,13/09/2026,Checked Out,2026-08-23 00:00:00
RES-C1B588104F,386,5,215,07-06-2026,07-09-2026,checked_in,23/06/2026 00:00
RES-8A95B841F2,1072,6,257,2026-06-09,2026/06/12,NS,2026-04-29 00:00:00
RES-281AD3CEA0,1032,12,491,2026-06-16,2026/06/21,checked-in,29/04/2026 00:00
RES-EF3454FE79,382,5,189,06-22-2024,07-02-2024,pending,23/05/2024 00:00
RES-D812CA2472,17,12,495,04-07-2025,2025-04-13,Checked In,2025-03-07 00:00:00
RES-098CE7D032,935,8,351,26-Sep-2025,03-Oct-2025,Checked In,08-12-2025 12:00 AM
RES-D02D549758,480,6,258,2026-10-12,21-Oct-2026,CI,15/08/2026 00:00
RES-1BF971E058,616,10,410,30/10/2026,2026/11/08,Cancelled,2026-09-15 00:00:00
RES-B75338B894,709,2,57,2025-02-20,28/02/2025,Cancelled,09/02/2025 00:00
RES-BA658E26A8,185,2,60,09-17-2024,2024-09-26,checked_in,07/09/2024 00:00
RES-48120A7015,771,9,374,09-Jan-2026,11/01/2026,CANCELLED,24/12/2025 00:00
RES-94ED09086C,870,15,677,03-14-2025,16-Mar-2025,no_show,2025-02-07 00:00:00
RES-18787A3C40,742,15,683,2025/07/20,2025/07/21,Confirmed,2025-05-28 00:00:00
RES-4FC778B3C4,191,8,316,11-Mar-2025,14/03/2025,CHECKED_OUT,2025-01-28 00:00:00
RES-E3EB3D821A,816,5,228,06-Aug-2025,2025-08-08,pending,06-13-2025 12:00 AM
RES-DBE433DD9D,264,14,560,2025-06-28,06-Jul-2025,PND,03/06/2025 00:00
RES-BC8C520ADE,238,13,541,2026/05/28,06-05-2026,PENDING,04-06-2026 12:00 AM
RES-F6B65E1680,1089,6,251,24/03/2025,2025-03-26,PENDING,2025-01-27 00:00:00
RES-A8D04E1CB6,952,9,390,18-Feb-2024,02-26-2024,No Show,10/02/2024 00:00
RES-B6E194EBA0,49,7,284,10-12-2024,17-Oct-2024,Checked In,09-30-2024 12:00 AM
RES-A254B93BEE,1089,1,23,2025-02-25,2025/02/28,Pending,02-09-2025 12:00 AM
RES-E963C55A62,939,8,320,2025/10/10,19-Oct-2025,Checked In,2025-09-24 00:00:00
RES-5432ACC189,162,3,75,17-Sep-2026,22-Sep-2026,PENDING,08-07-2026 12:00 AM
RES-FC5D09592D,888,11,426,04-05-2026,04-15-2026,no-show,03-23-2026 12:00 AM
RES-5DEEE79591,895,13,550,03-20-2026,2026/03/23,NOSHOW,2026-02-03 00:00:00
RES-D4DDE47CC3,39,11,421,11-12-2025,17-Nov-2025,PENDING,2025-11-03 00:00:00
RES-EE008157DF,590,4,158,2026/02/07,15-Feb-2026,CI,30/12/2025 00:00
RES-23FCC72AB1,655,8,303,21-May-2026,24-May-2026,Pending,04-22-2026 12:00 AM
RES-D2B48C75C3,1171,7,276,11-09-2025,2025-11-18,No Show,08/10/2025 00:00
RES-F3D443FDFE,61,5,232,2025/11/08,11-11-2025,checked_out,01/10/2025 00:00
RES-DEF2A36503,1101,9,376,2025-03-02,04-Mar-2025,CNF,22/01/2025 00:00
RES-BE18CD0638,721,3,114,09-06-2024,09-16-2024,pending,08-10-2024 12:00 AM
RES-73ED82FE2A,651,15,674,06/08/2025,13-Aug-2025,Checked Out,02/07/2025 00:00
RES-8EFF37D235,7,3,85,21/05/2026,2026-05-29,PND,29/04/2026 00:00
RES-258CF0D166,284,7,275,2025/10/29,2025/10/31,CONFIRMED,09-26-2025 12:00 AM
RES-2D31E246FA,759,4,168,2026/03/10,2026/03/17,CANCELLED,30/01/2026 00:00
RES-70E32E2BA9,410,12,484,2024-06-03,05/06/2024,checked-out,05-15-2024 12:00 AM
RES-105FC5E239,945,10,401,10-26-2025,05/11/2025,pending,2025-10-18 00:00:00
RES-0AB21744D6,963,12,499,05-03-2024,2024/05/10,NS,03-13-2024 12:00 AM
RES-EA556EB83A,816,1,4,01-Mar-2026,2026/03/07,CHECKED_OUT,2026-02-26 00:00:00
RES-199961DA90,1188,2,41,03-29-2026,01-Apr-2026,canceled,21/03/2026 00:00
RES-EC3F94B720,152,4,159,24/08/2026,09-01-2026,PND,09/07/2026 00:00
RES-38F3E8F670,1218,13,530,2026/02/27,03-02-2026,CI,18/02/2026 00:00
RES-0714BD9521,625,12,483,29/01/2026,03/02/2026,CHECKED_IN,31/12/2025 00:00
RES-191097FF87,304,11,434,2024/01/30,2024/02/05,no-show,13/01/2024 00:00
RES-F5829A2A11,767,11,453,04/08/2026,2026/08/12,CHECKED_OUT,2026-06-05 00:00:00
RES-6AF16B92CA,423,11,442,2024-06-20,30/06/2024,CO,06-02-2024 12:00 AM
RES-ED984C4196,1074,15,681,2026-02-11,17-Feb-2026,CI,2026-01-29 00:00:00
RES-B873E55130,1102,5,243,11-Nov-2026,2026/11/12,Cancelled,09-20-2026 12:00 AM
RES-C1C9B7F974,935,3,94,2024/03/21,03-26-2024,cancelled,2024-02-11 00:00:00
RES-1DD1013ABB,1200,9,374,2025-09-18,2025/09/26,CONFIRMED,08-18-2025 12:00 AM
RES-2FDD010C94,975,2,36,17/05/2024,2024/05/27,no_show,04-12-2024 12:00 AM
RES-50C5D55E98,907,7,278,2025/11/02,12-Nov-2025,CHECKED_IN,10-20-2025 12:00 AM
RES-80F6E6FE33,990,5,197,11-28-2024,2024/12/03,CI,10-17-2024 12:00 AM
RES-29257AE394,374,5,189,28-Jan-2024,06-Feb-2024,conf,01-07-2024 12:00 AM
RES-BDAEF28CC2,1104,5,231,05/09/2024,07/09/2024,Checked In,07-17-2024 12:00 AM
RES-699EBD1F60,431,8,322,29/11/2025,05/12/2025,canceled,11-19-2025 12:00 AM
RES-21D77CCAB8,1220,11,454,25/04/2026,04-30-2026,Checked In,2026-03-09 00:00:00
RES-B4B140D12C,646,5,220,09-Dec-2024,,checked_out,11/11/2024 00:00
RES-2815A6797F,562,6,250,03/06/2026,06-07-2026,checked_in,18/04/2026 00:00
RES-E45920E785,409,7,285,10-27-2025,2025-11-04,Cancelled,09-24-2025 12:00 AM
RES-CAD5B2DEA3,95,8,340,01/12/2025,12-09-2025,NOSHOW,2025-11-06 00:00:00
RES-C6F225CD42,757,2,43,22-Aug-2026,24/08/2026,CONFIRMED,08-03-2026 12:00 AM
RES-83A7294D74,613,7,302,28-Aug-2024,30/08/2024,No Show,07-23-2024 12:00 AM
RES-EF26CEFAA3,140,9,362,02-15-2026,21-Feb-2026,canceled,29/12/2025 00:00
RES-53E9E002C5,531,8,326,28/10/2025,2025-10-29,CHECKED_OUT,10/09/2025 00:00
RES-92EB2270EC,1050,13,547,2024-02-23,2024/03/01,CI,17/01/2024 00:00
RES-991B481923,1158,5,183,2025/09/13,15/09/2025,CNF,25/07/2025 00:00
RES-14DCDA06E1,883,10,400,05-20-2025,2025-05-23,No Show,21/04/2025 00:00
RES-01A1271FDB,823,9,388,28-Oct-2024,,CHECKED_IN,2024-10-27 00:00:00
RES-CACBB6F6FA,411,5,216,2026/05/28,03/06/2026,canceled,21/04/2026 00:00
RES-0AF60E33F7,81,3,131,2024-06-14,06-20-2024,canceled,2024-05-10 00:00:00
RES-7EAF2DFF40,445,5,209,31-Dec-2024,2025-01-03,checked_out,29/12/2024 00:00
RES-ED9EF8856E,916,14,585,25-Feb-2025,2025/03/01,Confirmed,02-12-2025 12:00 AM
RES-355B92E3A8,430,15,667,09-22-2026,10-02-2026,cancelled,08-21-2026 12:00 AM
RES-FFCABC62A2,936,6,262,02-Feb-2024,2024-02-09,checked_in,08/01/2024 00:00
RES-D45E21B0DF,173,14,588,12-Dec-2025,2025-12-19,Checked In,2025-10-21 00:00:00
RES-65B35403CF,263,3,85,2024-06-17,2024-06-25,Cancelled,08/06/2024 00:00
RES-828B150534,358,10,399,09-25-2026,2026-09-28,conf,2026-09-15 00:00:00
RES-242EB043AD,544,5,222,11-26-2024,2024-11-27,Confirmed,24/11/2024 00:00
RES-3E0AE10F35,31,1,11,22-Jul-2026,2026-07-24,CHECKED_OUT,07/07/2026 00:00
RES-C5719D9805,1236,14,615,21-Jan-2024,01-29-2024,PENDING,01-01-2024 12:00 AM
RES-4374265386,1170,11,451,23/05/2024,01/06/2024,confirmed,05-08-2024 12:00 AM
RES-1C8F28D9A9,464,7,294,08-24-2024,29-Aug-2024,NS,07-08-2024 12:00 AM
RES-86C797ABE0,768,15,642,05-Jul-2024,2024-07-06,cancelled,2024-05-28 00:00:00
RES-19CB11ECA3,813,11,471,18-Feb-2024,02-26-2024,NOSHOW,12/01/2024 00:00
RES-772D57A9DE,242,4,154,11-24-2024,12-03-2024,Cancelled,13/10/2024 00:00
RES-482AFE183A,198,13,549,06-17-2026,2026-06-26,checked_out,05-26-2026 12:00 AM
RES-B01C3FE12F,247,3,121,01-18-2026,01-21-2026,no_show,12-30-2025 12:00 AM
RES-25E97F03FA,455,3,128,2024/01/31,2024/02/06,NS,01-18-2024 12:00 AM
RES-97395E2889,1088,1,24,29/01/2025,2025/01/31,Pending,01-18-2025 12:00 AM
RES-80E8D653D4,821,10,400,02-Apr-2025,11-Apr-2025,Cancelled,2025-02-03 00:00:00
RES-A1FA250449,428,2,50,2025-10-28,30-Oct-2025,checked-out,2025-09-19 00:00:00
RES-C58EDEDDD9,1212,7,295,2024-11-04,10/11/2024,checked-in,11/09/2024 00:00
RES-86EC683D7C,311,2,51,04-09-2025,2025-04-14,No Show,03-30-2025 12:00 AM
RES-0F78242799,898,2,52,2026/04/29,08-May-2026,PENDING,21/04/2026 00:00
RES-26913369BC,956,1,17,09-02-2025,10/09/2025,CNF,08-22-2025 12:00 AM
RES-2388AE8B29,886,14,622,04-09-2024,04-11-2024,PENDING,28/02/2024 00:00
RES-19CD068754,208,11,443,2026/05/07,11-May-2026,Checked Out,2026-04-05 00:00:00
RES-75161DFEDC,1159,13,545,2025-10-17,2025/10/24,pending,09-13-2025 12:00 AM
RES-0EABFC7D77,1189,2,57,23-Feb-2026,05-Mar-2026,CONFIRMED,12-27-2025 12:00 AM
RES-73D141A0B5,1071,13,543,2026-09-15,22/09/2026,CONFIRMED,2026-08-20 00:00:00
RES-557C3C57CB,520,5,178,06-01-2026,07/06/2026,CONFIRMED,18/04/2026 00:00
RES-3FB1EF4049,329,12,489,09-13-2025,22-Sep-2025,CANCELLED,2025-07-25 00:00:00
RES-08F38D1A7A,467,6,263,2026-05-18,20-May-2026,checked-out,28/04/2026 00:00
RES-0D90A7FED8,897,4,169,02-22-2026,2026-02-25,No Show,02-11-2026 12:00 AM
RES-E5C9BD2113,1103,12,491,23/03/2025,2025-03-25,NOSHOW,11/02/2025 00:00
RES-D1D00B103D,273,3,131,2024/06/10,2024/06/15,checked-in,16/04/2024 00:00
RES-9E8833BE35,561,14,629,05/06/2025,09/06/2025,canceled,2025-05-21 00:00:00
RES-C83E8E736D,990,5,177,2025/04/05,14/04/2025,NS,28/02/2025 00:00
RES-8E1147673A,746,11,445,10/04/2025,04-16-2025,Confirmed,17/03/2025 00:00
RES-3E9EE97396,1186,14,590,06-Jun-2024,2024/06/15,no-show,04-08-2024 12:00 AM
RES-AFA5418398,459,6,266,08-Nov-2024,2024/11/09,NOSHOW,2024-10-02 00:00:00
RES-943C178C3E,118,3,120,2025-06-28,07-01-2025,PENDING,05-03-2025 12:00 AM
RES-8CD4AF8C77,1006,5,178,09-Feb-2026,12/02/2026,CI,12-22-2025 12:00 AM
RES-DBEC7DA914,1041,11,435,2024/07/16,07-25-2024,no_show,05-27-2024 12:00 AM
RES-D94E103B27,146,13,521,09/04/2024,16/04/2024,no-show,2024-03-06 00:00:00
RES-2612EB6544,680,1,32,02-May-2024,12-May-2024,checked-out,06/04/2024 00:00
RES-41EE13D79D,882,3,108,06-01-2025,04-Jun-2025,checked_in,26/05/2025 00:00
RES-0CB4ABB418,125,8,336,2024-04-14,,no_show,2024-03-01 00:00:00
RES-B9B2B8EA88,1164,6,246,14/03/2025,16/03/2025,checked-out,01-18-2025 12:00 AM
RES-EB3BBADC43,317,4,144,24-Feb-2025,27/02/2025,checked_out,01-18-2025 12:00 AM
RES-9CED9F45F1,639,1,8,2024/05/13,2024/05/16,conf,2024-04-20 00:00:00
RES-E3DB93AA6B,932,10,413,07-Sep-2025,2025-09-14,CONFIRMED,2025-07-15 00:00:00
RES-3C2642EE46,828,6,272,2025/01/05,2025-01-13,CONFIRMED,01-01-2025 12:00 AM
RES-7A9AF1525C,1119,10,411,12/08/2024,18-Aug-2024,CHECKED_IN,24/07/2024 00:00
RES-D17E6EFDFD,214,7,290,28-Aug-2025,09-07-2025,checked_in,07-28-2025 12:00 AM
RES-A89C815CE8,1204,14,570,16/08/2026,08-25-2026,no_show,2026-07-10 00:00:00
RES-B231416463,108,5,220,2026/07/11,20/07/2026,pending,2026-06-13 00:00:00
RES-CCAD67AD5B,656,2,38,15/01/2026,2026/01/23,confirmed,01/01/2026 00:00
RES-24860CAB17,10,4,145,29/12/2025,04-Jan-2026,CHECKED_IN,2025-11-06 00:00:00
RES-CCE7674038,529,3,94,03/01/2026,01-08-2026,conf,27/11/2025 00:00
RES-5DC0386284,1000,7,281,2025-09-07,14-Sep-2025,Pending,2025-09-06 00:00:00
RES-7F115894D3,1001,11,431,10/08/2024,08-16-2024,PND,06/07/2024 00:00
RES-ADFAB97622,245,9,377,2026-06-18,2026/06/22,canceled,04-22-2026 12:00 AM
RES-47C657D8CD,78,1,7,13/07/2024,15-Jul-2024,checked-out,07/07/2024 00:00
RES-D4A8BD3756,388,10,415,2024-09-19,2024/09/25,Cancelled,03/08/2024 00:00
RES-E904F4B19C,116,15,663,2025/02/03,2025-02-08,Pending,24/01/2025 00:00
RES-71D8A0E65E,143,11,422,2025/10/12,17/10/2025,checked_in,2025-09-08 00:00:00
RES-13A26CB51E,348,11,454,2026-09-03,09/09/2026,Pending,2026-08-13 00:00:00
RES-2B19E9A52E,1162,7,120,2026/06/11,2026/06/12,PND,05-27-2026 12:00 AM
RES-5C4A2C6F46,921,11,464,2024/10/14,10-22-2024,PND,31/08/2024 00:00
RES-08F153638D,738,15,663,15-Jun-2024,06-18-2024,checked_in,27/05/2024 00:00
RES-2BD7E9C50C,1109,13,516,24/02/2025,02-Mar-2025,CHECKED_OUT,02-15-2025 12:00 AM
RES-6301B8FD69,692,8,327,2025/12/08,11/12/2025,Pending,11-12-2025 12:00 AM
RES-CB7BF749B2,1123,4,161,04-18-2026,24/04/2026,checked_out,03-22-2026 12:00 AM
RES-3F6AB59574,845,11,470,2024/08/06,12/08/2024,NOSHOW,2024-07-23 00:00:00
RES-D7C4C3B935,353,8,316,18/03/2026,28-Mar-2026,canceled,02/02/2026 00:00
RES-A657DBC25D,997,6,273,2025/11/16,2025-11-26,confirmed,2025-09-17 00:00:00
RES-A9081E50F6,185,1,4,08/10/2026,14/10/2026,checked_in,11/08/2026 00:00
RES-B0D7BE9710,915,10,412,01-27-2025,01-30-2025,no-show,2024-12-12 00:00:00
RES-89A9702BB7,840,3,131,09-03-2025,11/09/2025,Pending,29/07/2025 00:00
RES-C5C6C275CC,969,2,37,2025/05/14,05-15-2025,NS,2025-05-03 00:00:00
RES-D81C309342,1161,8,334,07-17-2026,2026-07-19,No Show,06-25-2026 12:00 AM
RES-19CD585D82,404,7,278,12-13-2024,2024/12/15,checked_out,11-24-2024 12:00 AM
RES-CBAE3536E9,518,15,644,2025-06-27,06-Jul-2025,cancelled,06-09-2025 12:00 AM
RES-71475E5330,887,4,154,2024-02-29,03-08-2024,CXL,2024-02-11 00:00:00
RES-61CBE81EE6,963,12,492,04-Feb-2025,02-09-2025,NOSHOW,01/02/2025 00:00
RES-9EC9D3AB2F,1132,12,495,2025-06-03,08-Jun-2025,CONFIRMED,05-15-2025 12:00 AM
RES-DD8C98B0DB,220,15,685,2024-03-29,04/04/2024,cancelled,2024-03-17 00:00:00
RES-08F7EB1787,145,1,22,09-29-2025,2025-10-07,Confirmed,2025-08-19 00:00:00
RES-70048F8BE1,188,15,639,09/05/2025,2025-05-13,Checked Out,03-19-2025 12:00 AM
RES-48A87F1E83,1015,9,373,01-05-2026,2026/01/13,conf,2025-12-24 00:00:00
RES-7AA2CC19F2,540,9,372,23/07/2026,2026-08-02,Confirmed,2026-06-18 00:00:00
RES-A78519ADBC,1214,14,588,10-04-2025,13/10/2025,checked-in,09-07-2025 12:00 AM
RES-D3737F4686,331,1,17,03-09-2024,2024-03-17,checked_out,03-04-2024 12:00 AM
RES-82FF94B092,181,13,542,2025/10/14,2025-10-20,PENDING,25/08/2025 00:00
RES-B8D45E7787,615,6,261,05/06/2025,14/06/2025,CONFIRMED,15/05/2025 00:00
RES-821AA454B8,826,8,323,05-Aug-2026,13/08/2026,CHECKED_OUT,2026-06-08 00:00:00
RES-328B55B228,306,14,599,10/01/2025,17/01/2025,canceled,2025-01-09 00:00:00
RES-E23EAD6DD4,406,1,10,06-19-2025,2025/06/22,CANCELLED,05-24-2025 12:00 AM
RES-7881279625,328,12,500,11-01-2026,2026-11-02,CHECKED_IN,09-19-2026 12:00 AM
RES-3394BDD42E,444,5,241,18/05/2025,05-23-2025,PND,05-17-2025 12:00 AM
RES-CEB6649B86,765,2,49,2026/06/12,18-Jun-2026,Checked Out,03/06/2026 00:00
RES-5645C3F1EF,641,4,158,09-22-2026,2026/09/30,checked-in,2026-07-26 00:00:00
RES-30FF54DCD5,469,6,264,09/10/2025,13-Oct-2025,CONFIRMED,08-30-2025 12:00 AM
RES-4E50879CB1,659,15,682,2025/07/27,08-04-2025,checked-out,25/06/2025 00:00
RES-25D5CCD31F,458,12,476,2024/01/25,31-Jan-2024,Checked In,04/01/2024 00:00
RES-796DA6BC93,386,6,263,2025-09-19,24/09/2025,No Show,2025-09-11 00:00:00
RES-3C5023DEDC,23,13,558,10-08-2024,2024-10-11,PND,2024-09-24 00:00:00
RES-99596E521C,783,6,250,07-18-2024,2024-07-26,Checked Out,2024-06-09 00:00:00
RES-C51A8FF32C,264,12,491,2026-09-08,09-10-2026,checked-in,06/09/2026 00:00
RES-5C576C0D86,890,14,629,12-23-2024,2024/12/26,CONFIRMED,27/11/2024 00:00
RES-DC4AA7FE5A,115,10,395,19-Feb-2026,2026-02-22,canceled,2026-01-04 00:00:00
RES-12E810DD06,738,9,376,12-18-2024,2024-12-25,no_show,12-12-2024 12:00 AM
RES-078A5EE605,1123,7,287,27/04/2026,2026-05-05,checked-in,2026-04-13 00:00:00
RES-204FFEC158,462,1,2,16/02/2024,20/02/2024,CXL,13/02/2024 00:00
RES-388781EBAA,40,6,266,2026-03-13,21-Mar-2026,Confirmed,02-22-2026 12:00 AM
RES-D82734E456,166,1,32,15/07/2026,24-Jul-2026,no_show,06-21-2026 12:00 AM
RES-3B48D37883,1047,12,490,2024/08/05,08-09-2024,Checked In,12/06/2024 00:00
RES-623341E6B9,1236,2,47,21/12/2025,28/12/2025,checked_out,11-18-2025 12:00 AM
RES-D3AE2F2526,612,15,646,12-05-2025,12-15-2025,Pending,11-21-2025 12:00 AM
RES-0FAC35119D,49,15,650,01-27-2024,30/01/2024,PND,01-13-2024 12:00 AM
RES-BEBA7B17FA,339,6,258,06-11-2025,21/06/2025,confirmed,2025-05-06 00:00:00
RES-871DD0CC69,1,10,394,25/04/2025,2025-05-05,canceled,31/03/2025 00:00
RES-6982ABCE4D,46,12,477,03-02-2026,04/03/2026,cancelled,02-27-2026 12:00 AM
RES-DE20C81D1F,976,12,474,23/01/2024,25-Jan-2024,NS,15/01/2024 00:00
RES-74A96107DE,314,5,236,2024-04-02,2024-04-09,CHECKED_OUT,2024-03-07 00:00:00
RES-A8D3E17A0F,576,1,3,01/12/2024,12-09-2024,checked-in,2024-10-15 00:00:00
RES-54FA712A95,91,12,473,2026/06/29,06-Jul-2026,pending,05/05/2026 00:00
RES-C009925FA9,968,6,257,2024/07/10,2024/07/16,PENDING,16/06/2024 00:00
RES-96DD7D3157,712,3,110,2024/11/05,13-Nov-2024,checked_out,10-26-2024 12:00 AM
RES-C74278BB8C,956,5,217,2026-03-17,03-20-2026,Pending,02-10-2026 12:00 AM
RES-365303F2CF,1175,6,272,05-Jun-2026,2026-06-09,CNF,04-15-2026 12:00 AM
RES-351E019CCE,1128,1,1,09-02-2026,06-Sep-2026,PENDING,08-22-2026 12:00 AM
RES-170872F19D,449,15,676,2025-02-11,18/02/2025,checked-out,12-25-2024 12:00 AM
RES-76C3A9E3A1,1269,15,679,06-01-2025,03/06/2025,checked-in,05-22-2025 12:00 AM
RES-920CC8F98D,64,11,433,2024-05-17,2024-05-20,conf,03/05/2024 00:00
RES-92887F0FF5,703,11,465,01-Feb-2025,2025/02/06,CO,01-18-2025 12:00 AM
RES-F234468735,720,1,3,02-Nov-2024,2024/11/10,CO,09-18-2024 12:00 AM
RES-2CF772ABC1,56,15,677,12-Mar-2024,03-14-2024,Confirmed,02-09-2024 12:00 AM
RES-334650904B,691,14,571,10-11-2025,10-12-2025,PND,2025-09-10 00:00:00
RES-F7E3ED7ECC,1216,10,394,12-Mar-2026,2026-03-21,Checked Out,03-10-2026 12:00 AM
RES-A2A08D8629,100,10,411,30-Aug-2025,08/09/2025,checked-in,2025-08-22 00:00:00
RES-9B68562263,318,5,229,22/08/2024,2024-08-30,Pending,22/07/2024 00:00
RES-77F3598A3A,1196,1,15,2024-10-07,2024-10-15,CXL,08-22-2024 12:00 AM
RES-E0522CA1F5,881,1,24,2026/01/29,2026-02-04,CONFIRMED,26/12/2025 00:00
RES-DD220289C1,539,9,365,2025/02/01,08/02/2025,cancelled,2025-01-01 00:00:00
RES-7390F7248D,914,3,86,08-06-2025,15-Aug-2025,Pending,07-13-2025 12:00 AM
RES-20F50D1D7D,302,7,276,2024-07-03,07-10-2024,confirmed,05-16-2024 12:00 AM
RES-E01B4A14B4,281,11,454,16/08/2026,24/08/2026,CHECKED_OUT,2026-07-31 00:00:00
RES-68B0608CBD,1109,2,50,2024/07/11,14/07/2024,conf,05-29-2024 12:00 AM
RES-4B960366A1,847,2,40,20-Jan-2025,2025-01-25,CONFIRMED,05/01/2025 00:00
RES-AF3BD2B3AB,461,1,24,2026/07/27,2026/08/04,Pending,2026-07-18 00:00:00
RES-DEC385B253,887,10,409,2024/02/28,2024-03-01,cancelled,01/02/2024 00:00
RES-0B858BA156,700,5,234,06-10-2026,06-20-2026,CO,06/05/2026 00:00
RES-A63CB1DAF6,1148,7,301,20/10/2025,30-Oct-2025,PND,11/09/2025 00:00
RES-5A67DB5B16,550,9,365,2026/07/03,13/07/2026,checked-in,06-14-2026 12:00 AM
RES-712DC1BB25,687,4,157,12-20-2025,2025/12/25,Pending,11-23-2025 12:00 AM
RES-25C81D01EE,605,15,685,2026/01/17,2026/01/23,CO,12-04-2025 12:00 AM
RES-46038BEE8C,422,3,100,29/04/2026,05-May-2026,CHECKED_OUT,03-19-2026 12:00 AM
RES-9751506B3E,300,5,233,2025-09-17,22-Sep-2025,checked_out,2025-09-12 00:00:00
RES-84F7298D1D,932,4,154,2025/10/12,2025/10/17,checked_in,20/08/2025 00:00
RES-98B900C3EF,896,11,459,24/11/2024,2024-11-27,confirmed,2024-11-16 00:00:00
RES-7DB0C5244B,197,5,243,2026-01-01,2026/01/05,CONFIRMED,12-04-2025 12:00 AM
RES-15469E12D4,452,12,500,2025/10/17,10-22-2025,cancelled,09-10-2025 12:00 AM
RES-595BB404A7,785,10,401,17/08/2025,2025-08-18,No Show,08/07/2025 00:00
RES-52C53985F9,496,2,60,27/09/2025,09-30-2025,Cancelled,16/09/2025 00:00
RES-C314959E02,476,10,406,23-May-2026,30-May-2026,CO,17/05/2026 00:00
RES-798BB8FF01,1007,1,18,05-15-2026,05-24-2026,NS,19/03/2026 00:00
RES-90E1725E08,159,14,585,21/06/2026,28-Jun-2026,Checked In,07/05/2026 00:00
RES-5129E805CD,778,5,212,2026/07/18,19/07/2026,conf,06-17-2026 12:00 AM
RES-3D2FC8AAA1,781,13,550,14-Jun-2025,2025-06-22,checked-in,17/05/2025 00:00
RES-6A4BC45214,346,6,254,2026/07/01,2026/07/10,conf,24/05/2026 00:00
RES-861ECB99DD,326,1,6,2025-11-06,11-15-2025,CHECKED_IN,2025-09-22 00:00:00
RES-52FB107433,381,5,230,2025/03/15,2025-03-18,CNF,2025-02-23 00:00:00
RES-F3D04F6050,361,10,419,15/08/2025,22/08/2025,CXL,07-15-2025 12:00 AM
RES-F8132869AE,367,2,36,2024/06/26,07-04-2024,CXL,2024-05-07 00:00:00
RES-6174B7F47E,558,4,158,2026/04/14,2026-04-23,cancelled,12/04/2026 00:00
RES-0DFC1F6B22,753,3,93,30/03/2026,07-Apr-2026,Confirmed,2026-03-12 00:00:00
RES-01AF5DD07E,773,11,423,2024/01/20,28-Jan-2024,CO,01-01-2024 12:00 AM
RES-43FC7F9241,1065,12,506,24-Apr-2026,05-04-2026,checked-out,03-16-2026 12:00 AM
RES-702D63CE5E,1229,14,563,2026/06/01,03-Jun-2026,Checked In,2026-05-12 00:00:00
RES-0729228485,892,6,270,03-Dec-2025,2025/12/06,Pending,10-15-2025 12:00 AM
RES-23A6F0C92E,466,13,529,17-Oct-2024,24-Oct-2024,CANCELLED,2024-09-15 00:00:00
RES-5E671FA182,208,7,282,22-Jan-2025,28-Jan-2025,checked_out,01-18-2025 12:00 AM
RES-E65441352A,83,5,240,02/04/2024,04-08-2024,cancelled,2024-03-10 00:00:00
RES-E3DA12D0E8,51,3,134,09-21-2024,2024-09-30,CI,11/08/2024 00:00
RES-4AB6A7F858,1059,6,255,02-Jul-2024,10-Jul-2024,CNF,05-06-2024 12:00 AM
RES-BEDCA612BA,315,12,477,01-16-2025,24/01/2025,cancelled,12-04-2024 12:00 AM
RES-04A10F2057,621,7,282,12-Sep-2026,2026/09/16,CANCELLED,09-03-2026 12:00 AM
RES-E035E317B8,1241,10,400,01-Jun-2026,2026-06-06,CANCELLED,2026-05-29 00:00:00
RES-C300AF3DAF,763,2,58,2026/09/22,2026/10/02,PENDING,09-05-2026 12:00 AM
RES-8A10E7DB85,1208,11,430,17/12/2025,27/12/2025,CHECKED_OUT,29/11/2025 00:00
RES-BCEFACF02D,829,6,255,10-09-2026,2026-10-14,no-show,2026-09-01 00:00:00
RES-B2A44034A9,202,15,663,11-Aug-2025,17-Aug-2025,Checked In,2025-07-09 00:00:00
RES-BCED2E1D2D,136,4,168,16-Jan-2025,17-Jan-2025,CANCELLED,17/11/2024 00:00
RES-B8FE7A176C,483,1,24,2026/07/21,28/07/2026,Cancelled,2026-06-19 00:00:00
RES-85B8C429A2,670,10,404,2025-03-16,2025-03-18,pending,2025-01-20 00:00:00
RES-5F4E1B167C,312,9,366,2024-02-03,06/02/2024,Checked In,01-03-2024 12:00 AM
RES-C18E22037D,677,10,399,2024-03-18,,canceled,09/02/2024 00:00
RES-15315424F5,597,14,572,2026/06/09,06-11-2026,CO,06/05/2026 00:00
RES-16F7B91C66,459,3,128,10-20-2024,27/10/2024,Checked Out,10-17-2024 12:00 AM
RES-3E77310B9F,482,5,226,04/12/2025,08-Dec-2025,cancelled,2025-11-13 00:00:00
RES-DCC40DB29D,920,1,8,07-18-2024,07-20-2024,no-show,06-01-2024 12:00 AM
RES-1AADF198F2,1131,8,310,13-Sep-2025,2025-09-17,checked-out,24/08/2025 00:00
RES-B054D1FA7C,517,2,59,01-Sep-2024,09-Sep-2024,CHECKED_IN,2024-07-10 00:00:00
RES-8E5D771DE8,1161,14,613,07-08-2024,11-Jul-2024,checked-in,2024-07-07 00:00:00
RES-F3CAAA75F0,570,15,666,2026-01-20,2026-01-27,PENDING,01-08-2026 12:00 AM
RES-BD89F43356,1027,6,249,2024/08/14,08-20-2024,NS,08-04-2024 12:00 AM
RES-FB25538D4E,81,15,661,2026/10/31,11-10-2026,checked_out,14/09/2026 00:00
RES-A6DAD82E03,129,6,264,25-Jun-2026,2026/07/02,CI,2026-04-29 00:00:00
RES-C453865325,80,8,360,01-12-2026,22-Jan-2026,no-show,2025-11-15 00:00:00
RES-E4721173AC,5,4,166,2024/02/23,2024/02/28,CNF,02-18-2024 12:00 AM
RES-2D5240EC11,105,13,533,2025/08/31,09-09-2025,CANCELLED,08-17-2025 12:00 AM
RES-8C4B5A8B54,30,12,507,21/03/2025,27-Mar-2025,Cancelled,2025-03-15 00:00:00
RES-48D5868C33,874,11,437,2026-01-27,02-02-2026,NS,01-16-2026 12:00 AM
RES-EA589386B3,7,2,37,27/04/2024,2024-05-02,checked_in,03-08-2024 12:00 AM
RES-67E5012B63,251,13,548,2025-12-25,12-30-2025,checked-in,15/11/2025 00:00
RES-94970BCB9A,177,13,530,25/06/2024,2024/07/01,no-show,15/06/2024 00:00
RES-C3FA9FCE78,798,15,656,25-Mar-2025,03/04/2025,NOSHOW,03-18-2025 12:00 AM
RES-2AA8A65166,1013,12,487,03-30-2026,04-06-2026,confirmed,28/02/2026 00:00
RES-016E1A842E,763,4,728,01-08-2025,09-Jan-2025,CNF,12-12-2024 12:00 AM
RES-471470DB72,1134,9,369,2026-03-03,2026/03/09,PENDING,2026-01-13 00:00:00
RES-5487FCB5E0,219,5,229,09-08-2026,11-Sep-2026,Checked In,19/08/2026 00:00
RES-161868545A,632,2,44,2024-11-30,12-01-2024,pending,2024-11-03 00:00:00
RES-D07F1E4DD3,743,15,672,04-24-2024,2024-04-30,CXL,2024-04-07 00:00:00
RES-05EF466886,1127,4,157,2025/09/05,2025/09/07,No Show,07-08-2025 12:00 AM
RES-4CCBD2C5FA,84,11,446,2026-09-24,10-01-2026,Confirmed,2026-07-29 00:00:00
RES-15692EEE23,977,2,51,16-Jun-2025,2025/06/22,CXL,04-25-2025 12:00 AM
RES-904F17C23F,380,15,639,2026-09-04,06-Sep-2026,Pending,2026-07-29 00:00:00
RES-B92D223E22,836,12,505,2026/01/01,06/01/2026,cancelled,28/11/2025 00:00
RES-4BD1D43DE3,1081,4,162,2024/12/27,03-Jan-2025,Checked In,2024-12-18 00:00:00
RES-10E2D16270,523,10,397,2025-10-13,14-Oct-2025,PENDING,09-11-2025 12:00 AM
RES-6202AA5F65,510,3,137,01/01/2026,2026-01-05,PND,2025-12-29 00:00:00
RES-F7F446D7F8,431,4,145,16-Jun-2024,2024-06-17,checked-out,2024-04-23 00:00:00
RES-1AAAB07840,666,12,480,03-06-2025,15-Mar-2025,Pending,2025-01-22 00:00:00
RES-060B5EAA2B,498,7,302,2025-06-02,,checked-out,2025-05-15 00:00:00
RES-B68C8CAA33,1074,13,517,08-23-2024,25/08/2024,CANCELLED,2024-07-27 00:00:00
RES-67F92091F3,931,8,336,18-Dec-2024,22/12/2024,CHECKED_IN,06/11/2024 00:00
RES-19B85090D5,274,5,203,26-Mar-2026,03/04/2026,NS,03-10-2026 12:00 AM
RES-F4E59FE7F1,1070,15,651,2025/12/14,12-19-2025,confirmed,12-07-2025 12:00 AM
RES-25F5846450,501,15,652,2026/10/20,2026/10/29,no-show,09-07-2026 12:00 AM
RES-BAFBD4CA1B,41,8,303,11-Apr-2026,2026/04/20,checked-out,2026-02-25 00:00:00
RES-A3BC77DF06,515,2,56,21/04/2026,01-May-2026,NS,04-03-2026 12:00 AM
RES-1141A17F5F,502,6,261,04-11-2024,17-Apr-2024,No Show,16/02/2024 00:00
RES-05DC57B2C1,157,4,173,28/09/2025,01-Oct-2025,CANCELLED,01/08/2025 00:00
RES-8CA69F2F2D,1124,9,365,14/01/2026,18/01/2026,CONFIRMED,2026-01-05 00:00:00
RES-DBAEA25D4D,1206,15,641,07-17-2026,19/07/2026,CONFIRMED,07-03-2026 12:00 AM
RES-21DFEB25DC,568,9,376,02-Aug-2024,03/08/2024,checked_in,2024-06-20 00:00:00
RES-E28F64C052,1281,9,378,2026/09/07,15/09/2026,CNF,2026-08-15 00:00:00
RES-B4FC968AEA,480,11,432,03/04/2024,06/04/2024,CHECKED_IN,2024-02-16 00:00:00
RES-080AC5DBF6,242,11,460,09-08-2026,09-12-2026,checked-out,07-23-2026 12:00 AM
RES-E6E663EF29,16,2,38,21/01/2025,30-Jan-2025,canceled,2025-01-18 00:00:00
RES-3FDD25B7CA,341,3,118,2026/02/03,2026/02/12,No Show,31/12/2025 00:00
RES-C94CC5B267,442,3,131,23-Mar-2025,04-02-2025,no-show,03-11-2025 12:00 AM
RES-A257E202F6,606,13,515,2026-04-06,2026/04/14,Pending,2026-03-02 00:00:00
RES-2C688A0A4F,232,4,172,31/05/2025,2025-06-10,no-show,2025-05-05 00:00:00
RES-2F3418E8C4,1114,4,170,2024-10-09,10-18-2024,CONFIRMED,04/09/2024 00:00
RES-BBFCEC934E,876,6,272,13/07/2026,17/07/2026,CNF,2026-05-20 00:00:00
RES-CF4EECE8A0,1120,10,407,15-Mar-2026,21/03/2026,checked_in,2026-01-25 00:00:00
RES-93C2839929,50,13,515,07/02/2024,2024/02/13,Pending,01/02/2024 00:00
RES-004D40672D,118,13,548,16/03/2026,03-17-2026,pending,02-05-2026 12:00 AM
RES-C78E103A8D,175,11,439,2026/04/22,2026/05/02,CO,2026-04-12 00:00:00
RES-07EB71832A,87,3,99,2025/02/23,24-Feb-2025,CNF,2025-01-23 00:00:00
RES-766E6A5FB9,700,1,16,02-21-2025,2025/03/02,CO,2025-01-05 00:00:00
RES-A430A518F2,659,4,155,11-12-2025,18/11/2025,checked_out,11-08-2025 12:00 AM
RES-D6F2490D19,426,12,503,2025/04/04,14-Apr-2025,CNF,02-24-2025 12:00 AM
RES-B6E9B68161,125,14,582,05-Apr-2026,04-07-2026,CNF,04-01-2026 12:00 AM
RES-5E63D20900,364,12,530,29/09/2026,2026/10/07,Pending,08-29-2026 12:00 AM
RES-67BCC267C9,135,11,438,01-09-2026,19/01/2026,PENDING,14/12/2025 00:00
RES-9E7DF66EB3,268,5,206,25-Feb-2026,06/03/2026,checked_in,09/01/2026 00:00
RES-C5106E8C46,799,14,608,02-16-2025,2025-02-22,Cancelled,29/12/2024 00:00
RES-9A4A809817,48,9,379,04-27-2024,04-May-2024,CI,03-27-2024 12:00 AM
RES-490C714EBF,224,14,561,2024/10/10,19/10/2024,Checked In,09-04-2024 12:00 AM
RES-9C4D3E3EED,697,3,70,12-06-2024,07/12/2024,canceled,23/10/2024 00:00
RES-FB6B01BA66,251,4,154,2026-01-30,2026-02-02,NOSHOW,01-15-2026 12:00 AM
RES-F2220BEA8C,99,8,353,2024-08-07,17/08/2024,CANCELLED,07-22-2024 12:00 AM
RES-76D1364A68,72,6,247,2024/03/25,04-Apr-2024,CHECKED_IN,2024-03-19 00:00:00
RES-75C41AE84B,1132,8,357,2026-07-07,08/07/2026,confirmed,06-03-2026 12:00 AM
RES-E0E89F21FA,262,2,46,19/08/2025,20-Aug-2025,PND,20/06/2025 00:00
RES-834CC3130F,851,12,511,01-Aug-2026,08-05-2026,checked-in,2026-06-22 00:00:00
RES-3D37EC926D,1078,2,35,2026-04-07,2026/04/12,CANCELLED,03-01-2026 12:00 AM
RES-B170402411,835,8,304,15/08/2024,2024/08/18,cancelled,2024-06-23 00:00:00
RES-C3FACF141D,189,8,324,17/08/2026,2026/08/22,pending,14/08/2026 00:00
RES-A0DF079C97,1009,11,471,2025/04/11,2025-04-12,CANCELLED,2025-03-14 00:00:00
RES-23407F9812,417,1,4,2025-03-01,2025-03-11,PND,2025-02-03 00:00:00
RES-12CD494B68,360,6,252,08-28-2024,2024-09-03,NS,2024-08-11 00:00:00
RES-67AE792BEC,994,7,290,2026/03/28,31/03/2026,Checked In,02-20-2026 12:00 AM
RES-650F5C5CEE,11,1,20,05-23-2025,05-27-2025,Pending,03/04/2025 00:00
RES-23905D6170,255,1,24,27-May-2024,2024-06-02,CNF,14/04/2024 00:00
RES-94E8E4F1DC,586,10,396,03-Sep-2024,09-04-2024,CANCELLED,07-05-2024 12:00 AM
RES-4ABE46A85E,1173,12,513,2026/07/29,2026/08/03,PND,2026-06-09 00:00:00
RES-2BB672C52F,750,15,643,10/03/2025,20/03/2025,CONFIRMED,2025-01-28 00:00:00
RES-ED31FF3496,399,13,533,13/07/2026,15/07/2026,CANCELLED,30/06/2026 00:00
RES-E2C8BC0457,48,10,395,2025-05-09,16-May-2025,conf,2025-04-29 00:00:00
RES-25E2CEA8EB,468,12,508,2025/09/28,10-04-2025,no-show,09-13-2025 12:00 AM
RES-9D187CE451,584,15,635,2026-07-30,06/08/2026,NS,07/07/2026 00:00
RES-D311314B2C,302,6,271,2025/10/15,21/10/2025,checked_in,08-27-2025 12:00 AM
RES-2313154AFC,150,7,286,21-Feb-2024,2024-02-29,Pending,2024-01-16 00:00:00
RES-20CFFF250A,247,13,550,26-May-2026,2026/05/31,No Show,05-13-2026 12:00 AM
RES-8F0B6B7E92,337,5,180,2026-02-24,2026/02/25,CHECKED_OUT,2026-02-09 00:00:00
RES-1733A1A37B,154,1,25,11-28-2025,2025-12-08,conf,11-15-2025 12:00 AM
RES-875F2610BC,150,1,18,29-Nov-2024,07/12/2024,no-show,11-25-2024 12:00 AM
RES-449C00A151,755,8,343,2025-11-01,06-Nov-2025,No Show,14/10/2025 00:00
RES-C60885FDDB,826,3,120,2026/06/29,02/07/2026,no_show,06-02-2026 12:00 AM
RES-BAF5118C59,98,14,619,2025-09-15,09-25-2025,NS,01/08/2025 00:00
RES-693C4A9C69,476,2,39,08-26-2026,01/09/2026,checked_out,17/08/2026 00:00
RES-CBF4662D34,337,9,390,20/04/2024,2024-04-30,CANCELLED,2024-04-14 00:00:00
RES-D298D47086,1016,14,599,2025-09-02,09/09/2025,CNF,10/08/2025 00:00
RES-60ECBBACC6,346,5,181,30-Nov-2024,12-03-2024,conf,26/11/2024 00:00
RES-01AF77931B,513,5,205,2025-03-14,23/03/2025,PND,02-11-2025 12:00 AM
RES-90C0432163,331,9,372,2024/05/31,2024/06/08,Confirmed,04/04/2024 00:00
RES-3E9CBDF986,1119,9,387,2026/03/17,25-Mar-2026,checked-out,01-22-2026 12:00 AM
RES-B9086B09AB,653,4,170,2024/02/21,25-Feb-2024,conf,01-30-2024 12:00 AM
RES-96F8FE1AD4,244,10,414,18-Jun-2025,19-Jun-2025,CO,2025-05-04 00:00:00
RES-D74826C868,771,14,605,02/06/2024,05/06/2024,checked-in,2024-05-27 00:00:00
RES-2067E21587,687,7,296,06-02-2025,04-Jun-2025,pending,04-03-2025 12:00 AM
RES-9228C5F6BB,1169,11,432,07-Jan-2025,2025/01/14,NS,12-01-2024 12:00 AM
RES-112077EB16,1110,13,529,17/04/2026,18/04/2026,CONFIRMED,2026-03-13 00:00:00
RES-7CC7B19F46,1111,10,401,2026/02/14,02-19-2026,CI,06/01/2026 00:00
RES-A2F8066F25,136,14,624,15-Apr-2024,2024/04/21,conf,2024-03-27 00:00:00
RES-89E5DFCB28,823,6,253,2025/03/06,10/03/2025,NOSHOW,03/02/2025 00:00
RES-6FD31A02C8,945,7,294,22-Oct-2025,2025/10/30,NS,17/09/2025 00:00
RES-78E0FE30B9,266,9,370,19-Jul-2025,2025-07-23,No Show,06-12-2025 12:00 AM
RES-4FB34F8741,487,9,382,2024-04-08,04-13-2024,CHECKED_OUT,02-23-2024 12:00 AM
RES-3B740B3E3C,63,10,408,2024/05/18,23/05/2024,Checked In,07/05/2024 00:00
RES-FF99ED45CD,1216,5,242,2024/07/28,08-03-2024,canceled,07-19-2024 12:00 AM
RES-2A65BE7D4A,456,9,378,2025-09-09,09-19-2025,checked_in,07-13-2025 12:00 AM
RES-ED94C553C9,692,11,432,09-12-2026,15-Sep-2026,no-show,12/08/2026 00:00
RES-445860849E,1085,10,416,2026-04-24,30/04/2026,no_show,03-11-2026 12:00 AM
RES-4ABFD3E42B,1003,12,496,10-21-2024,2024-10-30,Checked Out,26/09/2024 00:00
RES-153AAC1CFC,246,4,157,2026-08-06,2026-08-16,NOSHOW,2026-07-04 00:00:00
RES-D03351F84C,552,1,22,22/05/2024,28-May-2024,Checked In,29/03/2024 00:00
RES-2341C46DF1,444,2,43,20/07/2024,30-Jul-2024,no_show,2024-06-26 00:00:00
RES-12BCDF4C1C,545,13,534,02-08-2026,2026-02-10,checked-in,14/12/2025 00:00
RES-A15697A8EB,1073,7,278,01/08/2025,,checked-in,2025-07-28 00:00:00
RES-96EE934229,714,14,630,08-11-2024,2024/08/14,CHECKED_OUT,2024-06-15 00:00:00
RES-CBE2AA856D,922,6,264,15/04/2025,20/04/2025,CI,28/03/2025 00:00
RES-505516FAE7,696,12,490,09-22-2025,2025/09/28,no-show,25/08/2025 00:00
RES-F11FBFEF8B,877,10,396,2024-02-05,2024-02-06,Checked In,01-27-2024 12:00 AM
RES-8F81ABF001,485,4,152,12-16-2025,12-18-2025,CONFIRMED,20/10/2025 00:00
RES-5F234EE804,872,8,316,02-06-2026,02-08-2026,NS,01-25-2026 12:00 AM
RES-40EBC93EF1,1005,7,294,20-Jul-2025,24-Jul-2025,Checked Out,05-26-2025 12:00 AM
RES-18E8FEAB78,1056,7,275,01-01-2026,07/01/2026,CNF,2025-12-21 00:00:00
RES-AC9257527B,217,13,548,29/05/2024,31/05/2024,pending,05-16-2024 12:00 AM
RES-5BBB3B5373,17,5,182,07-02-2025,09-Jul-2025,PND,16/06/2025 00:00
RES-4C08660533,179,1,31,04-23-2025,26-Apr-2025,Checked In,04-11-2025 12:00 AM
RES-7F0FE87A8A,1170,11,429,2024-12-09,2024/12/19,PND,29/11/2024 00:00
RES-40D6A7DF66,804,15,649,10-Sep-2025,2025-09-13,cancelled,16/07/2025 00:00
RES-86E497E750,445,11,449,2025-12-10,12-13-2025,CXL,11-02-2025 12:00 AM
RES-B9F4F2E38C,351,15,681,2026/02/17,2026-02-23,CXL,01-20-2026 12:00 AM
RES-9082F205FA,745,3,84,2026/09/30,10/10/2026,Checked In,14/09/2026 00:00
RES-574A79438A,1010,2,53,08-05-2024,12/08/2024,No Show,14/06/2024 00:00
RES-DF4AE751A5,239,14,622,2026/08/01,,no-show,03/07/2026 00:00
RES-C694379C73,1221,2,43,2026-03-22,30/03/2026,checked-in,02-16-2026 12:00 AM
RES-2F625BBEF2,58,9,376,02-16-2026,19-Feb-2026,pending,02-09-2026 12:00 AM
RES-91040B6DCE,1136,4,140,2025/11/04,2025/11/12,NOSHOW,13/09/2025 00:00
RES-A53DCB2948,763,11,468,03/07/2025,2025/07/06,confirmed,2025-06-10 00:00:00
RES-666936736C,795,1,20,2024/05/16,05-26-2024,CONFIRMED,2024-03-24 00:00:00
RES-AA9BBB9008,192,4,174,18/03/2026,2026/03/28,pending,2026-03-08 00:00:00
RES-619F46E944,1048,5,210,2024-04-08,2024/04/12,checked_out,2024-02-28 00:00:00
RES-3B0A65AD2B,236,11,426,15/02/2025,2025-02-18,conf,11/02/2025 00:00
RES-81E2A050DD,183,8,311,2024-05-20,27/05/2024,confirmed,04-25-2024 12:00 AM
RES-C9E32D5DA2,1084,12,481,23/05/2025,2025/05/27,cancelled,24/03/2025 00:00
RES-4DD381C046,1099,10,406,11-19-2025,2025/11/27,checked-in,2025-11-07 00:00:00
RES-72D012F1B1,809,2,58,2025-06-30,2025/07/06,canceled,06-21-2025 12:00 AM
RES-500D107C75,1212,5,177,02-11-2026,17-Feb-2026,confirmed,2025-12-18 00:00:00
RES-1DF0898C3A,1195,12,511,25/04/2026,27-Apr-2026,checked-in,23/04/2026 00:00
RES-2AAC850471,794,15,654,20/04/2026,2026-04-23,Confirmed,2026-02-19 00:00:00
RES-6D532FAB33,742,3,69,2024/07/15,19-Jul-2024,CXL,06-14-2024 12:00 AM
RES-F29704E971,1210,1,6,13/03/2025,03-16-2025,CONFIRMED,26/02/2025 00:00
RES-5868FC948C,16,5,195,2026-02-03,08/02/2026,CNF,19/12/2025 00:00
RES-55B431BB1B,925,15,665,2025/05/06,2025-05-11,No Show,09/03/2025 00:00
RES-814D01B9E3,515,5,197,05-18-2026,21-May-2026,confirmed,05-11-2026 12:00 AM
RES-9B49B585E0,55,1,8,18/04/2026,2026-04-27,checked_in,22/03/2026 00:00
RES-047FC68A9F,1059,3,68,28-May-2026,2026-06-03,confirmed,11/04/2026 00:00
RES-1E0E0FE91C,87,12,478,2025-04-15,19-Apr-2025,checked_in,2025-04-08 00:00:00
RES-60FB1E3A2E,565,14,605,16/11/2024,2024-11-23,confirmed,11-03-2024 12:00 AM
RES-8604E0EDC1,728,7,292,2025/04/27,05-04-2025,cancelled,03-12-2025 12:00 AM
RES-A818C4444B,321,1,13,19-Aug-2026,26-Aug-2026,CONFIRMED,08-02-2026 12:00 AM
RES-76A12899AA,973,2,59,06-Feb-2024,11-Feb-2024,Checked In,02-02-2024 12:00 AM
RES-C01D91496C,104,10,396,2025-09-26,10-04-2025,PENDING,08-25-2025 12:00 AM
RES-5C8C9A29B0,1153,4,173,2026/02/10,2026-02-15,pending,17/12/2025 00:00
RES-A5E07DB008,1028,13,530,2026/05/15,20-May-2026,CO,04-07-2026 12:00 AM
RES-A49E20A04D,949,8,344,08-May-2025,10-May-2025,PENDING,2025-03-25 00:00:00
RES-932E5D548A,994,7,278,06-Sep-2026,2026/09/14,canceled,02/09/2026 00:00
RES-1A94819581,1056,7,298,2025/10/06,2025/10/11,NOSHOW,2025-08-28 00:00:00
RES-DD94343FAB,883,2,62,24-May-2024,2024-05-28,no-show,2024-05-22 00:00:00
RES-63DDD90EF6,57,2,59,2026-05-15,2026/05/20,Confirmed,02/04/2026 00:00
RES-560EDC3F11,1220,11,460,14-Aug-2026,24/08/2026,conf,2026-06-25 00:00:00
RES-5900926D81,594,12,505,2025/06/06,08-Jun-2025,CI,2025-06-04 00:00:00
RES-1DD5D9F74D,730,3,120,2025/07/27,31-Jul-2025,CHECKED_IN,2025-06-09 00:00:00
RES-5FABFB061E,96,9,362,2025-05-21,29/05/2025,CO,2025-04-30 00:00:00
RES-3011B885BB,173,5,186,2025/08/04,08-12-2025,NOSHOW,06-07-2025 12:00 AM
RES-0746B3DF4A,804,15,663,2026-10-05,10-13-2026,checked-in,08-23-2026 12:00 AM
RES-75EC242CA9,1190,2,58,2024-05-18,25-May-2024,Pending,2024-04-25 00:00:00
RES-E7925AA140,1133,8,360,09-08-2024,2024-09-15,CO,08-17-2024 12:00 AM
RES-CB39D2FCEC,93,11,432,2026/09/02,07-Sep-2026,Cancelled,08-06-2026 12:00 AM
RES-3D2ED2EBA1,311,7,289,2025/03/31,04-03-2025,canceled,30/03/2025 00:00
RES-27BBECD8FD,564,10,420,2025/07/22,2025/07/23,Cancelled,07-13-2025 12:00 AM
RES-32BEA18586,85,7,291,06-Jun-2024,13/06/2024,NOSHOW,05-20-2024 12:00 AM
RES-E25AE0FD2A,130,10,394,2024-11-08,2024/11/12,Pending,03/11/2024 00:00
RES-9C4A10497E,335,11,459,28/01/2026,30/01/2026,checked_out,01/01/2026 00:00
RES-BA3DB77A6D,658,3,68,06-14-2025,2025-06-21,Checked In,07/06/2025 00:00
RES-9F59BDBE8D,879,8,310,10-30-2025,11-03-2025,NOSHOW,27/10/2025 00:00
RES-DBDE4D84A2,134,14,620,2025/06/21,2025/06/26,no_show,06-12-2025 12:00 AM
RES-C7AC671456,946,9,361,2024-06-04,09-Jun-2024,no_show,2024-05-28 00:00:00
RES-389AA96EC1,772,14,582,2025/08/10,2025/08/20,CXL,13/07/2025 00:00
RES-D0B91BB124,1038,12,501,08-23-2025,08-25-2025,checked_in,2025-08-03 00:00:00
RES-569A704A89,370,2,56,06-28-2026,06/07/2026,checked_out,15/05/2026 00:00
RES-B963C4B413,127,2,35,2026/06/10,19-Jun-2026,checked-in,02/05/2026 00:00
RES-49CA2BF01E,533,12,479,24-Feb-2025,,CNF,01-16-2025 12:00 AM
RES-01D710B02A,1087,11,472,09-25-2024,26-Sep-2024,PENDING,09-13-2024 12:00 AM
RES-EB106D7DE9,841,14,614,01-20-2025,27/01/2025,Checked In,30/11/2024 00:00
RES-BD97B90D42,60,14,615,05-27-2025,01/06/2025,NS,2025-04-06 00:00:00
RES-934B21E2DB,529,7,302,10/07/2026,13-Jul-2026,checked_in,2026-06-15 00:00:00
RES-3A5CE33B76,469,7,294,24/02/2024,02/03/2024,Cancelled,2024-01-10 00:00:00
RES-83F00E3304,980,13,541,04-Dec-2025,09/12/2025,no_show,03/11/2025 00:00
RES-D2470BB286,205,1,12,03-16-2025,2025/03/25,PND,2025-01-16 00:00:00
RES-54CDCB504D,1206,1,1,2025/03/12,20/03/2025,Confirmed,02-09-2025 12:00 AM
RES-E1FC8335EB,28,10,405,04-10-2025,17/04/2025,checked_out,2025-04-01 00:00:00
RES-6D9FF5989E,1083,12,483,10-09-2024,17/10/2024,PND,08-22-2024 12:00 AM
RES-62ABE36285,346,1,23,10-31-2024,03/11/2024,no-show,09-28-2024 12:00 AM
RES-B20D9F2EFE,550,6,257,03-17-2024,03-24-2024,CHECKED_IN,02/02/2024 00:00
RES-DBBB470313,158,12,485,05-Jun-2024,06-08-2024,NOSHOW,05-23-2024 12:00 AM
RES-3D78B5D84E,816,10,396,15/08/2024,20-Aug-2024,CXL,07-30-2024 12:00 AM
RES-782403AC71,973,7,301,2026-01-02,2026-01-11,checked-out,2026-01-01 00:00:00
RES-03804D290E,471,5,199,10/02/2026,02-19-2026,Cancelled,2026-01-06 00:00:00
RES-C8C34F5C07,213,15,636,26-Apr-2024,03-May-2024,no_show,11/03/2024 00:00
RES-AC9C679F5E,737,6,254,2024/10/23,24/10/2024,checked_in,25/09/2024 00:00
RES-49DBC5CE6D,1132,10,408,27/02/2024,2024/03/04,NOSHOW,01-16-2024 12:00 AM
RES-AA8B963C8A,1164,9,385,2025/04/18,27/04/2025,pending,11/03/2025 00:00
RES-4F5C391869,982,6,268,30/11/2024,12-08-2024,confirmed,10-07-2024 12:00 AM
RES-793F203DEA,359,10,406,2024/07/12,16/07/2024,CXL,2024-05-15 00:00:00
RES-F9B984B2B6,231,4,144,2025-12-12,20-Dec-2025,CXL,2025-11-06 00:00:00
RES-CAE289D64E,1184,3,128,18/08/2026,2026-08-21,confirmed,2026-08-04 00:00:00
RES-499FCC55B3,1070,4,138,2025-05-15,2025-05-22,NS,04-17-2025 12:00 AM
RES-DEC8A6D0CE,250,14,620,20/07/2025,07-25-2025,CONFIRMED,2025-07-14 00:00:00
RES-2A1E7595FB,654,15,669,2024/10/18,2024/10/20,Checked Out,06/09/2024 00:00
RES-D460D840F7,400,13,549,12-09-2024,2024-12-19,cancelled,12/11/2024 00:00
RES-A021C6788D,572,14,582,20-Oct-2026,30-Oct-2026,checked_in,09-02-2026 12:00 AM
RES-0569C01EBC,189,1,25,03-12-2024,03-19-2024,pending,01-14-2024 12:00 AM
RES-C11FDC6E20,4,14,587,29-Jul-2025,2025/07/31,No Show,07-08-2025 12:00 AM
RES-D6511895CA,1151,8,342,2024/08/15,22/08/2024,CANCELLED,07-18-2024 12:00 AM
RES-9286BB4698,796,12,512,2025/06/05,06/06/2025,NS,04-15-2025 12:00 AM
RES-2B84591B24,994,15,641,04-08-2024,2024/04/09,CHECKED_IN,2024-03-15 00:00:00
RES-087EF94306,1218,10,406,11/05/2024,13-May-2024,CHECKED_IN,05-09-2024 12:00 AM
RES-B2C6D04D81,620,9,372,2025/09/13,09-14-2025,conf,20/07/2025 00:00
RES-810F3B1BCA,936,6,249,30-Dec-2025,01-02-2026,cancelled,2025-12-24 00:00:00
RES-BFB93B0D68,1213,9,370,08-29-2026,05/09/2026,NOSHOW,20/08/2026 00:00
RES-96F732EC1B,542,9,389,11/02/2026,2026-02-16,Checked In,18/01/2026 00:00
RES-CD905F4CE4,1036,8,305,27/02/2024,08/03/2024,CHECKED_IN,2024-01-03 00:00:00
RES-28E010E811,818,12,476,20-Sep-2026,09-26-2026,checked-out,2026-08-05 00:00:00
RES-89537C0F6C,1031,14,619,09-04-2026,,conf,07-30-2026 12:00 AM
RES-ABE676D96A,537,11,454,24/04/2025,26-Apr-2025,No Show,2025-04-08 00:00:00
RES-E438872580,1152,8,353,2026-02-02,2026-02-03,CNF,2025-12-15 00:00:00
RES-BC6E3EF48A,177,14,572,2024-08-06,08-08-2024,checked_out,07-09-2024 12:00 AM
RES-BF5F804114,882,3,67,2024-12-31,01-Jan-2025,pending,11-17-2024 12:00 AM
RES-9D4D62E3B4,601,10,411,2026/05/22,2026/05/25,NS,04-10-2026 12:00 AM
RES-FABB1626DD,1219,4,164,12-Nov-2024,2024-11-14,Pending,12/10/2024 00:00
RES-CD4317A441,145,4,172,13/10/2024,10-14-2024,PND,2024-09-21 00:00:00
RES-EC62787F48,437,11,450,2025/02/01,06/02/2025,CANCELLED,01-03-2025 12:00 AM
RES-960E3D0857,892,1,18,02/03/2026,2026/03/10,PENDING,02/02/2026 00:00
RES-5C909A7278,363,15,646,04-14-2026,21-Apr-2026,no_show,30/03/2026 00:00
RES-975B45176D,567,6,272,18-Mar-2024,2024/03/24,CONFIRMED,21/02/2024 00:00
RES-54A17D1761,20,3,86,03-10-2024,2024-03-16,PENDING,02-04-2024 12:00 AM
RES-74C0BA8EDC,205,1,7,12-May-2024,2024-05-21,pending,2024-04-12 00:00:00
RES-595EFEC4BF,797,6,268,18/01/2026,2026-01-21,No Show,2025-12-04 00:00:00
RES-C6A7471630,171,6,254,01/07/2024,03/07/2024,CI,30/06/2024 00:00
RES-78437A5375,856,14,560,2026-05-26,05-27-2026,canceled,11/04/2026 00:00
RES-D2283A235A,902,13,557,2026-08-09,15-Aug-2026,checked_out,30/06/2026 00:00
RES-66FD691F7E,1128,12,481,09-03-2026,2026-09-13,pending,2026-08-11 00:00:00
RES-00B42A43A5,443,1,19,18/04/2026,2026/04/19,Checked In,2026-03-02 00:00:00
RES-0BC2AABB67,583,1,28,2024/04/18,2024-04-23,PENDING,03-14-2024 12:00 AM
RES-325D0787DD,499,10,411,09/01/2026,2026-01-15,confirmed,2025-12-03 00:00:00
RES-D8F6DB696D,27,7,293,15-Feb-2024,2024/02/25,NOSHOW,01-20-2024 12:00 AM
RES-4996D3F30B,495,8,305,14/06/2025,17/06/2025,Checked In,05-27-2025 12:00 AM
RES-02FB752109,43,12,496,10-Mar-2025,18/03/2025,Confirmed,2025-02-06 00:00:00
RES-C9AC87AE25,436,11,421,03-Dec-2024,06/12/2024,CO,16/11/2024 00:00
RES-DEF2EA2B7D,1173,3,86,18/03/2026,03-22-2026,confirmed,2026-03-08 00:00:00
RES-7595D538AA,864,12,509,2024-03-11,2024/03/15,CO,17/02/2024 00:00
RES-5A182B58A4,805,4,145,2024/10/03,2024-10-06,PENDING,13/08/2024 00:00
RES-9FE4E1FF1C,1113,6,264,21/01/2025,2025-01-31,PND,27/11/2024 00:00
RES-E6230EDA51,493,3,92,2026-01-09,12/01/2026,CI,2025-11-18 00:00:00
RES-86D4D075E9,1221,2,47,2024-03-01,2024-03-09,canceled,01-02-2024 12:00 AM
RES-2A85435CBE,345,13,525,14/12/2025,2025-12-24,no_show,10-24-2025 12:00 AM
RES-DCBFEF4458,750,10,417,2024-05-04,2024/05/06,No Show,06/04/2024 00:00
RES-1C808416DD,950,9,381,2026-10-24,27-Oct-2026,confirmed,23/09/2026 00:00
RES-8B66FF0D34,443,15,668,08/08/2025,2025/08/18,checked-out,07-14-2025 12:00 AM
RES-5EB5223FD4,197,5,214,01/06/2024,2024-06-09,no-show,05-21-2024 12:00 AM
RES-76C7E76879,319,5,204,09-21-2024,26-Sep-2024,Pending,09-15-2024 12:00 AM
RES-4D91120C0B,136,3,130,2026/09/27,07/10/2026,Pending,09-03-2026 12:00 AM
RES-5417A0D23A,426,11,429,09/12/2024,12/12/2024,CHECKED_OUT,10/10/2024 00:00
RES-FB460BA55A,398,14,572,2026/08/28,2026-08-31,conf,09/07/2026 00:00
RES-C3E65C9B96,118,7,296,22/02/2026,04-Mar-2026,CHECKED_IN,01-02-2026 12:00 AM
RES-0BD9BEBE32,146,2,40,2024/03/06,2024-03-09,pending,24/01/2024 00:00
RES-9ACBEFC9C0,326,5,180,2026-03-12,2026-03-16,PENDING,2026-02-06 00:00:00
RES-69A8F39DB4,167,10,399,27-Aug-2026,2026-09-03,CHECKED_IN,08-19-2026 12:00 AM
RES-524C50D27A,806,15,687,22-Oct-2026,23/10/2026,cancelled,09-03-2026 12:00 AM
RES-F4BA1C18E0,621,9,384,12-09-2024,2024-12-14,CHECKED_OUT,2024-10-20 00:00:00
RES-3E39DAB49B,461,11,470,03-25-2025,2025/03/26,checked-out,2025-03-02 00:00:00
RES-7C79A22260,241,14,576,08/11/2024,13-Nov-2024,PENDING,10-29-2024 12:00 AM
RES-DD8F634179,208,9,378,2025-08-05,2025/08/14,NS,2025-06-11 00:00:00
RES-7256CA7495,492,12,499,2025/01/12,2025/01/14,checked-in,2024-11-14 00:00:00
RES-1B0A0E744E,577,9,376,2026-09-19,09-25-2026,canceled,07/09/2026 00:00
RES-96BB52AF13,494,4,140,2024/05/06,12-May-2024,Checked In,21/03/2024 00:00
RES-75DD1B9739,1155,14,608,03-Nov-2024,09-Nov-2024,PENDING,10-02-2024 12:00 AM
RES-B528559E0D,409,13,554,10-03-2026,2026/10/10,CHECKED_IN,17/09/2026 00:00
RES-8C3C410F26,131,15,683,28/09/2024,2024-10-03,Checked In,2024-08-01 00:00:00
RES-F247127AF2,628,9,361,22/05/2024,28-May-2024,Checked In,03-30-2024 12:00 AM
RES-59D2BEC51F,232,7,302,13/02/2024,18/02/2024,pending,14/01/2024 00:00
RES-55442DAFED,543,3,99,18/08/2025,22/08/2025,CONFIRMED,11/07/2025 00:00
RES-D933B84671,928,15,679,13/03/2025,2025-03-21,pending,2025-02-26 00:00:00
RES-237288991F,1088,9,368,2026-08-10,2026-08-13,NOSHOW,2026-07-30 00:00:00
RES-23E4132C39,429,15,651,28/05/2026,02-Jun-2026,NOSHOW,15/04/2026 00:00
RES-3D86F70C45,1019,5,238,2025/10/31,01-Nov-2025,Pending,2025-10-20 00:00:00
RES-960D01A673,881,15,662,20/12/2025,27/12/2025,CONFIRMED,2025-11-29 00:00:00
RES-F99452B3DF,732,11,469,2026-05-12,2026-05-21,Checked In,04-13-2026 12:00 AM
RES-2CD86BF8BF,312,9,363,09/07/2026,2026-07-12,CHECKED_IN,05-26-2026 12:00 AM
RES-1FB4FA1742,617,14,574,24/10/2026,26-Oct-2026,pending,17/09/2026 00:00
RES-6F542142A9,775,3,88,2025/01/12,15-Jan-2025,pending,12-20-2024 12:00 AM
RES-3AFA30E39B,993,11,467,2024/12/27,01-02-2025,Pending,2024-12-18 00:00:00
RES-EAC5A96C86,390,3,119,2025-10-18,10-21-2025,checked-out,09/09/2025 00:00
RES-098DEFF194,1039,4,165,25-Sep-2026,2026-10-03,NOSHOW,2026-09-22 00:00:00
RES-DA6050C5B8,248,9,392,23/07/2025,26-Jul-2025,conf,2025-06-01 00:00:00
RES-F906988212,1134,3,108,08/08/2026,2026-08-17,CHECKED_OUT,07-03-2026 12:00 AM
RES-ABFEDDEACB,980,13,530,27/12/2024,01/01/2025,canceled,2024-11-28 00:00:00
RES-E2FD1A7CDB,218,3,128,03/10/2025,10-08-2025,Pending,09-14-2025 12:00 AM
RES-C1B0B70A49,725,14,582,2024/03/24,03-27-2024,pending,28/02/2024 00:00
RES-6C2AA6DC2A,502,4,168,2026/07/06,2026-07-08,PND,25/05/2026 00:00
RES-144198648C,646,2,33,2026-07-02,2026/07/07,confirmed,2026-05-27 00:00:00
RES-E40CA2F9E1,1042,13,539,2025/12/06,10-Dec-2025,checked_out,10/11/2025 00:00
RES-E8C96EABBF,653,12,503,2025-08-10,08-13-2025,PENDING,2025-08-05 00:00:00
RES-ABF9937F35,676,2,62,2024-10-07,2024/10/17,no-show,10-05-2024 12:00 AM
RES-D6C29607C5,379,6,261,24/06/2025,2025-06-25,checked-out,05-03-2025 12:00 AM
RES-1DB8E4DF26,184,1,32,2024/11/15,19/11/2024,CO,10/11/2024 00:00
RES-600AA92E1C,75,8,344,08/10/2026,2026-10-16,CHECKED_OUT,2026-09-04 00:00:00
RES-2EB9CDD424,897,2,57,18-Mar-2025,03-19-2025,NS,02-02-2025 12:00 AM
RES-AF0BA04DE0,426,8,329,08/01/2026,2026-01-13,PND,02/12/2025 00:00
RES-39D3705311,1185,5,240,2024-12-20,24/12/2024,CNF,2024-12-08 00:00:00
RES-CF75A74B5B,775,6,270,11-22-2024,,confirmed,2024-10-16 00:00:00
RES-7A176E78DC,634,7,289,31-Dec-2025,07-Jan-2026,CO,12/11/2025 00:00
RES-B28B8C40C5,413,15,639,2026-07-23,07-30-2026,confirmed,30/06/2026 00:00
RES-2D2FCF79D6,78,4,152,2026/02/20,25-Feb-2026,CHECKED_OUT,2026-01-26 00:00:00
RES-68BB6BB0BB,282,2,51,01-07-2026,11/01/2026,CI,13/12/2025 00:00
RES-B8E240A86C,331,12,496,13/07/2024,20-Jul-2024,CONFIRMED,06-13-2024 12:00 AM
RES-B05E61F7CF,715,5,217,11/04/2025,04-18-2025,Checked In,02-27-2025 12:00 AM
RES-962AAAAB8A,626,4,154,2024/05/30,2024/06/09,no-show,05-04-2024 12:00 AM
RES-78662345BF,464,14,633,07-09-2026,2026-07-16,Pending,2026-06-21 00:00:00
RES-E735C661FB,263,4,159,2026/02/10,2026/02/14,NS,10/01/2026 00:00
RES-5C46D67C55,1170,2,36,2024-05-16,19-May-2024,Checked Out,12/05/2024 00:00
RES-0456483FBC,846,15,656,10/01/2025,20/01/2025,confirmed,10/12/2024 00:00
RES-C0D7C7AF97,132,5,213,2026/02/19,2026-02-23,Cancelled,2026-01-10 00:00:00
RES-575366B421,946,3,89,2026/06/24,2026/06/30,CI,29/05/2026 00:00
RES-DE01F1B42A,1138,11,451,2026/11/12,2026/11/14,CONFIRMED,09-21-2026 12:00 AM
RES-99EFA4C20C,671,6,252,2025-02-16,18/02/2025,No Show,2025-02-01 00:00:00
RES-9A79737C7A,835,15,690,2026-09-25,28/09/2026,Checked Out,2026-08-13 00:00:00
RES-77A2484884,476,5,188,22-May-2025,2025/06/01,PND,04-06-2025 12:00 AM
RES-381590B9E9,643,14,629,2026/02/21,02-24-2026,no_show,2025-12-25 00:00:00
RES-041CBAA09A,998,15,639,18-Jul-2026,07-20-2026,CONFIRMED,2026-06-29 00:00:00
RES-818FE7939A,751,14,578,2024/06/27,07-06-2024,checked-in,16/06/2024 00:00
RES-2D89462E22,274,13,524,2024-07-15,19/07/2024,CHECKED_IN,06-05-2024 12:00 AM
RES-C09F51A0F2,45,2,61,07-Aug-2024,14-Aug-2024,pending,07-21-2024 12:00 AM
RES-5714C6760D,22,15,663,23-Jun-2026,2026/06/26,checked-in,05-26-2026 12:00 AM
RES-EE5A451973,161,1,24,2026/08/05,08-15-2026,canceled,2026-07-21 00:00:00
RES-73B2005244,1107,4,146,2025-04-19,2025-04-29,canceled,04-14-2025 12:00 AM
RES-5E5B22CA37,120,13,517,06-09-2026,2026/06/16,conf,04-13-2026 12:00 AM
RES-3706D80B32,848,11,441,19/11/2025,11-29-2025,CI,2025-09-29 00:00:00
RES-D6E38C0EC3,961,9,389,2024-06-22,01/07/2024,no_show,05-31-2024 12:00 AM
RES-0A8AE3514F,1094,13,538,16/01/2026,25/01/2026,Pending,30/12/2025 00:00
RES-A3CE76C68B,205,10,396,2024-04-02,2024/04/03,no_show,2024-03-27 00:00:00
RES-2005BC8E5B,103,12,508,23-Sep-2026,2026-09-25,Checked Out,07-27-2026 12:00 AM
RES-A9CC51012B,722,1,15,10-03-2025,10-13-2025,checked_in,24/08/2025 00:00
RES-3C3FFA7BC4,795,2,37,2024/10/03,07-Oct-2024,CONFIRMED,17/09/2024 00:00
RES-6162362C95,657,3,111,27-Apr-2026,07/05/2026,pending,04-10-2026 12:00 AM
RES-1D2D0D663A,603,9,373,05-25-2025,2025/05/26,CO,03-29-2025 12:00 AM
RES-D983F0091A,43,10,394,2024/03/07,13-Mar-2024,PENDING,2024-01-11 00:00:00
RES-5AE75FD116,918,10,404,30-Oct-2024,02-Nov-2024,canceled,09-20-2024 12:00 AM
RES-1C1DA87AEB,927,12,487,21/05/2025,05-24-2025,conf,2025-04-30 00:00:00
RES-AE60EDD413,275,15,668,24/11/2025,04/12/2025,confirmed,31/10/2025 00:00
RES-1BE2BBFC9B,87,15,683,2025/09/18,24-Sep-2025,CANCELLED,08-28-2025 12:00 AM
RES-2FD9223BF1,608,12,499,05-Mar-2026,06-Mar-2026,PENDING,02-21-2026 12:00 AM
RES-7F885187D4,420,9,382,2024-05-04,2024-05-13,no-show,04-19-2024 12:00 AM
RES-5038254190,311,14,569,2026-10-23,10-26-2026,no_show,08-30-2026 12:00 AM
RES-8057E760D9,855,6,273,2025-06-21,2025-06-26,CNF,26/05/2025 00:00
RES-9130029E13,626,5,182,2024-07-09,10-Jul-2024,NOSHOW,16/05/2024 00:00
RES-44571E5DCC,1067,11,436,22-Apr-2026,04-29-2026,Checked Out,03-05-2026 12:00 AM
RES-03E09F57E6,607,2,56,11/07/2024,21-Jul-2024,cancelled,2024-07-03 00:00:00
RES-0A3697C131,335,3,71,2024-10-21,10-25-2024,NS,09-16-2024 12:00 AM
RES-3B547C1D9D,915,14,619,2026/06/13,2026/06/20,No Show,04-25-2026 12:00 AM
RES-2C9F8D5070,408,12,483,2026-02-28,01/03/2026,CHECKED_OUT,2026-01-23 00:00:00
RES-07C27D5E99,128,12,483,20/02/2025,2025/02/24,NOSHOW,2024-12-22 00:00:00
RES-673AE78F89,669,14,600,19/10/2024,2024/10/28,CI,10-03-2024 12:00 AM
RES-5C5FEFC78E,1157,3,84,22-Sep-2025,23-Sep-2025,checked-out,18/09/2025 00:00
RES-2B7D21406D,364,13,529,2026/07/13,22-Jul-2026,canceled,29/06/2026 00:00
RES-177EF44784,234,7,277,18/10/2026,25-Oct-2026,CANCELLED,09-13-2026 12:00 AM
RES-97A94C9C44,1241,5,188,20/07/2024,29/07/2024,Pending,2024-06-07 00:00:00
RES-A21B51A4E1,459,11,453,2026/07/20,2026-07-28,checked_in,08/07/2026 00:00
RES-ABCE20F786,89,15,658,2026/03/25,,NS,2026-02-12 00:00:00
RES-38269FAEEA,154,14,593,09-Jun-2024,19-Jun-2024,no_show,10/05/2024 00:00
RES-BE5D54F106,1109,10,411,25/11/2024,2024-12-03,Pending,11-02-2024 12:00 AM
RES-64759FD436,818,7,297,2025/03/18,03-21-2025,Confirmed,28/01/2025 00:00
RES-79F79942DE,1159,8,342,2025/01/07,01-11-2025,pending,17/12/2024 00:00
RES-63B39F19D4,47,12,481,11/11/2024,2024/11/19,No Show,2024-10-01 00:00:00
RES-413B12B760,45,13,553,09-Feb-2024,02-19-2024,Checked Out,01-04-2024 12:00 AM
RES-2341AC1BF3,831,6,273,2024/04/20,2024/04/24,conf,18/03/2024 00:00
RES-3033E46598,704,4,167,2025/03/31,2025/04/10,Checked Out,02-12-2025 12:00 AM
RES-84766E8F4D,342,9,379,2025-11-19,11-26-2025,confirmed,2025-10-17 00:00:00
RES-8102850F4A,820,7,289,2025-08-28,2025/08/29,No Show,20/07/2025 00:00
RES-530409A862,1271,9,375,08-04-2025,05-Aug-2025,NS,2025-07-22 00:00:00
RES-96324E0EE3,218,10,409,2025-01-17,21/01/2025,Checked Out,2024-12-21 00:00:00
RES-D203E1BA59,800,1,95,2025/12/22,2025/12/24,cancelled,26/11/2025 00:00
RES-EA075D2FB4,1158,7,292,05-24-2026,02-Jun-2026,CNF,25/04/2026 00:00
RES-30ADF5EFA7,1088,15,635,2024-07-11,2024-07-12,CANCELLED,14/06/2024 00:00
RES-A5FC290ACA,606,15,637,2026/09/16,2026/09/19,CHECKED_OUT,30/08/2026 00:00
RES-3C3B711CA5,821,11,448,07-Jul-2024,08/07/2024,cancelled,17/06/2024 00:00
RES-B55B23DE17,979,15,672,17/01/2025,24/01/2025,cancelled,11-18-2024 12:00 AM
RES-444A2F6EF9,604,1,14,25-Mar-2026,03-30-2026,Checked Out,03-23-2026 12:00 AM
RES-E099AD3BE4,457,5,216,2025-04-13,16/04/2025,checked_in,23/03/2025 00:00
RES-AF74B4EE5D,713,14,576,2024-04-25,2024-05-05,checked-out,04-14-2024 12:00 AM
RES-0AA739DED7,968,3,71,22-Sep-2026,25-Sep-2026,CI,08-03-2026 12:00 AM
RES-0A2537F3B0,658,9,383,2024/12/09,12-12-2024,checked-in,11-28-2024 12:00 AM
RES-EF5FDE293B,1029,14,610,2025-06-08,18-Jun-2025,checked_in,05-15-2025 12:00 AM
RES-01E8397380,190,14,605,05-03-2025,08-May-2025,checked-in,03/04/2025 00:00
RES-C26300C617,606,13,542,2026-06-23,07-01-2026,PND,2026-05-03 00:00:00
RES-C33DE6C0FB,474,5,201,11/07/2025,12/07/2025,CANCELLED,2025-06-06 00:00:00
RES-4E888881BA,1068,14,584,2024/08/02,03-Aug-2024,CXL,2024-07-05 00:00:00
RES-E0921A15AF,403,6,261,11-Dec-2024,20/12/2024,CONFIRMED,2024-10-19 00:00:00
RES-53C7F1A9A2,436,2,42,2026/01/31,2026-02-08,no_show,16/01/2026 00:00
RES-F71A990E29,782,7,281,17-May-2024,25-May-2024,NOSHOW,03-30-2024 12:00 AM
RES-8A3AA99B9F,812,15,653,10-02-2025,12-Oct-2025,Checked Out,24/08/2025 00:00
RES-FD4D87FA91,230,1,2,08-07-2025,16-Aug-2025,CNF,2025-06-29 00:00:00
RES-B403526BC1,175,14,602,09-27-2025,10-06-2025,CHECKED_IN,31/08/2025 00:00
RES-A71E682300,938,12,506,2025/02/12,02-15-2025,Checked Out,01-14-2025 12:00 AM
RES-2FFF98C891,1062,12,506,2024-06-16,26/06/2024,CO,23/04/2024 00:00
RES-EE0B771F5B,282,12,513,2025/07/30,03-Aug-2025,checked_out,25/06/2025 00:00
RES-7D61DDFAB5,538,13,533,17/04/2026,22-Apr-2026,CXL,10/04/2026 00:00
RES-B9B515C3D5,61,9,372,27-Jul-2025,2025/08/02,CNF,2025-06-24 00:00:00
RES-274FAA3C9A,164,10,409,2026/10/23,2026-10-29,CNF,08-25-2026 12:00 AM
RES-49E3025A60,342,15,687,2025-04-30,05-10-2025,NOSHOW,31/03/2025 00:00
RES-5778A0D474,184,10,420,2026/06/10,2026/06/16,PND,04-28-2026 12:00 AM
RES-8765527A66,809,1,21,2026-03-23,2026/03/25,no_show,2026-02-03 00:00:00
RES-65C6ECBD0B,1175,4,172,11-19-2024,2024-11-25,checked_out,11-10-2024 12:00 AM
RES-8821D40B15,207,1,21,01-12-2026,01-13-2026,Cancelled,2026-01-04 00:00:00
RES-AB1CCF1A28,703,12,498,15-May-2026,24/05/2026,checked-out,25/03/2026 00:00
RES-9E1CA68EF5,1228,2,44,08-20-2025,24/08/2025,confirmed,08-04-2025 12:00 AM
RES-48FAD933B3,882,6,273,20-Feb-2025,25/02/2025,CHECKED_IN,10/01/2025 00:00
RES-30109B6317,711,4,174,08/05/2024,13-May-2024,no_show,04-13-2024 12:00 AM
RES-9529DB79BD,373,3,93,2024/03/24,2024/03/27,PND,29/01/2024 00:00
RES-EA375A97AB,1068,1,16,03-14-2025,2025-03-19,PND,2025-01-21 00:00:00
RES-993E1C3438,663,1,30,2026/07/16,07-22-2026,checked_in,02/07/2026 00:00
RES-FF012AA667,3,2,54,05-31-2025,01/06/2025,CANCELLED,2025-05-17 00:00:00
RES-F310D33E57,531,15,689,2024/11/03,2024/11/05,checked-in,2024-10-04 00:00:00
RES-E563320811,1015,10,419,2024-11-07,2024/11/17,NS,23/09/2024 00:00
RES-28937103E8,656,10,418,03/10/2026,10-05-2026,checked-out,10/09/2026 00:00
RES-A0DAB47A05,871,2,61,2026-10-15,17-Oct-2026,checked_in,2026-09-09 00:00:00
RES-52B5C7AD0D,134,5,239,03-Jun-2025,12-Jun-2025,CI,2025-05-20 00:00:00
RES-25E379AE18,973,12,498,2024-03-09,14/03/2024,no_show,01-15-2024 12:00 AM
RES-AE79772E07,859,15,656,13-Aug-2024,16/08/2024,cancelled,09/07/2024 00:00
RES-768E36559A,477,2,38,20-Sep-2025,26-Sep-2025,Checked In,2025-09-17 00:00:00
RES-DFD404875D,558,1,32,08-15-2025,08-18-2025,CXL,08-01-2025 12:00 AM
RES-110420CD86,634,2,48,15/10/2026,10-18-2026,checked_out,09-04-2026 12:00 AM
RES-B130AAA5DE,799,12,503,04-Aug-2026,14/08/2026,checked_in,05/06/2026 00:00
RES-1B50B6E91D,29,14,577,28/06/2026,02-Jul-2026,NS,2026-05-02 00:00:00
RES-0862271A1B,204,1,25,08-Feb-2025,2025-02-09,CHECKED_OUT,01-25-2025 12:00 AM
RES-40C608F8E2,66,11,430,28-Jan-2025,01-Feb-2025,CNF,09/12/2024 00:00
RES-7D76BE52CA,21,4,172,05-22-2025,2025-06-01,checked-out,2025-04-21 00:00:00
RES-425C807358,54,6,264,2024-09-18,26/09/2024,conf,2024-08-09 00:00:00
RES-26ABDC5629,780,3,89,31-Mar-2024,2024-04-09,checked-out,2024-02-12 00:00:00
RES-116245D0FE,573,2,59,13-Apr-2025,2025-04-15,no_show,21/02/2025 00:00
RES-26560EF503,834,14,591,07-20-2024,07-24-2024,canceled,28/05/2024 00:00
RES-A884D78AC7,702,3,113,10-05-2024,2024-10-15,pending,08-07-2024 12:00 AM
RES-FF576224A4,972,5,232,28/02/2025,01/03/2025,PENDING,19/01/2025 00:00
RES-868BF8CB14,162,2,37,2025/05/30,2025-06-04,Pending,21/04/2025 00:00
RES-35E03ADDC2,719,6,257,2025-01-29,2025-02-01,CONFIRMED,01-26-2025 12:00 AM
RES-5BFF3AF100,881,10,396,2026/07/16,2026/07/21,CHECKED_IN,06-20-2026 12:00 AM
RES-2B9F30EC7E,260,7,291,2025-05-14,2025/05/15,CHECKED_IN,19/04/2025 00:00
RES-48F09647A1,1142,1,15,2025-08-09,19-Aug-2025,no-show,2025-08-01 00:00:00
RES-1341E03060,1084,7,276,2026/07/17,24/07/2026,checked-in,04/07/2026 00:00
RES-C82760823E,81,9,388,2024/06/18,2024/06/22,CHECKED_IN,2024-06-10 00:00:00
RES-FC424AE359,341,3,64,19/03/2026,2026-03-27,checked_in,2026-01-31 00:00:00
RES-03058DCEB4,1124,13,517,05-Feb-2025,10-Feb-2025,CNF,2025-01-20 00:00:00
RES-B2AB9F81B8,244,1,6,2026/03/29,2026-03-30,Pending,2026-03-28 00:00:00
RES-2C3126D6D5,1192,3,88,17-Aug-2025,2025/08/27,CNF,06-28-2025 12:00 AM
RES-022E3941FD,1122,6,272,23/05/2025,2025-05-30,NS,05-06-2025 12:00 AM
RES-6FACE47CFA,199,5,206,2026-05-21,2026-05-29,CONFIRMED,2026-05-05 00:00:00
RES-85F7EC01CB,531,11,462,06-07-2025,17/06/2025,Cancelled,05-28-2025 12:00 AM
RES-8FC60C8447,490,1,14,25-Mar-2025,03-26-2025,NS,02-26-2025 12:00 AM
RES-6AA21BFB04,885,5,209,2024-07-16,2024-07-17,checked_in,2024-05-31 00:00:00
RES-54D54A2643,312,12,478,14-Nov-2025,2025/11/23,checked_in,2025-10-30 00:00:00
RES-EA3D13EBE8,1026,15,636,09/06/2025,15-Jun-2025,checked-in,23/05/2025 00:00
RES-7CB8B0FBF1,931,5,203,28/01/2024,2024/01/30,no-show,01-09-2024 12:00 AM
RES-981EC20731,858,12,508,10-17-2025,2025/10/23,PND,2025-10-05 00:00:00
RES-B3AADC67D2,449,15,663,2024-10-25,2024-11-01,no-show,09-27-2024 12:00 AM
RES-37DD4D2451,360,3,66,23-Jul-2026,2026-08-02,cancelled,07-14-2026 12:00 AM
RES-4E9D2C8D7F,24,15,668,02-20-2026,27/02/2026,PENDING,23/01/2026 00:00
RES-FC6115227B,296,7,284,20-Mar-2025,2025-03-25,CONFIRMED,2025-03-05 00:00:00
RES-6DB3B61B5D,634,1,14,25/05/2026,05-30-2026,checked_out,15/05/2026 00:00
RES-952E0233E7,208,7,280,05/12/2025,13-Dec-2025,CNF,26/11/2025 00:00
RES-302FD60732,820,14,608,2026-06-04,2026/06/09,CO,26/05/2026 00:00
RES-BBF40A23A4,601,9,378,16/06/2025,2025/06/18,Cancelled,2025-04-23 00:00:00
RES-F212917165,622,1,7,02/09/2025,07/09/2025,checked-in,02/08/2025 00:00
RES-B5DEBE3E8F,775,1,27,2024-06-13,06-16-2024,Checked Out,06-05-2024 12:00 AM
RES-7BD95951A4,1178,12,483,02-13-2024,2024-02-18,CNF,18/01/2024 00:00
RES-D3B7276CC4,301,13,549,13/09/2024,09-20-2024,PENDING,09-12-2024 12:00 AM
RES-6FAF7F6F69,1082,14,581,2024/11/17,2024-11-24,Checked Out,2024-10-10 00:00:00
RES-BB241059D1,90,6,272,04-14-2024,20/04/2024,checked_in,04-03-2024 12:00 AM
RES-B990FDB9FA,823,3,66,24-Dec-2024,2025-01-02,CANCELLED,2024-11-14 00:00:00
RES-B635A28C6D,789,2,53,2024-03-13,16/03/2024,CO,02-29-2024 12:00 AM
RES-FBA9687C2A,566,10,395,08-19-2026,23-Aug-2026,cancelled,08-18-2026 12:00 AM
RES-CB7600054A,1137,8,340,06-Apr-2024,08/04/2024,CI,2024-02-16 00:00:00
RES-BABBE77EE1,584,12,479,06-14-2025,06-23-2025,pending,2025-04-22 00:00:00
RES-87DF90D68C,1086,4,159,01-Jan-2026,02/01/2026,PND,12-24-2025 12:00 AM
RES-3C8ED2DFD8,1227,12,282,13-Apr-2024,2024-04-17,conf,2024-02-27 00:00:00
RES-84E7A4E3EA,963,9,368,2024/07/09,2024/07/13,Checked Out,12/05/2024 00:00
RES-85CDF2BB1C,694,8,337,2024/03/11,2024-03-18,Confirmed,11/02/2024 00:00
RES-FBD013C325,954,9,384,02-03-2024,02-06-2024,canceled,02/02/2024 00:00
RES-017E62931F,78,3,78,2025/10/21,10-28-2025,CHECKED_IN,09-08-2025 12:00 AM
RES-F977DFD12E,731,8,354,02/05/2025,2025/05/04,checked-in,2025-03-23 00:00:00
RES-484C8940FF,611,6,249,06-Feb-2025,2025-02-07,checked_in,02-01-2025 12:00 AM
RES-D5D086A8E2,434,9,371,2026/03/22,2026/03/24,no-show,05/02/2026 00:00
RES-E2F8F77D68,49,9,393,02-Jan-2025,2025/01/04,confirmed,04/11/2024 00:00
RES-9D0BF1E89A,146,14,577,2025/06/18,24-Jun-2025,checked-out,2025-05-02 00:00:00
RES-225D47507E,477,11,460,2025-07-23,07-25-2025,CONFIRMED,17/07/2025 00:00
RES-C91933A39C,1199,7,279,03-Jun-2026,09/06/2026,checked_in,2026-05-26 00:00:00
RES-70E8080D11,675,9,389,06-01-2024,2024/06/11,CONFIRMED,17/05/2024 00:00
RES-2FDEE0AD49,1226,5,180,2024-06-28,05/07/2024,CHECKED_IN,06-13-2024 12:00 AM
RES-964B5A2B39,948,14,594,2024-05-27,02-Jun-2024,checked-out,2024-05-24 00:00:00
RES-807FD58779,540,14,574,29/11/2025,08-Dec-2025,Confirmed,2025-10-29 00:00:00
RES-F278D091BA,381,8,317,12-22-2024,2024/12/24,PND,10-30-2024 12:00 AM
RES-1853F57960,681,3,83,2026/04/18,25-Apr-2026,checked-out,02-28-2026 12:00 AM
RES-CC421D8208,878,9,363,20-May-2024,28/05/2024,Confirmed,19/05/2024 00:00
RES-BD9E1B6E16,284,4,163,2025/09/19,23-Sep-2025,CO,2025-09-10 00:00:00
RES-733EE5A916,540,7,297,27-Sep-2026,2026/10/06,cancelled,07-29-2026 12:00 AM
RES-689022AF44,13,6,270,2026/03/20,29/03/2026,NOSHOW,03-18-2026 12:00 AM
RES-990229E714,921,2,43,09-18-2026,19/09/2026,PENDING,01/09/2026 00:00
RES-DD29C67FAA,949,8,333,01-19-2026,25/01/2026,CNF,12-28-2025 12:00 AM
RES-4F2768EDE7,371,14,626,28/09/2024,05-Oct-2024,cancelled,08-03-2024 12:00 AM
RES-57CEDC6D7B,218,3,81,05-10-2024,18-May-2024,conf,2024-03-17 00:00:00
RES-472C7335D0,1113,7,299,2024/05/15,20-May-2024,cancelled,26/04/2024 00:00
RES-AACCB50612,17,3,117,15/10/2025,2025-10-18,PND,08-21-2025 12:00 AM
RES-2ED5FA95D8,546,13,520,21-Dec-2025,2025-12-26,no_show,2025-11-25 00:00:00
RES-BCDB7B4FE5,443,8,359,14-Apr-2025,2025-04-18,pending,2025-02-13 00:00:00
RES-A593A560EF,940,5,201,14-Nov-2024,2024/11/19,conf,2024-09-16 00:00:00
RES-E22801C20A,495,10,408,2024/02/10,2024-02-14,Checked In,2024-01-06 00:00:00
RES-5EBB8793C9,449,3,133,26-Sep-2025,29/09/2025,checked-out,09-11-2025 12:00 AM
RES-22BA9C8762,794,14,632,02-02-2025,2025/02/03,Confirmed,22/12/2024 00:00
RES-7F345F1BC0,352,12,498,06-13-2026,06-22-2026,NOSHOW,02/06/2026 00:00
RES-CA533D0BBF,928,10,412,03-Feb-2024,02-12-2024,CHECKED_OUT,01/01/2024 00:00
RES-F3680D0E08,1118,13,515,2025/12/28,30/12/2025,canceled,2025-11-12 00:00:00
RES-FF7D4BC2B6,488,15,686,2024/02/21,2024/02/26,no-show,2024-02-03 00:00:00
RES-FFB0AE3C44,355,15,646,09-18-2026,2026-09-22,Checked In,07/09/2026 00:00
RES-8FBDC07BD4,464,14,573,08/11/2024,09-Nov-2024,NS,17/10/2024 00:00
RES-D73DD0550E,503,12,512,26/06/2026,01-Jul-2026,NOSHOW,2026-06-15 00:00:00
RES-BAEBF22307,1103,1,2,09-01-2024,09-04-2024,no_show,24/08/2024 00:00
RES-58AB4DF6FA,1232,13,552,21/05/2024,23/05/2024,checked-out,2024-05-17 00:00:00
RES-829260A60E,328,8,340,18/07/2026,2026/07/25,checked_in,07-17-2026 12:00 AM
RES-57918BB4E5,201,4,159,27-May-2024,2024-06-03,conf,15/05/2024 00:00
RES-54879717AD,562,4,146,02-Dec-2024,12-11-2024,cancelled,11-22-2024 12:00 AM
RES-AC02513529,55,7,300,2025/09/14,09-17-2025,Cancelled,2025-08-07 00:00:00
RES-CB55370905,472,4,144,2024-12-30,01-05-2025,cancelled,12-29-2024 12:00 AM
RES-9983FDDC2B,102,11,436,2026/06/19,27-Jun-2026,CHECKED_IN,05-21-2026 12:00 AM
RES-290A639A50,315,3,95,07-02-2025,07-06-2025,no_show,05-28-2025 12:00 AM
RES-FE5EA5CB50,1112,3,63,22-May-2025,29-May-2025,canceled,2025-05-19 00:00:00
RES-A63FE01266,881,13,551,2024-04-30,10/05/2024,PENDING,07/04/2024 00:00
RES-EBCF61D0D8,1032,5,241,25/02/2026,2026/03/06,CHECKED_IN,01-22-2026 12:00 AM
RES-3B1C0836ED,37,13,539,22-Jun-2025,29/06/2025,Cancelled,04/06/2025 00:00
RES-01D02785ED,654,15,683,23-Jan-2025,02/02/2025,canceled,17/01/2025 00:00
RES-D02FB4A22C,831,1,12,12-Apr-2026,17/04/2026,CXL,14/02/2026 00:00
RES-54F9B27AC1,348,15,634,2024-11-07,11-12-2024,CXL,2024-09-08 00:00:00
RES-4C09B97D99,808,13,558,2026-06-15,23/06/2026,CONFIRMED,01/05/2026 00:00
RES-85E024FB40,398,14,633,2024-04-09,2024-04-14,no_show,2024-03-09 00:00:00
RES-041EE5C521,760,12,509,28/08/2024,07/09/2024,checked_out,2024-07-24 00:00:00
RES-816F01C10B,860,10,394,15-Sep-2026,18-Sep-2026,CHECKED_IN,12/08/2026 00:00
RES-86B1717B10,113,7,296,17-May-2025,05-20-2025,No Show,2025-03-22 00:00:00
RES-F8EC40A930,410,1,15,15-Mar-2025,23/03/2025,pending,2025-03-09 00:00:00
RES-85D131F29E,531,14,611,01-05-2026,12/01/2026,pending,30/12/2025 00:00
RES-F5D1C9882B,403,6,272,31-Jul-2024,2024/08/08,checked_out,01/07/2024 00:00
RES-6DC1D9B114,369,14,591,09-Apr-2024,2024-04-14,checked_in,02-16-2024 12:00 AM
RES-94EA2E1B1B,1013,9,366,29/10/2025,11-02-2025,Confirmed,22/09/2025 00:00
RES-4362C95FF7,548,9,380,30/03/2026,04-02-2026,checked-in,02-26-2026 12:00 AM
RES-57512335C1,23,14,591,2025/02/27,03-04-2025,checked-out,02/01/2025 00:00
RES-6B2302BD2E,355,9,378,2025-07-10,2025-07-15,CNF,12/06/2025 00:00
RES-10C24B0136,641,4,159,2026-02-16,19-Feb-2026,Cancelled,01-29-2026 12:00 AM
RES-6F153A369F,452,10,419,05-Jul-2025,2025-07-10,PND,06-30-2025 12:00 AM
RES-3369AEC333,1071,2,47,2024-10-23,31-Oct-2024,CNF,09/10/2024 00:00
RES-0907D0FF4D,526,14,603,18-Jun-2026,21/06/2026,CONFIRMED,05-19-2026 12:00 AM
RES-60F137FDBE,1060,5,186,2025-10-22,23/10/2025,Pending,09-15-2025 12:00 AM
RES-68D523FBF2,84,14,625,22-May-2025,2025-05-31,Cancelled,10/04/2025 00:00
RES-6D9CEB2075,75,13,516,01-08-2026,16-Jan-2026,canceled,2025-12-23 00:00:00
RES-882BB4F670,46,7,289,2025/06/11,13/06/2025,CANCELLED,27/04/2025 00:00
RES-B2E200B235,167,15,670,07-Mar-2024,2024/03/16,Checked Out,2024-01-17 00:00:00
RES-EAD7F18851,421,9,363,14/03/2025,2025/03/19,NOSHOW,28/02/2025 00:00
RES-0A5DB0A99C,661,1,21,2026/06/26,01/07/2026,conf,2026-05-14 00:00:00
RES-C6276EEBAE,160,5,229,2026-06-30,08-Jul-2026,cancelled,2026-06-04 00:00:00
RES-BD4FBA6094,31,7,293,2024/09/05,15/09/2024,NS,2024-07-15 00:00:00
RES-4D0449A5DA,1005,11,455,08-08-2025,15/08/2025,CANCELLED,2025-07-29 00:00:00
RES-277B6B3483,631,8,303,2024/10/06,10-13-2024,CXL,09-25-2024 12:00 AM
RES-BCAD8AF525,179,11,436,03-16-2026,2026/03/22,CONFIRMED,28/02/2026 00:00
RES-29D476CEC2,780,13,540,07-07-2024,2024/07/17,CONFIRMED,02/07/2024 00:00
RES-D70B7F2101,1050,10,402,2026-03-23,27/03/2026,pending,05/03/2026 00:00
RES-10D1CA98B8,12,12,499,05/11/2025,2025-11-10,pending,2025-10-11 00:00:00
RES-800FBADC49,1190,7,283,2025-11-14,,checked_out,2025-11-04 00:00:00
RES-EB6C4C6D20,845,8,341,2024-11-04,12/11/2024,pending,11-01-2024 12:00 AM
RES-A42492CD6A,824,11,425,06-Jul-2025,2025/07/16,Checked In,06-25-2025 12:00 AM
RES-04AF6DF9A8,40,6,246,2024/07/03,07-12-2024,CANCELLED,05-30-2024 12:00 AM
RES-DCB8AD8283,867,5,228,10-Dec-2025,2025-12-20,CHECKED_OUT,02/12/2025 00:00
RES-678D10BD68,35,3,67,2025-10-09,17/10/2025,checked-out,10-01-2025 12:00 AM
RES-C01E4C08F7,668,15,651,03-07-2025,03-10-2025,PND,2025-01-25 00:00:00
RES-B58FC93C46,293,2,56,28/07/2024,03-Aug-2024,no_show,2024-06-15 00:00:00
RES-A1B01B8569,1130,4,153,2025-09-04,11/09/2025,PND,2025-08-06 00:00:00
RES-F61FADA28A,652,3,100,2026-07-02,07-07-2026,PND,14/05/2026 00:00
RES-E740A122CE,571,9,389,02-02-2024,2024/02/09,CONFIRMED,01-17-2024 12:00 AM
RES-5D9A158719,757,10,409,04-Oct-2026,11/10/2026,canceled,19/08/2026 00:00
RES-2255A807B0,1084,1,30,24/11/2024,11-26-2024,NOSHOW,10-17-2024 12:00 AM
RES-4F6F261F00,526,15,681,15/10/2025,22/10/2025,NS,2025-09-11 00:00:00
RES-BDC575FEBA,930,1,26,16/09/2025,09-19-2025,NS,08-20-2025 12:00 AM
RES-158789C502,657,14,629,06-Sep-2025,2025/09/14,PND,20/07/2025 00:00
RES-C17689EA4F,617,10,418,26/09/2024,2024-10-05,CI,2024-09-09 00:00:00
RES-F08B8ECD69,389,2,52,11/09/2025,,confirmed,05/09/2025 00:00
RES-CB4AB6251A,301,5,234,02-28-2026,02/03/2026,CI,2026-01-11 00:00:00
RES-16EBDE734F,1178,4,139,05-Dec-2024,14/12/2024,NS,25/11/2024 00:00
RES-4A8F93FFAE,328,11,463,04-27-2026,2026-04-30,Pending,2026-03-15 00:00:00
RES-90708D7A31,64,9,382,13-Sep-2026,2026/09/20,CNF,12/08/2026 00:00
RES-207FFA86D0,1165,9,386,09-09-2025,10-Sep-2025,confirmed,12/07/2025 00:00
RES-F3CEAF78B5,919,11,461,2025/03/21,23-Mar-2025,checked-out,02-22-2025 12:00 AM
RES-79ADB90B70,14,15,683,31-Oct-2024,11-05-2024,Cancelled,2024-09-10 00:00:00
RES-3C07E3A349,647,2,48,10-Apr-2024,11-Apr-2024,Pending,2024-04-09 00:00:00
RES-6BF2C7E1F8,859,8,325,2026-03-23,26/03/2026,NS,02-14-2026 12:00 AM
RES-FB577FCBFC,397,12,485,04-18-2025,22/04/2025,Checked In,15/04/2025 00:00
RES-101B39D23B,1011,5,175,25-Feb-2024,05/03/2024,checked_in,2024-01-27 00:00:00
RES-DB2088E58F,147,12,499,10-09-2025,2025-10-18,canceled,10-06-2025 12:00 AM
RES-F26414FFCD,395,10,402,2024/03/17,03-19-2024,Checked In,02-07-2024 12:00 AM
RES-183A1BE279,926,12,479,19-Nov-2024,11-29-2024,pending,04/10/2024 00:00
RES-EA37FB725F,1255,1,31,09-09-2025,09-10-2025,CNF,24/08/2025 00:00
RES-351F507F63,1119,1,16,2024-07-07,16/07/2024,checked-out,07-01-2024 12:00 AM
RES-0E5A5525F1,1115,12,505,2025-03-28,02-Apr-2025,Confirmed,12/02/2025 00:00
RES-A4E38AE7C6,783,6,268,06/01/2026,16/01/2026,CHECKED_IN,2025-12-09 00:00:00
RES-22B446E901,960,4,150,2024/11/20,2024/11/21,CHECKED_OUT,2024-09-26 00:00:00
RES-346786EE6C,88,9,391,2024/06/24,2024/06/26,PENDING,2024-06-21 00:00:00
RES-9EEE452F7C,298,2,54,01-29-2025,2025/01/31,CI,2025-01-22 00:00:00
RES-D0856C6A4E,245,6,258,2025-10-12,10-19-2025,Pending,2025-08-31 00:00:00
RES-060FAC6026,975,1,31,09-19-2026,09-25-2026,pending,09-01-2026 12:00 AM
RES-0DE1FC3F9F,403,11,470,05-18-2025,20-May-2025,NS,30/03/2025 00:00
RES-1C4FBFD1E7,996,12,490,02/03/2025,09/03/2025,NOSHOW,2025-02-21 00:00:00
RES-7C51A36DFF,788,6,246,2026-03-03,08/03/2026,NOSHOW,2026-01-27 00:00:00
RES-D0E302BCB4,678,4,171,22-Feb-2025,23-Feb-2025,CONFIRMED,2025-02-06 00:00:00
RES-96616A78BE,879,3,74,2026/05/08,2026/05/18,CXL,2026-05-07 00:00:00
RES-6573BD67D4,486,10,399,09/02/2024,2024-02-15,checked-in,01-30-2024 12:00 AM
RES-F34DF6950E,1165,4,167,21/01/2026,2026-01-27,CANCELLED,2025-12-13 00:00:00
RES-1476E05EB0,950,1,28,09-19-2026,09-27-2026,CI,2026-07-28 00:00:00
RES-CCF528C16E,675,1,19,2025/06/16,2025-06-18,CNF,06-10-2025 12:00 AM
RES-F0546D3889,581,7,286,13-Mar-2026,20/03/2026,No Show,2026-02-19 00:00:00
RES-CFCBF42754,835,2,48,2024-01-29,05-Feb-2024,CI,13/01/2024 00:00
RES-31C8A0DD21,316,1,19,2025-05-04,11/05/2025,CONFIRMED,03-07-2025 12:00 AM
RES-170ECBBE1A,9,6,257,11-Apr-2025,13-Apr-2025,CHECKED_IN,2025-03-27 00:00:00
RES-C50EF00191,265,6,264,08/10/2024,10/10/2024,CHECKED_IN,09-18-2024 12:00 AM
RES-06A172C78B,749,5,223,23-May-2024,2024/05/29,PND,2024-04-09 00:00:00
RES-98B34E7A4F,1075,10,396,16-Sep-2025,09-23-2025,CO,2025-08-12 00:00:00
RES-55268BC2A1,399,7,278,02-08-2026,2026/02/16,no_show,31/12/2025 00:00
RES-FDEF743669,498,11,470,2026-01-11,2026/01/19,confirmed,12-11-2025 12:00 AM
RES-31A2824E7D,496,3,109,2024/09/06,09-Sep-2024,Pending,2024-07-13 00:00:00
RES-EA7D58D052,82,10,406,07-14-2026,17/07/2026,CHECKED_OUT,08/06/2026 00:00
RES-921122FC59,339,10,414,2025/06/27,01/07/2025,No Show,04-29-2025 12:00 AM
RES-D8C485FBB3,45,3,93,2024-04-23,24-Apr-2024,canceled,04-06-2024 12:00 AM
RES-A455EC4AE3,1014,5,202,2024/04/21,01/05/2024,conf,13/03/2024 00:00
RES-30FE61038A,551,14,569,2024-12-25,01-Jan-2025,NS,12-16-2024 12:00 AM
RES-5FE6D96734,8,2,40,28/05/2026,02/06/2026,CANCELLED,05-02-2026 12:00 AM
RES-CF8F679443,958,12,481,25-Aug-2024,2024/08/27,conf,11/08/2024 00:00
RES-74DC639864,908,15,664,2024-09-05,11/09/2024,CONFIRMED,07-31-2024 12:00 AM
RES-9486F1A25A,278,6,262,27-Oct-2024,10-28-2024,CANCELLED,21/10/2024 00:00
RES-B56C3149DD,752,1,28,18-Jul-2024,26/07/2024,conf,2024-06-20 00:00:00
RES-A976B3FC8C,391,1,16,12-02-2025,09-Dec-2025,CI,09/11/2025 00:00
RES-89C042F40B,428,5,237,2025/08/18,2025/08/22,PENDING,06-19-2025 12:00 AM
RES-F1EEDED9A5,1037,13,552,03-14-2024,03-24-2024,CI,02-05-2024 12:00 AM
RES-90F8A7FC81,894,13,523,18/08/2024,2024/08/21,checked_out,2024-08-09 00:00:00
RES-7C843AD914,1093,2,50,04-29-2024,2024/05/01,checked-in,17/03/2024 00:00
RES-F4A3B77C03,923,1,150,15/03/2026,18/03/2026,No Show,29/01/2026 00:00
RES-182735CB0D,945,5,195,2025-07-15,2025/07/23,no-show,2025-05-31 00:00:00
RES-59D6DE28BC,119,4,172,2025-12-09,14-Dec-2025,checked_out,11-04-2025 12:00 AM
RES-A8555CF0C0,758,4,154,2024/12/09,2024/12/19,CHECKED_IN,2024-11-09 00:00:00
RES-DCD5EA03AE,909,13,546,08/11/2024,2024/11/15,CNF,02/10/2024 00:00
RES-7AA57C1328,1113,3,78,06-Oct-2025,2025-10-09,cancelled,2025-08-10 00:00:00
RES-6A0D269B2A,1038,7,285,18-Sep-2026,2026/09/24,Checked In,31/08/2026 00:00
RES-9228F70414,353,15,640,2025-05-24,2025-05-29,NOSHOW,26/04/2025 00:00
RES-CFA4B9D210,272,9,387,2025-12-04,10-Dec-2025,Checked In,2025-11-30 00:00:00
RES-65ECF8D952,533,3,95,2026/04/01,11-Apr-2026,Confirmed,2026-02-27 00:00:00
RES-A197B70486,35,4,172,20-Mar-2026,2026-03-26,checked_out,2026-03-05 00:00:00
RES-AF04F91F28,549,7,294,10-Aug-2026,2026-08-19,PENDING,07-27-2026 12:00 AM
RES-47C8F67594,570,1,15,2024/03/25,2024-03-30,checked_out,03-11-2024 12:00 AM
RES-795BCCF8B5,1180,8,358,07-11-2024,16/07/2024,Confirmed,18/05/2024 00:00
RES-5E548D3630,651,7,291,04-May-2025,10-May-2025,no_show,04-20-2025 12:00 AM
RES-111BF98D12,1174,6,266,2025/11/26,2025/12/02,PND,2025-11-24 00:00:00
RES-FDB26AF571,91,3,95,2026/09/25,2026/10/01,Cancelled,09-19-2026 12:00 AM
RES-CC95DA0ECA,640,5,177,2024/02/26,28-Feb-2024,Checked Out,02-11-2024 12:00 AM
RES-27036D5258,233,7,294,17-Nov-2024,11-26-2024,Pending,2024-11-12 00:00:00
RES-2BB53CFEB4,656,1,9,2025/08/11,08-18-2025,checked-out,2025-06-16 00:00:00
RES-5FB421F18D,880,11,431,2026/03/07,13-Mar-2026,checked-in,24/01/2026 00:00
RES-F9F93E02BD,430,7,284,2026-06-17,21-Jun-2026,no-show,05-19-2026 12:00 AM
RES-C6EE7D8986,1085,11,426,2024/05/02,11/05/2024,CANCELLED,02/04/2024 00:00
RES-3CF41C9569,1124,14,598,08/05/2026,15/05/2026,Pending,2026-05-06 00:00:00
RES-0F67989C12,1187,11,449,31/07/2024,03-Aug-2024,no_show,2024-06-04 00:00:00
RES-48104466B5,559,12,500,2025-08-19,2025/08/27,CHECKED_OUT,07-09-2025 12:00 AM
RES-28082CCD90,912,6,248,13/06/2025,2025/06/19,NS,05-23-2025 12:00 AM
RES-E3AF180311,948,11,449,2024-03-31,04-10-2024,CNF,03-08-2024 12:00 AM
RES-8A973999DE,1127,5,224,2025/06/18,27-Jun-2025,no_show,2025-06-01 00:00:00
RES-201301A38C,488,1,26,28/03/2025,2025-03-30,pending,02-12-2025 12:00 AM
RES-209C7DE4FC,1120,14,570,2024/08/06,2024/08/16,pending,06-07-2024 12:00 AM
RES-F7EFA3E283,1001,13,515,2026/08/21,2026-08-28,conf,07-26-2026 12:00 AM
RES-364BA82AFE,295,3,81,28/08/2025,09-01-2025,NOSHOW,07-20-2025 12:00 AM
RES-A2EEC43BCD,497,5,233,22-Nov-2024,11-29-2024,NOSHOW,11-19-2024 12:00 AM
RES-98F778D837,392,13,528,2025-02-11,19-Feb-2025,pending,2024-12-28 00:00:00
RES-2103BBC9E1,675,14,586,12-Oct-2025,2025-10-18,pending,10-09-2025 12:00 AM
RES-25D97129B6,456,8,346,11-22-2024,2024-11-27,NS,2024-10-07 00:00:00
RES-D5741FCFEA,990,2,42,27/12/2025,29/12/2025,checked_in,2025-10-29 00:00:00
RES-5C5902941B,806,7,289,2025-08-08,2025/08/10,CO,30/06/2025 00:00
RES-36830C58F8,620,9,370,22-Oct-2025,2025/10/28,CHECKED_OUT,10-04-2025 12:00 AM
RES-9ADD8834A6,867,13,528,2026-06-23,2026-06-28,CXL,26/05/2026 00:00
RES-1106A00AC4,427,8,334,02-05-2025,13-Feb-2025,CXL,12-29-2024 12:00 AM
RES-FAA449B2DF,1043,11,449,2026-10-17,21/10/2026,CONFIRMED,09-11-2026 12:00 AM
RES-F77F880020,336,6,267,2024-09-01,06-Sep-2024,PENDING,2024-08-20 00:00:00
RES-7ABDDBC38A,1195,9,377,21-Apr-2026,22/04/2026,CHECKED_OUT,03-27-2026 12:00 AM
RES-206A770AA1,1173,5,190,30-Jul-2025,08-01-2025,no_show,11/07/2025 00:00
RES-F722CD5AFD,331,2,43,21-Apr-2024,2024/04/23,PENDING,2024-03-19 00:00:00
RES-D1CCB2379C,983,4,157,2026/02/11,02-12-2026,CANCELLED,16/12/2025 00:00
RES-5DD3AA19F7,257,5,191,09/03/2025,2025-03-13,Checked Out,02-18-2025 12:00 AM
RES-99DC12793D,384,1,25,21-Sep-2025,25-Sep-2025,CNF,07-25-2025 12:00 AM
RES-39D7AE851A,160,7,288,12/06/2024,06-19-2024,Confirmed,2024-05-22 00:00:00
RES-CE38AFE893,1206,3,91,15-Feb-2024,19-Feb-2024,CHECKED_OUT,10/02/2024 00:00
RES-19BE286232,927,10,397,04-04-2024,04-07-2024,CONFIRMED,14/03/2024 00:00
RES-365F08BE95,718,1,14,05-03-2025,10-May-2025,CANCELLED,2025-04-13 00:00:00
RES-B07C1D1422,263,2,40,2024/08/16,08-26-2024,PND,08-11-2024 12:00 AM
RES-61FC5211C5,375,11,458,12-31-2025,2026-01-07,confirmed,2025-12-02 00:00:00
RES-20FE20E6D0,1122,15,684,01-15-2024,2024-01-21,Cancelled,03/01/2024 00:00
RES-A53A81B80E,986,15,690,07/08/2024,,checked-out,2024-07-03 00:00:00
RES-3B8C11F0F8,172,2,44,2026/01/04,09/01/2026,confirmed,04/12/2025 00:00
RES-A89518F4A0,956,12,502,2026-05-14,18/05/2026,CONFIRMED,2026-04-23 00:00:00
RES-B846B0561A,892,10,401,2024-05-10,2024/05/14,no_show,2024-04-07 00:00:00
RES-3E4A8FD47E,499,2,50,2024-11-29,12-09-2024,CONFIRMED,2024-11-15 00:00:00
RES-5B2B9BBAF8,213,7,288,2025-07-03,2025/07/12,CNF,05-12-2025 12:00 AM
RES-85FBFACF19,264,7,285,20-Mar-2026,2026/03/21,Confirmed,18/02/2026 00:00
RES-6B5E8A258C,148,14,584,08/09/2026,2026-09-11,Confirmed,2026-08-22 00:00:00
RES-A48EE3F5C6,687,1,28,04/03/2024,10/03/2024,confirmed,20/01/2024 00:00
RES-DBAD23210B,76,13,539,11-23-2024,2024/11/28,confirmed,18/11/2024 00:00
RES-6953B410E8,1064,7,281,05-20-2024,2024-05-23,checked-in,05-11-2024 12:00 AM
RES-3567EDDA40,774,3,85,2025/11/03,2025-11-05,Confirmed,01/11/2025 00:00
RES-2781B4FBC2,395,9,375,31/10/2025,2025/11/06,Confirmed,2025-10-19 00:00:00
RES-646C3885C2,844,4,154,08/11/2024,11-11-2024,Checked Out,17/10/2024 00:00
RES-336745BF94,541,10,419,06/07/2025,07-13-2025,CNF,08/06/2025 00:00
RES-6D0A747675,970,4,167,09-09-2026,2026/09/13,PENDING,2026-07-15 00:00:00
RES-2F0130DC6B,189,10,401,17-Dec-2025,12-24-2025,no_show,05/12/2025 00:00
RES-C8D9185458,758,8,327,2026-07-23,2026/08/01,Checked Out,2026-06-12 00:00:00
RES-575EC8DC36,829,5,222,01-08-2026,11-Jan-2026,CHECKED_IN,15/12/2025 00:00
RES-09FF90142B,1150,12,487,30/01/2026,2026/02/06,checked-in,2025-12-16 00:00:00
RES-5259E9B608,1214,5,224,07-Nov-2024,2024-11-13,CHECKED_OUT,2024-10-31 00:00:00
RES-042A715821,436,12,487,11-16-2024,2024/11/25,CXL,2024-10-20 00:00:00
RES-50415A7B06,302,7,287,02/09/2025,2025/09/12,no_show,02/08/2025 00:00
RES-F57F6A908C,1025,2,40,09/05/2024,18-May-2024,cancelled,13/04/2024 00:00
RES-446A610E28,966,13,522,2024-08-08,08-09-2024,CHECKED_OUT,06-19-2024 12:00 AM
RES-11B7C9EE7F,792,15,669,2024-11-14,18/11/2024,CHECKED_IN,2024-10-08 00:00:00
RES-2B196B8527,813,10,419,08/01/2025,2025/01/13,Pending,27/11/2024 00:00
RES-E164188A1A,421,14,603,11/09/2025,2025/09/19,No Show,2025-09-04 00:00:00
RES-425D19159B,164,4,174,04-May-2024,05-11-2024,CNF,22/04/2024 00:00
RES-92C7DC2C37,1128,8,304,2024/09/02,2024-09-06,checked_out,2024-08-11 00:00:00
RES-B5D584AA30,822,6,264,2026/01/21,01-31-2026,confirmed,2026-01-05 00:00:00
RES-E8F7D9750F,859,4,155,12-25-2025,2025/12/29,checked_in,11-03-2025 12:00 AM
RES-6DB51DBFE3,128,9,377,2026/07/02,10/07/2026,CI,2026-06-04 00:00:00
RES-1B2E92DAAA,1209,2,42,2025-11-10,11-11-2025,cancelled,2025-11-04 00:00:00
RES-68B622CD5C,244,9,387,2026-08-30,2026/08/31,Cancelled,2026-07-26 00:00:00
RES-C23C33816B,1028,2,57,2026/09/05,09-10-2026,Confirmed,14/08/2026 00:00
RES-BD8A9BD493,1159,4,141,2024-05-10,20/05/2024,checked_out,2024-04-08 00:00:00
RES-3C5D6E2A29,177,6,249,2024-05-12,2024/05/15,Confirmed,28/04/2024 00:00
RES-C905576F84,1067,15,689,05-14-2026,2026-05-16,NOSHOW,04-02-2026 12:00 AM
RES-29439A43A6,154,5,237,17-Sep-2026,21-Sep-2026,CHECKED_IN,09/08/2026 00:00
RES-7EA2589CB9,490,5,199,24-Mar-2026,03-25-2026,conf,2026-03-18 00:00:00
RES-8E312A1C91,311,13,532,2025-01-10,11/01/2025,checked-in,22/12/2024 00:00
RES-AA81A5B16B,380,1,28,04-05-2024,04-14-2024,checked-in,03-09-2024 12:00 AM
RES-EC2699B435,285,8,360,2025-01-26,03-Feb-2025,NS,07/01/2025 00:00
RES-005AE912AD,579,9,383,2025-09-14,2025-09-18,No Show,06/08/2025 00:00
RES-69B3422813,427,8,345,02-26-2025,07/03/2025,CANCELLED,01-07-2025 12:00 AM
RES-D4873323CA,273,12,482,11-24-2025,2025-12-01,conf,2025-10-31 00:00:00
RES-18ED7E1DF6,563,11,439,23-May-2026,2026/05/24,checked-out,08/05/2026 00:00
RES-B1992C1784,211,1,29,14-Feb-2024,2024/02/21,PENDING,2024-01-04 00:00:00
RES-201B4CD501,835,8,312,2024-08-17,08-19-2024,Pending,2024-07-15 00:00:00
RES-407FB24440,1139,4,147,10-18-2024,27-Oct-2024,CXL,2024-10-17 00:00:00
RES-42B10DBFC5,66,6,264,2024/10/12,10-13-2024,Confirmed,06/10/2024 00:00
RES-5EA2B5A1FA,505,15,679,16/11/2025,11-22-2025,checked-out,2025-11-14 00:00:00
RES-ABC3B58FC4,16,13,551,31-Oct-2024,2024/11/06,NOSHOW,10-23-2024 12:00 AM
RES-A6F0D7CBFD,150,4,172,2026/07/25,07-27-2026,PENDING,2026-07-05 00:00:00
RES-B1ACAC4DB8,259,5,217,07-25-2025,07-27-2025,CHECKED_OUT,06/06/2025 00:00
RES-1A7A9B903E,359,12,481,2025/11/20,29/11/2025,Cancelled,18/10/2025 00:00
RES-4F1F28771A,466,15,679,01/09/2025,2025-09-03,PND,25/07/2025 00:00
RES-E34AA7843B,825,15,649,08-13-2025,2025/08/19,CHECKED_IN,12/08/2025 00:00
RES-1C77F17D57,1116,10,416,2024-10-23,02-Nov-2024,CO,10-11-2024 12:00 AM
RES-3E424101FF,1065,1,23,2026-05-05,12-May-2026,conf,31/03/2026 00:00
RES-35DA7E77F1,560,7,282,2025-05-27,28-May-2025,CHECKED_OUT,2025-03-30 00:00:00
RES-BCB0960EA5,613,15,676,14/08/2026,08-15-2026,CNF,09/07/2026 00:00
RES-BD6B798EA2,330,4,163,11-13-2025,11-20-2025,checked-out,19/09/2025 00:00
RES-9BAC3ABF41,378,13,514,10/02/2026,15/02/2026,confirmed,31/01/2026 00:00
RES-D55D40B3C6,678,2,37,2024/11/04,2024-11-11,Checked In,09/09/2024 00:00
RES-903CA7464C,1022,5,178,03/05/2026,05-04-2026,checked_out,2026-04-08 00:00:00
RES-948C587072,693,13,556,25/09/2025,01/10/2025,CI,2025-09-06 00:00:00
RES-0CE50A7751,287,9,363,2025/04/16,2025/04/19,cancelled,21/03/2025 00:00
RES-ECE876ED03,55,5,192,2024/04/26,04/05/2024,checked-in,03-30-2024 12:00 AM
RES-854C9FE386,973,3,111,02-24-2025,2025-02-27,Confirmed,02-09-2025 12:00 AM
RES-4B48698340,734,3,101,18-Jul-2024,2024-07-19,confirmed,07-08-2024 12:00 AM
RES-5A957AEC75,463,4,151,2025/10/12,,pending,2025-09-10 00:00:00
RES-8A9E6D132E,772,12,494,30-Aug-2024,09-05-2024,CNF,07-07-2024 12:00 AM
RES-A0374B99AB,921,6,265,19/11/2025,2025-11-22,checked-in,2025-09-28 00:00:00
RES-91AA1E775E,960,12,497,2026-09-16,09-25-2026,CHECKED_IN,07-27-2026 12:00 AM
RES-672FFE0227,243,5,231,17/12/2024,2024/12/23,confirmed,10-29-2024 12:00 AM
RES-A222E87764,877,8,330,23-Mar-2024,26-Mar-2024,CNF,2024-02-29 00:00:00
RES-2FB84F1809,113,9,381,2025-11-14,24/11/2025,confirmed,09/11/2025 00:00
RES-80C3E3BB72,50,8,346,28-Nov-2025,06/12/2025,canceled,2025-10-06 00:00:00
RES-3977FFB393,319,11,455,2026/06/17,06-24-2026,CHECKED_IN,2026-06-08 00:00:00
RES-EB16BA57B8,312,15,639,2024-11-28,2024-11-29,CANCELLED,15/11/2024 00:00
RES-CBE0D5269D,1157,13,550,2024-07-27,31/07/2024,Checked Out,06-01-2024 12:00 AM
RES-CBC3DE4175,428,11,445,10-22-2026,2026-10-31,no-show,09-21-2026 12:00 AM
RES-2E2EDEC234,699,8,339,2026-09-02,2026-09-05,checked_in,30/07/2026 00:00
RES-B48940F953,600,13,558,04-15-2025,2025-04-19,checked-out,17/03/2025 00:00
RES-737D8C66F2,510,6,253,23-Oct-2026,10-29-2026,CO,30/08/2026 00:00
RES-E0BF4C3889,1206,7,289,2024/06/23,06-28-2024,confirmed,12/06/2024 00:00
RES-A1DA0F134A,847,7,285,06-18-2024,25-Jun-2024,checked_in,2024-05-12 00:00:00
RES-D2588FD8DD,917,14,612,2026/01/30,02/02/2026,pending,12-29-2025 12:00 AM
RES-AC07F3847C,552,8,316,2024-03-24,04-03-2024,PENDING,2024-03-15 00:00:00
RES-F00C5EC56D,1011,3,88,09-10-2025,09-11-2025,PND,2025-07-17 00:00:00
RES-5A4D437C73,107,6,262,2024/02/08,2024/02/12,CHECKED_IN,01-25-2024 12:00 AM
RES-93A045F1CB,396,11,430,2025-12-08,2025/12/11,Checked In,2025-10-22 00:00:00
RES-DF279535A1,912,12,504,21/02/2025,28/02/2025,NOSHOW,2025-02-08 00:00:00
RES-2276B01760,311,1,9,2026/06/14,06-15-2026,checked-in,21/04/2026 00:00
RES-4C41B03C88,436,14,628,17-Jun-2026,2026-06-27,no-show,05-19-2026 12:00 AM
RES-3CC1D638E3,176,9,392,08-24-2024,08-25-2024,CHECKED_IN,07-30-2024 12:00 AM
RES-296D26B523,574,3,110,2026-02-25,26/02/2026,No Show,2026-01-02 00:00:00
RES-893BB01418,2,15,647,06-17-2024,23-Jun-2024,CI,04-20-2024 12:00 AM
RES-01AB9F0C89,100,12,476,2026/10/05,2026-10-14,pending,2026-09-01 00:00:00
RES-480303A6AE,831,5,205,2026-08-06,12/08/2026,CXL,07-04-2026 12:00 AM
RES-AA0D8EB022,978,11,453,2025/05/05,2025-05-11,no_show,2025-04-14 00:00:00
RES-EFB8A6DDDE,917,15,654,2025/07/06,07-14-2025,no_show,2025-05-13 00:00:00
RES-584E667E8C,1080,15,676,06-Sep-2025,2025-09-10,CONFIRMED,07-26-2025 12:00 AM
RES-F14145A666,866,15,685,04-May-2024,14-May-2024,NS,2024-03-28 00:00:00
RES-2FE0D6B806,86,11,447,01-19-2025,2025/01/20,Cancelled,24/11/2024 00:00
RES-669FB0F59C,671,11,458,01-02-2026,11/01/2026,canceled,12-23-2025 12:00 AM
RES-B80D1C2BCD,579,11,469,2025-02-27,02-Mar-2025,PND,01/02/2025 00:00
RES-2C3A4314A7,549,9,382,2025/04/19,,cancelled,2025-03-14 00:00:00
RES-AF880D93EF,947,13,527,23-Jun-2025,2025/06/30,Pending,05/05/2025 00:00
RES-39CAE77369,126,6,257,12-02-2024,12-11-2024,cancelled,11-23-2024 12:00 AM
RES-76442B38CB,1156,8,303,04-Jul-2024,05/07/2024,Pending,08/05/2024 00:00
RES-EDF5CDEDA7,238,13,543,08-06-2026,15/08/2026,PND,06-18-2026 12:00 AM
RES-CD524B2180,1275,9,373,07/02/2024,2024-02-09,Cancelled,2024-01-09 00:00:00
RES-52CF15D9E6,107,4,156,10-Mar-2026,18-Mar-2026,NOSHOW,2026-01-26 00:00:00
RES-7DE73E54BD,771,11,461,02-05-2026,12-Feb-2026,CHECKED_OUT,27/12/2025 00:00
RES-575EA9F939,481,1,25,2024-12-10,2024-12-15,checked-in,2024-10-21 00:00:00
RES-C44067985B,778,15,652,23-Jan-2026,2026/01/27,Pending,2025-12-30 00:00:00
RES-14475837FA,500,14,568,2025-12-22,12-30-2025,checked-out,21/12/2025 00:00
RES-6BBAE1ACB8,1202,1,22,2024-05-23,2024-05-29,checked-out,25/03/2024 00:00
RES-96FF722763,715,1,3,09-23-2025,27-Sep-2025,NOSHOW,08-08-2025 12:00 AM
RES-3401AC068A,1040,15,648,14-Jan-2026,2026-01-20,CONFIRMED,12-31-2025 12:00 AM
RES-6B113FDB16,788,7,277,17-Nov-2026,26-Nov-2026,Pending,2026-09-20 00:00:00
RES-B2E65C346D,1014,1,6,14-Jul-2024,07-21-2024,no-show,22/05/2024 00:00
RES-9AB6D2AFBB,1213,7,283,02-08-2026,2026-02-11,Confirmed,2026-01-07 00:00:00
RES-90FDDF851D,773,9,364,2024-11-29,2024/12/09,checked-in,2024-11-23 00:00:00
RES-ADB978D16C,416,8,328,25/04/2024,04-29-2024,Pending,28/02/2024 00:00
RES-07DD493861,27,10,420,2026-07-21,2026/07/22,NS,2026-07-17 00:00:00
RES-97768E3998,8,2,49,2026-07-16,25/07/2026,Cancelled,05-24-2026 12:00 AM
RES-07453C2CB1,1230,5,244,2024/08/12,13/08/2024,checked-in,07-03-2024 12:00 AM
RES-63C2365300,856,8,308,2024/07/28,2024-07-29,CANCELLED,06-23-2024 12:00 AM
RES-7052CE9686,621,2,60,11-Jun-2025,2025-06-16,Pending,2025-04-14 00:00:00
RES-E0DE78C72D,715,14,570,2025-07-29,2025/08/02,CXL,15/07/2025 00:00
RES-D298C8B40D,1198,10,398,23-Feb-2026,2026/02/26,Checked Out,02-03-2026 12:00 AM
RES-E13EBE1EF7,995,1,7,2025/06/19,21-Jun-2025,CXL,05-05-2025 12:00 AM
RES-AC28CDA70C,886,13,540,2025-08-19,2025-08-25,checked-out,22/06/2025 00:00
RES-E40AFFCDAF,871,15,671,2025/04/19,2025-04-28,Pending,21/03/2025 00:00
RES-D89999F64E,666,11,446,2024/08/15,,CI,07-10-2024 12:00 AM
RES-F3CC037081,278,4,174,24-Jan-2025,01-Feb-2025,CI,15/12/2024 00:00
RES-950745EE09,1141,7,292,2026-10-27,11-05-2026,CONFIRMED,2026-09-09 00:00:00
RES-AC2689BEF4,1130,13,538,17/08/2024,2024/08/19,CHECKED_IN,11/07/2024 00:00
RES-4887EF2EA1,234,13,548,2025-07-20,07-21-2025,CNF,2025-06-22 00:00:00
RES-47BD3AD5F8,916,5,198,07-01-2026,09-Jul-2026,Pending,05-05-2026 12:00 AM
RES-491409858D,209,1,13,2026-06-27,2026-07-03,checked_out,17/06/2026 00:00
RES-030132A383,1231,5,177,13/06/2024,16/06/2024,cancelled,06-01-2024 12:00 AM
RES-23EE9BB268,28,9,371,29/10/2025,10-30-2025,CHECKED_OUT,2025-10-16 00:00:00
RES-C63A096F93,962,5,232,10-31-2025,01-Nov-2025,pending,10-12-2025 12:00 AM
RES-CF1419B255,1224,13,539,08-07-2026,2026-08-15,NOSHOW,2026-07-11 00:00:00
RES-A84999CDE2,449,6,254,01-20-2025,22-Jan-2025,NS,12-04-2024 12:00 AM
RES-EA6C0FA174,549,14,624,2024/09/11,16/09/2024,CI,22/07/2024 00:00
RES-6E0B3A9026,443,11,447,2025/03/31,04-05-2025,conf,05/02/2025 00:00
RES-1AF4678EFC,596,6,246,2024/07/31,2024/08/07,PENDING,11/06/2024 00:00
RES-84B9542117,691,4,165,02-25-2024,02-26-2024,checked_in,02-02-2024 12:00 AM
RES-44994C6215,17,3,114,26/04/2025,2025/05/01,no_show,04-13-2025 12:00 AM
RES-23637E16A4,291,8,350,2024-12-06,12/12/2024,confirmed,18/11/2024 00:00
RES-DDD8F82800,79,3,107,06-29-2024,06-30-2024,CXL,2024-05-15 00:00:00
RES-E6A6C7DB37,286,5,204,19/09/2025,23-Sep-2025,checked-in,2025-09-02 00:00:00
RES-DC5D72E509,490,13,520,02-02-2025,03/02/2025,CANCELLED,27/12/2024 00:00
RES-1F32C247CF,705,3,111,12-13-2025,22-Dec-2025,CXL,12-09-2025 12:00 AM
RES-DF3E34661A,165,11,439,2025-11-27,2025/12/04,pending,10-09-2025 12:00 AM
RES-40089B7C57,624,4,143,21/05/2026,27-May-2026,checked-out,28/04/2026 00:00
RES-FEF01D0513,410,3,76,2025-04-14,21/04/2025,PENDING,28/03/2025 00:00
RES-C8932526AA,342,6,269,28/03/2025,30-Mar-2025,CI,2025-03-11 00:00:00
RES-29FA37487F,29,9,389,27-Nov-2025,2025/11/28,NOSHOW,2025-09-28 00:00:00
RES-37ECC79857,1225,1,16,04-Sep-2026,2026-09-11,CONFIRMED,08-30-2026 12:00 AM
RES-C5741EAEFA,257,10,411,06-Feb-2026,13/02/2026,Confirmed,2025-12-21 00:00:00
RES-427A9CA8BA,1087,5,242,2024-12-14,12-20-2024,Confirmed,11/11/2024 00:00
RES-B02FE6B3BE,95,10,406,03/07/2024,2024-07-06,CANCELLED,28/05/2024 00:00
RES-E81CCF1CF6,131,13,538,2026/01/27,2026-02-01,PENDING,2026-01-05 00:00:00
RES-DAE137F296,613,15,688,05-18-2025,28/05/2025,confirmed,03-22-2025 12:00 AM
RES-8A31A127EA,991,11,463,06-14-2024,2024-06-16,pending,05-01-2024 12:00 AM
RES-7134BA50A7,696,15,642,18/08/2026,2026/08/22,checked-out,07-20-2026 12:00 AM
RES-2312E41718,1002,10,395,29/05/2026,2026-06-01,CANCELLED,04-19-2026 12:00 AM
RES-A92855D992,944,15,654,2026-04-07,04-09-2026,NOSHOW,07/03/2026 00:00
RES-D5CDCD7BF4,1219,1,19,11-18-2025,20/11/2025,Checked In,2025-09-25 00:00:00
RES-9B3C22848A,773,1,12,2026/05/10,14-May-2026,Confirmed,04-06-2026 12:00 AM
RES-925F6FE799,648,5,182,2025-03-14,21/03/2025,CONFIRMED,2025-02-13 00:00:00
RES-845ABC1DBD,836,10,419,01-06-2026,2026-01-12,Pending,2025-12-07 00:00:00
RES-74FDE18441,155,13,546,05-Jun-2026,08/06/2026,checked_in,2026-04-30 00:00:00
RES-5B179862F9,636,4,141,02/06/2024,2024/06/04,Cancelled,2024-06-01 00:00:00
RES-B8018B5B69,158,3,133,2025-12-14,23-Dec-2025,Confirmed,11-19-2025 12:00 AM
RES-48B90125BE,981,10,415,2026-02-19,01-Mar-2026,No Show,01-25-2026 12:00 AM
RES-EE5BB0388B,48,8,314,2024-05-18,2024-05-23,conf,2024-05-12 00:00:00
RES-0094F7A583,57,7,292,12-23-2025,2026-01-02,checked_out,11-18-2025 12:00 AM
RES-9135DCF3A2,1197,6,249,05-02-2024,05-07-2024,CHECKED_IN,03-23-2024 12:00 AM
RES-BBD0E9C44B,798,8,328,18-Sep-2025,26-Sep-2025,CHECKED_OUT,09-06-2025 12:00 AM
RES-667BEA4515,1027,11,465,19-Apr-2025,22/04/2025,checked_out,2025-03-01 00:00:00
RES-62E9E14788,903,12,497,08-14-2024,20-Aug-2024,Confirmed,08-12-2024 12:00 AM
RES-9E8C39B7AA,96,14,620,01-25-2026,29-Jan-2026,Checked In,16/01/2026 00:00
RES-B24AD70995,448,15,665,2024-12-13,15-Dec-2024,CONFIRMED,2024-10-30 00:00:00
RES-B41608EFDB,1048,11,444,2024/06/03,10-Jun-2024,Checked Out,25/04/2024 00:00
RES-952469A94F,1104,1,25,10-Mar-2025,2025-03-19,NS,2025-01-31 00:00:00
RES-09E450192A,1236,1,15,2024-09-16,09-20-2024,canceled,08-21-2024 12:00 AM
RES-D169C79405,119,10,414,01-11-2025,2025-01-15,checked_in,03/12/2024 00:00
RES-C226D1403B,168,12,482,2025/04/18,21/04/2025,CNF,2025-04-07 00:00:00
RES-9D44E0CE2C,1195,1,8,21-Sep-2026,09-22-2026,NS,08-26-2026 12:00 AM
RES-AB0692EB83,1181,13,547,2026/07/23,02-Aug-2026,CONFIRMED,2026-07-04 00:00:00
RES-8101B0E4BE,227,15,640,09-06-2025,13-Sep-2025,pending,07-13-2025 12:00 AM
RES-A6FD2A816F,20,10,397,04-20-2024,24-Apr-2024,conf,2024-03-19 00:00:00
RES-CD6A7465CA,751,14,618,27-May-2025,2025-05-30,CI,04/04/2025 00:00
RES-033EC8057A,182,4,173,2026/07/06,2026/07/10,no_show,09/05/2026 00:00
RES-76E65FDAC6,234,9,371,11-Sep-2024,2024-09-12,Checked Out,2024-07-31 00:00:00
RES-D32B79DA8A,455,13,524,14/08/2024,2024-08-16,No Show,18/07/2024 00:00
RES-FA980A235C,1234,10,395,2024/10/06,10-09-2024,CI,05/09/2024 00:00
RES-97639AE7DD,481,9,387,2025/11/02,2025-11-12,checked-in,09-04-2025 12:00 AM
RES-D11162F562,701,11,441,2025-05-15,2025/05/20,Cancelled,03-24-2025 12:00 AM
RES-D9AB4AEC56,521,15,674,2026-07-04,07/07/2026,checked_out,2026-06-07 00:00:00
RES-4170303432,535,12,487,2024/09/28,10-02-2024,CONFIRMED,21/09/2024 00:00
RES-B5E1B670A6,964,4,153,2025/03/19,2025-03-25,Checked Out,13/02/2025 00:00
RES-8A562EF002,569,15,668,2024/03/09,19/03/2024,CHECKED_OUT,02-02-2024 12:00 AM
RES-B8B038AFD4,191,13,535,2025-03-19,21/03/2025,NOSHOW,2025-02-14 00:00:00
RES-31EB7E4CD7,279,15,635,06-17-2025,2025-06-21,Cancelled,2025-05-05 00:00:00
RES-5C2EAA8E7C,554,11,431,14/01/2026,2026-01-23,canceled,12-05-2025 12:00 AM
RES-084BFEE17C,193,4,157,05-24-2024,05-29-2024,No Show,2024-04-12 00:00:00
RES-7B66468B18,573,11,422,2026-05-31,2026/06/06,Checked Out,04-07-2026 12:00 AM
RES-1AD6384327,1055,15,641,09-Nov-2025,,No Show,2025-11-04 00:00:00
RES-4128DC7029,134,5,199,04-26-2025,02/05/2025,checked_in,04-23-2025 12:00 AM
RES-116417674D,367,11,453,2026-06-04,06/06/2026,CI,30/05/2026 00:00
RES-D7CF643240,358,3,85,31-May-2025,2025/06/07,CO,2025-05-06 00:00:00
RES-41B3A0675F,1101,13,536,2024-05-12,2024-05-17,no-show,04-05-2024 12:00 AM
RES-0F353CD670,626,11,460,11-25-2024,2024-11-28,Pending,10-14-2024 12:00 AM
RES-FE53F479FF,615,12,499,18/07/2025,28/07/2025,Checked Out,2025-06-13 00:00:00
RES-455374CA08,522,12,500,03-12-2024,03-19-2024,CXL,2024-02-08 00:00:00
RES-71740F7F4B,704,7,279,04-23-2025,2025-04-27,checked-in,04-05-2025 12:00 AM
RES-309E07B345,765,11,454,2024-12-01,09/12/2024,NOSHOW,05/10/2024 00:00
RES-C7E8C13ED6,964,6,265,05-Dec-2024,2024-12-10,no-show,2024-12-02 00:00:00
RES-2D27A2D890,1128,1,22,09-29-2026,10-03-2026,NOSHOW,08-30-2026 12:00 AM
RES-302A4CCE4B,1207,7,288,25-Oct-2025,2025-10-30,conf,09-17-2025 12:00 AM
RES-458022D447,888,14,561,2024/02/28,04-Mar-2024,confirmed,2024-02-22 00:00:00
RES-AD04CF8C93,804,13,542,22-May-2026,,checked_in,04-29-2026 12:00 AM
RES-ADB489CA92,788,12,474,2025/11/28,03/12/2025,Pending,09/11/2025 00:00
RES-6CE910D1B7,672,10,407,08-22-2026,2026-08-27,CHECKED_OUT,06-23-2026 12:00 AM
RES-7060738ED7,637,10,401,10/07/2024,2024/07/15,CO,05-18-2024 12:00 AM
RES-5592110B76,69,3,120,2024/12/08,12-12-2024,CHECKED_OUT,12-04-2024 12:00 AM
RES-F79DBAB1A1,147,3,101,2025/04/15,04-19-2025,PND,02-25-2025 12:00 AM
RES-0C391A9325,1049,14,608,2024-08-16,2024-08-18,CANCELLED,08-14-2024 12:00 AM
RES-CC49988AC7,427,10,404,03-07-2026,16/03/2026,PND,16/02/2026 00:00
RES-A44E7ECA37,443,6,270,2024-12-28,31/12/2024,Cancelled,01/12/2024 00:00
RES-3762AFE346,826,11,461,18/04/2026,25/04/2026,Confirmed,2026-03-10 00:00:00
RES-3FDF5F1B37,98,4,164,07-Jul-2026,07-09-2026,CHECKED_IN,22/06/2026 00:00
RES-AF0BB3FC7B,279,15,677,2024/10/03,10-11-2024,NS,09-07-2024 12:00 AM
RES-BC0C25CC69,543,15,665,2026/11/05,11-11-2026,Pending,16/09/2026 00:00
RES-3965DEA391,726,14,601,05-19-2025,2025-05-27,CANCELLED,01/04/2025 00:00
RES-7A87DC50A8,544,8,333,20-Mar-2024,28-Mar-2024,CI,24/01/2024 00:00
RES-7E1115CDC8,965,6,248,2024-09-11,2024/09/15,confirmed,07-31-2024 12:00 AM
RES-2C8A906A3B,764,14,563,16/02/2025,25/02/2025,PENDING,31/12/2024 00:00
RES-6DFAB0204C,866,4,159,30/09/2024,03/10/2024,checked_out,09-08-2024 12:00 AM
RES-50631C2574,76,11,463,2025-04-24,2025-05-04,Cancelled,04-22-2025 12:00 AM
RES-DD893F6CE0,1229,13,540,2026/04/02,2026/04/11,checked_in,2026-02-22 00:00:00
RES-21F7AFF39F,918,9,381,03-15-2025,03-17-2025,checked_out,02-15-2025 12:00 AM
RES-192AD90EE4,1,11,447,06-Feb-2026,16-Feb-2026,CO,2026-01-07 00:00:00
RES-41064369BE,756,12,496,01-25-2025,2025-02-04,no_show,17/12/2024 00:00
RES-FFB650637D,8,12,487,09-Aug-2024,12-Aug-2024,CONFIRMED,03/07/2024 00:00
RES-2137C3E755,865,14,589,08-04-2026,2026-08-06,cancelled,07-25-2026 12:00 AM
RES-37072FBFD3,924,7,284,2024-09-11,09-21-2024,PENDING,2024-08-06 00:00:00
RES-392AAF8277,6,5,213,01-09-2025,2025-01-14,Pending,12-01-2024 12:00 AM
RES-C78EAE5A43,732,4,168,01-Sep-2025,09-08-2025,CHECKED_OUT,04/07/2025 00:00
RES-CAF001DD27,157,2,39,04/12/2025,12-05-2025,Cancelled,21/11/2025 00:00
RES-9E6298E11E,1080,13,519,2025-07-28,31-Jul-2025,Checked In,07-04-2025 12:00 AM
RES-2845E7A450,156,13,550,10-27-2026,11-03-2026,conf,21/09/2026 00:00
RES-5CF86CA1BB,421,6,251,2025/09/08,2025/09/13,pending,08-24-2025 12:00 AM
RES-56E9C5CFB9,789,1,5,01/10/2024,10-11-2024,CNF,22/09/2024 00:00
RES-C5AC6A8966,107,10,420,24/03/2026,2026-03-26,CANCELLED,2026-01-23 00:00:00
RES-860178B064,823,5,186,08-05-2024,08-07-2024,confirmed,20/07/2024 00:00
RES-60CE21E952,608,4,141,2025-05-04,2025-05-13,NOSHOW,05/04/2025 00:00
RES-8989A3E43D,655,10,415,09/04/2025,04-16-2025,checked_in,02-20-2025 12:00 AM
RES-F2DA38370F,290,12,511,09-28-2026,10-08-2026,Checked Out,08-19-2026 12:00 AM
RES-66129BF5A9,211,2,62,12-Mar-2025,2025/03/19,CNF,03-05-2025 12:00 AM
RES-6666403663,253,3,95,2025/07/12,19/07/2025,conf,02/07/2025 00:00
RES-847D02FC07,781,15,644,24/09/2025,2025-10-01,PENDING,05/08/2025 00:00
RES-064DB80099,8,10,416,25/01/2025,01-29-2025,CXL,12-19-2024 12:00 AM
RES-C4B9B476F7,63,8,315,10-22-2026,2026/10/30,checked-out,10/09/2026 00:00
RES-C0A96ADF97,297,13,543,12-30-2024,04/01/2025,CONFIRMED,12-24-2024 12:00 AM
RES-4542BA12E8,302,9,362,2026-10-01,08-Oct-2026,no_show,2026-08-28 00:00:00
RES-FCAE6189D1,858,13,525,06-06-2026,14-Jun-2026,CO,17/05/2026 00:00
RES-80D0744F3E,171,1,2,2025/07/15,07-25-2025,PENDING,2025-05-29 00:00:00
RES-850F072BFC,726,1,25,2026/04/13,2026/04/17,NS,04/04/2026 00:00
RES-B4E34C78A9,487,12,495,23-Aug-2024,24/08/2024,CXL,2024-07-29 00:00:00
RES-1B73A672F3,397,15,640,27-Jan-2025,2025/02/01,checked_out,01-26-2025 12:00 AM
RES-F3C80BC26D,675,10,410,2026/04/05,2026/04/10,checked-in,02-17-2026 12:00 AM
RES-EAFA8921CC,151,3,135,02-16-2026,18-Feb-2026,pending,29/12/2025 00:00
RES-5E532DFB19,1206,4,146,28-Jun-2026,05/07/2026,No Show,06-22-2026 12:00 AM
RES-11F4A14A06,1140,4,163,07-Jul-2026,2026/07/16,Checked Out,04/06/2026 00:00
RES-BD2713A82B,753,12,510,23/12/2025,01/01/2026,CXL,2025-11-10 00:00:00
RES-72F0CB8D6E,503,13,547,2024/08/05,2024/08/12,No Show,08-02-2024 12:00 AM
RES-33AFBE93B6,1029,14,611,10-13-2025,2025/10/18,Checked In,09-17-2025 12:00 AM
RES-4D2B08558C,163,6,261,2025-02-10,14-Feb-2025,Checked In,12-31-2024 12:00 AM
RES-69381F5D17,1001,11,453,08-19-2025,2025-08-27,CONFIRMED,07-04-2025 12:00 AM
RES-1C9B6A6C96,662,7,280,2024/06/26,2024/06/28,Checked In,2024-05-03 00:00:00
RES-1DB27CEAE5,148,5,220,02-20-2025,2025-02-27,CO,01-01-2025 12:00 AM
RES-AE33258B1E,103,7,298,2026/09/19,25/09/2026,conf,2026-09-05 00:00:00
RES-8931D65D65,318,14,600,20/08/2026,2026/08/23,no-show,02/08/2026 00:00
RES-E3B9493000,841,13,524,03-27-2024,05-Apr-2024,confirmed,02-19-2024 12:00 AM
RES-BAE016C321,418,14,563,2026-08-09,2026-08-18,checked-in,20/07/2026 00:00
RES-E771A16BE5,996,12,506,08-31-2026,09-06-2026,CONFIRMED,2026-08-08 00:00:00
RES-3EE64674AE,896,10,406,13/06/2026,20-Jun-2026,PENDING,05-26-2026 12:00 AM
RES-95EEB133DB,129,4,157,2025/10/20,10-23-2025,Pending,09-05-2025 12:00 AM
RES-B24C485424,732,6,251,2026/03/07,11/03/2026,PND,09/01/2026 00:00
RES-EF385ECC61,326,6,263,01/08/2024,2024/08/06,CO,05/07/2024 00:00
RES-A22D71FF68,46,5,175,2026/05/22,2026/05/24,NS,2026-04-30 00:00:00
RES-B6E5FF95B6,1173,8,326,2025-12-23,12-28-2025,Cancelled,2025-12-05 00:00:00
RES-63EEE8AB2E,365,11,438,2026/04/01,04-05-2026,Checked Out,16/02/2026 00:00
RES-B05EA17A6B,1193,8,327,05-09-2025,05-15-2025,checked-in,05-07-2025 12:00 AM
RES-7555968D60,1009,14,614,2025/02/04,11/02/2025,pending,12-10-2024 12:00 AM
RES-21DD000320,494,5,181,12/06/2026,06-18-2026,checked_out,2026-06-04 00:00:00
RES-73D6706076,517,11,428,06-04-2025,2025/06/08,cancelled,04-10-2025 12:00 AM
RES-332F30B2B6,722,5,236,27-May-2025,06-02-2025,Checked In,04-24-2025 12:00 AM
RES-928F829D3D,1094,12,492,27-Jul-2026,02/08/2026,checked-in,2026-06-15 00:00:00
RES-9678A28AFD,716,14,605,03-13-2024,23-Mar-2024,CHECKED_IN,19/01/2024 00:00
RES-525715F36C,91,15,675,05-14-2026,2026-05-23,checked-out,2026-03-17 00:00:00
RES-A0B3A25213,616,4,157,28-Apr-2025,2025/05/03,checked_out,21/04/2025 00:00
RES-775A9C8099,503,12,510,06-12-2024,2024/06/18,CNF,05-07-2024 12:00 AM
RES-BD284B3612,825,4,156,04/06/2024,2024/06/05,confirmed,2024-05-05 00:00:00
RES-FAE7A2D722,81,8,346,16-May-2024,17-May-2024,PENDING,04-17-2024 12:00 AM
RES-4A83291DC5,365,1,28,07-Dec-2024,09/12/2024,CI,2024-11-16 00:00:00
RES-A0B1D304E1,869,11,471,03-31-2025,04/04/2025,checked-out,15/02/2025 00:00
RES-B6537DC774,1218,15,656,19-Mar-2024,20/03/2024,no-show,16/02/2024 00:00
RES-9A76635EE4,708,13,527,2026-02-23,2026-03-05,CNF,10/02/2026 00:00
RES-59A2443739,635,15,644,17/09/2024,09-24-2024,PND,20/08/2024 00:00
RES-77FDF3FA56,549,13,518,2026-09-15,2026-09-19,Pending,13/09/2026 00:00
RES-D192E1E592,315,13,537,26/04/2026,05-05-2026,PND,2026-04-24 00:00:00
RES-CEC00F7180,542,15,685,29/04/2026,2026/05/01,NOSHOW,08/03/2026 00:00
RES-2E9EC1CB9D,264,10,419,2026-05-17,05-20-2026,Cancelled,2026-03-26 00:00:00
RES-8994695BD2,1120,13,520,2026/04/15,04-21-2026,CHECKED_IN,05/04/2026 00:00
RES-88B00672FB,440,11,445,03-03-2025,03-09-2025,CNF,2025-01-18 00:00:00
RES-DE140BA955,702,13,548,31/08/2024,2024/09/08,PENDING,2024-08-06 00:00:00
RES-DE4545A13F,444,1,7,2026/06/23,06-30-2026,No Show,07/05/2026 00:00
RES-5A8D60D0BD,58,2,54,06/11/2024,15/11/2024,checked_in,2024-09-24 00:00:00
RES-704D2AD308,798,2,38,20-Jul-2024,29-Jul-2024,CHECKED_OUT,2024-07-19 00:00:00
RES-490F0D5770,990,12,499,26-May-2024,30-May-2024,No Show,2024-04-21 00:00:00
RES-B860117300,135,8,333,14-Mar-2025,16/03/2025,NS,03-02-2025 12:00 AM
RES-D5EEFE2409,1027,7,296,2026-05-20,24/05/2026,Pending,13/04/2026 00:00
RES-C8CBDBED7B,526,14,601,2025-04-14,2025/04/19,checked_out,15/03/2025 00:00
RES-687517EC6F,42,12,487,2026/05/12,2026-05-17,PND,03-14-2026 12:00 AM
RES-0775C72C89,235,1,9,2026-10-20,2026-10-28,PENDING,09-11-2026 12:00 AM
RES-F372000D36,292,10,406,06-Mar-2025,03-07-2025,checked-in,2025-02-04 00:00:00
RES-4BD97FF46F,699,10,406,07/04/2025,08/04/2025,no_show,02-15-2025 12:00 AM
RES-EF9482AC9B,1054,12,496,19/07/2024,29/07/2024,CI,2024-05-24 00:00:00
RES-F14D0B93D3,170,13,533,18/03/2025,03-26-2025,Checked Out,22/02/2025 00:00
RES-A2ED716436,707,15,670,2024-03-24,03-27-2024,Confirmed,01-27-2024 12:00 AM
RES-C1E0551641,1052,4,174,2025/10/04,2025/10/12,Cancelled,08-19-2025 12:00 AM
RES-881A595240,996,8,334,02-10-2024,11-Feb-2024,CNF,28/01/2024 00:00
RES-00354B8902,783,2,62,12-09-2024,2024/12/16,PENDING,2024-12-03 00:00:00
RES-1F20830A2B,1142,4,173,16-Apr-2026,23-Apr-2026,checked_out,2026-02-21 00:00:00
RES-1CDF84577D,1203,7,284,2025-05-24,28-May-2025,Confirmed,2025-04-10 00:00:00
RES-918E0A3CFB,925,3,116,09-10-2026,09-18-2026,CONFIRMED,07-23-2026 12:00 AM
RES-FF9E097E28,899,5,180,2026/04/15,2026-04-17,checked_out,01/04/2026 00:00
RES-2358B72823,1218,14,620,2026/06/26,07-02-2026,checked_out,2026-05-19 00:00:00
RES-B7524940B9,629,2,51,24-Jan-2025,01-30-2025,NS,05/01/2025 00:00
RES-F8C3D0A0BD,1039,3,136,14/11/2024,2024/11/15,No Show,10-01-2024 12:00 AM
RES-2C58606310,24,7,286,2025/03/11,21/03/2025,PND,2025-01-23 00:00:00
RES-94D0C23167,976,4,164,20-Nov-2025,28-Nov-2025,CHECKED_IN,2025-10-01 00:00:00
RES-0A878D06F2,833,13,550,04-Feb-2025,2025/02/12,PND,2025-01-20 00:00:00
RES-B752DEA2C8,489,11,424,2024/05/15,24-May-2024,pending,06/05/2024 00:00
RES-277B716789,336,9,371,2024-08-29,02/09/2024,no-show,16/07/2024 00:00
RES-4592059464,57,5,226,2025-08-19,23-Aug-2025,Pending,2025-08-02 00:00:00
RES-52FE7521C1,288,6,274,2024/11/14,11-17-2024,pending,2024-11-08 00:00:00
RES-4FC2768C3A,1139,13,530,11-25-2024,03/12/2024,NS,2024-10-21 00:00:00
RES-A0F9A04C01,294,5,219,02/04/2026,08-Apr-2026,checked-in,01/04/2026 00:00
RES-BE8A65BE3B,869,6,261,2025/08/06,14-Aug-2025,cancelled,2025-06-26 00:00:00
RES-AA1D056DB8,511,12,481,2026-08-28,2026/08/29,CI,28/07/2026 00:00
RES-4D2107C043,270,7,293,2026/05/11,21-May-2026,NOSHOW,2026-04-10 00:00:00
RES-ECF82DBCAC,323,14,568,28/08/2025,2025/09/04,CO,04/08/2025 00:00
RES-A4E57FFADE,399,5,229,2024/08/10,2024-08-19,CONFIRMED,2024-07-06 00:00:00
RES-3BEA869CC6,694,12,506,01/04/2024,02/04/2024,pending,2024-03-22 00:00:00
RES-1680660F7E,557,12,496,01-Mar-2025,2025/03/10,pending,2025-02-11 00:00:00
RES-9794EC213A,956,14,610,2025-12-14,12-15-2025,PND,27/10/2025 00:00
RES-5683D4557B,816,5,181,06-11-2025,2025/06/17,canceled,2025-05-07 00:00:00
RES-D7926B7BE2,291,10,410,11-Jan-2026,2026/01/15,conf,2025-12-06 00:00:00
RES-3A2E7CC206,1218,13,530,31-Aug-2024,2024-09-07,PENDING,08-22-2024 12:00 AM
RES-5EEE332441,196,12,513,2024/04/02,04-Apr-2024,checked-out,2024-02-15 00:00:00
RES-A14CBAE3C6,95,10,396,2026/06/23,06-26-2026,canceled,05-18-2026 12:00 AM
RES-C5BECD40E6,405,8,356,2025/06/10,16/06/2025,CONFIRMED,05-03-2025 12:00 AM
RES-35BC31F358,159,11,441,26-May-2026,2026-06-05,cancelled,12/05/2026 00:00
RES-0291AEFBCA,227,6,260,2026/08/06,11-Aug-2026,NOSHOW,2026-07-25 00:00:00
RES-7EC377F03A,1118,7,294,12-15-2025,2025/12/18,CHECKED_OUT,2025-12-10 00:00:00
RES-B0DDFDAC27,945,13,541,08-20-2024,25/08/2024,Cancelled,24/06/2024 00:00
RES-FAD8CDAB57,771,10,410,10-May-2025,05-16-2025,no_show,2025-05-02 00:00:00
RES-C06EE3DD39,464,10,395,09-12-2026,13/09/2026,NOSHOW,2026-08-08 00:00:00
RES-C739AEC600,20,11,424,04-Apr-2024,10/04/2024,Cancelled,2024-03-08 00:00:00
RES-97F011602E,284,7,299,26/01/2025,2025-02-05,no-show,2025-01-09 00:00:00
RES-E56E7A33B2,121,10,416,18-Dec-2025,21/12/2025,pending,26/11/2025 00:00
RES-A3F499C809,135,3,113,13-Jul-2025,2025/07/19,confirmed,05-18-2025 12:00 AM
RES-8F8EE8ADED,457,2,37,01-12-2025,21-Jan-2025,canceled,12-03-2024 12:00 AM
RES-92FA028A1D,851,9,381,2025-06-27,07-05-2025,no_show,2025-05-07 00:00:00
RES-25C7AC2FE7,953,3,83,03-25-2026,2026-04-01,canceled,03-09-2026 12:00 AM
RES-DA31504477,114,10,395,27-Dec-2024,2025-01-04,PENDING,03/11/2024 00:00
RES-53F4017C88,666,3,125,11-05-2024,06/11/2024,conf,09-23-2024 12:00 AM
RES-F34B316B29,126,8,349,04-17-2025,2025/04/23,Cancelled,2025-03-19 00:00:00
RES-9E8596033F,655,11,458,18/03/2026,03-28-2026,CO,01-27-2026 12:00 AM
RES-37CF87F953,1047,4,150,2026-07-17,21-Jul-2026,checked-in,07-02-2026 12:00 AM
RES-AF5B2EFEEC,472,15,647,20/11/2024,11-23-2024,checked_in,11-13-2024 12:00 AM
RES-4EFF88E89C,940,10,400,03-13-2024,2024-03-17,conf,2024-02-26 00:00:00
RES-193C88AD64,59,3,79,01-01-2026,01-07-2026,checked_out,12-26-2025 12:00 AM
RES-80A046AE35,312,5,181,05-31-2026,05-Jun-2026,CNF,04-17-2026 12:00 AM
RES-03B10137BA,270,3,110,28-Sep-2024,2024/09/29,Confirmed,08-26-2024 12:00 AM
RES-F6E19FDFF5,458,15,635,12-26-2025,2026-01-05,checked_out,06/12/2025 00:00
RES-99C70D3E81,249,12,493,09/05/2025,2025/05/13,Cancelled,18/03/2025 00:00
RES-90499F83C1,841,4,165,2026/07/09,07-11-2026,PND,2026-05-15 00:00:00
RES-2BAA7F2580,939,6,273,2026-08-25,08-31-2026,CI,08-20-2026 12:00 AM
RES-DB81324B10,861,11,472,05-01-2025,03/05/2025,PND,2025-04-01 00:00:00
RES-18295BCACF,1215,15,636,04-24-2024,26-Apr-2024,Confirmed,04-21-2024 12:00 AM
RES-381CABFF51,1142,3,128,2025-08-12,08-16-2025,checked_out,04/07/2025 00:00
RES-53DCDDAA26,1041,4,145,2026-01-29,2026/02/04,CHECKED_IN,12-25-2025 12:00 AM
RES-BD848E198A,782,1,3,2025/04/03,12/04/2025,CXL,2025-02-13 00:00:00
RES-5205615853,321,1,10,2026-02-21,03-02-2026,Pending,11/01/2026 00:00
RES-19C3D5B93F,1057,4,156,2026/03/02,03/03/2026,CO,14/01/2026 00:00
RES-0658A36907,1167,15,672,05-27-2024,06-01-2024,CANCELLED,15/04/2024 00:00
RES-A8AC6209D4,1156,15,658,2026/09/21,2026/09/28,Checked Out,2026-08-24 00:00:00
RES-DB035977A7,173,14,621,2024-11-30,12-07-2024,CHECKED_IN,2024-11-07 00:00:00
RES-2C8298DEB4,899,5,186,2025-10-24,2025-10-27,No Show,25/08/2025 00:00
RES-924A230D92,962,6,252,2025-06-03,07/06/2025,CO,03/05/2025 00:00
RES-078E533A78,221,2,38,21/11/2024,2024-11-29,Cancelled,10-16-2024 12:00 AM
RES-5F9F5A023A,595,1,24,11-26-2024,11-27-2024,CNF,11-24-2024 12:00 AM
RES-E58210C2FF,1128,12,509,28-Sep-2025,06-Oct-2025,NOSHOW,2025-08-04 00:00:00
RES-9ABD90480C,415,5,225,31/10/2024,2024-11-09,no_show,15/10/2024 00:00
RES-CB6EB07732,463,4,157,2025-07-02,07-Jul-2025,NOSHOW,18/05/2025 00:00
RES-82E6D72E7D,1017,5,224,2024/08/10,2024/08/12,canceled,18/07/2024 00:00
RES-ECCB1D5EE7,115,3,104,2024-06-27,01/07/2024,checked_in,18/06/2024 00:00
RES-AAD09EB0E4,210,7,289,2025/01/09,2025/01/15,checked_in,01-03-2025 12:00 AM
RES-277C27EDA7,25,14,623,08-Apr-2024,2024-04-15,Confirmed,2024-03-12 00:00:00
RES-6F6ABB93BB,565,10,410,2025/11/21,2025/11/22,CANCELLED,2025-10-12 00:00:00
RES-5A7FCA9A23,1130,6,258,2024-11-26,29/11/2024,CI,2024-11-06 00:00:00
RES-BB784C3778,145,5,225,08-Jul-2026,2026-07-12,Confirmed,2026-06-08 00:00:00
RES-F91634FA51,65,14,573,2024/06/30,2024-07-07,CNF,2024-06-05 00:00:00
RES-DFD4090236,51,11,421,2025/06/09,2025/06/11,confirmed,04-10-2025 12:00 AM
RES-178ADD54D6,775,13,522,01-01-2026,04-Jan-2026,no-show,23/11/2025 00:00
RES-DFC2602A3E,576,2,40,2024/09/08,2024-09-10,no_show,21/07/2024 00:00
RES-C01ABA8C8C,475,1,22,29-Dec-2024,2024/12/31,Checked In,18/11/2024 00:00
RES-53144143A1,1284,1,27,26-Mar-2026,2026-04-02,NOSHOW,03-22-2026 12:00 AM
RES-31AF5920DB,725,4,150,08-15-2026,20-Aug-2026,CANCELLED,21/07/2026 00:00
RES-B1E70C0F2D,112,11,459,31/01/2026,01/02/2026,Checked Out,13/01/2026 00:00
RES-A477890CB0,1076,10,413,12/02/2024,2024/02/16,CANCELLED,01-04-2024 12:00 AM
RES-64F2A8601E,829,10,399,2024-03-14,21/03/2024,Checked Out,2024-03-13 00:00:00
RES-ACBE03650E,1002,2,50,2024-09-10,2024-09-11,NOSHOW,09-04-2024 12:00 AM
RES-D13D6FAF9B,660,6,271,02-12-2025,2025-02-19,Checked Out,02-09-2025 12:00 AM
RES-7B84B19197,776,7,284,2025/11/22,2025/12/02,CI,2025-10-12 00:00:00
RES-B9B1C8AA0A,219,8,344,23-Apr-2024,2024-05-01,CHECKED_OUT,2024-02-24 00:00:00
RES-493A97409B,1220,11,457,21-Apr-2026,2026/04/22,conf,2026-04-08 00:00:00
RES-FB8DE2EE8A,75,10,407,2025-09-24,09-27-2025,CONFIRMED,22/09/2025 00:00
RES-838AFDFB31,476,14,616,12-25-2025,2026/01/03,PENDING,12/11/2025 00:00
RES-00584EC5C3,55,3,76,29/01/2026,2026-02-04,CONFIRMED,01-14-2026 12:00 AM
RES-2211CC04B4,828,12,510,2024-09-23,2024/09/30,checked-out,2024-08-07 00:00:00
RES-365C9639E8,876,8,339,2026/08/02,07-Aug-2026,canceled,07-23-2026 12:00 AM
RES-78F404C242,771,13,536,2026/11/02,06/11/2026,PND,09-20-2026 12:00 AM
RES-29400D3AED,495,8,319,26-Aug-2025,2025/08/28,conf,2025-08-13 00:00:00
RES-0F63B82ADB,469,6,266,2025-05-27,2025-05-30,checked_in,18/04/2025 00:00
RES-C8790E8C7F,760,12,508,22-Oct-2024,27/10/2024,NS,26/09/2024 00:00
RES-18AB34777F,672,1,19,2025/05/13,17/05/2025,CANCELLED,05-12-2025 12:00 AM
RES-BFC57864FC,815,14,628,08-30-2025,05/09/2025,pending,20/08/2025 00:00
RES-1B9D132F26,110,1,12,2024-04-02,2024-04-04,CHECKED_IN,2024-02-19 00:00:00
RES-E9A33950D2,1151,7,293,2026/04/03,2026-04-13,Confirmed,2026-03-17 00:00:00
RES-7E0A232501,396,1,9,2026/06/13,2026/06/20,PND,24/05/2026 00:00
RES-3E8EBEFF82,541,3,90,29-Oct-2024,31-Oct-2024,CANCELLED,25/09/2024 00:00
RES-3F9C386598,259,6,248,04/04/2026,13/04/2026,cancelled,03-01-2026 12:00 AM
RES-ABF30D6B6F,788,12,491,2025-11-25,29/11/2025,checked_in,10-15-2025 12:00 AM
RES-67C045823B,388,11,436,2026/09/02,2026-09-12,CHECKED_OUT,23/07/2026 00:00
RES-87C140A54C,1183,1,10,25/04/2024,05/05/2024,CXL,2024-03-10 00:00:00
RES-A51E911219,931,15,685,23/07/2024,02-Aug-2024,NS,06-28-2024 12:00 AM
RES-A56123BF66,642,6,251,08-26-2026,09-02-2026,No Show,2026-07-17 00:00:00
RES-5A05C56C5D,1111,13,554,2025-06-11,06-13-2025,canceled,2025-06-03 00:00:00
RES-7E3ACFF46E,51,7,294,2025-08-30,09-07-2025,CI,07-29-2025 12:00 AM
RES-A706E6CA88,796,11,424,2026/07/10,18-Jul-2026,Confirmed,29/06/2026 00:00
RES-F0C6780ECF,546,10,398,19/09/2026,2026-09-27,PND,03/09/2026 00:00
RES-6EB4EF998D,1042,12,482,19/04/2024,2024/04/20,PND,15/03/2024 00:00
RES-3CB305148A,1170,13,543,01-Nov-2025,2025/11/07,checked_in,09-08-2025 12:00 AM
RES-B5024056B8,552,11,437,02-Apr-2024,04/04/2024,checked_out,2024-03-28 00:00:00
RES-C6EB6562B7,805,12,482,2025-06-14,2025-06-21,No Show,04-19-2025 12:00 AM
RES-E398FFB43F,30,14,585,08/03/2024,2024-03-15,no-show,02-13-2024 12:00 AM
RES-C2BEB9370C,956,3,134,2026-11-09,2026-11-12,Pending,2026-09-11 00:00:00
RES-513EFCD9C5,724,3,92,08-18-2026,27/08/2026,checked-out,2026-07-30 00:00:00
RES-EFB771BF31,605,2,60,2025-08-11,16-Aug-2025,CANCELLED,07-11-2025 12:00 AM
RES-3C295B92AC,669,12,486,07-19-2024,07-25-2024,pending,2024-06-09 00:00:00
RES-03BBDD1B3F,622,6,247,23/08/2025,28/08/2025,canceled,07-04-2025 12:00 AM
RES-316EF9E18F,926,1,27,2024-05-28,03/06/2024,no-show,2024-05-12 00:00:00
RES-730DD0153D,563,12,490,2025/05/04,2025-05-08,no-show,04-12-2025 12:00 AM
RES-25E6BBF48A,812,1,8,2024/06/03,10-Jun-2024,Checked Out,2024-05-06 00:00:00
RES-65B711DD77,571,4,138,2024-03-08,15-Mar-2024,NOSHOW,2024-03-06 00:00:00
RES-58F277696C,679,1,19,2024-02-05,11-Feb-2024,CXL,29/01/2024 00:00
RES-C11C26E76B,266,14,625,2024-04-16,04-22-2024,PND,04-08-2024 12:00 AM
RES-AC3932268D,400,10,407,01-26-2025,01-29-2025,canceled,2024-12-03 00:00:00
RES-F3EC447659,665,11,456,12-Jun-2026,16-Jun-2026,Cancelled,07/05/2026 00:00
RES-B4FDAD1CD2,829,12,492,2026/09/09,09-13-2026,confirmed,2026-08-18 00:00:00
RES-204BDAF693,655,15,644,31-Dec-2025,03-Jan-2026,NS,2025-12-03 00:00:00
RES-020EC7848B,566,7,277,2025-08-26,08-30-2025,CI,08-24-2025 12:00 AM
RES-3F307F66DE,1114,1,31,01/05/2024,06/05/2024,Cancelled,03-10-2024 12:00 AM
RES-E23CC4F96B,747,6,270,07-01-2026,07-02-2026,Checked Out,19/06/2026 00:00
RES-3203EE0A43,386,8,357,20/10/2025,2025-10-29,CHECKED_IN,29/08/2025 00:00
RES-9EC9A68937,214,3,95,2025/02/03,02-12-2025,NOSHOW,2025-02-02 00:00:00
RES-52DDBDD8D8,344,13,536,18/06/2024,22-Jun-2024,NOSHOW,2024-04-29 00:00:00
RES-E2944BA034,887,1,13,2026/02/10,2026/02/13,NS,02-05-2026 12:00 AM
RES-574B9007F6,217,4,169,2024/06/16,2024/06/20,CO,04-29-2024 12:00 AM
RES-3F6092161A,100,3,105,2024/09/07,2024/09/15,CXL,04/08/2024 00:00
RES-BDA3ECE716,1049,12,508,2025/07/20,07-22-2025,NOSHOW,08/06/2025 00:00
RES-4C2531145E,9,12,509,10-01-2024,2024/10/11,No Show,30/08/2024 00:00
RES-EE9085FBF6,518,6,274,18-Oct-2024,19-Oct-2024,CANCELLED,2024-10-10 00:00:00
RES-8D548062F6,476,7,285,2026/03/27,2026-04-02,CONFIRMED,2026-02-26 00:00:00
RES-6EB559404F,1057,6,262,2026-10-15,25-Oct-2026,PND,04/09/2026 00:00
RES-36F2BFB49C,457,9,389,2025/06/14,2025-06-21,No Show,2025-05-23 00:00:00
RES-41006318AE,432,5,237,10-May-2025,12-May-2025,Confirmed,29/03/2025 00:00
RES-8A2730A6B6,1269,11,461,05/09/2024,15/09/2024,PENDING,11/08/2024 00:00
RES-BA61C9480D,1204,1,13,12-23-2024,2025-01-01,cancelled,2024-12-14 00:00:00
RES-B2110942FB,401,15,685,04-30-2025,2025-05-06,checked-out,14/04/2025 00:00
RES-8D78D7E1FA,263,10,400,2024-11-01,11-09-2024,No Show,2024-10-01 00:00:00
RES-CFEE7FBE52,706,10,405,2025-04-10,2025-04-13,Checked Out,2025-04-07 00:00:00
RES-77EFC073DD,739,4,157,28-Nov-2024,2024-12-06,CNF,10-07-2024 12:00 AM
RES-C82803F19B,303,4,143,10-Jan-2026,01-11-2026,PND,2025-11-24 00:00:00
RES-0A19EF2ED5,1109,15,689,10-11-2024,12-Oct-2024,CO,08-30-2024 12:00 AM
RES-2D8B60AA06,760,6,246,2025/01/18,01-24-2025,checked-out,11-27-2024 12:00 AM
RES-BAD307CFF1,1104,6,261,15/05/2026,20/05/2026,CHECKED_OUT,2026-04-01 00:00:00
RES-40DEC65FEB,842,10,395,04/03/2024,07-Mar-2024,Pending,30/01/2024 00:00
RES-789CD02773,377,15,635,04-10-2024,04-18-2024,checked_out,04/03/2024 00:00
RES-A0F247714A,947,13,541,09-13-2026,2026-09-15,Confirmed,07-28-2026 12:00 AM
RES-B72C64F194,937,14,598,2025-10-06,09-Oct-2025,CNF,09-05-2025 12:00 AM
RES-33D018E402,149,4,152,13-Sep-2025,2025/09/23,CONFIRMED,2025-09-02 00:00:00
RES-3325D5C54E,856,1,11,09/06/2026,18/06/2026,PND,05/06/2026 00:00
RES-9FFFEA6B20,647,12,502,02-Nov-2025,2025/11/08,checked-out,09-27-2025 12:00 AM
RES-405E263E7B,326,15,659,2025-12-11,12/12/2025,NS,2025-11-07 00:00:00
RES-693E629523,749,15,660,09-06-2025,09-Sep-2025,NOSHOW,08-16-2025 12:00 AM
RES-ECCAA42799,544,14,613,07-23-2024,28/07/2024,CANCELLED,06-08-2024 12:00 AM
RES-8F4DEB7E18,1099,8,333,2024/02/13,02-14-2024,CHECKED_OUT,15/01/2024 00:00
RES-3897A20E82,1053,13,541,2025/10/13,10-16-2025,no_show,09-13-2025 12:00 AM
RES-0614279EA6,146,3,81,12-09-2025,2025-12-16,CONFIRMED,2025-10-21 00:00:00
RES-FA2C542488,69,14,625,2025/03/19,2025/03/26,cancelled,01-31-2025 12:00 AM
RES-A105910A65,967,14,610,01/06/2026,03-Jun-2026,cancelled,2026-05-08 00:00:00
RES-9885E4096D,740,13,530,2025-03-02,07-Mar-2025,CNF,01-17-2025 12:00 AM
RES-5C96EB2D3B,1140,2,50,2025-07-17,,NOSHOW,18/06/2025 00:00
RES-82E7456697,983,14,605,02-Nov-2025,11-03-2025,canceled,26/10/2025 00:00
RES-A268DF6870,928,9,389,16-Jul-2024,2024-07-21,checked_in,2024-06-04 00:00:00
RES-4EC9B5DF0C,961,1,1,2026/04/21,04-29-2026,cancelled,14/04/2026 00:00
RES-B26891BF40,335,1,19,2026/04/20,24/04/2026,Confirmed,02-19-2026 12:00 AM
RES-C4378B162B,1236,15,657,11-13-2024,21/11/2024,Checked Out,10-02-2024 12:00 AM
RES-D06FC5B0D4,522,14,616,13-Jul-2024,2024/07/16,checked-in,2024-06-20 00:00:00
RES-9D8E532C0C,433,5,211,2024-10-28,03/11/2024,no-show,25/10/2024 00:00
RES-5275D8415F,917,13,539,2025-07-08,2025/07/15,checked_out,30/06/2025 00:00
RES-48A7CDD846,1067,5,180,2025/11/08,2025/11/15,CI,09-22-2025 12:00 AM
RES-472E0D0AFB,692,1,14,2025-02-25,03-02-2025,Checked In,2025-02-14 00:00:00
RES-4534A78640,375,10,411,03-07-2025,11/03/2025,pending,2025-01-17 00:00:00
RES-675A1FE469,1062,15,678,2026/05/14,05-16-2026,CO,03-30-2026 12:00 AM
RES-9F9202FC6E,340,9,381,28-Sep-2024,2024-10-08,cancelled,09-05-2024 12:00 AM
RES-2D2045BA86,1090,8,315,05/08/2026,06/08/2026,Checked Out,2026-06-17 00:00:00
RES-AB280438B1,275,6,261,02-01-2025,2025/02/07,NS,08/12/2024 00:00
RES-8C4BEB81F5,289,15,689,12-Jul-2026,07-17-2026,No Show,24/05/2026 00:00
RES-283711A212,508,5,212,2026/09/15,09-23-2026,cancelled,08/09/2026 00:00
RES-E9A89A4498,1097,7,280,26/04/2026,2026/05/02,CANCELLED,08/04/2026 00:00
RES-23AED9988C,1032,14,613,2025/12/05,2025/12/13,Checked Out,26/10/2025 00:00
RES-17E376D028,604,5,208,2024-09-16,2024/09/17,CXL,08-29-2024 12:00 AM
RES-AA446AC5C1,1234,4,138,08-19-2024,2024-08-27,no-show,05/07/2024 00:00
RES-F03AD88EBE,228,7,291,05-28-2026,06-06-2026,CANCELLED,05-10-2026 12:00 AM
RES-8966C06B5F,144,13,540,31/03/2025,07/04/2025,cancelled,23/02/2025 00:00
RES-E7C8A1FA3F,1062,1,22,2026-06-27,01-Jul-2026,Pending,06/06/2026 00:00
RES-D93817A4C1,437,11,436,24-Oct-2026,2026-10-27,Pending,10/09/2026 00:00
RES-FE2A7E116D,129,5,220,23/06/2024,2024/06/25,CO,2024-05-13 00:00:00
RES-07F658B4F8,853,9,364,01-06-2025,2025/01/11,CI,22/11/2024 00:00
RES-A16ED9892B,608,7,288,18/08/2025,2025/08/19,Cancelled,2025-06-19 00:00:00
RES-C3F8913C67,1107,2,62,04-26-2025,2025/04/27,NS,03-19-2025 12:00 AM
RES-3907BBE567,321,13,548,14-Jun-2026,2026-06-19,Confirmed,2026-05-10 00:00:00
RES-69D1B50604,1107,11,464,2026-08-03,11/08/2026,cancelled,2026-06-06 00:00:00
RES-42B30468E1,601,14,607,2026/04/15,23-Apr-2026,No Show,2026-03-17 00:00:00
RES-0B95315A3F,60,8,332,2024/09/16,17-Sep-2024,Cancelled,06/09/2024 00:00
RES-8EAF154DCC,1100,2,33,05-08-2026,05-13-2026,CHECKED_IN,2026-04-23 00:00:00
RES-939B822E1B,928,4,146,2025-12-06,12-07-2025,CI,21/10/2025 00:00
RES-4193FBA20B,258,12,486,03/05/2025,2025/05/06,checked_out,18/04/2025 00:00
RES-6F21B188FB,313,12,489,07-Jan-2025,2025/01/12,Pending,12-16-2024 12:00 AM
RES-C8AF543F57,601,13,543,2024/05/13,2024/05/21,CONFIRMED,04-16-2024 12:00 AM
RES-2319FFA8ED,943,7,302,20-Jul-2025,2025/07/26,CI,06-24-2025 12:00 AM
RES-C3FFEA6888,1023,15,681,04/09/2024,2024/09/07,Pending,21/08/2024 00:00
RES-8EBF937EF5,897,9,383,23/02/2024,01/03/2024,Checked In,01-11-2024 12:00 AM
RES-3EE6A0466C,864,14,594,2024-03-05,2024/03/12,cancelled,2024-02-02 00:00:00
RES-D1AB630D86,502,3,69,09/06/2025,2025/06/11,checked-out,06-07-2025 12:00 AM
RES-B8933776CD,110,4,165,2026-08-27,2026-09-05,confirmed,01/07/2026 00:00
RES-1E13BA6684,405,14,617,19/03/2025,20-Mar-2025,NOSHOW,2025-02-17 00:00:00
RES-0F12423B1B,754,6,257,02-11-2026,02-21-2026,CI,14/12/2025 00:00
RES-64A2C4DD58,702,10,405,18-Aug-2026,22/08/2026,pending,07/07/2026 00:00
RES-8EB83EC323,587,2,44,08-10-2025,20/08/2025,Cancelled,2025-07-26 00:00:00
RES-020149A2BA,1085,13,543,07-Jun-2025,06-09-2025,CNF,05-27-2025 12:00 AM
RES-1D28FEE101,767,12,492,12-14-2024,19/12/2024,cancelled,10-29-2024 12:00 AM
RES-994430ADDA,537,3,112,2024/07/28,06/08/2024,Confirmed,07-26-2024 12:00 AM
RES-E1089CC9E4,188,6,253,2026-02-13,18/02/2026,checked-out,25/01/2026 00:00
RES-9247EC2292,514,11,471,2024/08/20,2024-08-22,Pending,29/06/2024 00:00
RES-DC4F94CFC7,56,8,340,2026/09/27,10-05-2026,Pending,2026-08-05 00:00:00
RES-CBEDF172B9,1218,6,246,25/10/2026,10-27-2026,Pending,04/09/2026 00:00
RES-8470B28091,414,13,537,27-Oct-2025,06/11/2025,CO,07/09/2025 00:00
RES-359623B9E7,264,2,40,2026-03-05,08/03/2026,Pending,02-25-2026 12:00 AM
RES-2E812CC3A3,1213,2,34,2025/07/30,2025/08/02,CNF,07-27-2025 12:00 AM
RES-C67937E402,845,11,425,02/05/2026,2026-05-05,CNF,04-08-2026 12:00 AM
RES-E8AF8CAE4B,394,1,5,2025-03-13,17-Mar-2025,CANCELLED,02-05-2025 12:00 AM
RES-A91D13BA6C,142,7,284,2024/03/29,2024/04/02,CNF,28/03/2024 00:00
RES-CBCBBDD4C8,422,5,178,03-13-2024,03-17-2024,checked_out,24/01/2024 00:00
RES-8AE7C41AB3,801,2,49,22-Apr-2024,04-30-2024,Cancelled,02-29-2024 12:00 AM
RES-B440F22662,773,14,578,17-Feb-2026,2026-02-19,PND,02-03-2026 12:00 AM
RES-474D7CFC01,113,9,366,2026-04-26,04/05/2026,NS,28/02/2026 00:00
RES-6EB4823D40,946,14,566,2024/02/06,02-16-2024,NOSHOW,14/01/2024 00:00
RES-5A2BCD1084,508,11,466,2026-01-06,07-Jan-2026,PENDING,12-07-2025 12:00 AM
RES-DFF33152B9,135,14,562,06-Nov-2025,15/11/2025,Cancelled,2025-11-02 00:00:00
RES-B77AD0C985,1095,14,610,2025/06/05,2025/06/10,no-show,2025-05-17 00:00:00
RES-48E42C2475,1184,8,349,07-19-2024,2024/07/28,Cancelled,07-09-2024 12:00 AM
RES-0B423C8F04,231,6,257,2025/11/16,18-Nov-2025,Cancelled,09-27-2025 12:00 AM
RES-BA41684A90,1112,14,589,02-Aug-2026,11/08/2026,no-show,2026-07-19 00:00:00
RES-2963190EBE,483,4,140,2024/10/17,10-23-2024,CI,18/09/2024 00:00
RES-69D4D16995,473,12,490,2026-03-02,05-Mar-2026,Checked Out,24/02/2026 00:00
RES-35430F62CD,77,15,662,10-16-2024,2024-10-25,CONFIRMED,23/09/2024 00:00
RES-1561135A1D,231,13,542,31-Dec-2024,2025-01-04,NOSHOW,2024-11-15 00:00:00
RES-12C2C228F7,407,2,62,2024/03/24,02/04/2024,pending,18/03/2024 00:00
RES-29AD2B7652,719,6,266,2024/08/15,22/08/2024,checked-in,28/06/2024 00:00
RES-7DE0D92C7F,407,8,320,08-08-2026,08-13-2026,No Show,06-17-2026 12:00 AM
RES-882DAD0BB0,15,7,275,13/05/2024,20/05/2024,canceled,04-04-2024 12:00 AM
RES-BDD0F37DA6,258,7,290,23/05/2024,31-May-2024,CXL,11/04/2024 00:00
RES-0BFA39A820,666,11,424,2025/11/06,07/11/2025,pending,08/10/2025 00:00
RES-78C25C3642,233,11,444,2024-08-08,13/08/2024,No Show,07-12-2024 12:00 AM
RES-2E90505919,70,5,235,04-Jan-2026,2026/01/07,PENDING,12-08-2025 12:00 AM
RES-F728D329E0,728,2,38,27-Nov-2024,2024/12/04,cancelled,10-18-2024 12:00 AM
RES-8B7093C403,725,13,558,13/06/2024,,confirmed,13/05/2024 00:00
RES-867A7BAA0E,137,15,690,04-16-2025,21-Apr-2025,Checked In,04-02-2025 12:00 AM
RES-31BBAA91F6,436,3,78,13-Oct-2024,10-16-2024,NS,21/08/2024 00:00
RES-2FABF021B5,912,12,475,27/05/2025,2025/05/29,PENDING,21/04/2025 00:00
RES-AE178A43A7,84,7,298,08-02-2026,2026/08/12,PENDING,2026-06-13 00:00:00
RES-9EB0BB141E,503,11,461,2026/01/23,26/01/2026,checked-out,12-31-2025 12:00 AM
RES-E0A20DF4D6,1008,9,383,2025-07-30,03/08/2025,CHECKED_IN,22/07/2025 00:00
RES-A5ECCB45B0,170,11,466,2025-07-20,2025/07/23,checked_out,06-14-2025 12:00 AM
RES-D7255CA620,5,15,672,2026-02-21,23-Feb-2026,CHECKED_IN,15/01/2026 00:00
RES-78431B7054,1194,5,185,07-Sep-2024,09-17-2024,Cancelled,03/09/2024 00:00
RES-9BBF410773,690,4,171,24-Jul-2024,08-01-2024,PND,08/07/2024 00:00
RES-F48126A1DF,698,1,8,17/07/2024,2024-07-19,pending,06-25-2024 12:00 AM
RES-875888C029,1200,3,114,18-Oct-2025,2025-10-25,Checked Out,09-21-2025 12:00 AM
RES-23DBFDA7D5,740,14,586,01-Apr-2024,2024/04/06,confirmed,2024-03-05 00:00:00
RES-4C231FECDD,1216,4,168,05-Apr-2025,2025/04/09,NS,04-02-2025 12:00 AM
RES-CC37CB2035,1188,7,297,2024-06-20,2024/06/28,no-show,17/06/2024 00:00
RES-24B44775A7,892,9,370,29-Jan-2026,07-Feb-2026,CXL,09/01/2026 00:00
RES-5CBFFA6A66,551,6,261,01/03/2025,09-Mar-2025,Checked In,2025-02-08 00:00:00
RES-5A1C261187,915,13,524,2024/11/05,,Confirmed,04/10/2024 00:00
RES-59BF5F780D,381,6,270,28/07/2024,2024-08-07,PND,07-02-2024 12:00 AM
RES-69B5172657,761,15,644,2024/09/01,2024-09-02,Checked Out,2024-08-16 00:00:00
RES-4A50276A85,1055,12,494,07-11-2024,14-Jul-2024,Checked Out,2024-05-30 00:00:00
RES-658AA7F111,1178,3,134,30/01/2024,05-Feb-2024,CO,2024-01-26 00:00:00
RES-8480E1F0AA,529,4,165,07-Jul-2024,13/07/2024,no-show,02/06/2024 00:00
RES-05A8627AC6,362,3,91,29/01/2025,2025-02-08,CANCELLED,12-11-2024 12:00 AM
RES-781DFAF8DF,1197,12,476,07-06-2024,2024-07-10,checked_out,25/05/2024 00:00
RES-CA46112230,1101,4,150,09-07-2024,12-Sep-2024,Confirmed,03/08/2024 00:00
RES-582E1E367A,26,11,456,2025-05-05,2025/05/13,PENDING,04-20-2025 12:00 AM
RES-17D23C7C2B,790,11,447,03-15-2024,03-22-2024,Checked In,17/01/2024 00:00
RES-77A0DEE23D,1003,12,482,18-Jan-2026,2026/01/22,Checked Out,2025-12-14 00:00:00
RES-A496E5678F,923,6,250,2025/12/03,2025/12/10,Cancelled,10-25-2025 12:00 AM
RES-C8F49E5F91,1172,3,134,2024/09/22,2024/09/30,Pending,08-14-2024 12:00 AM
RES-5400A3235C,338,4,161,2025/10/03,09-Oct-2025,checked_in,08-31-2025 12:00 AM
RES-0103C553BC,812,11,429,16-May-2025,2025-05-25,checked-out,20/03/2025 00:00
RES-2CBAB35251,1164,8,308,30/12/2025,06/01/2026,CI,2025-11-25 00:00:00
RES-D8F0BEC08B,380,15,648,24-Jul-2024,01/08/2024,Checked In,05-30-2024 12:00 AM
RES-9474216429,422,13,557,2025/12/20,2025/12/24,CI,23/11/2025 00:00
RES-251973D23D,586,1,23,02/02/2025,2025-02-08,NOSHOW,2025-01-05 00:00:00
RES-A82B715224,300,1,6,06-May-2026,10-May-2026,Pending,06/04/2026 00:00
RES-FBC1E7E8F4,381,12,502,10-13-2026,2026/10/17,no-show,08-27-2026 12:00 AM
RES-92E702074A,197,2,45,2024-05-09,05-19-2024,CHECKED_OUT,05-06-2024 12:00 AM
RES-A939EB631A,316,12,501,2024/12/02,2024/12/10,CANCELLED,11-12-2024 12:00 AM
RES-2674F58635,188,6,266,2025/05/07,2025-05-08,checked_out,17/03/2025 00:00
RES-9415D8B1A1,1146,5,221,03-Feb-2024,09/02/2024,CHECKED_OUT,01-15-2024 12:00 AM
RES-512204B194,479,14,622,2025-05-16,05-25-2025,no_show,03-27-2025 12:00 AM
RES-9029AF945F,180,6,257,08-12-2024,21-Aug-2024,NS,07-14-2024 12:00 AM
RES-10CC07B909,541,9,389,2024/03/24,03-31-2024,no_show,14/02/2024 00:00
RES-6B01FDBC89,93,3,70,07-Jul-2026,07-17-2026,no-show,31/05/2026 00:00
RES-B735F7BE4F,734,15,683,07-21-2025,31/07/2025,cancelled,06-25-2025 12:00 AM
RES-04312D0E56,926,6,272,2024-02-09,18/02/2024,CHECKED_IN,01-06-2024 12:00 AM
RES-D841877B09,1204,5,175,09-05-2024,12-Sep-2024,CO,2024-08-05 00:00:00
RES-0A3CF28F56,382,11,426,2024-06-19,25/06/2024,PND,04-28-2024 12:00 AM
RES-7A3458C901,1030,6,263,2026/09/20,2026-09-22,checked_in,06/08/2026 00:00
RES-6563C33B2E,269,9,374,2025-04-16,2025-04-23,No Show,01/03/2025 00:00
RES-27D9231202,694,12,54,2024-09-05,2024-09-14,confirmed,2024-07-16 00:00:00
RES-C673115FFD,194,14,604,2024/06/02,2024-06-08,pending,04-04-2024 12:00 AM
RES-5D9AC96958,822,5,189,2026-04-30,05-06-2026,no_show,03-14-2026 12:00 AM
RES-0EF111354A,1181,14,587,2025/07/28,30-Jul-2025,checked_out,29/06/2025 00:00
RES-2F2EA0B998,303,1,20,2026/06/04,06-07-2026,pending,05-21-2026 12:00 AM
RES-5180C8B9DA,288,7,293,2026/03/04,03-09-2026,cancelled,02-19-2026 12:00 AM
RES-9811D339C8,107,14,592,29-Jun-2025,01-Jul-2025,No Show,04/05/2025 00:00
RES-114752390D,796,3,95,23-Apr-2024,26/04/2024,Pending,2024-04-18 00:00:00
RES-6802DB7356,151,7,301,23/12/2024,2024-12-25,checked_out,11-21-2024 12:00 AM
RES-6A50BA0772,270,2,61,2026/02/08,2026/02/12,cancelled,2025-12-28 00:00:00
RES-28DBEAEB34,1015,6,273,2026-03-07,10-Mar-2026,cancelled,07/01/2026 00:00
RES-FE60D0741F,1035,14,614,2025-11-05,2025/11/07,pending,09-11-2025 12:00 AM
RES-983B9E606C,591,13,549,2024-02-24,2024-02-27,Confirmed,01/02/2024 00:00
RES-9395AE6909,212,1,26,08-05-2026,08-06-2026,checked_out,06-30-2026 12:00 AM
RES-5FD325AFCB,210,12,512,01/04/2024,04-10-2024,Checked In,09/02/2024 00:00
RES-AF99C6F7EE,24,10,394,2026/01/18,2026-01-24,CANCELLED,27/11/2025 00:00
RES-0A163DF24C,1119,6,265,19-Sep-2025,09-20-2025,checked_in,08/08/2025 00:00
RES-435E6C3923,736,3,65,05-Oct-2026,13/10/2026,CXL,10/08/2026 00:00
RES-34363F11E4,1230,8,327,21-Jul-2024,07-23-2024,NOSHOW,2024-07-18 00:00:00
RES-DB1003B5A5,1063,8,346,17/10/2025,18-Oct-2025,CHECKED_OUT,2025-08-19 00:00:00
RES-39B5BD5942,1107,2,45,03-22-2025,2025/03/26,CHECKED_IN,03-21-2025 12:00 AM
RES-878AA89A8E,990,10,419,02-25-2024,03-Mar-2024,CHECKED_OUT,02-17-2024 12:00 AM
RES-FF6AA63B26,1019,5,183,08-05-2024,08/08/2024,Cancelled,2024-07-30 00:00:00
RES-98686FFAAF,2,6,258,2025/01/11,01-20-2025,conf,2024-11-24 00:00:00
RES-77DAFB1F2D,308,2,60,10-26-2025,30/10/2025,cancelled,10-02-2025 12:00 AM
RES-A02EBC5577,471,5,227,20/11/2025,24/11/2025,pending,2025-11-10 00:00:00
RES-DDDE14BDCC,1186,10,398,2026-08-13,08-17-2026,pending,27/07/2026 00:00
RES-236AEE8B79,995,14,627,01-Sep-2024,05-Sep-2024,no-show,08-15-2024 12:00 AM
RES-6FD5AFA94F,236,14,578,13/09/2026,2026-09-16,NS,08-10-2026 12:00 AM
RES-E5FD0A3E89,32,15,639,17-May-2026,27/05/2026,CANCELLED,03/04/2026 00:00
RES-5B9E4D04B8,892,8,342,2025/12/18,24-Dec-2025,Checked In,2025-11-26 00:00:00
RES-CF3CE131DA,1071,7,297,09/06/2024,06-17-2024,Pending,2024-05-27 00:00:00
RES-EC8BF3021B,955,11,441,2026/01/01,2026-01-04,Cancelled,26/11/2025 00:00
RES-4E852F7786,1047,6,269,12-Jun-2024,17-Jun-2024,CHECKED_OUT,06-11-2024 12:00 AM
RES-59DEDE9660,1026,1,32,2024-05-07,10-May-2024,Confirmed,03-21-2024 12:00 AM
RES-DFFCE89FE0,211,15,657,24-Apr-2026,27/04/2026,pending,06/03/2026 00:00
RES-19DD711CD3,540,14,569,2024-02-14,16-Feb-2024,Checked In,2024-01-04 00:00:00
RES-AE03F58243,627,10,413,01-24-2026,29/01/2026,NS,25/12/2025 00:00
RES-1889F210E6,465,2,54,2026/05/04,09-May-2026,CO,18/04/2026 00:00
RES-2E0048518F,620,1,3,2024/11/17,27-Nov-2024,PENDING,10-28-2024 12:00 AM
RES-168CD93E94,1073,12,477,2024/05/28,05-Jun-2024,Pending,2024-04-04 00:00:00
RES-98F3816E8E,523,6,250,2025/05/10,14/05/2025,CI,2025-04-12 00:00:00
RES-AB96A824ED,382,15,641,07-19-2026,2026/07/25,checked_out,10/06/2026 00:00
RES-973BF2F53E,1076,8,310,22-Apr-2026,05-01-2026,PND,27/03/2026 00:00
RES-AC855BC92B,842,1,15,2025-01-22,23-Jan-2025,Pending,2024-12-27 00:00:00
RES-236567ED86,371,14,578,2025-11-26,2025/11/29,CXL,22/10/2025 00:00
RES-2401C9C81A,536,14,580,04-04-2025,11/04/2025,cancelled,26/03/2025 00:00
RES-829AAB0799,883,12,510,01-Aug-2024,02-Aug-2024,checked_out,19/06/2024 00:00
RES-DF9D7C8E7F,415,9,375,29/12/2025,01-03-2026,PENDING,10-31-2025 12:00 AM
RES-12957600D6,1067,15,639,01-07-2025,2025-01-14,checked-in,2024-11-12 00:00:00
RES-51616DC6AB,181,1,16,04-01-2026,2026/04/02,CANCELLED,14/02/2026 00:00
RES-CCB7E8360C,842,11,427,01-19-2025,2025/01/25,PENDING,12-12-2024 12:00 AM
RES-BE281D5E05,1024,15,638,24/02/2026,26-Feb-2026,PND,11/02/2026 00:00
RES-A4A16CAFF7,876,10,409,06-19-2025,2025/06/27,NOSHOW,2025-05-19 00:00:00
RES-3428C09100,527,4,157,22/04/2024,2024/04/28,NS,15/03/2024 00:00
RES-E3A450D3DC,394,3,125,23-Oct-2025,24-Oct-2025,confirmed,2025-09-14 00:00:00
RES-FCAA59044C,631,2,52,09-18-2026,23/09/2026,Checked Out,17/09/2026 00:00
RES-62817DC4B1,1199,10,396,2024/01/20,21-Jan-2024,Checked Out,14/01/2024 00:00
RES-D036D6833F,1235,12,492,11-Sep-2026,17/09/2026,conf,05/09/2026 00:00
RES-06FC176B7B,474,10,406,2025/04/19,20-Apr-2025,canceled,07/04/2025 00:00
RES-912F99C619,118,3,91,2025/07/27,2025/08/03,Cancelled,05/06/2025 00:00
RES-3C51B99EBF,746,10,397,2026/09/07,15/09/2026,CHECKED_OUT,2026-07-25 00:00:00
RES-DAB9E3F04B,197,2,43,25/12/2025,,NOSHOW,11-23-2025 12:00 AM
RES-7039682DB9,1128,6,263,2026/02/16,02-17-2026,checked-out,11/02/2026 00:00
RES-2C9306F60F,1211,9,391,13-May-2026,05-17-2026,checked_out,2026-04-29 00:00:00
RES-D7E13D9653,1010,7,290,2025/05/06,12-May-2025,Checked In,03-10-2025 12:00 AM
RES-9916758F8A,532,8,327,2025-10-27,11-04-2025,Pending,10/10/2025 00:00
RES-CF4352E1E4,74,14,591,2025-10-24,10-29-2025,checked-out,10-15-2025 12:00 AM
RES-0E3881B7F8,1074,11,467,2025/03/04,03-08-2025,Confirmed,11/02/2025 00:00
RES-21E644A523,67,13,531,2026-10-19,10-28-2026,canceled,09-18-2026 12:00 AM
RES-3D73300117,383,9,386,21-Sep-2025,2025/09/25,pending,09-13-2025 12:00 AM
RES-0A610F525C,454,15,683,2024-08-06,,checked-out,2024-08-02 00:00:00
RES-5BE0DD6628,644,13,530,08-Apr-2024,04-11-2024,NOSHOW,02-16-2024 12:00 AM
RES-C4639F8E2F,809,10,400,11-25-2024,02-Dec-2024,pending,2024-10-14 00:00:00
RES-D0A6F0B72E,403,4,146,2025-10-27,11-01-2025,CNF,26/09/2025 00:00
RES-C13B0807AC,44,14,565,2025-11-06,13-Nov-2025,CNF,05/10/2025 00:00
RES-6CB3A3EDF9,946,2,49,12/09/2025,2025/09/20,cancelled,02/08/2025 00:00
RES-53E88DA8CA,916,2,39,2025/02/02,2025/02/10,checked_in,15/01/2025 00:00
RES-F04F0D0DBF,840,11,462,2024-08-27,04-Sep-2024,Checked Out,09/07/2024 00:00
RES-95BE1F8998,1110,13,544,2026/08/30,02/09/2026,PND,2026-08-22 00:00:00
RES-397F29B809,1008,14,573,2024/10/10,2024/10/20,pending,09-16-2024 12:00 AM
RES-1DB90A38F3,1026,12,488,2024-02-01,10-Feb-2024,conf,01-10-2024 12:00 AM
RES-47D775F0BF,548,6,246,2025/05/25,02/06/2025,PENDING,22/05/2025 00:00
RES-5BC1171D43,22,9,393,21-Oct-2024,27/10/2024,Checked In,09-17-2024 12:00 AM
RES-F89C16A07E,265,11,439,2024/08/10,2024-08-11,CO,07-08-2024 12:00 AM
RES-2A5BA7AB59,525,4,162,02-Feb-2026,2026/02/09,NS,27/01/2026 00:00
RES-2095866BEB,1173,5,180,2026-03-09,13/03/2026,pending,30/01/2026 00:00
RES-AAD841890C,701,11,448,2025-04-18,2025-04-28,canceled,03-09-2025 12:00 AM
RES-9E900AC79B,449,1,26,18/10/2026,10-21-2026,Checked Out,09/09/2026 00:00
RES-51A2A2CA95,1215,1,2,2026-04-25,30/04/2026,canceled,2026-04-02 00:00:00
RES-87D7F04262,441,2,53,2025-09-22,2025-09-28,cancelled,07-25-2025 12:00 AM
RES-BCBA9EE9F7,788,9,363,06-30-2024,2024/07/01,pending,05-09-2024 12:00 AM
RES-BC0D3EE49A,710,4,141,16/07/2025,2025/07/24,CO,27/06/2025 00:00
RES-04399C6C0D,308,15,685,06-15-2026,21/06/2026,CONFIRMED,2026-04-30 00:00:00
RES-1005CAA9B9,385,9,370,06-Aug-2025,08-09-2025,No Show,2025-06-11 00:00:00
RES-BFACDA4191,957,9,384,2025/04/23,2025-05-02,CI,2025-03-04 00:00:00
RES-AA0D23C57A,867,4,170,03-10-2026,03-20-2026,NOSHOW,14/01/2026 00:00
RES-81D7324CEF,603,2,43,2025-08-09,08-19-2025,NS,2025-07-21 00:00:00
RES-75098C8889,85,11,447,19-Aug-2026,20-Aug-2026,Checked In,28/07/2026 00:00
RES-D40D047DAC,755,10,418,2025-07-07,2025/07/09,canceled,04/06/2025 00:00
RES-6847DB5A6B,926,8,322,07-22-2025,07-30-2025,Cancelled,23/05/2025 00:00
RES-968BACC41C,917,15,642,09/06/2026,19-Jun-2026,no_show,2026-05-21 00:00:00
RES-5665BF0796,746,8,321,2024/11/23,28-Nov-2024,checked_in,18/10/2024 00:00
RES-B5F3D37E88,864,7,296,16/06/2026,06-18-2026,Cancelled,2026-05-15 00:00:00
RES-0A66669477,540,15,662,13-Mar-2026,03-14-2026,canceled,21/01/2026 00:00
RES-FADD1513B9,129,3,113,10/05/2026,05-12-2026,pending,2026-04-16 00:00:00
RES-088E6AC23A,493,6,257,01-19-2025,01-29-2025,cancelled,27/12/2024 00:00
RES-08BA1A0E2D,991,9,374,15-Nov-2026,2026/11/22,No Show,2026-09-20 00:00:00
RES-B2990C2B16,855,5,186,08/01/2026,2026-01-13,Checked In,01-04-2026 12:00 AM
RES-CC76DF41BF,1186,8,352,04-Sep-2025,2025/09/08,CNF,08-20-2025 12:00 AM
RES-BE4E054AF6,1180,4,164,2025-07-07,2025-07-13,CI,2025-06-02 00:00:00
RES-EDC1801E4C,420,10,397,02-25-2024,2024-03-03,Pending,02-14-2024 12:00 AM
RES-E83201A65D,1169,11,466,2024-10-07,17/10/2024,Pending,09-05-2024 12:00 AM
RES-EF863C6EC8,129,9,371,2025/08/08,08-12-2025,CO,2025-06-29 00:00:00
RES-EEF871CF15,509,13,542,2026-07-10,2026/07/13,no_show,2026-06-22 00:00:00
RES-89B3CFDD71,985,5,226,07-18-2024,07-25-2024,CHECKED_IN,06-01-2024 12:00 AM
RES-47FEA98EF9,1228,9,371,2025/03/08,03-16-2025,PND,20/02/2025 00:00
RES-78F1ADAAED,346,14,593,2025-03-07,03-15-2025,CHECKED_IN,02-01-2025 12:00 AM
RES-D935C651EF,686,4,174,05-26-2024,01-Jun-2024,Pending,2024-04-04 00:00:00
RES-C80C5EEA0C,1195,10,398,2024/03/07,16-Mar-2024,NOSHOW,12/01/2024 00:00
RES-9C401F36F9,250,7,300,2025/07/16,19/07/2025,Pending,04/07/2025 00:00
RES-85D2DFEDC1,108,7,279,07-May-2025,2025/05/11,conf,04-23-2025 12:00 AM
RES-751D4901E5,617,12,505,27-Jul-2026,2026/08/02,Checked In,23/06/2026 00:00
RES-CD3846D906,667,10,419,04-03-2026,10-Apr-2026,no_show,2026-03-05 00:00:00
RES-817393D4E1,270,15,638,01-Dec-2025,12-09-2025,No Show,2025-10-14 00:00:00
RES-D882CD2491,753,7,280,05-06-2024,13/05/2024,checked-in,2024-04-19 00:00:00
RES-D4316160A7,1045,1,6,2025-04-15,04-23-2025,Cancelled,2025-03-29 00:00:00
RES-CAC0EDFC6B,712,11,457,10-06-2026,07-Oct-2026,Confirmed,2026-08-24 00:00:00
RES-272A4BF182,1113,6,263,19/10/2025,23/10/2025,NOSHOW,02/10/2025 00:00
RES-CC59B22A25,1004,7,281,10-12-2025,13/10/2025,no_show,2025-08-28 00:00:00
RES-32DECBBDA8,159,7,298,2026-05-25,05-26-2026,no_show,04-23-2026 12:00 AM
RES-FCCDF08114,833,5,212,11-02-2025,03/11/2025,Pending,24/09/2025 00:00
RES-5338455DF5,594,10,397,17/01/2025,2025-01-26,conf,20/11/2024 00:00
RES-D8EE406974,83,12,496,20/03/2024,30/03/2024,NS,19/03/2024 00:00
RES-43E17D8537,226,5,200,2025-04-18,04-21-2025,no-show,02/04/2025 00:00
RES-DC24106AB3,871,5,186,20/01/2025,21/01/2025,conf,25/12/2024 00:00
RES-54842B1F06,514,6,259,21/12/2024,27-Dec-2024,cancelled,11-29-2024 12:00 AM
RES-6ADE965756,295,4,168,2026-02-01,2026-02-03,CHECKED_IN,01-11-2026 12:00 AM
RES-F4F457BFD5,1266,8,340,2026-03-07,2026/03/10,CHECKED_OUT,03-02-2026 12:00 AM
RES-051D0AF73B,748,10,399,02/10/2025,2025-10-06,Checked In,08-11-2025 12:00 AM
RES-A7FC92C9D3,858,5,215,21-Jun-2025,2025/06/22,cancelled,04-29-2025 12:00 AM
RES-16A276D273,811,9,370,10-25-2024,11-03-2024,no_show,2024-09-28 00:00:00
RES-3A569613B4,133,12,477,2026/01/17,2026-01-26,confirmed,12-28-2025 12:00 AM
RES-B87D4A1E56,508,4,163,2025-03-15,03-19-2025,Checked In,2025-03-02 00:00:00
RES-2AEE3B2F87,1271,8,306,28/05/2024,02-Jun-2024,Confirmed,2024-05-02 00:00:00
RES-E254219B97,228,13,531,30/01/2025,2025/02/09,canceled,12-15-2024 12:00 AM
RES-7E72836817,1105,14,619,27-Feb-2025,01-Mar-2025,checked_in,24/01/2025 00:00
RES-4C622FE321,1153,10,417,2024-03-21,03-23-2024,no_show,01/02/2024 00:00
RES-AF10184C2D,151,10,400,09-08-2025,15-Sep-2025,No Show,08-25-2025 12:00 AM
RES-AD6768E7A0,607,5,219,2026/05/07,13/05/2026,CHECKED_IN,2026-04-27 00:00:00
RES-C63F7D7EDB,14,11,445,2024-10-20,23-Oct-2024,PENDING,24/09/2024 00:00
RES-8D5E82B06C,1190,3,86,2026-04-29,06/05/2026,PND,04-18-2026 12:00 AM
RES-30F2E8461A,1050,14,574,2026/02/04,05/02/2026,CNF,01-27-2026 12:00 AM
RES-A8C5DD167F,1139,2,60,2025-11-30,01/12/2025,CHECKED_OUT,10-31-2025 12:00 AM
RES-05B14975D4,1073,3,107,13-Jun-2025,2025-06-21,PND,2025-04-21 00:00:00
RES-0355E85B82,206,12,481,2025/08/21,28-Aug-2025,conf,30/07/2025 00:00
RES-0326074E88,1153,4,161,01/06/2024,2024-06-04,Confirmed,24/04/2024 00:00
RES-7997398063,942,7,298,21/02/2026,03-03-2026,Checked Out,2026-01-18 00:00:00
RES-C8C085F4AB,1076,7,283,11-16-2025,2025/11/20,cancelled,16/10/2025 00:00
RES-FCAB52B2DB,578,12,505,05-15-2025,2025/05/19,PENDING,04-06-2025 12:00 AM
RES-729CDC59F3,1186,9,376,13/06/2025,06-15-2025,confirmed,04-25-2025 12:00 AM
RES-19A98437C8,873,4,162,22-Aug-2025,25-Aug-2025,CNF,14/08/2025 00:00
RES-FD7749E5D4,77,10,400,2025/10/09,13-Oct-2025,CONFIRMED,10-04-2025 12:00 AM
RES-DCEA2A0C29,978,7,291,09-10-2024,16/09/2024,cancelled,2024-08-25 00:00:00
RES-5D9EB4968A,1006,10,418,2025-06-08,10/06/2025,CO,05-06-2025 12:00 AM
RES-89BCEA8119,926,10,417,18/08/2025,2025/08/21,CHECKED_OUT,08-07-2025 12:00 AM
RES-165CCC1923,1163,7,275,11-23-2024,2024-12-01,CHECKED_OUT,10-10-2024 12:00 AM
RES-FCE5552ECA,616,8,339,05-14-2024,17/05/2024,checked-in,16/03/2024 00:00
RES-26D2BCB52E,677,4,142,29/12/2024,08-Jan-2025,No Show,12-26-2024 12:00 AM
RES-05DF35D10E,765,1,13,13/11/2025,2025/11/20,CXL,2025-10-21 00:00:00
RES-2CBC2BE880,10,7,301,2025-07-24,30-Jul-2025,checked-in,07-03-2025 12:00 AM
RES-E264637709,124,11,438,12/03/2024,17-Mar-2024,NOSHOW,10/03/2024 00:00
RES-153578DF46,308,10,402,2026/08/01,2026-08-03,PND,07-31-2026 12:00 AM
RES-9E758B52EA,319,15,675,12/07/2026,07-22-2026,checked-in,05-17-2026 12:00 AM
RES-3451138F19,666,5,184,05-29-2025,02-Jun-2025,confirmed,26/05/2025 00:00
RES-8E764B23EB,619,5,195,09-Aug-2026,,cancelled,2026-07-19 00:00:00
RES-06AEB4AF87,348,6,271,11-26-2025,2025-12-06,conf,2025-11-10 00:00:00
RES-7C9607C405,128,11,438,28-Aug-2026,2026-09-02,conf,2026-08-06 00:00:00
RES-A2CEC7D252,158,13,550,2025-05-04,10-May-2025,cancelled,28/03/2025 00:00
RES-2A27C05BBA,1,11,426,07-Jul-2024,07-09-2024,CO,2024-06-18 00:00:00
RES-FD34960398,176,15,661,03-19-2026,2026-03-25,Pending,19/01/2026 00:00
RES-479B5B4D6E,1061,7,300,09-28-2026,30-Sep-2026,CI,2026-08-20 00:00:00
RES-EAFE1A8EA8,970,8,309,07-30-2024,31/07/2024,CI,2024-06-23 00:00:00
RES-F4AE24389B,211,3,137,2024/10/27,2024/11/06,CONFIRMED,2024-10-16 00:00:00
RES-13D4229A1C,1052,5,185,2026/01/26,2026/02/02,CONFIRMED,2025-12-11 00:00:00
RES-F19A9CD174,333,7,275,02-08-2024,2024-02-16,NS,02-01-2024 12:00 AM
RES-278F1350A2,1031,5,230,14-Oct-2026,10-21-2026,no_show,09-10-2026 12:00 AM
RES-FD59524353,1229,9,372,23-Oct-2024,10-30-2024,conf,10/09/2024 00:00
RES-AB6E8A18A4,642,5,190,2026/04/04,2026-04-06,Confirmed,2026-03-25 00:00:00
RES-55E6D35D67,736,9,369,24/06/2026,03/07/2026,No Show,04-28-2026 12:00 AM
RES-5D82F37EB8,516,1,10,2024-07-23,31/07/2024,cancelled,2024-06-27 00:00:00
RES-448308FD77,519,6,272,09-Oct-2024,2024-10-16,CHECKED_OUT,2024-09-04 00:00:00
RES-6832EAA329,1209,5,200,03-Aug-2025,10-Aug-2025,NOSHOW,02/07/2025 00:00
RES-4FF28B3F4E,693,14,564,2026-04-11,12/04/2026,pending,23/03/2026 00:00
RES-5D0C2F60C5,297,14,622,04-27-2026,04-30-2026,Checked In,2026-03-28 00:00:00
RES-70CC4BC693,1214,7,296,07-Sep-2024,10-Sep-2024,Pending,07-31-2024 12:00 AM
RES-7CBFE48A8A,212,9,372,2024/08/12,21/08/2024,Pending,06-22-2024 12:00 AM
RES-05AA9A1E6A,874,11,450,02-22-2024,23/02/2024,Cancelled,22/01/2024 00:00
RES-D3EA6E7A68,1234,13,519,2025-08-31,02-Sep-2025,no-show,08-15-2025 12:00 AM
RES-0ED79AE2D3,958,2,43,22-Mar-2024,2024-03-23,checked_in,02-28-2024 12:00 AM
RES-B9F5617934,1184,9,380,08/11/2025,11-15-2025,NOSHOW,09-18-2025 12:00 AM
RES-00C48CB8F3,24,7,277,2026-08-29,2026/09/04,CI,22/07/2026 00:00
RES-728B0A4E2B,760,12,483,28/12/2024,30/12/2024,PENDING,12-06-2024 12:00 AM
RES-C0684B5C80,427,2,36,2025-12-29,2025-12-31,Checked Out,06/12/2025 00:00
RES-027F672479,879,2,60,2025/04/05,2025-04-11,checked_in,15/02/2025 00:00
RES-A6B880105E,292,2,48,16-Sep-2024,19-Sep-2024,checked_out,08-30-2024 12:00 AM
RES-B9F04AA7FF,1117,4,149,26-Jun-2024,2024-06-28,NS,05-23-2024 12:00 AM
RES-581B900507,630,12,487,16/05/2025,2025-05-22,CANCELLED,03-29-2025 12:00 AM
RES-E1E5027A00,1020,6,259,2024/03/19,24/03/2024,confirmed,03-13-2024 12:00 AM
RES-BEEDFA4C09,885,9,376,03-18-2026,2026-03-28,no_show,02-24-2026 12:00 AM
RES-319F157E53,763,13,540,2024-05-18,19/05/2024,Cancelled,2024-04-04 00:00:00
RES-AB97216B74,94,12,507,2025-07-01,08-Jul-2025,CO,14/06/2025 00:00
RES-6E50734DE0,132,11,433,12-Sep-2025,2025-09-22,cancelled,04/08/2025 00:00
RES-EAF4DEC237,420,4,169,2024-11-17,19-Nov-2024,confirmed,08/11/2024 00:00
RES-9E01F4666C,599,14,567,07-31-2024,08-04-2024,PND,07-23-2024 12:00 AM
RES-6E9D077EFF,301,5,235,2025/12/07,12-11-2025,PND,2025-11-28 00:00:00
RES-D95E285BC3,158,11,445,2025/08/10,2025/08/20,PND,19/06/2025 00:00
RES-0EB064BE3E,131,7,289,2025-06-27,05/07/2025,NS,2025-05-27 00:00:00
RES-68317ED11D,330,9,375,13/11/2024,2024-11-21,CNF,11/10/2024 00:00
RES-3DFAD68155,1045,6,262,09/12/2025,12-17-2025,no_show,22/10/2025 00:00
RES-D30091BE26,83,10,418,11-13-2025,15-Nov-2025,No Show,10-03-2025 12:00 AM
RES-45CC61B7B5,1105,4,144,15/12/2024,2024-12-22,Checked In,11-29-2024 12:00 AM
RES-F930F6628C,1155,4,149,16/09/2024,2024/09/23,CHECKED_OUT,2024-09-14 00:00:00
RES-96D1D1B6D6,153,3,122,2025/01/11,01-19-2025,PENDING,29/12/2024 00:00
RES-D41206FEE2,449,11,467,2024-12-11,16-Dec-2024,NS,11-23-2024 12:00 AM
RES-F19E40152C,1077,7,297,13/11/2026,23/11/2026,confirmed,09-22-2026 12:00 AM
RES-DD6A449BAB,19,1,9,03-13-2024,23-Mar-2024,confirmed,2024-01-23 00:00:00
RES-2D552A2395,1008,5,231,2025-12-11,2025-12-16,CI,10/12/2025 00:00
RES-CD76289950,560,7,291,10-07-2026,10-10-2026,checked_out,09-09-2026 12:00 AM
RES-C576EB1211,236,5,228,02-Jun-2024,2024-06-10,Cancelled,30/04/2024 00:00
RES-02A22B9857,460,13,532,29/02/2024,03-04-2024,PND,01-30-2024 12:00 AM
RES-862397FFD6,526,10,409,01/06/2026,2026-06-02,CXL,2026-04-10 00:00:00
RES-49A608C022,1025,13,553,20-Aug-2025,2025/08/25,checked_out,10/08/2025 00:00
RES-AB241B6372,393,14,572,05-08-2024,15/05/2024,CONFIRMED,05/04/2024 00:00
RES-F9551C4960,256,12,496,2025-05-13,23-May-2025,Cancelled,2025-04-19 00:00:00
RES-64349A6D20,317,15,651,07-23-2026,2026-07-31,PENDING,2026-06-28 00:00:00
RES-39B6FFEABF,318,7,277,05-11-2024,2024-05-17,CNF,2024-05-06 00:00:00
RES-220AEA4B2F,210,11,445,19/02/2026,2026-03-01,checked-in,2026-01-24 00:00:00
RES-35639F3DAF,869,2,42,16/11/2025,2025/11/22,Cancelled,31/10/2025 00:00
RES-4188DD089F,641,2,46,2026/04/02,04-12-2026,CANCELLED,02-21-2026 12:00 AM
RES-C35290E069,645,2,60,2025/05/13,19/05/2025,CXL,25/03/2025 00:00
RES-D71C00774B,1189,1,18,17/11/2024,20/11/2024,No Show,11-14-2024 12:00 AM
RES-5E5074EB7A,423,4,170,25/03/2026,2026/03/31,checked_in,24/01/2026 00:00
RES-5E96B746A8,1042,6,261,05/10/2025,10-13-2025,checked-in,22/08/2025 00:00
RES-766244F0B8,989,3,123,2024/12/08,13-Dec-2024,no-show,2024-10-19 00:00:00
RES-915BA7F2D2,18,5,181,08/09/2025,17-Sep-2025,checked-out,08-04-2025 12:00 AM
RES-8505048639,426,11,472,2025/05/26,05-30-2025,CHECKED_IN,2025-04-18 00:00:00
RES-B867E81022,521,10,397,05-05-2025,05-11-2025,NOSHOW,2025-04-24 00:00:00
RES-E118CB46FE,456,2,34,22-Jun-2026,2026-06-27,CANCELLED,2026-05-12 00:00:00
RES-3EC7381173,977,6,274,2024-08-02,09/08/2024,Confirmed,07-25-2024 12:00 AM
RES-55BF0DC3A7,505,11,470,2025/11/19,11-28-2025,CANCELLED,10-11-2025 12:00 AM
RES-5BE2608E4D,876,10,415,2026/05/10,05-18-2026,PENDING,16/03/2026 00:00
RES-8EC5943666,726,15,672,2025/10/23,2025-10-31,Pending,09-30-2025 12:00 AM
RES-B17DBF02FB,295,2,60,23/01/2026,01/02/2026,PENDING,2026-01-16 00:00:00
RES-2BAB67B19E,265,3,89,07-Feb-2025,02-15-2025,PENDING,2025-01-31 00:00:00
RES-A73ADF96AC,751,5,224,03-Apr-2024,12/04/2024,confirmed,23/03/2024 00:00
RES-2BD79B9DC6,1236,1,9,03-10-2024,2024/03/15,no-show,08/02/2024 00:00
RES-31D7548532,559,13,540,09-08-2024,09-12-2024,CANCELLED,2024-07-30 00:00:00
RES-114F9AC471,443,12,501,23/04/2025,2025-05-03,checked_in,2025-03-04 00:00:00
RES-58F7C6A8C1,339,1,1,2024/10/03,08-Oct-2024,NOSHOW,20/09/2024 00:00
RES-3116B34E48,731,4,142,09-19-2024,,NS,2024-09-11 00:00:00
RES-798E2F1F33,1164,2,40,24/03/2024,03/04/2024,cancelled,2024-02-22 00:00:00
RES-1B130FF659,564,10,400,02-18-2026,2026-02-27,CANCELLED,01-29-2026 12:00 AM
RES-133F061A23,55,15,672,2024-06-28,2024-07-07,checked-out,2024-06-01 00:00:00
RES-F6C84BA9B1,321,1,31,06-07-2024,06-17-2024,No Show,05-04-2024 12:00 AM
RES-0C7461D61E,155,7,279,2026/05/20,30-May-2026,conf,10/04/2026 00:00
RES-DB3D71010D,403,8,304,2026/06/17,2026/06/26,checked_out,04-18-2026 12:00 AM
RES-205F00A55E,347,5,234,2024-10-21,2024-10-25,PND,13/10/2024 00:00
RES-B3961BAF91,665,11,465,2026-01-04,2026/01/10,CONFIRMED,30/11/2025 00:00
RES-6AA31273D3,509,1,29,07-Apr-2025,12/04/2025,NOSHOW,26/02/2025 00:00
RES-24E9812E60,276,2,36,2025/01/01,01-05-2025,checked_in,11-11-2024 12:00 AM
RES-D588A3C3C0,998,12,498,11-06-2024,2024/11/10,No Show,2024-09-24 00:00:00
RES-F66B523665,774,7,297,2024/09/22,2024/09/30,PND,09-19-2024 12:00 AM
RES-6365772286,915,9,384,2025-10-02,04-Oct-2025,CHECKED_OUT,09-27-2025 12:00 AM
RES-1FB26B78A5,1033,3,100,17-Oct-2025,2025/10/27,checked-in,01/10/2025 00:00
RES-72B5A25E4A,436,8,313,05-04-2025,2025/05/09,Cancelled,2025-03-17 00:00:00
RES-FFE50443A6,6,15,634,12/03/2024,22-Mar-2024,NOSHOW,10/02/2024 00:00
RES-55BE8CD36C,1208,7,280,18/02/2026,22-Feb-2026,CHECKED_IN,2026-02-14 00:00:00
RES-20265A49A8,149,3,124,2026-06-08,2026/06/09,CO,05-23-2026 12:00 AM
RES-ECC3F1EC88,291,6,249,20-Nov-2024,26-Nov-2024,NS,11-08-2024 12:00 AM
RES-5A767258DF,1102,14,684,2025-04-04,14/04/2025,checked_in,2025-02-21 00:00:00
RES-4616110895,257,14,602,2025/07/02,07-09-2025,PND,06-11-2025 12:00 AM
RES-857711602D,90,13,515,02-17-2024,25-Feb-2024,checked-in,2024-02-15 00:00:00
RES-9323BCA29F,1211,14,565,03-14-2026,03-22-2026,NOSHOW,2026-01-17 00:00:00
RES-2C1DD1D504,939,11,445,09-03-2024,05-Sep-2024,checked_in,07-09-2024 12:00 AM
RES-7C401ADB6C,896,6,257,06-07-2024,2024/06/10,checked_in,04/05/2024 00:00
RES-5FB79F55BC,131,3,109,2024/06/07,2024/06/17,checked-out,04-21-2024 12:00 AM
RES-5112F4FC60,330,5,197,2024/09/12,2024/09/16,no-show,2024-07-28 00:00:00
RES-34AF22D17B,252,6,246,06-09-2026,06-10-2026,Checked In,31/05/2026 00:00
RES-794A738037,545,8,333,20-Feb-2026,2026-02-27,CO,01-21-2026 12:00 AM
RES-37970A716A,824,14,569,06-05-2026,10-Jun-2026,CHECKED_OUT,18/04/2026 00:00
RES-4A43193063,789,15,664,17-Jun-2026,2026-06-25,cancelled,05-31-2026 12:00 AM
RES-61B51C124B,287,11,442,04-11-2025,17/04/2025,checked_in,22/03/2025 00:00
RES-EE1973F9C5,276,10,410,27/08/2025,04-Sep-2025,PENDING,2025-07-25 00:00:00
RES-92EA708F35,1135,3,158,2025/12/12,19/12/2025,NOSHOW,12-09-2025 12:00 AM
RES-D3ED9A050B,565,4,165,29/03/2024,04-06-2024,checked-out,03-04-2024 12:00 AM
RES-74D10BD8AA,114,1,6,2024/05/06,10/05/2024,confirmed,2024-04-01 00:00:00
RES-02138F7E02,44,15,689,2025/01/14,01-23-2025,Checked Out,28/12/2024 00:00
RES-B89391B43A,805,3,108,22/12/2024,27-Dec-2024,Checked In,17/12/2024 00:00
RES-0AB3D206EF,928,12,486,2026/07/24,28-Jul-2026,Confirmed,19/06/2026 00:00
RES-5F0E6F7296,885,6,259,2025/11/17,11-26-2025,PND,11-03-2025 12:00 AM
RES-FDE05C9CD1,670,5,243,2025-03-30,2025/03/31,no_show,01-31-2025 12:00 AM
RES-D7BAFB2134,1235,7,302,11/11/2025,2025/11/18,PENDING,2025-10-11 00:00:00
RES-6757B89117,994,7,286,26-Apr-2025,2025/05/03,no_show,2025-04-13 00:00:00
RES-5815A64C3B,1013,14,575,2025/11/01,11-02-2025,Pending,2025-09-13 00:00:00
RES-0BE882E536,264,4,167,2026-04-30,2026/05/06,Checked In,03-05-2026 12:00 AM
RES-35A8FA8513,555,13,533,2025-12-18,2025-12-21,CHECKED_OUT,2025-12-06 00:00:00
RES-C4DA2D528F,723,11,459,28/06/2025,03/07/2025,checked-in,06-18-2025 12:00 AM
RES-4BD1426368,110,9,378,2025/06/11,2025/06/17,CONFIRMED,2025-05-21 00:00:00
RES-10E90B8B83,389,1,19,20-Sep-2026,09-21-2026,Pending,08-28-2026 12:00 AM
RES-134DC22131,1197,14,582,2026/10/16,26-Oct-2026,Checked In,2026-08-20 00:00:00
RES-20B7E913C4,25,5,200,17/05/2025,26/05/2025,Pending,2025-05-10 00:00:00
RES-C2B2B9B8E4,452,13,544,04-14-2025,20-Apr-2025,checked-out,22/03/2025 00:00
RES-AD87CA39A0,635,6,253,13-Aug-2026,2026-08-18,CHECKED_OUT,06/08/2026 00:00
RES-C69E88C59C,445,2,54,2025/09/30,10-03-2025,pending,2025-08-13 00:00:00
RES-2894D45833,426,2,62,24/06/2026,2026/06/28,CANCELLED,04-30-2026 12:00 AM
RES-328A21A683,590,14,601,2025/05/12,2025-05-16,NS,2025-04-29 00:00:00
RES-7E1DC5E383,225,4,145,20/04/2025,2025/04/30,Checked In,28/03/2025 00:00
RES-89E299DC8A,173,11,439,28/04/2024,2024-05-01,PND,04-01-2024 12:00 AM
RES-BB936D5BFE,8,12,511,02/12/2024,07-Dec-2024,CANCELLED,09/10/2024 00:00
RES-D181A653D6,1154,5,195,31/08/2025,05/09/2025,pending,08-25-2025 12:00 AM
RES-7A7D555FF6,905,1,10,02-07-2026,11/02/2026,CNF,05/01/2026 00:00
RES-48C28D2ED7,116,15,676,2026/08/09,08-13-2026,confirmed,07-26-2026 12:00 AM
RES-67768A6A67,288,1,28,27-Jul-2025,03-Aug-2025,CHECKED_IN,10/06/2025 00:00
RES-9D6217C022,633,9,391,11-02-2025,11-06-2025,Pending,2025-10-31 00:00:00
RES-EBAC995E67,847,3,111,12-10-2024,12-12-2024,Pending,18/10/2024 00:00
RES-3E3D759198,140,2,48,17-Jan-2025,2025/01/25,CI,10/01/2025 00:00
RES-5C302C35AC,26,15,654,14/05/2026,18-May-2026,canceled,03-15-2026 12:00 AM
RES-BA23FB1F81,287,14,593,15/02/2024,18/02/2024,PENDING,09/01/2024 00:00
RES-328C3A9F69,406,6,264,27-Oct-2025,31-Oct-2025,checked_in,18/10/2025 00:00
RES-C347300D63,379,3,102,2026/06/16,2026-06-17,checked-out,2026-05-16 00:00:00
RES-F8562E9B45,411,10,397,12-03-2025,06/12/2025,CXL,10-15-2025 12:00 AM
RES-988AA98D57,626,6,268,2025/04/06,04-09-2025,CO,07/02/2025 00:00
RES-78D4D5365D,436,4,172,22-Nov-2025,30-Nov-2025,confirmed,03/11/2025 00:00
RES-135BFA968F,804,9,380,04/10/2025,13-Oct-2025,CNF,09-14-2025 12:00 AM
RES-2D07E88360,730,5,227,02-20-2024,2024/02/26,PND,2024-01-17 00:00:00
RES-0D7D92BF87,1159,10,399,30/05/2026,06-03-2026,CANCELLED,2026-05-20 00:00:00
RES-7D9EE4B562,846,11,466,04/06/2026,14-Jun-2026,PENDING,19/04/2026 00:00
RES-A771C8365D,515,3,93,2025-03-28,03-30-2025,CI,03-02-2025 12:00 AM
RES-D6650B626E,776,12,507,2025/02/20,01-Mar-2025,PND,02-09-2025 12:00 AM
RES-F71325B3DD,522,3,95,02-27-2026,2026-03-09,CO,02-11-2026 12:00 AM
RES-6DEFF0CB51,614,6,248,2024/04/13,22/04/2024,cancelled,02-18-2024 12:00 AM
RES-23818503FC,391,4,145,2025-05-22,01/06/2025,CANCELLED,25/04/2025 00:00
RES-861B0EBEF3,1129,10,401,23/05/2024,2024-05-26,cancelled,04-03-2024 12:00 AM
RES-4B70BC8ED8,314,13,515,23/08/2025,29/08/2025,canceled,16/08/2025 00:00
RES-35622FAC48,597,11,434,12/02/2024,2024-02-21,Confirmed,2024-01-05 00:00:00
RES-92AC247234,384,2,62,2026/05/11,05-14-2026,cancelled,05-03-2026 12:00 AM
RES-EA1800747B,1179,13,554,2025-12-07,2025-12-08,pending,06/12/2025 00:00
RES-01DAE1A231,436,7,301,2024/07/16,21/07/2024,CXL,27/06/2024 00:00
RES-617578E627,1010,2,35,2025-04-30,02-May-2025,CNF,21/03/2025 00:00
RES-B4413E2941,382,1,10,2026-05-31,2026/06/01,pending,05-14-2026 12:00 AM
RES-1693D96E42,1164,15,652,08/05/2024,2024-05-12,pending,2024-04-26 00:00:00
RES-1F0E96A195,365,6,273,20/12/2025,29/12/2025,checked-in,12-15-2025 12:00 AM
RES-837F17A4DE,88,8,326,2024-04-15,17-Apr-2024,Checked In,2024-03-31 00:00:00
RES-847A29D67C,792,9,374,2025-11-28,30-Nov-2025,confirmed,26/11/2025 00:00
RES-992927DE8A,843,15,687,26/06/2024,06-27-2024,CXL,18/05/2024 00:00
RES-1082E808FE,479,14,580,2024-01-28,2024/01/31,conf,01-17-2024 12:00 AM
RES-858846E4C8,48,13,535,10-09-2026,10/10/2026,No Show,2026-08-26 00:00:00
RES-2856657728,655,1,2,07-11-2025,20/07/2025,CHECKED_OUT,24/06/2025 00:00
RES-405D8735B7,894,1,32,2025-10-18,2025/10/19,cancelled,09-16-2025 12:00 AM
RES-6BF22C9CCE,83,8,345,09-16-2026,09-20-2026,confirmed,14/08/2026 00:00
RES-5E4FE42A74,1219,15,644,2024/11/04,07/11/2024,CNF,2024-09-05 00:00:00
RES-71D49FFDC9,323,3,76,2026-05-09,14-May-2026,CO,2026-04-26 00:00:00
RES-2337BF3532,61,2,52,11-09-2024,2024-11-16,Checked Out,06/11/2024 00:00
RES-647FA4E132,805,13,519,2025/07/30,07-Aug-2025,NOSHOW,2025-07-07 00:00:00
RES-696C38D517,522,11,431,2025-05-21,05-31-2025,no_show,2025-04-03 00:00:00
RES-C2C64F024E,255,9,368,04-06-2026,11-Apr-2026,PND,10/02/2026 00:00
RES-43542030E5,693,8,307,2024-11-07,2024-11-14,no-show,2024-10-01 00:00:00
RES-727AA85A0A,990,8,324,08/04/2026,09/04/2026,no_show,15/02/2026 00:00
RES-C712F61BC6,1034,12,487,04-25-2025,28/04/2025,CNF,26/03/2025 00:00
RES-F878CA1572,549,11,465,05/09/2025,09-13-2025,checked-out,31/07/2025 00:00
RES-8578EF8FA9,696,3,87,25/06/2025,06-26-2025,no-show,04-28-2025 12:00 AM
RES-84097DCCB9,1083,9,388,2026/03/20,03-25-2026,PND,2026-02-23 00:00:00
RES-53D3DCB194,805,10,404,2024/12/30,2025-01-03,NOSHOW,12-21-2024 12:00 AM
RES-DABDD7AAA2,970,8,353,01/02/2025,02-05-2025,checked-out,2024-12-07 00:00:00
RES-91D4B912CB,554,14,613,09/03/2024,2024-03-14,Pending,01/03/2024 00:00
RES-64C08258EE,852,15,655,2025/02/25,06-Mar-2025,canceled,14/02/2025 00:00
RES-F55F3170AF,744,8,320,17/06/2024,06-22-2024,cancelled,2024-04-30 00:00:00
RES-E26D133D6C,543,2,41,08-26-2025,03/09/2025,CNF,08-04-2025 12:00 AM
RES-0486F5C916,776,12,513,2025-06-09,15/06/2025,conf,01/06/2025 00:00
RES-5C827BD89E,516,13,553,2025/02/19,2025/02/22,checked-out,31/01/2025 00:00
RES-664E46BF80,1082,8,323,2025-03-08,03-18-2025,confirmed,18/01/2025 00:00
RES-0B8813B94A,155,6,254,07-Oct-2024,2024/10/12,Pending,2024-08-13 00:00:00
RES-8C4C9248F6,352,6,272,2025-01-15,2025-01-19,Confirmed,28/11/2024 00:00
RES-CC95A839B7,1096,7,282,19/01/2026,01-26-2026,confirmed,27/11/2025 00:00
RES-4B80F5FD20,1210,11,448,12-Jun-2024,2024/06/13,CANCELLED,26/04/2024 00:00
RES-A37083B5FE,131,10,419,2026-08-24,03-Sep-2026,checked_out,23/07/2026 00:00
RES-123A57A677,221,8,340,23/11/2024,2024-11-26,CONFIRMED,2024-11-22 00:00:00
RES-D3A3F4ABA7,1109,3,124,14/05/2026,23/05/2026,cancelled,03-19-2026 12:00 AM
RES-ADE2A4E389,1123,7,283,17-Jun-2024,2024/06/18,CO,05-24-2024 12:00 AM
RES-4761600B9C,536,14,616,2024-04-03,04-04-2024,checked-in,03/02/2024 00:00
RES-0F659DEAD1,1001,7,290,25-Oct-2024,2024-11-03,CI,09/09/2024 00:00
RES-213E0DD32B,1229,3,104,03-May-2025,11/05/2025,CO,04-12-2025 12:00 AM
RES-01306768B5,1022,3,66,2025/09/11,21/09/2025,checked_out,11/08/2025 00:00
RES-819DE0531B,1202,5,187,2025-09-29,,checked-in,09-11-2025 12:00 AM
RES-44825A9B67,889,1,22,2024/03/23,03-26-2024,PND,01-27-2024 12:00 AM
RES-03109D4661,859,11,448,20-Jan-2025,2025-01-28,checked_in,2024-12-31 00:00:00
RES-AACCD05E95,798,2,49,11-19-2025,11-26-2025,no_show,2025-11-10 00:00:00
RES-33331610F4,1028,14,633,04-24-2026,28-Apr-2026,checked-in,16/03/2026 00:00
RES-2112C35D44,1210,11,470,01-Apr-2024,04-09-2024,CHECKED_IN,2024-02-08 00:00:00
RES-1016F8F24C,723,8,319,09-17-2026,2026-09-20,CI,31/07/2026 00:00
RES-C42C0C4815,106,7,293,08/12/2025,14/12/2025,no-show,11-06-2025 12:00 AM
RES-ED9FC3EA48,332,5,229,25-Apr-2026,05-02-2026,NS,03-16-2026 12:00 AM
RES-813C8EA4E0,696,1,15,2024-03-08,2024/03/09,CONFIRMED,02-08-2024 12:00 AM
RES-8A5FD9F44B,850,12,481,02-17-2026,25/02/2026,No Show,2026-01-27 00:00:00
RES-0157B4C535,769,12,511,2024/10/02,10-05-2024,checked-in,09-10-2024 12:00 AM
RES-A9A6AAAC6D,1047,7,275,26/05/2024,02/06/2024,checked_out,2024-05-24 00:00:00
RES-0AD904CCB3,295,9,392,08-13-2024,2024/08/20,canceled,07-02-2024 12:00 AM
RES-FFC2817632,136,9,367,2024-05-19,26/05/2024,Pending,2024-03-28 00:00:00
RES-36FDC7D400,1084,9,379,20-Nov-2024,2024-11-27,pending,11-04-2024 12:00 AM
RES-06E956AC41,1134,10,396,2024-04-06,2024-04-09,CHECKED_OUT,02-19-2024 12:00 AM
RES-FED2977A07,950,12,504,10-27-2024,03-Nov-2024,Checked In,02/09/2024 00:00
RES-23DCA3BAFE,1033,6,247,12/10/2025,10-17-2025,pending,2025-09-20 00:00:00
RES-4AC5561695,1176,15,658,2025-01-29,2025/02/02,canceled,01-15-2025 12:00 AM
RES-0A3CA4CB2C,144,4,143,12-05-2025,2025-12-11,CANCELLED,01/11/2025 00:00
RES-70EF0B3248,902,1,28,2026-01-11,01-17-2026,NOSHOW,04/01/2026 00:00
RES-0A4D94D330,1152,3,116,08-Feb-2026,2026/02/11,Confirmed,01-22-2026 12:00 AM
RES-6A4DE7B354,346,5,216,02/08/2024,03/08/2024,CI,06-20-2024 12:00 AM
RES-6BDCD74123,1119,4,145,2025/07/20,2025/07/29,NS,03/07/2025 00:00
RES-962504B1D7,684,14,569,08-24-2025,09-03-2025,Checked Out,19/08/2025 00:00
RES-B3A1EA5842,1197,7,285,02-17-2024,19/02/2024,CXL,31/01/2024 00:00
RES-516CA04119,20,8,324,06-Jul-2025,2025/07/14,confirmed,05-29-2025 12:00 AM
RES-75F830F5FD,468,5,180,2025-05-26,01/06/2025,pending,2025-05-16 00:00:00
RES-38F5FE7B05,991,13,556,28/03/2024,04-05-2024,checked_out,02-03-2024 12:00 AM
RES-767A363BE1,611,4,144,2026/03/07,17/03/2026,pending,03/02/2026 00:00
RES-5777F18F6F,364,15,664,2025/01/07,10/01/2025,NOSHOW,19/12/2024 00:00
RES-075D5D582C,728,11,442,2024/03/22,2024/03/29,CHECKED_IN,2024-02-23 00:00:00
RES-06887C68C4,166,12,499,04-05-2025,2025-04-15,checked-out,28/02/2025 00:00
RES-857029E5F0,759,5,176,2024-06-16,2024-06-23,No Show,02/05/2024 00:00
RES-B6D2C01671,153,4,154,2024/06/25,02-Jul-2024,cancelled,2024-06-01 00:00:00
RES-335196DB24,639,11,457,2026/06/27,04-Jul-2026,NOSHOW,05-09-2026 12:00 AM
RES-3C8AAE8056,837,13,554,27-Jul-2024,06/08/2024,CANCELLED,07-21-2024 12:00 AM
RES-6CD048452B,376,1,14,2026-03-14,24-Mar-2026,cancelled,2026-02-19 00:00:00
RES-2F060E9A41,21,3,114,2025-06-08,2025/06/12,NOSHOW,2025-05-14 00:00:00
RES-65C34B866E,1074,8,344,07-Dec-2025,2025-12-11,canceled,2025-11-14 00:00:00
RES-FE11811616,423,1,23,16-Feb-2026,02-24-2026,PENDING,2026-01-24 00:00:00
RES-8CEDBFEB09,4,13,533,20/06/2026,21/06/2026,Confirmed,2026-06-19 00:00:00
RES-26209FCA6E,624,5,197,08/02/2025,14/02/2025,checked_out,2025-01-25 00:00:00
RES-1276C90875,498,9,370,2024/02/17,02-24-2024,checked-out,01-04-2024 12:00 AM
RES-F8A6FED49F,132,2,39,2024/04/22,2024-04-25,no_show,2024-04-15 00:00:00
RES-04715030F1,804,11,445,16-Feb-2026,21/02/2026,Pending,2026-01-07 00:00:00
RES-0224177D7E,574,7,285,24-Jan-2024,2024/01/28,CXL,11/01/2024 00:00
RES-968F3F6F4B,707,1,32,19/12/2025,21/12/2025,PENDING,2025-12-06 00:00:00
RES-9302EB42A4,201,14,601,30/10/2025,2025-10-31,NOSHOW,10-08-2025 12:00 AM
RES-8E517F2E28,816,1,5,06-23-2024,2024/07/03,No Show,2024-06-04 00:00:00
RES-E7C77EA2E3,1030,13,546,07-21-2026,2026-07-23,CHECKED_OUT,20/07/2026 00:00
RES-47F6C6F9B8,174,7,277,19-Jun-2026,06-27-2026,canceled,05-27-2026 12:00 AM
RES-82ADA5CAF7,672,13,520,2024-11-17,27/11/2024,No Show,10-02-2024 12:00 AM
RES-53946AB59A,525,13,556,18-Jun-2026,26-Jun-2026,Confirmed,05-28-2026 12:00 AM
RES-CDC12BEA06,34,9,382,2026/03/22,2026-03-23,No Show,01-24-2026 12:00 AM
RES-F85068322B,427,7,291,2026/01/25,31/01/2026,confirmed,12-14-2025 12:00 AM
RES-5264BFCDB8,63,13,523,02-03-2025,12/02/2025,PND,01-27-2025 12:00 AM
RES-9F9A94884A,287,1,29,06/09/2026,2026/09/10,confirmed,2026-07-13 00:00:00
RES-F3E9FA5500,977,1,28,2024-09-11,14/09/2024,Cancelled,13/08/2024 00:00
RES-8091674826,990,9,385,2025/05/27,2025-05-29,PENDING,16/04/2025 00:00
RES-0D09A73299,1002,13,526,25-Feb-2024,01-Mar-2024,cancelled,04/02/2024 00:00
RES-48C97EA670,700,5,175,2025/05/08,17-May-2025,cancelled,11/03/2025 00:00
RES-D6680314FD,120,9,388,18/12/2024,2024/12/20,CHECKED_OUT,2024-12-04 00:00:00
RES-A7FC2CDE80,100,6,261,2024/03/11,2024-03-17,CONFIRMED,03/02/2024 00:00
RES-89651FB64B,27,2,52,2024-02-01,2024-02-11,NS,27/01/2024 00:00
RES-92C197A9B2,1017,5,204,2024/10/31,07/11/2024,pending,09-06-2024 12:00 AM
RES-C17220C9C7,1088,10,400,03-Oct-2026,2026-10-10,cancelled,2026-08-27 00:00:00
RES-BEFCF276FE,1110,1,9,10-28-2024,2024-10-31,no_show,2024-09-16 00:00:00
RES-A945171F41,30,13,533,11-07-2024,2024-11-17,CI,27/10/2024 00:00
RES-25C326DD4D,468,10,420,2026/03/10,2026/03/14,PND,01/03/2026 00:00
RES-CC37B025A7,794,7,276,2026/06/27,07-06-2026,Confirmed,11/05/2026 00:00
RES-65ECA1A060,1094,1,31,2024-11-08,2024/11/12,CANCELLED,2024-10-20 00:00:00
RES-B76B1C87E4,917,3,135,21-Jan-2024,28/01/2024,conf,2024-01-09 00:00:00
RES-D6AEAC0DB6,668,6,263,2024-08-30,01-Sep-2024,CONFIRMED,15/08/2024 00:00
RES-C18E0B852F,1215,14,616,2026/02/11,2026/02/20,Confirmed,2025-12-22 00:00:00
RES-76D7CF70FE,897,15,662,2024/02/27,07/03/2024,Confirmed,04/02/2024 00:00
RES-5AF004F57F,227,1,32,07-23-2026,2026/07/26,CANCELLED,11/06/2026 00:00
RES-94779D8416,830,6,260,06-Oct-2025,10-13-2025,CONFIRMED,13/08/2025 00:00
RES-305FE524C6,616,4,149,2026/01/16,25/01/2026,checked-in,11-25-2025 12:00 AM
RES-30D24258BC,100,7,294,06-17-2024,2024-06-26,confirmed,25/04/2024 00:00
RES-5C499EF2C8,1113,12,488,07-Apr-2024,04-15-2024,checked_out,03-17-2024 12:00 AM
RES-5C331739A3,1090,6,259,29/10/2026,2026/11/07,CNF,2026-09-20 00:00:00
RES-58DD08D1F1,994,5,182,03/07/2025,07-04-2025,CHECKED_IN,2025-06-05 00:00:00
RES-B8A30D4C96,1184,12,486,09-27-2024,07/10/2024,CHECKED_IN,2024-09-07 00:00:00
RES-7B42969BC3,691,6,273,20/06/2025,29-Jun-2025,no_show,04-26-2025 12:00 AM
RES-8B512D0F1D,298,4,155,2024/04/25,27-Apr-2024,PND,03-31-2024 12:00 AM
RES-AD607CF41C,856,15,681,16-Apr-2026,2026-04-20,No Show,04-04-2026 12:00 AM
RES-8202ED893E,380,5,231,30/06/2025,2025-07-10,canceled,06-23-2025 12:00 AM
RES-AE2B5C7EE8,360,10,396,2024-08-25,03-Sep-2024,CXL,16/08/2024 00:00
RES-19BF3BC40E,700,14,623,2024/10/16,25/10/2024,no-show,2024-10-11 00:00:00
RES-8295EED820,711,5,181,20/08/2024,2024/08/24,checked-out,18/08/2024 00:00
RES-E15DCEA608,915,11,460,31-May-2026,06-09-2026,CO,04-12-2026 12:00 AM
RES-DB1EF9100D,303,12,481,2026-03-18,2026/03/24,NOSHOW,01-26-2026 12:00 AM
RES-3ABFD33359,898,6,266,2024/04/05,14/04/2024,no-show,21/02/2024 00:00
RES-46982E7EFB,438,9,379,07/08/2024,14/08/2024,No Show,02/08/2024 00:00
RES-940CFD0144,312,1,11,27/02/2026,03-Mar-2026,CNF,26/02/2026 00:00
RES-21167769D3,166,13,545,04-30-2024,04/05/2024,pending,2024-04-02 00:00:00
RES-B747E7DCBA,844,2,55,23/03/2026,30/03/2026,Checked In,26/02/2026 00:00
RES-DDF32360DA,679,2,33,20/11/2025,27/11/2025,checked_in,2025-09-22 00:00:00
RES-C6B052D243,164,11,640,2025-03-14,2025-03-21,checked_out,26/01/2025 00:00
RES-96FBA3F8E0,537,7,295,2025/11/28,2025/12/02,PND,2025-11-06 00:00:00
RES-0326B66E0D,853,15,638,2025/11/04,11-13-2025,checked-out,2025-10-03 00:00:00
RES-780BFDDCF3,364,15,656,2024/10/17,2024/10/21,Checked In,2024-10-07 00:00:00
RES-1D518B19C5,32,8,307,2025/06/08,2025/06/11,canceled,04-20-2025 12:00 AM
RES-DD705D77C4,63,11,443,04-18-2025,2025/04/20,canceled,2025-03-20 00:00:00
RES-B8B5805C0E,649,8,319,05/11/2024,2024/11/07,no-show,18/09/2024 00:00
RES-6DAE8FF1FE,369,13,525,2026-10-21,10-30-2026,cancelled,09-08-2026 12:00 AM
RES-DC5DB0BE01,227,10,415,2026-07-08,2026-07-17,CANCELLED,06-12-2026 12:00 AM
RES-3553211EF0,117,7,276,02-08-2026,2026/02/11,No Show,2026-01-24 00:00:00
RES-98DF6246FC,345,1,11,22/10/2024,29/10/2024,No Show,13/09/2024 00:00
RES-ACA07AB092,805,1,15,2024/10/04,2024/10/14,PENDING,09-20-2024 12:00 AM
RES-A6C9E14BED,1071,9,375,11-03-2025,2025/11/05,canceled,10-17-2025 12:00 AM
RES-82155374DD,682,11,441,2026/04/06,11-Apr-2026,CI,2026-02-11 00:00:00
RES-7C420CBDD8,433,14,630,2025-05-25,2025/05/27,Checked In,14/05/2025 00:00
RES-12E3E95555,147,8,317,2024-06-08,2024-06-13,Checked In,07/05/2024 00:00
RES-8043EA7F61,1086,9,393,16/01/2025,24-Jan-2025,CI,03/12/2024 00:00
RES-9D567C5478,449,7,275,03-10-2025,11-Mar-2025,cancelled,01-22-2025 12:00 AM
RES-5F0E5F1668,1217,2,39,07-08-2025,11/07/2025,PENDING,2025-05-28 00:00:00
RES-D8C7C5CB15,240,5,206,2024/01/28,02-04-2024,Checked Out,2024-01-19 00:00:00
RES-98C797A27E,1145,12,499,22-Sep-2024,24/09/2024,no_show,10/08/2024 00:00
RES-891FD6AD39,138,6,272,28-Dec-2024,01-05-2025,no-show,12-12-2024 12:00 AM
RES-9E08B80AA2,751,4,160,2026-03-14,2026/03/21,checked-in,2026-01-28 00:00:00
RES-2ED76E7F1F,485,10,420,2026-02-16,2026-02-17,NOSHOW,12-22-2025 12:00 AM
RES-8D6D39E979,1003,5,217,14-Jan-2026,2026-01-22,NS,2025-11-19 00:00:00
RES-B5B3F82B18,1236,10,408,03-02-2025,2025/03/09,checked-out,01-08-2025 12:00 AM
RES-3CA39BF04C,514,7,276,17-Jan-2025,2025/01/21,pending,2024-12-17 00:00:00
RES-28F16A1F8B,225,9,362,23-Dec-2025,2025/12/29,cancelled,21/11/2025 00:00
RES-1F42B21AFC,1030,14,579,25-Apr-2026,2026-05-03,CO,03-23-2026 12:00 AM
RES-85851D7A94,475,2,49,2024-09-30,2024-10-02,CHECKED_IN,09-10-2024 12:00 AM
RES-DCB93DA46A,227,15,662,19/02/2025,2025/02/27,no-show,01-29-2025 12:00 AM
RES-597A60F362,1094,14,621,03-10-2025,2025/03/13,no_show,01-10-2025 12:00 AM
RES-E9AD059304,205,15,674,01-05-2026,01-14-2026,Pending,2025-12-13 00:00:00
RES-771EC3FE32,853,12,486,06-09-2024,2024/06/15,checked_out,06/05/2024 00:00
RES-ED27FA4401,196,14,591,2026-02-26,2026-02-27,checked_in,06/02/2026 00:00
RES-5B025C4C03,252,6,250,2026-02-11,16-Feb-2026,NOSHOW,2026-01-14 00:00:00
RES-90A14708FD,1151,10,417,01-05-2026,11/01/2026,Cancelled,08/11/2025 00:00
RES-42A347FAE2,1228,10,412,2026-08-31,2026/09/06,CANCELLED,06/07/2026 00:00
RES-8C3D5A639C,913,11,441,13-Sep-2026,2026/09/22,Pending,08-20-2026 12:00 AM
RES-FC4EB3D54D,661,8,306,10-11-2025,2025/10/14,CHECKED_OUT,24/08/2025 00:00
RES-416F37D7E7,5,2,39,10-19-2025,27/10/2025,checked_in,2025-10-12 00:00:00
RES-0B0E9EB31A,602,6,271,20-Sep-2024,22-Sep-2024,Checked Out,2024-07-24 00:00:00
RES-E04E75EC5A,319,8,303,2025-09-27,05-Oct-2025,PENDING,2025-08-12 00:00:00
RES-3A120052DB,940,7,299,2025-09-22,10-02-2025,no_show,06/08/2025 00:00
RES-FEAFEC919F,344,15,663,02-15-2024,21/02/2024,checked-out,02-05-2024 12:00 AM
RES-22FE084F57,559,2,42,2024-05-31,06-07-2024,CO,2024-05-09 00:00:00
RES-77118FB481,44,11,434,02-08-2026,02-10-2026,CANCELLED,2025-12-11 00:00:00
RES-7EBB18C2AD,277,4,168,11-May-2026,12-May-2026,Checked Out,22/03/2026 00:00
RES-DFCD5F5467,367,11,480,20-Jul-2024,2024/07/22,checked-in,06-09-2024 12:00 AM
RES-CB39823F59,151,3,127,08-29-2025,2025/08/30,CXL,2025-07-17 00:00:00
RES-AD05C5DF8A,775,6,251,2026/05/04,13-May-2026,Checked In,2026-04-05 00:00:00
RES-722F3D8609,23,7,278,03-Feb-2025,2025-02-09,CXL,22/12/2024 00:00
RES-F06FD0711B,547,1,32,04-13-2024,2024/04/17,PND,04-04-2024 12:00 AM
RES-7BACC34D3A,1223,3,103,07-10-2026,14-Jul-2026,checked-out,14/06/2026 00:00
RES-F956B91B91,1203,11,444,2025-05-17,2025/05/23,No Show,04-02-2025 12:00 AM
RES-408CE2F98F,931,6,272,11-18-2024,2024/11/23,pending,09-30-2024 12:00 AM
RES-36DF48EAB5,551,8,313,02-26-2026,05-Mar-2026,CANCELLED,20/02/2026 00:00
RES-1EF0F9F656,536,4,147,2025-04-08,2025-04-17,no_show,2025-04-05 00:00:00
RES-F5692BF10B,1097,10,396,2024/04/04,04-13-2024,CI,02-14-2024 12:00 AM
RES-D729752391,245,13,555,2026-07-30,08-Aug-2026,no-show,2026-07-04 00:00:00
RES-897BF31FD5,1110,12,474,11-09-2025,2025/11/10,CONFIRMED,2025-09-14 00:00:00
RES-8D76E15EA1,69,4,139,2026-06-25,06-27-2026,Pending,08/05/2026 00:00
RES-45017E74C1,1212,11,463,2024-03-20,23/03/2024,conf,02-08-2024 12:00 AM
RES-C3EB3628F3,281,7,288,28-Mar-2024,02-Apr-2024,checked-in,03-17-2024 12:00 AM
RES-802136388B,711,2,54,15-Aug-2025,19/08/2025,CI,06-20-2025 12:00 AM
RES-30D1C6D9EC,658,14,592,11-May-2024,2024-05-14,cancelled,2024-03-17 00:00:00
RES-E8E4D45091,757,4,154,01-Nov-2026,2026-11-07,Checked Out,18/09/2026 00:00
RES-37A6480C9A,433,14,624,11-25-2024,2024-12-05,NS,10-19-2024 12:00 AM
RES-6575D39238,555,13,555,15/03/2024,2024/03/22,canceled,2024-02-10 00:00:00
RES-F7D29727D5,556,14,619,16-Sep-2025,09-24-2025,CANCELLED,2025-07-19 00:00:00
RES-C1E23EEA1B,744,15,689,05-Oct-2024,2024-10-14,CONFIRMED,09-14-2024 12:00 AM
RES-98B4D7F393,75,4,157,09-05-2024,10/09/2024,CO,08-12-2024 12:00 AM
RES-02CF3249AE,353,6,262,04-28-2025,05-May-2025,Cancelled,03-19-2025 12:00 AM
RES-74C04D61CC,939,15,685,16/12/2025,19-Dec-2025,Confirmed,05/12/2025 00:00
RES-E808AA65F8,422,6,254,03-07-2026,13-Mar-2026,pending,2026-01-27 00:00:00
RES-D897B7F1D3,275,15,686,25-Jan-2024,2024-02-02,conf,2024-01-19 00:00:00
RES-99B96872DB,792,10,394,03-24-2026,29-Mar-2026,checked-in,15/02/2026 00:00
RES-985B21E83A,506,2,59,17/03/2024,21/03/2024,CNF,15/03/2024 00:00
RES-25D2BFCCFE,1174,14,613,18-Apr-2024,25-Apr-2024,CHECKED_IN,21/02/2024 00:00
RES-C6DF1328BD,200,11,469,01-03-2026,2026-01-04,No Show,2025-11-08 00:00:00
RES-74C26B2456,37,12,508,23-Nov-2025,01-Dec-2025,checked-in,2025-10-19 00:00:00
RES-4E7EC7ECBE,665,14,595,12/09/2025,22/09/2025,CHECKED_IN,28/08/2025 00:00
RES-72C394B192,742,8,332,13/12/2025,2025-12-14,NS,21/11/2025 00:00
RES-B46B30EC5D,885,3,99,05/10/2024,2024/10/12,CO,20/08/2024 00:00
RES-60D9DAB2DD,33,9,380,28-Mar-2026,04-02-2026,Pending,05/02/2026 00:00
RES-B1A96FB57D,973,11,459,15/07/2026,2026/07/25,checked-in,2026-06-20 00:00:00
RES-CBA24EFC2A,650,11,430,27-Feb-2025,2025/03/06,CHECKED_OUT,02-21-2025 12:00 AM
RES-17325444EA,1167,8,353,14-Apr-2026,2026-04-18,No Show,03-17-2026 12:00 AM
RES-9DC0CFE0F2,1200,12,513,2025/12/27,12-29-2025,canceled,12-22-2025 12:00 AM
RES-79641CACFC,576,6,247,2024/09/07,15-Sep-2024,Pending,08-06-2024 12:00 AM
RES-B632BC06A0,724,15,658,01-Apr-2026,11-Apr-2026,PND,02-23-2026 12:00 AM
RES-AB2FB10CC9,277,11,472,2024-03-22,2024-03-24,checked-in,02-15-2024 12:00 AM
RES-3F5CFDF3B8,810,14,612,29-Nov-2024,12-05-2024,CONFIRMED,11-23-2024 12:00 AM
RES-EEFD5F65E3,815,13,516,2024/05/21,,Checked In,04-10-2024 12:00 AM
RES-BA9DB62059,358,12,484,2026/07/11,16-Jul-2026,Pending,05-28-2026 12:00 AM
RES-164FB4B6B5,708,5,200,20-Apr-2025,30/04/2025,Confirmed,04-12-2025 12:00 AM
RES-B329DC5A6A,482,4,154,09-22-2024,30-Sep-2024,CHECKED_OUT,2024-08-25 00:00:00
RES-0476388AC4,686,5,191,2026-06-24,30/06/2026,CONFIRMED,05-24-2026 12:00 AM
RES-19A0524540,3,11,459,23/08/2026,2026/08/25,checked_out,07-23-2026 12:00 AM
RES-BDD63C6EF6,808,10,409,2026/08/12,19-Aug-2026,CHECKED_IN,2026-06-27 00:00:00
RES-A5B3AE2D60,349,13,519,12-Mar-2026,18-Mar-2026,cancelled,2026-02-25 00:00:00
RES-4E0005E363,1174,3,88,01-12-2026,2026/01/18,PND,02/01/2026 00:00
RES-D5B5A2011C,1148,4,138,23-May-2024,24/05/2024,CXL,05/04/2024 00:00
RES-F9F70856F8,851,13,538,30-Nov-2025,2025-12-03,Pending,11-25-2025 12:00 AM
RES-10C03EE30F,1174,7,282,08-24-2024,01-Sep-2024,checked-in,06-29-2024 12:00 AM
RES-CD1751A807,690,14,633,2026-07-25,2026-07-29,CANCELLED,2026-06-29 00:00:00
RES-9A9654902C,159,12,476,2024/09/26,04-Oct-2024,pending,22/09/2024 00:00
RES-5557096E74,746,14,572,31-Jul-2026,04/08/2026,checked-in,03/06/2026 00:00
RES-A4556FED8C,1220,15,644,04-Oct-2025,13-Oct-2025,pending,17/08/2025 00:00
RES-6428AA0B47,76,6,264,2024/04/13,23-Apr-2024,no_show,01/04/2024 00:00
RES-3AF09B0704,980,5,198,2024/04/03,06/04/2024,pending,2024-02-20 00:00:00
RES-4E7177F8FC,537,3,136,01/02/2024,03-Feb-2024,No Show,2024-01-21 00:00:00
RES-3131ED7AA9,139,6,248,2024-10-11,2024/10/17,checked_out,29/09/2024 00:00
RES-DD96DAF06D,1229,7,286,06-22-2024,28/06/2024,CI,07/06/2024 00:00
RES-863D4B7307,310,11,448,2024/07/06,09/07/2024,checked-in,05-31-2024 12:00 AM
RES-A945FB5BB6,398,14,622,30-May-2026,06-09-2026,CANCELLED,04-02-2026 12:00 AM
RES-B445BA9A63,845,11,468,2025-12-17,23-Dec-2025,no-show,2025-11-23 00:00:00
RES-3D0C903BCC,724,13,521,2025/12/05,2025-12-14,Checked Out,01/12/2025 00:00
RES-88FE16BD5E,694,12,495,06-04-2024,2024/06/05,CNF,04-23-2024 12:00 AM
RES-5F9F4D1FFD,1008,9,387,2024-10-18,2024/10/25,NS,16/09/2024 00:00
RES-1A68202553,606,7,287,14/03/2026,18/03/2026,CHECKED_OUT,20/02/2026 00:00
RES-A4BD929D75,983,12,487,29/08/2026,01-Sep-2026,CXL,2026-07-04 00:00:00
RES-8A329B6EB1,1250,10,405,07-Nov-2024,16/11/2024,checked_in,24/10/2024 00:00
RES-4FA15870BE,8,3,100,2025-05-08,2025/05/15,PND,2025-04-29 00:00:00
RES-9961B6A39F,997,10,405,2024-09-25,2024/10/02,PENDING,08-29-2024 12:00 AM
RES-2C9E7FE1A2,611,2,35,22-Jan-2026,01-29-2026,CO,01-07-2026 12:00 AM
RES-42D731D7A3,1220,6,271,20-Dec-2025,2025-12-26,PENDING,27/11/2025 00:00
RES-0F0637F1DB,892,5,224,20/06/2026,06-26-2026,CHECKED_OUT,14/05/2026 00:00
RES-D58A49F020,456,5,195,09-Nov-2024,11-17-2024,CNF,2024-10-07 00:00:00
RES-C583CFDE78,961,15,670,2025/02/18,28/02/2025,CXL,2025-01-17 00:00:00
RES-9ECBC853F1,26,11,424,12-Nov-2024,14/11/2024,No Show,20/10/2024 00:00
RES-14E14D6CA9,568,1,5,17-Aug-2026,22/08/2026,PND,2026-08-05 00:00:00
RES-D0CA8BA076,114,3,92,19/03/2026,25/03/2026,Cancelled,02-20-2026 12:00 AM
RES-FEDBD4DB6B,1110,8,355,2025/09/02,05/09/2025,CNF,07/08/2025 00:00
RES-D6CA913AF9,667,15,1004,29/05/2025,07-Jun-2025,CHECKED_OUT,2025-04-26 00:00:00
RES-FEAD32C453,1190,1,31,15-May-2026,19-May-2026,NOSHOW,04-12-2026 12:00 AM
RES-E88D7AF411,687,10,410,05-16-2026,05-17-2026,pending,20/03/2026 00:00
RES-EBFFDFD741,56,12,498,2024/03/26,03/04/2024,Pending,24/03/2024 00:00
RES-1DC2B2702F,594,6,262,2024/09/02,09-08-2024,PENDING,31/08/2024 00:00
RES-78783D0BB9,417,8,332,10/09/2025,09-18-2025,CI,2025-07-18 00:00:00
RES-586DF32284,71,12,508,2025-12-21,26-Dec-2025,checked-in,11-18-2025 12:00 AM
RES-5F4E6E2748,803,9,384,05/11/2025,13-Nov-2025,No Show,2025-09-25 00:00:00
RES-060CEA867E,716,13,558,09-Apr-2026,2026/04/10,cancelled,2026-03-27 00:00:00
RES-E02D6BC5F9,1133,9,385,13-Mar-2026,2026/03/16,CANCELLED,03-11-2026 12:00 AM
RES-3BE1902488,592,15,683,2025-08-21,26/08/2025,checked-out,2025-08-10 00:00:00
RES-08B2D10B91,1084,14,583,11-Jul-2025,2025/07/12,no-show,27/06/2025 00:00
RES-BEF14DB0F6,868,13,547,27-Jun-2024,06-Jul-2024,checked_out,14/06/2024 00:00
RES-9B43A09FC9,920,8,325,03-22-2026,2026-03-28,CHECKED_IN,22/01/2026 00:00
RES-F4CCC6C754,602,15,656,2024/07/24,2024/08/02,CNF,02/07/2024 00:00
RES-53159BBCFF,702,13,542,18-Jun-2025,24/06/2025,Confirmed,30/05/2025 00:00
RES-97C96CB22B,122,2,42,2026/03/23,28/03/2026,checked_out,01-22-2026 12:00 AM
RES-E422592E5F,235,11,470,27-Jan-2025,02-Feb-2025,PENDING,2024-12-17 00:00:00
RES-E8C5DA5199,85,12,495,2025-01-14,2025/01/19,CANCELLED,2024-12-09 00:00:00
RES-3F943CFFEE,77,7,293,02-17-2025,2025/02/27,Checked Out,01-28-2025 12:00 AM
RES-A978432C85,462,12,505,21/02/2025,02-Mar-2025,canceled,07/02/2025 00:00
RES-03A4E2F34A,200,6,262,14/03/2024,03-18-2024,checked-in,09/02/2024 00:00
RES-19795A19BA,508,5,227,2025-09-17,09-18-2025,NS,2025-09-14 00:00:00
RES-B12AAA0D9C,1114,5,245,04-04-2025,2025-04-07,PND,2025-03-03 00:00:00
RES-1D53A882EF,918,12,509,2024/04/17,2024/04/18,CHECKED_OUT,03-16-2024 12:00 AM
RES-284F4E2551,471,15,648,2025/07/31,2025-08-07,no_show,12/07/2025 00:00
RES-B3462B7215,838,1,17,30/06/2024,2024-07-08,checked-in,06/06/2024 00:00
RES-3DCB41C6E5,927,2,45,2024/08/14,08-17-2024,PENDING,25/06/2024 00:00
RES-BF0D1FA71D,1036,5,182,11-Apr-2026,13/04/2026,CONFIRMED,13/03/2026 00:00
RES-F896C4A4D1,354,2,34,10-10-2026,10-12-2026,Checked Out,2026-08-18 00:00:00
RES-1163B13CA9,881,14,572,09/11/2024,2024/11/18,CO,17/10/2024 00:00
RES-A0DC567980,1175,12,489,2026/05/20,2026-05-28,NOSHOW,05/05/2026 00:00
RES-65F932C43D,394,3,87,10-18-2024,25/10/2024,CANCELLED,09-09-2024 12:00 AM
RES-F2DF73B3E0,248,7,996,2025-04-09,14/04/2025,Confirmed,23/03/2025 00:00
RES-1332CD525F,790,4,158,06-Aug-2025,09/08/2025,CXL,24/07/2025 00:00
RES-43B1AD44D6,19,2,44,07/12/2025,12-12-2025,Checked Out,2025-11-14 00:00:00
RES-0DC8A6E620,127,6,263,02/08/2026,2026-08-11,checked_out,2026-07-15 00:00:00
RES-AD55391153,378,7,284,2025/10/09,2025-10-17,canceled,25/09/2025 00:00
RES-BD93AFDA76,839,8,318,03-May-2025,05-10-2025,No Show,04-04-2025 12:00 AM
RES-2EDC9177DF,600,13,521,05-Mar-2025,03-13-2025,CXL,29/01/2025 00:00
RES-C464484ABA,413,5,199,07/06/2025,15-Jun-2025,CI,2025-05-15 00:00:00
RES-D7EBF5B421,866,15,648,25/11/2025,2025-11-29,checked_out,10-23-2025 12:00 AM
RES-DCCA6BD84B,1223,12,479,2024-12-31,05/01/2025,no-show,2024-12-15 00:00:00
RES-C85FE62EF4,197,4,158,24-Jan-2024,01-31-2024,Confirmed,2024-01-17 00:00:00
RES-BDCD32A81E,1223,7,276,06-30-2025,10/07/2025,Checked In,05-27-2025 12:00 AM
RES-04DC906898,194,15,664,2025-05-27,06-01-2025,confirmed,05-11-2025 12:00 AM
RES-18641600CF,376,7,275,2026-01-27,02-02-2026,CANCELLED,01-02-2026 12:00 AM
RES-81E8A64D51,1013,3,102,24/11/2025,11-27-2025,no-show,16/10/2025 00:00
RES-CA875602C0,691,11,471,2026-10-02,2026-10-05,confirmed,05/09/2026 00:00
RES-CEF757A347,37,14,633,2024/07/04,2024-07-14,NOSHOW,05-19-2024 12:00 AM
RES-85E79DB937,857,6,259,26-Mar-2024,2024/03/30,CO,02-20-2024 12:00 AM
RES-90C82899E2,463,15,652,23-Jul-2024,2024-08-01,CXL,2024-07-19 00:00:00
RES-552002DA53,107,4,147,05/07/2026,12-Jul-2026,checked_out,05-15-2026 12:00 AM
RES-62BBC136A6,1052,3,99,2026/08/14,2026/08/22,NS,2026-07-03 00:00:00
RES-A1F701EA71,241,2,47,2026/08/31,03/09/2026,NOSHOW,08-19-2026 12:00 AM
RES-6B5B343C55,77,11,470,2024/12/07,12-11-2024,Checked In,2024-10-30 00:00:00
RES-05D239A506,638,11,455,2025/09/24,2025-10-02,Pending,09-06-2025 12:00 AM
RES-0CAD6D0446,1227,5,202,10-05-2024,10-11-2024,Checked In,09-04-2024 12:00 AM
RES-BEB00653DD,1024,4,161,2025/04/23,2025-05-03,conf,2025-04-20 00:00:00
RES-C2DB9A93AB,743,2,35,01-26-2026,27/01/2026,CONFIRMED,12-24-2025 12:00 AM
RES-0AB82576F0,100,7,283,2024-12-11,2024/12/12,Cancelled,2024-11-15 00:00:00
RES-507DC82766,357,1,28,09/04/2024,2024-04-19,PENDING,2024-02-25 00:00:00
RES-A9BEFC22BA,777,13,528,30/10/2024,08/11/2024,conf,2024-10-26 00:00:00
RES-68A5201968,605,12,511,2025-06-19,06-24-2025,NS,21/04/2025 00:00
RES-60BB3A4B54,682,1,1,03-29-2026,02/04/2026,Cancelled,02-28-2026 12:00 AM
RES-E410CED446,741,6,271,2024-10-05,09/10/2024,NOSHOW,27/09/2024 00:00
RES-54353A8E66,868,2,46,10/07/2024,20/07/2024,CHECKED_OUT,21/06/2024 00:00
RES-A2C9FBCE86,753,5,213,29/04/2024,05/05/2024,CO,03-28-2024 12:00 AM
RES-1F72441ACB,250,14,603,2025/07/23,2025/08/01,pending,23/06/2025 00:00
RES-856F2BB4A3,217,14,590,2026-06-13,06-15-2026,checked_in,2026-06-05 00:00:00
RES-03F5A8B4D8,747,5,239,13/10/2026,2026-10-21,CANCELLED,2026-09-16 00:00:00
RES-3B5A11EA22,541,15,687,07-Oct-2025,08-Oct-2025,Checked In,08-10-2025 12:00 AM
RES-37963FBFD1,11,1,31,2024-09-18,20-Sep-2024,conf,2024-09-17 00:00:00
RES-BCFCEB9F49,233,7,295,28/11/2025,2025/12/06,CNF,11-19-2025 12:00 AM
RES-7855985475,501,14,617,06-03-2025,10-Jun-2025,confirmed,04-26-2025 12:00 AM
RES-7C8ED7BC3D,650,2,60,2026-06-04,11-Jun-2026,Cancelled,2026-05-26 00:00:00
RES-0C6BAFC9F4,354,2,41,2026-10-23,10-25-2026,Checked Out,10/09/2026 00:00
RES-E95EEAF33B,1082,11,448,24-May-2024,05-25-2024,confirmed,09/05/2024 00:00
RES-5457E3A158,1062,15,659,05-01-2026,2026/05/03,CHECKED_IN,08/04/2026 00:00
RES-8556BD7AE7,588,6,273,11/10/2024,2024-10-15,CI,20/09/2024 00:00
RES-C669EACBE2,590,1,21,23-May-2024,2024-05-27,PENDING,04-08-2024 12:00 AM
RES-D717FA06C7,216,7,300,2025/12/02,2025/12/10,conf,12-01-2025 12:00 AM
RES-49DB33609C,928,7,296,2025/01/23,2025/01/25,CONFIRMED,2025-01-19 00:00:00
RES-0E420F9A82,570,12,513,18-Nov-2024,23/11/2024,Pending,17/10/2024 00:00
RES-1FBCF38081,885,11,459,2025-10-10,11-Oct-2025,checked-in,09/09/2025 00:00
RES-AAEE5CFA0C,655,14,620,18/09/2024,28-Sep-2024,pending,09-17-2024 12:00 AM
RES-24FFAD0776,917,6,263,10-23-2025,02/11/2025,Checked In,2025-10-21 00:00:00
RES-3CEE0D1F8D,139,10,412,29-Oct-2024,01-Nov-2024,checked-out,09-30-2024 12:00 AM
RES-CD1DD1B3B6,590,15,674,2025-04-22,2025/04/24,checked_in,03-12-2025 12:00 AM
RES-40ED4EF02A,781,12,513,2026/02/28,2026-03-09,no_show,27/01/2026 00:00
RES-FFCFAE7EFC,308,9,366,2026/04/29,05-07-2026,no-show,2026-04-21 00:00:00
RES-54F25507B5,800,4,143,2025-06-03,09/06/2025,CHECKED_IN,2025-05-25 00:00:00
RES-33ED1ADB31,535,7,289,31-Jul-2024,03-Aug-2024,Cancelled,07-13-2024 12:00 AM
RES-9FE9C420A4,369,8,334,20/01/2026,2026-01-25,cancelled,23/11/2025 00:00
RES-47E09C37F8,757,10,409,2025/07/04,2025/07/06,checked_in,06-04-2025 12:00 AM
RES-0822130CAA,676,6,250,2026/10/28,10-29-2026,PND,02/09/2026 00:00
RES-C0ED688E35,810,10,416,08-Jan-2026,11/01/2026,CHECKED_IN,2025-11-18 00:00:00
RES-6BB856A2CF,147,4,144,29/08/2025,08-31-2025,pending,2025-08-19 00:00:00
RES-77D2D18D28,673,11,427,06/03/2025,03-07-2025,No Show,01-16-2025 12:00 AM
RES-FBD5B6B142,213,14,595,13/08/2024,16/08/2024,CNF,04/08/2024 00:00
RES-DED1EA82B4,972,13,534,10-10-2026,20/10/2026,Confirmed,21/08/2026 00:00
RES-3571CD105B,901,1,23,29/08/2024,2024-09-08,conf,07-29-2024 12:00 AM
RES-CD0216A2D4,1057,9,385,15/11/2025,25-Nov-2025,CNF,2025-09-24 00:00:00
RES-CD464994D9,553,2,59,09/10/2025,,Checked Out,09-04-2025 12:00 AM
RES-D1FDB63473,253,8,354,06-Oct-2024,2024-10-10,No Show,16/08/2024 00:00
RES-8A0EB440F4,64,3,109,2026-06-27,06-28-2026,Checked In,05-26-2026 12:00 AM
RES-5256E51434,1131,9,374,2024/05/26,2024-05-28,CXL,04-13-2024 12:00 AM
RES-0F558CA91C,280,12,493,25-Aug-2026,30-Aug-2026,no-show,21/07/2026 00:00
RES-329C0AD339,144,9,383,2025-05-01,05-06-2025,canceled,03-12-2025 12:00 AM
RES-1095017B64,853,1,2,03-Aug-2026,04/08/2026,cancelled,2026-07-02 00:00:00
RES-3BEEA3FE4E,192,10,396,10-21-2026,27/10/2026,CANCELLED,2026-09-13 00:00:00
RES-4DA84E98EC,117,12,485,2025-06-15,,CANCELLED,05-14-2025 12:00 AM
RES-318B9AABF2,1103,11,422,2024-07-16,07-17-2024,CI,2024-05-20 00:00:00
RES-5386A26E26,554,1,7,12-30-2025,02-Jan-2026,checked-out,2025-12-10 00:00:00
RES-9F2D9F3CAE,870,6,256,2026/05/13,2026-05-23,CANCELLED,04/05/2026 00:00
RES-193C9D2657,923,10,398,2026/09/13,09-14-2026,pending,2026-07-17 00:00:00
RES-ACA73FCE05,1101,6,268,2025/09/13,09-20-2025,Checked Out,08-05-2025 12:00 AM
RES-895CFE5AB5,1104,8,350,05-14-2024,05-22-2024,CONFIRMED,22/03/2024 00:00
RES-F9CAB28A16,758,1,24,03-Dec-2025,,cancelled,2025-11-12 00:00:00
RES-0C1EBE8C93,1232,12,504,2025-10-17,2025-10-21,checked_in,03/09/2025 00:00
RES-92BB254FEA,981,14,627,08-12-2025,17-Aug-2025,No Show,2025-08-07 00:00:00
RES-3CFB724933,600,1,19,03-15-2025,2025/03/21,no-show,26/02/2025 00:00
RES-A4FADC150F,740,12,501,2024/02/08,2024/02/17,CHECKED_IN,20/01/2024 00:00
RES-3AFBE6901F,395,3,117,2024/03/26,04-03-2024,CNF,2024-02-10 00:00:00
RES-0F56B45E71,787,3,76,2024-08-13,2024/08/19,CI,30/06/2024 00:00
RES-83A815BC1E,45,10,401,31-Jul-2026,08-02-2026,Checked Out,07/06/2026 00:00
RES-AE5004D8C8,387,13,556,2026-06-25,27/06/2026,canceled,2026-05-03 00:00:00
RES-C916FBC085,742,10,409,08-Oct-2026,2026/10/10,Checked In,13/09/2026 00:00
RES-B1B49B5E0A,1035,10,405,08-31-2026,09-03-2026,Pending,2026-07-13 00:00:00
RES-1A8BBC9BFA,496,9,365,10-18-2025,23-Oct-2025,no-show,10-09-2025 12:00 AM
RES-7FAFDA439F,190,8,323,2026/06/16,2026/06/21,confirmed,05-29-2026 12:00 AM
RES-564C3E34A6,1115,11,442,2026/08/02,06/08/2026,CI,07-07-2026 12:00 AM
RES-3EDB336A38,977,14,622,07-Oct-2024,14-Oct-2024,NOSHOW,2024-09-06 00:00:00
RES-249F9ABB60,304,8,323,2024/05/31,02-Jun-2024,CXL,04-24-2024 12:00 AM
RES-612A35F15D,886,8,330,2026/01/06,2026-01-07,no-show,11/12/2025 00:00
RES-E53C1619BA,1182,3,95,2025-12-05,09-Dec-2025,NOSHOW,2025-10-26 00:00:00
RES-3C0A60383F,917,9,387,08-19-2025,20-Aug-2025,CXL,08-11-2025 12:00 AM
RES-BFE939B0B4,621,11,447,12-Apr-2026,2026-04-20,CHECKED_IN,14/03/2026 00:00
RES-7FAC4F6C0A,38,15,657,04-21-2024,04-27-2024,CNF,03-28-2024 12:00 AM
RES-43DE09ABBC,664,10,404,08-Feb-2025,02-12-2025,CI,14/01/2025 00:00
RES-98BDCBE964,970,6,256,15/10/2026,22/10/2026,PENDING,2026-08-22 00:00:00
RES-857EC11D97,1158,1,22,15-Sep-2026,16/09/2026,PND,2026-09-01 00:00:00
RES-A5AEC9F93F,1172,9,370,22-Dec-2025,2025-12-31,NS,19/11/2025 00:00
RES-B4D60ABAF1,874,14,579,09-Feb-2024,2024/02/16,Pending,24/01/2024 00:00
RES-D2CD9E29D1,354,7,284,09-03-2026,13/09/2026,confirmed,15/07/2026 00:00
RES-1FF283C50C,727,10,419,2025/06/05,06-13-2025,checked_out,04/05/2025 00:00
RES-2B9163B26B,798,5,183,2026/10/08,10-15-2026,PND,2026-08-25 00:00:00
RES-1E4ECADD04,796,6,257,2024/04/08,15-Apr-2024,CO,03-16-2024 12:00 AM
RES-1B7A1A8A51,44,3,124,03-18-2024,2024/03/22,CANCELLED,05/03/2024 00:00
RES-EFB233C0AE,360,4,165,03-27-2026,2026-04-06,conf,03-09-2026 12:00 AM
RES-B368B9D2B5,242,10,413,12-23-2025,02-Jan-2026,Confirmed,2025-12-11 00:00:00
RES-FAFAB3BC84,1228,2,50,2024/10/24,10-30-2024,Confirmed,2024-09-26 00:00:00
RES-BE71CFCF63,122,13,528,04-Oct-2025,2025/10/11,CXL,09/09/2025 00:00
RES-A58C8C8CD7,732,14,585,31/03/2026,2026/04/05,checked-out,02/02/2026 00:00
RES-3876BCE9A1,665,12,492,07/02/2026,08-Feb-2026,cancelled,22/01/2026 00:00
RES-84389A818C,733,10,396,10-22-2026,28/10/2026,CO,08-29-2026 12:00 AM
RES-DF2E8934A7,1047,3,102,07-Jan-2026,2026/01/10,PND,12-08-2025 12:00 AM
RES-858F9C8CE7,1079,15,666,2026-05-20,30/05/2026,CHECKED_OUT,2026-05-02 00:00:00
RES-A34C9B5422,1103,9,377,2026-09-08,09-10-2026,checked-out,07-30-2026 12:00 AM
RES-5B30BD886E,375,7,300,22-Oct-2024,28/10/2024,no_show,2024-10-15 00:00:00
RES-07470668E2,17,1,17,2026-04-12,22/04/2026,checked-in,04-05-2026 12:00 AM
RES-64A891F80B,897,4,149,2026/08/10,15-Aug-2026,Checked In,2026-08-03 00:00:00
RES-F95977E3B4,130,2,44,03-24-2024,2024/03/26,CHECKED_OUT,2024-03-22 00:00:00
RES-27D3A4C9D8,95,15,648,30-Jan-2026,02-01-2026,conf,15/12/2025 00:00
RES-F28182431F,478,7,300,15/07/2024,23-Jul-2024,NOSHOW,07-08-2024 12:00 AM
RES-DE102BA924,593,11,421,2024-07-21,2024/07/24,canceled,06-24-2024 12:00 AM
RES-A892D169B8,852,11,421,09-04-2024,09-11-2024,NOSHOW,01/08/2024 00:00
RES-FE2262AACD,555,1,21,01-19-2025,20-Jan-2025,no_show,2024-12-15 00:00:00
RES-1A76EF6CE9,497,5,185,01-02-2026,2026/01/12,PND,2025-12-25 00:00:00
RES-760A1BDB25,391,14,620,20-Jun-2026,2026/06/28,CONFIRMED,02/06/2026 00:00
RES-11C249236C,649,15,655,25/12/2024,30/12/2024,checked_in,24/12/2024 00:00
RES-F65D63FF2B,1025,10,415,02-22-2026,03-02-2026,Pending,14/02/2026 00:00
RES-6062F1DC05,1143,13,521,2025/01/30,2025-02-05,NOSHOW,01-26-2025 12:00 AM
RES-580E549C42,87,13,536,2024/07/19,27-Jul-2024,checked_in,23/06/2024 00:00
RES-DC1E92DAD6,572,5,186,29/06/2024,04-Jul-2024,pending,05-20-2024 12:00 AM
RES-46C7989608,133,9,383,26-Apr-2026,2026/04/30,CANCELLED,04-18-2026 12:00 AM
RES-07EEF24E79,293,5,231,2024/04/01,2024-04-11,conf,05/03/2024 00:00
RES-0F8A460F6E,91,11,449,06/07/2025,11-Jul-2025,checked-out,07-01-2025 12:00 AM
RES-CFA6BE543D,958,15,681,2025-04-13,04-15-2025,checked_out,24/02/2025 00:00
RES-F76A0536AE,165,1,32,06-26-2026,2026-07-04,no_show,2026-05-01 00:00:00
RES-E9E8017C1B,367,15,664,10-Nov-2024,16-Nov-2024,PND,17/10/2024 00:00
RES-E5FC29781B,269,8,330,13/05/2024,2024/05/16,CI,2024-04-04 00:00:00
RES-0991C4E231,325,5,194,2026/09/13,19-Sep-2026,CANCELLED,01/09/2026 00:00
RES-32DE44622F,1073,15,684,2025-08-20,08-23-2025,Checked In,08-13-2025 12:00 AM
RES-55BB3779AE,1093,8,352,05/02/2024,02-08-2024,cancelled,01-30-2024 12:00 AM
RES-A20BC3F9EC,1106,4,138,2024-06-24,2024-07-02,Pending,06-01-2024 12:00 AM
RES-241CD141B4,938,1,26,10-16-2024,2024/10/22,no_show,19/08/2024 00:00
RES-CA035837D7,158,2,61,2026/01/19,22-Jan-2026,CI,23/12/2025 00:00
RES-D7CDEF6357,112,15,646,03-Apr-2026,2026/04/07,cancelled,03-10-2026 12:00 AM
RES-4A2F769381,1126,3,98,2025-03-12,2025/03/17,checked-out,01-31-2025 12:00 AM
RES-F246F309FD,1098,14,571,2025-12-09,2025-12-14,pending,13/10/2025 00:00
RES-E2351CA5EF,494,7,284,05/04/2026,2026-04-15,CHECKED_IN,2026-02-12 00:00:00
RES-63F6161D45,849,4,158,30-Jan-2026,2026-02-09,no-show,26/12/2025 00:00
RES-13B71D8AA5,958,6,246,2024/04/03,09/04/2024,checked_out,2024-02-22 00:00:00
RES-562B015FC5,933,8,339,20/10/2024,2024-10-22,CONFIRMED,09-26-2024 12:00 AM
RES-DADB76E44F,1118,13,521,08-27-2026,02-Sep-2026,NS,2026-07-26 00:00:00
RES-8C72EB62B2,784,9,392,06-17-2025,2025-06-26,Checked In,2025-06-06 00:00:00
RES-F7F588E3AD,739,3,80,2025-01-16,2025-01-22,Cancelled,23/11/2024 00:00
RES-ACA4A6640A,971,2,47,2026-04-09,04-15-2026,no_show,02-18-2026 12:00 AM
RES-0222AEDCD1,190,11,453,2024-04-23,24-Apr-2024,CONFIRMED,04-14-2024 12:00 AM
RES-D087632E78,436,6,259,21-May-2026,24-May-2026,CANCELLED,04-01-2026 12:00 AM
RES-925775857F,464,10,412,14/06/2025,2025-06-24,Cancelled,2025-04-21 00:00:00
RES-65E8A6620D,105,14,565,2025-03-11,18-Mar-2025,checked_in,2025-02-26 00:00:00
RES-9C792E2365,178,8,357,2025-11-12,2025/11/21,CHECKED_OUT,10-22-2025 12:00 AM
RES-5DABCC6ED2,876,5,230,2026-01-09,01-13-2026,CI,25/11/2025 00:00
RES-1A56498A05,754,6,263,03-18-2026,2026-03-28,checked-out,02-11-2026 12:00 AM
RES-9C2892471C,1128,15,668,01/07/2025,08/07/2025,Confirmed,2025-05-05 00:00:00
RES-D5F221F839,455,1,14,2025-07-18,2025/07/22,Cancelled,2025-06-14 00:00:00
RES-5E9493F675,34,10,415,08/01/2024,2024/01/13,CHECKED_OUT,01-06-2024 12:00 AM
RES-60ABAEFFF3,797,5,238,02-05-2026,13-Feb-2026,NOSHOW,25/01/2026 00:00
RES-A656DF000A,995,4,139,2025/06/30,09/07/2025,CNF,26/06/2025 00:00
RES-AB2E555D7D,1024,1,11,11-21-2025,2025-11-29,checked-out,2025-10-08 00:00:00
RES-0BBEC772BA,827,1,27,2025/08/23,2025-08-26,NS,24/06/2025 00:00
RES-582A1DE938,1033,1,26,21/08/2026,23-Aug-2026,checked-in,18/07/2026 00:00
RES-C88130B850,1032,3,97,12-Apr-2025,2025/04/14,PENDING,2025-03-08 00:00:00
RES-DAA7B0FCE8,907,11,471,2024/08/18,2024-08-19,CI,08-10-2024 12:00 AM
RES-9CFD081729,530,1,23,2026/08/22,2026/08/30,CI,2026-07-19 00:00:00
RES-0F2469AC43,938,4,158,2025-10-20,27/10/2025,CNF,10-11-2025 12:00 AM
RES-D3FC1D8EE5,850,1,28,2024/03/19,29-Mar-2024,checked-in,02-27-2024 12:00 AM
RES-B11805BC17,434,1,1,02/07/2025,08-Jul-2025,CO,06-20-2025 12:00 AM
RES-9760CDDA5F,656,8,360,17/08/2025,19-Aug-2025,CONFIRMED,2025-07-07 00:00:00
RES-B48E0BB96A,282,2,54,06-15-2025,06-25-2025,conf,05-07-2025 12:00 AM
RES-93FBDBED4C,979,3,67,2025/03/30,03-31-2025,CO,21/03/2025 00:00
RES-8D239EEA86,236,12,489,26-Apr-2025,01-May-2025,NS,03-28-2025 12:00 AM
RES-2D74795D94,703,8,323,05-29-2024,04/06/2024,NOSHOW,08/05/2024 00:00
RES-4D242A3B64,113,8,314,23-Jun-2024,2024/06/30,checked_out,2024-06-14 00:00:00
RES-9237D479C7,1059,6,254,2025/05/09,13-May-2025,no-show,2025-03-24 00:00:00
RES-58FD234C29,1075,10,400,05-31-2024,06-Jun-2024,PND,2024-05-21 00:00:00
RES-0E2D11EC12,124,10,407,30-Jan-2025,02-05-2025,CNF,04/01/2025 00:00
RES-65F5DA2507,1188,4,143,06/03/2025,,checked_out,2025-02-24 00:00:00
RES-977C208F89,585,12,500,2025/12/05,06-Dec-2025,no_show,10-13-2025 12:00 AM
RES-A4A741B1ED,218,15,634,02-28-2025,03-10-2025,checked-in,2025-02-05 00:00:00
RES-B3B5FEA335,267,1,18,03-19-2026,27/03/2026,CONFIRMED,2026-01-22 00:00:00
RES-FE28AE4DB5,1127,14,602,01/08/2025,2025-08-09,canceled,2025-06-02 00:00:00
RES-6FE9785B75,819,7,286,03-Jul-2026,2026-07-04,PND,2026-06-26 00:00:00
RES-C034B1D1ED,518,14,622,2025-10-26,2025-11-01,canceled,16/10/2025 00:00
RES-223EB00479,1179,7,283,12-28-2024,04/01/2025,PENDING,2024-11-09 00:00:00
RES-6676A921D0,1005,14,583,2026-06-06,08-Jun-2026,No Show,05-20-2026 12:00 AM
RES-615218387E,1126,10,400,02-09-2026,2026/02/15,NOSHOW,08/01/2026 00:00
RES-97221CE5B3,143,10,399,13/02/2025,2025/02/19,canceled,2024-12-18 00:00:00
RES-225A4A9808,561,13,539,26/08/2024,2024/08/30,Checked Out,24/08/2024 00:00
RES-5493C3EE30,298,11,435,09-Jan-2026,2026/01/15,Checked Out,12-20-2025 12:00 AM
RES-02AF849704,266,1,31,11-23-2025,2025/11/30,Pending,10-13-2025 12:00 AM
RES-10E3503D17,840,13,550,2025-12-01,2025-12-03,CO,04/10/2025 00:00
RES-C6908689F4,1168,5,240,02/04/2024,2024-04-07,CANCELLED,08/03/2024 00:00
RES-C9B307CAFF,104,9,391,2024/07/22,,PENDING,03/07/2024 00:00
RES-E47DE80FCF,1083,10,396,10-09-2024,14-Oct-2024,Confirmed,2024-09-24 00:00:00
RES-B799D8123D,958,5,208,01-Mar-2024,02/03/2024,Pending,01-28-2024 12:00 AM
RES-135AF41D06,922,6,255,03-29-2026,2026/04/03,checked-out,02-06-2026 12:00 AM
RES-7984E5E269,151,12,482,03/06/2024,05-Jun-2024,cancelled,04-13-2024 12:00 AM
RES-9C5608581F,1016,9,377,09-Jul-2025,13-Jul-2025,CONFIRMED,2025-06-01 00:00:00
RES-CD07CB72F0,41,8,326,16-Apr-2025,19/04/2025,checked-out,15/02/2025 00:00
RES-BEBD11D964,686,12,485,2024/06/06,2024/06/14,PND,2024-06-05 00:00:00
RES-C04A0F7498,495,8,353,09-Nov-2025,18-Nov-2025,canceled,09-10-2025 12:00 AM
RES-D24D673295,797,10,420,04-11-2026,04-20-2026,CNF,04-04-2026 12:00 AM
RES-431D32B10A,927,11,453,2026/08/06,09/08/2026,CXL,2026-06-30 00:00:00
RES-EF5A639DF3,647,2,62,16/02/2026,22-Feb-2026,CO,01-10-2026 12:00 AM
RES-F8609282CB,459,8,326,25-Sep-2026,2026/09/27,cancelled,09-11-2026 12:00 AM
RES-4147B566DD,785,4,169,2025-11-16,23-Nov-2025,pending,2025-09-23 00:00:00
RES-F4A2782FB6,89,2,58,06-28-2025,2025/07/05,CI,05-25-2025 12:00 AM
RES-4687709FEF,11,15,690,06-13-2024,16/06/2024,pending,05-03-2024 12:00 AM
RES-695B8D699B,6,13,520,24-Jul-2026,2026/08/01,PND,07-10-2026 12:00 AM
RES-57AA436520,1020,10,415,15/01/2026,22/01/2026,NS,22/11/2025 00:00
RES-16A655A25E,713,6,248,2025/12/02,06-Dec-2025,pending,15/11/2025 00:00
RES-55AB1BACA4,636,6,252,11-19-2024,2024-11-29,NOSHOW,11-02-2024 12:00 AM
RES-5FA77F8C39,539,5,224,2024-08-31,2024/09/05,Pending,26/07/2024 00:00
RES-37A29A9FB5,923,8,307,2025/12/23,,checked_out,12/11/2025 00:00
RES-857738DEB7,182,11,455,26/07/2026,2026-07-27,CHECKED_OUT,2026-07-18 00:00:00
RES-478B385D9E,765,1,7,2025/05/13,15-May-2025,PND,03-15-2025 12:00 AM
RES-4654C0C70F,112,7,277,2024-10-19,,CANCELLED,10-03-2024 12:00 AM
RES-6456B41B60,946,6,258,04-29-2025,06-May-2025,Pending,03-05-2025 12:00 AM
RES-E7624E8782,121,11,440,01-31-2024,2024/02/09,Pending,2024-01-03 00:00:00
RES-2A7C7AE763,873,4,157,01-01-2026,03-Jan-2026,checked_out,20/12/2025 00:00
RES-E9BA65CD6D,26,14,618,15/09/2024,2024/09/20,CO,2024-07-27 00:00:00
RES-377358837A,415,11,447,2026-09-20,09-27-2026,checked_out,2026-08-14 00:00:00
RES-BB2D6DE290,452,7,287,2026-07-12,07-20-2026,checked_in,2026-05-17 00:00:00
RES-8902E95913,962,8,339,2025-10-13,2025/10/17,CHECKED_IN,15/09/2025 00:00
RES-47BA3986D2,1126,1,25,2024-11-13,20/11/2024,no-show,2024-10-04 00:00:00
RES-9ED4FFE16E,637,9,392,2025/05/24,2025/06/03,Cancelled,2025-04-25 00:00:00
RES-EBEF09C2F5,803,8,328,01-Jan-2026,01-04-2026,canceled,2025-12-04 00:00:00
RES-A03DC4E865,902,14,563,30-Jul-2026,08-04-2026,checked_in,2026-07-09 00:00:00
RES-CCE2B83AA7,311,13,527,11-10-2025,12-Nov-2025,pending,04/11/2025 00:00
RES-3723F96193,831,1,12,26/09/2026,28-Sep-2026,checked_in,08-18-2026 12:00 AM
RES-36DD57B420,444,5,196,12-May-2024,22/05/2024,no_show,2024-04-18 00:00:00
RES-08C63348E7,747,2,59,25/07/2025,27-Jul-2025,confirmed,08/06/2025 00:00
RES-9F80D7FC31,626,15,637,09-21-2025,2025/09/22,CNF,2025-09-04 00:00:00
RES-62F50DB6AA,1157,10,398,2026/07/21,23/07/2026,NS,2026-06-05 00:00:00
RES-67DF9258F1,103,1,28,2025-04-30,05-09-2025,conf,03-08-2025 12:00 AM
RES-D4D1269507,977,7,287,2025/06/05,06-08-2025,conf,22/04/2025 00:00
RES-61638C24F8,1063,1,2,01-23-2025,2025-01-26,PND,18/12/2024 00:00
RES-6C23349B88,362,12,493,2024-01-10,14/01/2024,CNF,07/01/2024 00:00
RES-6CCD79E5C7,892,2,51,2026/03/12,03-17-2026,CHECKED_OUT,02/03/2026 00:00
RES-12368C987D,710,11,460,08-26-2026,2026-08-29,confirmed,2026-08-12 00:00:00
RES-08844E32E8,538,3,114,14-May-2026,17-May-2026,checked_out,05-05-2026 12:00 AM
RES-8D0353AD1B,866,6,273,07-11-2024,07-21-2024,PENDING,25/06/2024 00:00
RES-5780C7B504,9,9,366,24-May-2024,30-May-2024,CONFIRMED,2024-05-03 00:00:00
RES-37F40EA635,509,4,161,14-Sep-2026,09-18-2026,CXL,16/07/2026 00:00
RES-E10315A430,655,4,158,13/01/2026,01-17-2026,Pending,2025-11-28 00:00:00
RES-9367E5A00A,989,12,495,24-Jul-2026,30/07/2026,checked-out,2026-06-26 00:00:00
RES-16EF8D9705,668,6,259,2025-01-15,01-24-2025,CXL,29/11/2024 00:00
RES-722BBD8371,384,1,11,14-Feb-2026,23/02/2026,PND,2026-01-22 00:00:00
RES-3A71310B8F,740,13,524,01-Oct-2026,2026-10-05,Checked In,09-01-2026 12:00 AM
RES-CFA5679E1A,416,3,80,17-Nov-2025,11-24-2025,confirmed,11/11/2025 00:00
RES-CB3B60E3DE,441,4,166,03-Mar-2026,08-Mar-2026,CO,02-24-2026 12:00 AM
RES-BA2734E86B,184,12,486,2025/05/03,,CONFIRMED,2025-03-26 00:00:00
RES-CC9B2C5FCF,308,9,365,2026/05/01,05-May-2026,CHECKED_IN,03-12-2026 12:00 AM
RES-7AEBBBD7E9,997,12,485,02-20-2025,2025-02-25,CHECKED_IN,2025-02-02 00:00:00
RES-FBD146F6DC,421,3,132,03-28-2026,02/04/2026,PND,2026-03-01 00:00:00
RES-38434B5536,771,4,166,2026/09/11,2026/09/18,CXL,07-26-2026 12:00 AM
RES-B043A32E57,1084,5,179,2025/08/01,04/08/2025,CXL,06-15-2025 12:00 AM
RES-B11B573AD2,993,12,492,2025-03-03,2025-03-11,Pending,01-17-2025 12:00 AM
RES-59D2BA2146,851,1,22,2024/12/30,31-Dec-2024,Confirmed,2024-11-19 00:00:00
RES-B3F366B92D,1193,6,262,2026/05/15,2026/05/16,NOSHOW,2026-03-23 00:00:00
RES-98CB37F5B8,579,9,361,13-Feb-2026,2026-02-17,CO,2026-02-01 00:00:00
RES-1626AE3EDE,558,9,393,25/05/2026,2026-06-02,CANCELLED,04-01-2026 12:00 AM
RES-D268A6190D,436,12,504,2026/03/26,2026-03-28,no_show,11/03/2026 00:00
RES-B705B7FA67,96,4,157,28-Sep-2025,10-08-2025,CO,08-28-2025 12:00 AM
RES-E6D5DE23A4,1139,13,521,2026/09/13,15-Sep-2026,CXL,2026-09-10 00:00:00
RES-13BD575C24,327,12,487,02-09-2025,,Confirmed,12-31-2024 12:00 AM
RES-A5A8C60785,233,4,142,05-04-2026,05/05/2026,CANCELLED,16/03/2026 00:00
RES-08C34C09BC,1092,9,366,2025-11-08,11-Nov-2025,checked_in,17/09/2025 00:00
RES-3EAD143561,812,6,260,2025-09-15,2025-09-25,cancelled,2025-07-20 00:00:00
RES-34AC061C6A,371,1,5,02-Dec-2024,06/12/2024,no_show,2024-11-27 00:00:00
RES-E34EB669F3,1159,4,140,2026/08/02,,CHECKED_IN,06-27-2026 12:00 AM
RES-0A9490289F,826,7,297,15/09/2026,23-Sep-2026,PENDING,16/08/2026 00:00
RES-ABBDA429D3,420,1,1,28/01/2026,03/02/2026,checked_in,2025-12-02 00:00:00
RES-E77BC3508F,140,7,288,01-08-2025,18-Jan-2025,checked-out,2024-11-15 00:00:00
RES-D66DD768D0,693,15,676,2024-08-14,2024/08/17,cancelled,07-30-2024 12:00 AM
RES-52D3DB4762,1,14,578,11-18-2024,2024/11/22,CHECKED_OUT,12/11/2024 00:00
RES-83DCAD941B,787,4,141,11-Dec-2025,12-17-2025,no_show,11-07-2025 12:00 AM
RES-D14631810A,57,6,246,08/11/2024,15-Nov-2024,confirmed,11-01-2024 12:00 AM
RES-CA38DED146,549,5,205,07/01/2025,2025/01/08,PENDING,06/01/2025 00:00
RES-0BA2DA5EE6,589,9,379,2024/06/18,2024-06-20,no_show,2024-06-14 00:00:00
RES-34DB2FFD24,713,4,144,2025/10/10,2025-10-19,CNF,2025-09-06 00:00:00
RES-B7D32A1795,704,14,603,16/09/2026,26-Sep-2026,CHECKED_OUT,07-30-2026 12:00 AM
RES-69FEC2763A,802,6,254,2024/07/25,07-28-2024,PND,12/06/2024 00:00
RES-C621F5AC85,1143,7,298,2025-11-17,20/11/2025,CI,16/10/2025 00:00
RES-4C5FF431ED,696,2,59,11-19-2024,2024-11-26,CANCELLED,2024-10-18 00:00:00
RES-02C159DFF4,691,11,449,05-01-2024,2024/05/06,CNF,2024-03-06 00:00:00
RES-1E7E4093B5,1194,1,2,12-09-2024,13-Dec-2024,checked-in,08/11/2024 00:00
RES-44142A91AC,191,12,489,2026-10-24,2026/11/03,Cancelled,03/09/2026 00:00
RES-7E74AC952C,882,1,8,29/11/2024,30/11/2024,Checked Out,2024-10-31 00:00:00
RES-204500D381,356,8,330,14/07/2024,2024-07-20,pending,22/06/2024 00:00
RES-9F5AC1DCC0,1180,7,280,01-Jan-2025,01-03-2025,confirmed,02/11/2024 00:00
RES-483C3901EE,719,4,166,03/08/2025,2025/08/12,CXL,2025-07-16 00:00:00
RES-23F540DEEF,212,4,163,18/04/2026,2026/04/27,PENDING,18/02/2026 00:00
RES-ED012560A9,784,2,34,17-Feb-2025,24-Feb-2025,No Show,30/01/2025 00:00
RES-D92F1FF317,723,3,69,03-17-2026,19/03/2026,NS,02-01-2026 12:00 AM
RES-A4D6B57EBF,1186,3,64,2025-07-08,10/07/2025,PENDING,2025-06-10 00:00:00
RES-781C987114,684,5,194,2024/01/28,31-Jan-2024,no_show,01-12-2024 12:00 AM
RES-3F66C98B45,1084,13,550,2026/03/31,03/04/2026,CONFIRMED,2026-03-08 00:00:00
RES-04E21BFA68,31,1,32,2025-12-22,26/12/2025,No Show,2025-11-17 00:00:00
RES-B446022F85,823,2,53,2024/07/09,2024-07-11,checked_in,25/05/2024 00:00
RES-4964191F97,725,15,663,12-25-2024,12-30-2024,CO,2024-10-27 00:00:00
RES-18AAD0C782,889,15,666,05/09/2024,2024-09-10,PENDING,07-31-2024 12:00 AM
RES-B97E242491,645,13,545,24/08/2026,2026/09/03,PND,2026-07-25 00:00:00
RES-AC59DDCDC0,542,3,90,03/07/2025,2025/07/04,pending,15/05/2025 00:00
RES-126C982193,224,7,285,04-18-2024,22/04/2024,CHECKED_OUT,03-05-2024 12:00 AM
RES-11DF2C0C3D,1039,11,430,2025-03-21,30-Mar-2025,checked_in,01-28-2025 12:00 AM
RES-99ECB9FB46,549,2,33,21/06/2026,28-Jun-2026,Pending,05/06/2026 00:00
RES-022F3D27F3,155,4,142,2024-10-09,14/10/2024,PND,09-26-2024 12:00 AM
RES-02677A5D2B,848,2,56,14-Mar-2024,19-Mar-2024,cancelled,07/03/2024 00:00
RES-F7EE7D6D84,469,4,172,01-07-2025,01-09-2025,Checked Out,18/12/2024 00:00
RES-E2347EF588,201,15,646,03-14-2025,2025/03/23,checked-out,09/02/2025 00:00
RES-6B05901CB0,1071,11,421,16/10/2024,2024-10-25,No Show,01/10/2024 00:00
RES-D47BEA4268,888,9,367,07-19-2025,2025-07-20,no_show,06-15-2025 12:00 AM
RES-55EC734E3C,379,3,114,13-Aug-2025,2025-08-16,CHECKED_IN,2025-06-23 00:00:00
RES-9100DC37A2,889,15,668,07/04/2024,2024-04-17,CANCELLED,2024-03-21 00:00:00
RES-8C37749356,15,13,526,2024-12-14,2024/12/18,Cancelled,12-13-2024 12:00 AM
RES-B35E1626D6,845,2,45,29/08/2025,2025/09/06,CO,2025-08-17 00:00:00
RES-8A642F2083,331,4,168,2025-07-05,2025/07/14,checked-in,05-14-2025 12:00 AM
RES-C868B01583,511,10,416,24/08/2026,26-Aug-2026,checked_out,08-12-2026 12:00 AM
RES-3383A3C306,970,4,157,2025-07-17,24/07/2025,CI,2025-06-17 00:00:00
RES-F4B954A7CE,1087,8,347,2024-03-14,20/03/2024,CHECKED_OUT,03-13-2024 12:00 AM
RES-0CDA7C3462,910,2,49,2025/10/25,11-04-2025,no-show,2025-10-10 00:00:00
RES-62BDB93680,377,13,523,11-26-2025,28-Nov-2025,CXL,23/10/2025 00:00
RES-B8EDB76346,305,4,164,2026-10-16,19-Oct-2026,CI,27/08/2026 00:00
RES-FCD83DB329,327,2,35,16-Apr-2024,2024/04/23,PENDING,23/02/2024 00:00
RES-2ECA71F5E6,159,8,308,09-23-2025,09-24-2025,cancelled,07-28-2025 12:00 AM
RES-3D1DAA4AEC,915,4,146,21/06/2025,28/06/2025,NS,30/05/2025 00:00
RES-EE4E627C06,267,12,487,12-May-2025,13/05/2025,PENDING,04-15-2025 12:00 AM
RES-67B82B0E26,1193,2,46,04-05-2025,2025-04-13,NS,12/03/2025 00:00
RES-B3C82FDB91,500,11,447,10-Oct-2024,2024-10-16,No Show,09/09/2024 00:00
RES-D97F70596B,1016,4,166,2025/02/11,02-14-2025,no-show,05/01/2025 00:00
RES-7EC8ED1C7F,1051,2,54,08-13-2024,2024/08/18,canceled,07-15-2024 12:00 AM
RES-3F210F0EEF,551,15,636,11-29-2024,02-Dec-2024,Confirmed,2024-11-28 00:00:00
RES-9C80C0E04F,1204,8,314,10-Sep-2025,2025-09-12,CANCELLED,07-13-2025 12:00 AM
RES-BC15ACFC11,6,7,280,2026-06-24,07-03-2026,checked_in,05-04-2026 12:00 AM
RES-FCAE1310EE,1050,3,133,2025-02-09,2025-02-15,CNF,01-19-2025 12:00 AM
RES-0FEFEE7586,1029,8,303,2025-11-21,25/11/2025,checked_in,2025-10-01 00:00:00
RES-4CE7191832,372,11,444,15-Jul-2026,07-17-2026,Checked In,12/07/2026 00:00
RES-9297F89EDA,1138,5,202,2026-09-23,10-01-2026,Checked In,22/09/2026 00:00
RES-023855715D,1172,4,156,26-Feb-2024,27-Feb-2024,checked_out,01-07-2024 12:00 AM
RES-7F007B2C68,832,6,248,05-18-2026,05-21-2026,CO,03/04/2026 00:00
RES-E5B9E8B881,437,12,505,2026/04/02,09-Apr-2026,Checked In,16/02/2026 00:00
RES-C464877E02,550,7,287,07-30-2024,31/07/2024,NS,2024-07-03 00:00:00
RES-19FC31169E,773,14,614,2024/03/27,29-Mar-2024,NS,2024-02-21 00:00:00
RES-592AF5169A,457,5,177,07-22-2025,2025-07-27,PND,2025-06-23 00:00:00
RES-132AD3DC68,116,15,649,22/07/2024,2024-08-01,PENDING,10/06/2024 00:00
RES-D12D4D47C0,174,4,142,12-02-2024,08-Dec-2024,no_show,2024-10-08 00:00:00
RES-429EBE40BF,1141,8,328,30-May-2024,31/05/2024,CHECKED_IN,05-14-2024 12:00 AM
RES-BFA09DB9FD,759,4,142,11-05-2026,2026-11-06,CHECKED_OUT,15/09/2026 00:00
RES-9E4CD4F359,1188,7,294,21/01/2026,25/01/2026,NOSHOW,10/12/2025 00:00
RES-D69A5317F0,673,4,164,15/05/2025,2025-05-17,Checked In,07/04/2025 00:00
RES-C908F36CF1,569,11,431,01/09/2024,10-Sep-2024,CHECKED_OUT,07-27-2024 12:00 AM
RES-C8A1546465,793,5,205,2024/11/22,01-Dec-2024,NS,03/10/2024 00:00
RES-88567AFC46,1062,10,410,10-01-2024,2024-10-03,Cancelled,08-25-2024 12:00 AM
RES-BB27CF1E75,577,1,19,23/10/2024,28-Oct-2024,Cancelled,23/09/2024 00:00
RES-F1D3206786,844,5,194,04-11-2024,17-Apr-2024,CXL,03/03/2024 00:00
RES-FF9BE81B63,186,5,233,10-18-2024,20-Oct-2024,CANCELLED,09-08-2024 12:00 AM
RES-9BC5C868B1,848,3,66,2026-10-08,2026-10-18,PENDING,08-30-2026 12:00 AM
RES-5A15F29958,962,8,303,2024/02/07,2024/02/11,no-show,31/01/2024 00:00
RES-DD29941AB4,980,7,289,21/03/2026,2026-03-28,CHECKED_OUT,2026-03-01 00:00:00
RES-0D0EB18034,901,9,387,18-Apr-2026,2026-04-27,canceled,02-22-2026 12:00 AM
RES-81F98AA747,22,7,292,12/07/2024,07-19-2024,NS,25/05/2024 00:00
RES-C906D2A747,751,5,207,2025-09-04,09-12-2025,Checked In,2025-08-03 00:00:00
RES-A3F62C79D9,589,14,631,22-May-2024,30/05/2024,no_show,2024-05-15 00:00:00
RES-A3C6D38B50,522,12,506,2024-07-21,2024/07/22,CONFIRMED,2024-06-16 00:00:00
RES-320BBD0943,727,14,562,19-Jul-2025,2025/07/29,CNF,2025-06-21 00:00:00
RES-B2E1BD4CED,648,15,639,04-25-2026,2026-04-26,PND,05/04/2026 00:00
RES-6ADF9F15CE,1060,9,370,21-May-2026,24-May-2026,Pending,2026-05-15 00:00:00
RES-73337F956C,637,4,159,01-27-2024,02-05-2024,CHECKED_OUT,21/01/2024 00:00
RES-A4B2406CF5,359,2,59,2026-07-04,10-Jul-2026,Confirmed,2026-05-11 00:00:00
RES-CA7C60B1EA,370,9,392,17/03/2025,03-20-2025,Checked Out,02-21-2025 12:00 AM
RES-1190A32F7B,131,15,652,30/05/2026,2026/05/31,CHECKED_OUT,04-17-2026 12:00 AM
RES-EEBA480366,156,3,101,2026/10/16,25/10/2026,NS,2026-08-24 00:00:00
RES-0865A80ACF,435,15,647,08/08/2026,08-13-2026,checked-out,06-16-2026 12:00 AM
RES-18BAE988A5,5,11,472,13/01/2026,2026/01/15,PND,11/12/2025 00:00
RES-910B9AC654,949,14,591,2024/11/15,11-17-2024,Pending,10-06-2024 12:00 AM
RES-8C44606C5E,646,5,219,2024-10-29,04/11/2024,no_show,10-02-2024 12:00 AM
RES-718BBCE83C,715,11,427,28-Sep-2025,02/10/2025,Confirmed,2025-08-29 00:00:00
RES-27468253E3,1221,6,258,2024/12/01,2024-12-04,checked_in,2024-10-04 00:00:00
RES-8AEDCB8868,432,10,418,03-Sep-2025,2025/09/04,CONFIRMED,08-11-2025 12:00 AM
RES-58F75D96CA,557,4,140,08/03/2026,2026/03/12,checked-out,2026-01-18 00:00:00
RES-141244929C,754,15,657,18/02/2025,2025/02/25,Checked Out,20/12/2024 00:00
RES-A7D69BB5C6,450,13,542,2025/09/16,09-26-2025,CNF,08-31-2025 12:00 AM
RES-93202BEF0C,724,6,263,2025/05/06,14/05/2025,no_show,03-31-2025 12:00 AM
RES-2D3D3C6342,1044,14,620,09/10/2025,2025-10-18,CNF,09-10-2025 12:00 AM
RES-C987B46EE5,1206,9,384,31-Dec-2025,2026-01-05,Checked In,27/11/2025 00:00
RES-6697FD4766,8,3,111,2026-08-03,2026/08/11,NOSHOW,23/07/2026 00:00
RES-20B6F18B8C,1188,9,382,2026-06-13,16-Jun-2026,Pending,2026-06-10 00:00:00
RES-6FC2364FC7,589,5,181,08-19-2025,2025/08/26,checked-out,08-17-2025 12:00 AM
RES-D168AF2E97,524,3,101,03/10/2024,2024-10-11,CNF,10-02-2024 12:00 AM
RES-29158E60DC,371,10,394,27-Feb-2026,06/03/2026,pending,02-14-2026 12:00 AM
RES-8CD633B0E0,257,7,295,05-May-2024,12-May-2024,confirmed,25/03/2024 00:00
RES-6E9A772CEB,700,12,495,2025/01/19,20/01/2025,Pending,2025-01-10 00:00:00
RES-5D3CC1E166,1075,11,468,07/07/2024,2024/07/13,conf,01/07/2024 00:00
RES-56AE2E07A3,549,2,45,02-Sep-2026,2026-09-11,CXL,08-30-2026 12:00 AM
RES-4761A5E786,268,4,169,03-21-2025,26-Mar-2025,checked_out,26/01/2025 00:00
RES-CAEB06ECEF,929,1,16,24/08/2025,2025-09-03,no_show,2025-06-28 00:00:00
RES-416FD37B84,527,1,2,2025-11-18,2025-11-27,checked_out,09-27-2025 12:00 AM
RES-1850E4E9E7,878,6,254,08-Jan-2025,01-14-2025,Confirmed,12-04-2024 12:00 AM
RES-AAB1D41952,656,4,167,14-Oct-2025,2025/10/19,CNF,08-26-2025 12:00 AM
RES-641345CE5B,990,12,513,11-20-2024,27/11/2024,CNF,2024-10-16 00:00:00
RES-2AED0F5354,435,5,202,06/11/2024,2024-11-15,confirmed,2024-09-27 00:00:00
RES-96E0372D29,537,3,122,03-Jan-2025,01-13-2025,conf,2024-12-21 00:00:00
RES-9608C802CC,289,9,366,07-30-2024,2024/08/03,checked-out,26/07/2024 00:00
RES-C8250445D4,109,4,139,2026-08-15,2026/08/24,NOSHOW,07-29-2026 12:00 AM
RES-14A3EBFB25,43,2,57,2024-12-22,26-Dec-2024,PND,07/11/2024 00:00
RES-849B4A25F6,829,3,80,2024/04/19,2024-04-29,PND,18/04/2024 00:00
RES-F0662FA4B4,264,15,648,17-Dec-2024,24/12/2024,checked_out,2024-12-07 00:00:00
RES-4F1906B4B0,1094,1,1,08-03-2025,10-Aug-2025,checked_in,22/06/2025 00:00
RES-7E0AFCC636,637,8,325,22/08/2025,28-Aug-2025,Cancelled,2025-07-16 00:00:00
RES-661FF44CF6,1167,6,258,13/01/2026,2026/01/21,CHECKED_OUT,2025-12-12 00:00:00
RES-FC32ED60C5,62,4,153,2024/11/11,11-12-2024,conf,09-28-2024 12:00 AM
RES-4D5AF1E618,200,13,555,11/10/2025,15/10/2025,CHECKED_IN,16/09/2025 00:00
RES-A0C1B9F801,188,3,116,11-26-2025,06/12/2025,No Show,2025-10-15 00:00:00
RES-15F0090CDE,1188,7,299,20-Nov-2026,21/11/2026,no_show,22/09/2026 00:00
RES-CD13726FD3,396,12,499,2026/11/19,2026-11-29,CNF,2026-09-20 00:00:00
RES-7DDE43BFBA,420,5,210,2024/10/03,2024-10-10,NOSHOW,12/09/2024 00:00
RES-843D5D8DEC,510,10,418,05-23-2025,2025-05-28,CHECKED_OUT,2025-05-13 00:00:00
RES-55A4FDD8D5,495,2,48,21-Oct-2025,10-26-2025,Pending,2025-09-24 00:00:00
RES-3951D8564F,990,7,298,2025/10/27,10-30-2025,Pending,09-10-2025 12:00 AM
RES-8505860D4F,543,12,508,29/03/2026,05-Apr-2026,canceled,2026-03-19 00:00:00
RES-BCE48E1B1A,268,14,602,20-Apr-2026,29-Apr-2026,Cancelled,2026-02-25 00:00:00
RES-26DCA043B2,517,5,231,08-30-2026,06/09/2026,Cancelled,31/07/2026 00:00
RES-D68CE8A59E,236,14,625,10-Sep-2025,09-12-2025,Confirmed,29/08/2025 00:00
RES-1A730199D3,672,12,513,11-18-2025,2025-11-19,CHECKED_IN,19/10/2025 00:00
RES-5994388B69,993,11,454,25-Mar-2025,2025/04/03,CXL,03-05-2025 12:00 AM
RES-A932C749F6,1015,4,167,03-18-2026,2026/03/22,canceled,02/03/2026 00:00
RES-78818011BC,1109,6,272,26/05/2024,05-27-2024,checked_in,01/05/2024 00:00
RES-921EBE2042,219,7,286,2024-04-18,2024-04-28,CHECKED_IN,2024-04-11 00:00:00
RES-FAD2DBEE5E,347,10,415,07-25-2025,2025/07/29,no_show,06-02-2025 12:00 AM
RES-CCB0B2171F,907,2,48,22-Dec-2025,2025/12/28,CXL,2025-12-15 00:00:00
RES-FFCA081241,999,14,616,2026/08/06,2026-08-07,CNF,07-20-2026 12:00 AM
RES-5CC987080C,825,12,509,2026/05/04,14-May-2026,PENDING,2026-04-27 00:00:00
RES-47302E40D8,516,3,94,07-01-2024,2024/07/08,CXL,2024-05-09 00:00:00
RES-2AEC9726F1,656,15,669,2024-07-28,,NS,2024-07-01 00:00:00
RES-EDC78C3010,1048,11,454,2024-02-22,2024-02-26,CANCELLED,01-08-2024 12:00 AM
RES-6B9C39A747,982,3,113,2024-08-03,06/08/2024,confirmed,06-13-2024 12:00 AM
RES-08EDC49E29,349,2,46,22-Sep-2024,02-Oct-2024,checked-out,2024-07-28 00:00:00
RES-D6976AF5C0,139,6,257,2025-08-01,09/08/2025,CXL,07-28-2025 12:00 AM
RES-6DB672316A,317,3,102,08-22-2025,2025/08/26,Cancelled,07-26-2025 12:00 AM
RES-B13D97A857,1194,3,112,16-Aug-2026,08-25-2026,CI,2026-07-06 00:00:00
RES-7787D434FC,737,1,15,06-22-2026,01-Jul-2026,CXL,05-19-2026 12:00 AM
RES-0D282CAE06,200,4,151,2024-05-06,05-16-2024,NOSHOW,24/03/2024 00:00
RES-3C520803A2,177,4,147,2026-02-13,2026/02/23,CHECKED_OUT,01-06-2026 12:00 AM
RES-3365A63196,384,6,251,2025/10/22,2025-10-31,CI,2025-09-02 00:00:00
RES-FFED0818CB,970,13,553,07-17-2024,2024/07/22,PND,14/06/2024 00:00
RES-12A3DFFB8E,357,10,420,12-Aug-2024,08-21-2024,conf,07-07-2024 12:00 AM
RES-CDD3E33D9B,47,3,70,2025-06-03,2025/06/04,checked-in,04-12-2025 12:00 AM
RES-7AB7DE15DC,301,11,449,08-27-2026,08-30-2026,PENDING,07-18-2026 12:00 AM
RES-F3D9E7363E,550,7,297,2026-05-26,2026-05-27,pending,2026-04-17 00:00:00
RES-CE6E14491C,384,13,523,08-Nov-2025,,checked_in,09-27-2025 12:00 AM
RES-6982E2BFB4,632,12,501,2024-11-21,2024/11/28,CHECKED_OUT,2024-10-02 00:00:00
RES-74E9C03BDA,939,14,620,2024/11/02,03/11/2024,CXL,09-05-2024 12:00 AM
RES-F59DC27DE8,117,1,7,17/02/2026,02-24-2026,checked_in,01-03-2026 12:00 AM
RES-CED9880DA3,316,1,9,2024/07/19,25-Jul-2024,checked-out,2024-07-18 00:00:00
RES-E9C01C3589,384,13,549,06-19-2026,26-Jun-2026,Checked In,2026-05-19 00:00:00
RES-6BBC017AE9,787,6,263,05-Jan-2025,01-12-2025,NOSHOW,01-03-2025 12:00 AM
RES-E9FBDC2294,1045,3,102,2024-05-09,2024-05-10,Checked In,24/04/2024 00:00
RES-69C187FFB5,911,11,436,2025/06/28,07-01-2025,No Show,05/06/2025 00:00
RES-4C9AE32992,638,8,355,28/02/2024,06/03/2024,CO,06/02/2024 00:00
RES-2C5D148464,1210,11,425,2025/11/02,06-Nov-2025,CI,25/10/2025 00:00
RES-50982E07B2,1075,6,251,25/11/2025,11-29-2025,PND,12/11/2025 00:00
RES-BCFA043674,222,12,506,05-Jan-2026,01-13-2026,CANCELLED,2025-12-11 00:00:00
RES-1DD72BC95F,1065,14,559,2025-09-20,09-28-2025,CO,10/09/2025 00:00
RES-AAA9D79A16,627,8,341,2025/05/31,2025/06/09,NOSHOW,2025-05-06 00:00:00
RES-6B77F1DC8A,1079,7,277,28-Jun-2025,07-06-2025,CI,05-07-2025 12:00 AM
RES-1B9B355569,849,1,13,02-Dec-2024,2024/12/04,pending,21/11/2024 00:00
RES-989BC7603B,41,4,146,01-06-2025,2025-01-14,PENDING,22/11/2024 00:00
RES-95D864E01B,905,10,418,2025/08/30,2025-09-05,CO,2025-08-09 00:00:00
RES-7DF5C4471F,430,4,171,04-14-2026,2026/04/18,Confirmed,03-11-2026 12:00 AM
RES-53372FF0EF,354,4,154,2024/08/20,2024-08-26,Cancelled,29/06/2024 00:00
RES-593C0BEDBE,785,6,248,05-25-2026,02/06/2026,CI,2026-04-10 00:00:00
RES-D324F2E2FC,113,9,373,08-05-2024,2024-08-13,pending,2024-07-29 00:00:00
RES-CFFB7C6BD0,608,7,993,14-Aug-2024,2024-08-19,PND,2024-07-31 00:00:00
RES-BFAEB663A7,827,4,163,09-Aug-2024,2024-08-18,checked-in,2024-07-02 00:00:00
RES-00A2CAA2AD,467,6,274,19-Jul-2026,21/07/2026,PND,05-24-2026 12:00 AM
RES-B83469E8A1,639,6,269,2025-01-18,25/01/2025,Cancelled,07/01/2025 00:00
RES-C2CFAE83E8,655,11,431,2026-09-06,10-Sep-2026,Confirmed,08-13-2026 12:00 AM
RES-0BEC6C24EC,277,1,749,03/03/2025,03-06-2025,checked_out,07/01/2025 00:00
RES-F23D7F2418,685,7,296,22/09/2026,2026/09/29,no_show,08-30-2026 12:00 AM
RES-0BAD3AA186,1155,13,530,14-Apr-2025,2025/04/23,CONFIRMED,03-25-2025 12:00 AM
RES-4385815D60,415,6,252,03/02/2024,13-Feb-2024,CNF,01-04-2024 12:00 AM
RES-8F064BE517,759,5,207,2024-05-15,05-21-2024,Checked Out,15/04/2024 00:00
RES-CD13ABA515,662,9,363,08-Sep-2026,18/09/2026,Cancelled,2026-08-13 00:00:00
RES-1CA3DB28F8,490,1,2,2024-04-12,14-Apr-2024,checked_out,03-06-2024 12:00 AM
RES-E3D6D62769,161,14,589,01-09-2026,11/01/2026,CXL,18/11/2025 00:00
RES-FE34C29AB8,1135,2,37,01-20-2026,2026-01-22,Cancelled,26/11/2025 00:00
RES-1E14DF2826,320,5,208,06/11/2024,07/11/2024,pending,2024-10-21 00:00:00
RES-4F5B18C2E7,351,1,9,12-20-2025,23/12/2025,PND,11-06-2025 12:00 AM
RES-FFE5D8BA70,332,2,40,21-Dec-2024,23-Dec-2024,CI,26/11/2024 00:00
RES-DB66817F05,115,7,300,22-Aug-2025,01-Sep-2025,checked-in,04/07/2025 00:00
RES-62C47D762B,1,2,33,2025-04-24,04-May-2025,CANCELLED,2025-04-21 00:00:00
RES-8FAFFA3BC4,685,3,87,19-Jun-2025,2025-06-22,CANCELLED,2025-04-26 00:00:00
RES-5B1F35DBA8,1117,10,404,11-Jun-2025,19/06/2025,Pending,04-26-2025 12:00 AM
RES-72266264CE,573,5,239,28/07/2024,31/07/2024,no-show,2024-06-19 00:00:00
RES-D7A73C9F71,667,9,366,01-20-2026,2026/01/24,checked-out,09/01/2026 00:00
RES-03B1303049,597,11,458,08-03-2026,08-05-2026,Checked In,2026-06-17 00:00:00
RES-0B9873DBC4,758,3,82,2025/05/12,2025/05/13,Pending,03-29-2025 12:00 AM
RES-9B2BBD9447,321,11,438,25/10/2026,29-Oct-2026,checked-in,15/09/2026 00:00
RES-0B8FD6A69D,1070,9,375,07-16-2025,2025/07/26,no_show,04/06/2025 00:00
RES-3A76BE0BB0,988,4,155,2025/08/30,31/08/2025,checked-out,2025-08-07 00:00:00
RES-EEFAB2D036,988,3,87,2025/08/22,24-Aug-2025,CI,26/07/2025 00:00
RES-1963597230,717,7,284,03-11-2026,2026/03/13,CHECKED_IN,30/01/2026 00:00
RES-724EE5F534,286,1,25,09/07/2026,07-10-2026,PENDING,05-14-2026 12:00 AM
RES-40B2E838EC,227,11,461,11-18-2025,24-Nov-2025,checked_in,2025-11-14 00:00:00
RES-048FCC2E2E,1040,7,289,04-26-2026,2026-05-06,NOSHOW,15/03/2026 00:00
RES-AD1C13A38D,547,8,315,30/05/2026,05/06/2026,Checked In,05-11-2026 12:00 AM
RES-8E1553F2AD,605,12,499,27/12/2024,28-Dec-2024,Cancelled,2024-11-01 00:00:00
RES-D16F5ABDAC,843,13,552,2024/10/22,10-23-2024,Confirmed,2024-09-10 00:00:00
RES-5564DAC3A8,565,6,273,2025/04/18,26-Apr-2025,CHECKED_OUT,30/03/2025 00:00
RES-3598355A83,477,5,227,04-Jun-2025,2025/06/05,confirmed,04-22-2025 12:00 AM
RES-21F256D5EF,594,1,19,01-Mar-2026,2026/03/07,cancelled,2026-02-28 00:00:00
RES-E95D356310,41,12,492,2024-10-30,2024-11-09,pending,13/10/2024 00:00
RES-171635DE88,601,3,72,2024/06/28,2024/07/03,PND,26/06/2024 00:00
RES-8BD2EF9368,121,1,6,25/03/2024,2024-03-30,Checked In,2024-02-11 00:00:00
RES-CB272E2977,1126,4,171,2024-03-05,12-Mar-2024,checked_in,09/02/2024 00:00
RES-DC5B3B9099,148,2,40,02-18-2025,2025-02-28,CANCELLED,16/02/2025 00:00
RES-4C19DE64A4,472,1,5,02-09-2025,2025-02-11,PND,2025-02-01 00:00:00
RES-C4E90C2307,758,14,571,2024-08-02,04-Aug-2024,Checked Out,2024-07-16 00:00:00
RES-202B83417E,383,11,465,2025-01-05,07-Jan-2025,Confirmed,2024-12-22 00:00:00
RES-E3E006F5A4,1118,1,21,11-30-2024,2024-12-03,checked_out,11-09-2024 12:00 AM
RES-23584BB357,472,10,412,2025-02-24,2025/02/26,NS,2025-02-21 00:00:00
RES-8AD30D8B1E,551,13,551,2024/03/03,2024/03/13,PND,03-01-2024 12:00 AM
RES-F845B54AE1,379,2,51,2025-07-16,07-21-2025,CI,2025-06-17 00:00:00
RES-855820A7EC,678,13,554,06-27-2024,04/07/2024,NOSHOW,06-01-2024 12:00 AM
RES-DBE22794EA,571,10,420,2024-05-01,05-03-2024,CXL,03-05-2024 12:00 AM
RES-4B35DDB6FE,556,12,502,08-Mar-2024,15-Mar-2024,no-show,01-20-2024 12:00 AM
RES-0FEF13B17B,1011,7,291,07-21-2025,2025-07-24,Cancelled,2025-06-06 00:00:00
RES-341FCFD155,199,12,487,2025-05-17,2025/05/20,CANCELLED,10/04/2025 00:00
RES-DE9E43314C,34,2,45,2025/05/24,05-27-2025,Pending,01/04/2025 00:00
RES-0FED568398,1152,11,446,2026-10-08,2026-10-15,CNF,31/08/2026 00:00
RES-00F221CD5F,370,1,2,14-Dec-2025,22-Dec-2025,checked_out,11-01-2025 12:00 AM
RES-F23AB5BAB6,1195,7,300,17-Nov-2025,18-Nov-2025,PND,25/10/2025 00:00
RES-82BB54D7EE,1078,1,22,03-10-2024,2024-03-11,CNF,2024-01-28 00:00:00
RES-CD2ABA3268,1210,1,12,07-25-2025,07-26-2025,Checked In,2025-06-01 00:00:00
RES-B4D1D8A155,260,10,403,31-Aug-2024,2024-09-02,Pending,08-04-2024 12:00 AM
RES-42B5CDEF83,87,11,458,2025-02-18,2025/02/28,CI,02-12-2025 12:00 AM
RES-11479D4BF2,30,4,171,10-Jul-2024,12-Jul-2024,pending,2024-05-17 00:00:00
RES-3FEF0FAB32,48,13,542,01-04-2026,05/01/2026,checked-in,11-14-2025 12:00 AM
RES-1051837756,271,14,616,2025/10/18,19/10/2025,checked_out,2025-09-27 00:00:00
RES-FD5524D4E1,1138,10,407,22-May-2025,28-May-2025,Cancelled,2025-03-28 00:00:00
RES-F92900D379,1012,15,650,02-Sep-2024,2024-09-05,cancelled,25/07/2024 00:00
RES-4DD79308F3,1106,9,362,2026-05-27,29/05/2026,CNF,2026-05-26 00:00:00
RES-D376C1BEED,830,14,571,2025-10-17,2025/10/27,CO,09-03-2025 12:00 AM
RES-38A825172E,817,13,521,01-Aug-2025,08-09-2025,no_show,30/07/2025 00:00
RES-4443028CFC,817,4,156,14/04/2024,17/04/2024,PND,2024-03-17 00:00:00
RES-2D07E462AC,78,7,285,05/02/2026,2026/02/06,Checked Out,01-11-2026 12:00 AM
RES-2760455ABE,1087,6,274,2024/12/15,24-Dec-2024,NS,2024-11-20 00:00:00
RES-9F644E458A,563,14,633,2024-09-08,2024/09/18,CXL,13/07/2024 00:00
RES-9E717A0D73,623,9,366,03-Oct-2024,07/10/2024,pending,09-18-2024 12:00 AM
RES-AA41969F09,457,14,601,02-24-2026,06-Mar-2026,cancelled,01-25-2026 12:00 AM
RES-C4EF47A6C2,1173,12,489,2024/01/25,30/01/2024,No Show,2024-01-14 00:00:00
RES-58B9826F93,161,14,610,2024-05-02,05-May-2024,pending,03-12-2024 12:00 AM
RES-4377397DAB,775,15,636,2026/07/04,13-Jul-2026,Cancelled,2026-06-13 00:00:00
RES-2E16D89FE4,268,12,499,08-27-2025,09-05-2025,CONFIRMED,08-13-2025 12:00 AM
RES-9BAA25D9A1,1177,5,177,25/02/2025,03-06-2025,CO,2025-02-12 00:00:00
RES-86F2DC96D4,1088,9,377,23-Feb-2024,03-04-2024,CXL,02-14-2024 12:00 AM
RES-B5593A2BB6,413,15,638,2025/05/07,2025-05-15,CI,05-05-2025 12:00 AM
RES-0EE2BB37B4,128,8,304,15/02/2026,02-19-2026,Confirmed,12-28-2025 12:00 AM
RES-19EB93211D,179,9,377,2024/08/14,2024/08/22,PND,08-01-2024 12:00 AM
RES-5DBB91B01B,632,5,219,2025-08-16,19/08/2025,pending,06-22-2025 12:00 AM
RES-517B82A3F0,916,12,501,2026-06-28,2026-07-04,Cancelled,06/06/2026 00:00
RES-4FD936C6D0,786,13,554,13-Apr-2024,17-Apr-2024,checked_out,02/03/2024 00:00
RES-14B2354D97,730,3,123,04/05/2026,11/05/2026,CHECKED_OUT,04-28-2026 12:00 AM
RES-C203E5EC67,321,2,49,08-Nov-2024,11-12-2024,conf,09-27-2024 12:00 AM
RES-84A98F401B,971,3,109,2024-04-20,04-27-2024,checked_out,2024-03-02 00:00:00
RES-3018DBE641,774,8,352,2024-03-25,2024/03/26,CO,2024-01-27 00:00:00
RES-52BF154AAA,874,15,655,2025/05/05,09-May-2025,Checked Out,01/04/2025 00:00
RES-20F2395F93,965,1,20,2024-05-23,29/05/2024,pending,2024-05-04 00:00:00
RES-25AE637AFB,730,9,371,29/03/2026,2026/04/04,PND,01/03/2026 00:00
RES-E57A0A25A3,516,6,260,2026-01-13,18/01/2026,NS,11-21-2025 12:00 AM
RES-23E0E44C17,675,4,161,27/03/2025,01/04/2025,No Show,12/02/2025 00:00
RES-2BED06B0C7,815,1,17,2025/07/27,2025-07-31,NOSHOW,31/05/2025 00:00
RES-90D7F7A234,914,13,552,2024/11/30,2024/12/04,Pending,10-06-2024 12:00 AM
RES-F39841F2B4,1061,8,359,15/11/2024,2024-11-20,NS,10-04-2024 12:00 AM
RES-0FDFADD4C2,652,11,466,11-28-2024,2024-12-01,CI,2024-10-03 00:00:00
RES-3D11EBD314,1143,5,240,01-Oct-2025,10-Oct-2025,checked-in,28/09/2025 00:00
RES-209CDF9E6A,719,3,122,16-Aug-2025,2025/08/20,checked_out,17/07/2025 00:00
RES-EAA095834B,971,3,125,15-Oct-2024,24/10/2024,Confirmed,2024-08-28 00:00:00
RES-6A2FF7AE60,851,10,397,13/01/2026,01-20-2026,PND,01-05-2026 12:00 AM
RES-93EA94D23B,884,12,509,19/08/2026,2026-08-26,Cancelled,20/06/2026 00:00
RES-0FAB0380C1,528,10,414,01-Apr-2025,10-Apr-2025,PND,2025-02-18 00:00:00
RES-8B56C73B47,1063,7,277,2025/08/30,07/09/2025,No Show,08-07-2025 12:00 AM
RES-0B05403BFD,1224,3,103,28/02/2024,03-09-2024,CANCELLED,2024-02-26 00:00:00
RES-045469E508,980,5,191,04-13-2024,2024/04/19,cancelled,04-08-2024 12:00 AM
RES-C5E54D1D98,189,2,43,2026-09-19,27-Sep-2026,PND,09-18-2026 12:00 AM
RES-CE3182C70D,802,10,397,02/12/2024,11/12/2024,checked-in,16/11/2024 00:00
RES-DC201A399D,739,6,273,2024-10-20,2024-10-23,Checked In,09-05-2024 12:00 AM
RES-3E3A811BFC,142,7,299,09-23-2025,2025/10/03,CHECKED_OUT,2025-08-16 00:00:00
RES-F966B2F1F8,1264,4,168,12-21-2025,2025/12/24,confirmed,04/11/2025 00:00
RES-D4E738D011,796,13,535,2026/04/10,2026/04/18,CANCELLED,03-15-2026 12:00 AM
RES-7222CE476F,616,7,295,2025/01/01,2025/01/06,conf,2024-11-15 00:00:00
RES-BE573BA883,396,13,540,02-Jul-2024,2024-07-03,No Show,2024-05-22 00:00:00
RES-E3B6711BB6,184,10,398,11-May-2026,05-16-2026,PENDING,2026-04-29 00:00:00
RES-247D3C1D0F,348,7,290,2025/09/19,23-Sep-2025,confirmed,2025-08-12 00:00:00
RES-E6D3D2E050,1213,15,666,2025/06/14,2025-06-24,CONFIRMED,06-01-2025 12:00 AM
RES-626F0A9D14,162,6,261,13-Sep-2025,2025/09/14,cancelled,26/07/2025 00:00
RES-616606CCDA,670,12,474,2026/01/01,2026-01-08,Pending,2025-12-14 00:00:00
RES-5422B03190,493,14,594,29-Feb-2024,03-06-2024,confirmed,2024-01-01 00:00:00
RES-6230C5415D,267,15,651,2024/05/12,2024-05-20,no_show,03-24-2024 12:00 AM
RES-CCB79AE1AC,1004,14,607,23/03/2025,2025-04-02,CI,02/03/2025 00:00
RES-0CEB3C6F2A,1168,9,386,26-Aug-2026,2026/08/28,CONFIRMED,06-30-2026 12:00 AM
RES-378902E217,789,4,164,09-11-2024,16/09/2024,NOSHOW,2024-08-03 00:00:00
RES-B6639C5F0A,239,3,137,2024-08-11,08-15-2024,CHECKED_IN,07-20-2024 12:00 AM
RES-781FA0B224,1151,3,134,2026-10-31,11-09-2026,checked_out,16/09/2026 00:00
RES-C80D328C26,730,7,297,26/12/2025,05/01/2026,CONFIRMED,11-30-2025 12:00 AM
RES-0A33E9223C,593,15,684,21/05/2024,05-31-2024,confirmed,2024-03-23 00:00:00
RES-E3EA2D5836,820,9,365,2025/05/10,05-11-2025,No Show,03-27-2025 12:00 AM
RES-6249A3A53F,88,9,385,12-25-2025,04/01/2026,CNF,12-12-2025 12:00 AM
RES-DAF9DCC3E7,1106,11,430,29/12/2024,2025/01/07,no_show,2024-11-28 00:00:00
RES-22FA11B1FD,170,8,331,2024/03/17,26-Mar-2024,PENDING,02-22-2024 12:00 AM
RES-284AB6DEB3,1066,6,247,03/10/2026,10-05-2026,PENDING,08-28-2026 12:00 AM
RES-3FE827AEA4,118,11,438,19/04/2024,21-Apr-2024,confirmed,2024-03-14 00:00:00
RES-C0A11C0506,224,5,220,09/07/2026,07-12-2026,confirmed,05-20-2026 12:00 AM
RES-83CEE2FC44,670,10,404,23/01/2026,01-30-2026,checked_out,17/12/2025 00:00
RES-AC7EA9E053,1156,5,194,2025-04-05,2025/04/07,cancelled,01/04/2025 00:00
RES-A30FF63071,884,3,76,2024/04/30,05/05/2024,pending,04-23-2024 12:00 AM
RES-8077C737C5,843,7,299,22-May-2024,2024/05/29,confirmed,2024-05-14 00:00:00
RES-799973FBB8,47,2,55,04-Apr-2025,04-14-2025,PND,03-05-2025 12:00 AM
RES-8332009AB5,394,8,314,06-21-2025,23/06/2025,checked-out,2025-06-01 00:00:00
RES-F634720A7D,1235,13,545,2024/03/19,2024/03/23,CONFIRMED,02-27-2024 12:00 AM
RES-96F3AC3123,554,10,413,02-Aug-2025,2025/08/04,Cancelled,21/06/2025 00:00
RES-2B3AE306FF,1005,8,304,2025-05-12,05-14-2025,CHECKED_IN,04-23-2025 12:00 AM
RES-24D79EFDDF,689,9,366,08-08-2025,08-18-2025,Checked Out,2025-07-19 00:00:00
RES-C92399F401,407,11,429,08-07-2025,2025/08/10,Pending,07-18-2025 12:00 AM
RES-0050F629BD,318,9,371,29/04/2024,07-May-2024,Confirmed,03-18-2024 12:00 AM
RES-09A5A32E98,1005,5,214,2026-02-18,02-22-2026,checked-out,02-10-2026 12:00 AM
RES-97EBBB8500,284,6,252,2026-05-25,2026-05-29,cancelled,20/05/2026 00:00
RES-C01C473E08,578,7,284,2025/06/02,2025-06-10,Checked In,04-21-2025 12:00 AM
RES-5539D81E70,980,15,681,08-Mar-2024,2024-03-11,NOSHOW,25/01/2024 00:00
RES-1D3CBD537C,1062,10,409,25-Dec-2025,2025/12/31,checked_in,2025-12-13 00:00:00
RES-7270EB4722,594,4,166,24/10/2025,01-Nov-2025,canceled,09-29-2025 12:00 AM
RES-FD11446A65,218,7,276,06-22-2026,2026-06-30,checked-in,2026-06-03 00:00:00
RES-19D4D635DC,991,1,10,07/02/2026,02-10-2026,Pending,2026-01-19 00:00:00
RES-63D1087C69,1131,11,429,27/04/2026,2026-05-01,conf,07/04/2026 00:00
RES-04D271496E,630,12,503,20-Sep-2025,2025-09-21,NS,19/08/2025 00:00
RES-3F364E0EE2,1012,15,641,12/08/2026,2026/08/15,CANCELLED,2026-07-13 00:00:00
RES-E311205F6A,373,6,262,13-Nov-2024,17/11/2024,Checked In,11-04-2024 12:00 AM
RES-5D62763EDB,1190,9,379,06-Apr-2025,2025/04/11,CNF,04-01-2025 12:00 AM
RES-FD412BDE35,139,1,30,07-12-2025,2025-07-17,PND,25/06/2025 00:00
RES-1DA86F9DF4,629,13,530,06-May-2025,10-May-2025,CONFIRMED,28/03/2025 00:00
RES-886E650868,1103,9,390,2024/04/14,16/04/2024,PND,03-18-2024 12:00 AM
RES-7B75DB5F26,1205,4,166,04-27-2025,02/05/2025,canceled,03-24-2025 12:00 AM
RES-D8F3F48D0E,1065,11,461,12-18-2024,12-26-2024,Cancelled,21/11/2024 00:00
RES-22E705519F,898,11,461,23-May-2025,2025/05/24,conf,12/04/2025 00:00
RES-EEB324F7F6,765,11,440,2026-10-02,2026-10-03,CONFIRMED,2026-09-18 00:00:00
RES-E4ED6EC23E,223,3,107,08-12-2024,21-Aug-2024,Cancelled,2024-07-06 00:00:00
RES-5C9D72C178,333,6,271,14-Jul-2026,16-Jul-2026,No Show,21/05/2026 00:00
RES-8DBB49F87F,319,6,266,06/08/2026,11-Aug-2026,no-show,2026-06-19 00:00:00
RES-FABE6FFA42,8,1,4,23-Dec-2024,2025-01-02,Checked Out,2024-10-26 00:00:00
RES-5B3AE4BFF8,1052,12,479,09-Mar-2025,19-Mar-2025,checked-out,05/03/2025 00:00
RES-C56D2D9779,241,1,16,2025/08/31,07/09/2025,CONFIRMED,08-09-2025 12:00 AM
RES-C1812F72DA,1164,1,23,08-31-2026,2026/09/02,Checked In,2026-07-21 00:00:00
RES-596D7A76D8,56,4,154,2026-05-20,2026/05/23,CHECKED_OUT,03-24-2026 12:00 AM
RES-06D8637DCA,382,1,27,30-May-2026,06-01-2026,CHECKED_OUT,05-06-2026 12:00 AM
RES-637FB0F6AF,691,13,550,2025-04-08,04-12-2025,Cancelled,2025-03-16 00:00:00
RES-53577E88CD,445,3,68,02-May-2026,03-May-2026,CXL,19/03/2026 00:00
RES-77FCCF2C5B,1161,5,217,02-16-2026,24/02/2026,checked_out,2026-01-21 00:00:00
RES-02D5040649,965,8,359,10/07/2026,2026/07/18,no_show,2026-06-06 00:00:00
RES-2332890B1F,717,2,39,02/02/2026,12/02/2026,checked-in,2025-12-04 00:00:00
RES-554E239D22,587,4,159,03/04/2026,10/04/2026,NS,01/04/2026 00:00
RES-C913B62C74,225,9,363,19-Jul-2024,07-21-2024,checked-in,22/06/2024 00:00
RES-5D9AFBCBBD,961,10,415,23-May-2024,2024-05-28,no_show,15/05/2024 00:00
RES-4039540DF4,876,8,307,03-29-2026,04-04-2026,pending,15/02/2026 00:00
RES-8F947DA647,849,4,140,09-30-2026,2026-10-01,checked-out,2026-08-04 00:00:00
RES-077AED5880,550,8,351,2025-01-20,01-27-2025,checked_in,2024-11-29 00:00:00
RES-DE5538F3B4,805,10,406,09-Sep-2024,12-Sep-2024,confirmed,28/08/2024 00:00
RES-2E927BDFE9,351,9,372,2025-04-22,02-May-2025,canceled,2025-04-10 00:00:00
RES-4FED16F33E,506,15,643,25-Sep-2024,10-04-2024,CHECKED_OUT,2024-09-20 00:00:00
RES-41B2169D54,328,8,346,2024/11/16,2024/11/22,CANCELLED,21/09/2024 00:00
RES-5F24814AF3,579,1,14,23-Jun-2025,2025/06/27,pending,10/06/2025 00:00
RES-F73A82EECC,850,14,582,2025-03-16,2025/03/25,CO,19/02/2025 00:00
RES-E70F6596B2,382,7,276,2025/06/04,05/06/2025,pending,11/05/2025 00:00
RES-EC3B161493,74,8,342,2026-07-20,07-28-2026,Confirmed,05/07/2026 00:00
RES-994F041B50,1165,5,197,27-Aug-2025,2025/08/30,No Show,15/08/2025 00:00
RES-3874A84CA7,258,3,116,26-Oct-2024,2024/10/30,no-show,2024-09-09 00:00:00
RES-FF39307CFC,1055,13,557,2026/04/20,2026/04/26,PND,2026-03-11 00:00:00
RES-B5E5BF53A7,64,11,458,08-06-2025,2025-08-07,CANCELLED,07-01-2025 12:00 AM
RES-E5FBBDF279,675,3,97,2024/08/09,08-15-2024,checked-out,2024-07-09 00:00:00
RES-F2ADC0B02A,303,12,503,20/04/2026,26/04/2026,conf,03-30-2026 12:00 AM
RES-9712DAF39C,907,14,582,12-Jan-2025,01-14-2025,conf,2025-01-05 00:00:00
RES-E856857442,666,9,379,31-Aug-2024,10-Sep-2024,CONFIRMED,18/08/2024 00:00
RES-A7FB5A24F1,810,6,266,2025-01-06,2025-01-14,canceled,11-08-2024 12:00 AM
RES-4D8F44DECC,244,1,13,01-02-2026,11-Jan-2026,checked_in,27/12/2025 00:00
RES-101DA1B0EE,1042,15,671,05-Sep-2026,07-Sep-2026,Checked Out,16/07/2026 00:00
RES-828B164012,1223,10,418,21-May-2026,31-May-2026,canceled,2026-04-24 00:00:00
RES-7DDBC7E468,1175,7,284,10/12/2025,15-Dec-2025,PENDING,2025-12-03 00:00:00
RES-1242DD86EF,213,15,643,2024-07-06,10-Jul-2024,Checked In,2024-06-08 00:00:00
RES-5CA74B23C9,269,3,86,11-Jun-2024,21/06/2024,CNF,2024-04-20 00:00:00
RES-A198B97FD0,930,15,662,2024/04/16,04-19-2024,PENDING,2024-04-13 00:00:00
RES-0D7EEB5133,208,9,376,11-22-2024,2024-11-26,CHECKED_IN,11-01-2024 12:00 AM
RES-44D971B25C,135,4,156,2025-03-31,10-Apr-2025,Cancelled,26/03/2025 00:00
RES-35E8316066,534,8,347,04/11/2024,11-13-2024,CHECKED_OUT,09-05-2024 12:00 AM
RES-CC32FE4566,67,10,416,2026/09/07,2026/09/10,Checked In,08-03-2026 12:00 AM
RES-7C0E1F2D07,710,12,505,14-Jun-2024,2024/06/23,CNF,05-01-2024 12:00 AM
RES-3DC51D946E,361,11,426,2026/09/10,20/09/2026,Checked In,2026-08-22 00:00:00
RES-D9C4A9F160,1060,12,479,13-Jun-2024,17-Jun-2024,checked_out,23/04/2024 00:00
RES-EEC7EE002D,494,2,33,22-May-2025,23/05/2025,Confirmed,08/04/2025 00:00
RES-D08A5C07E7,768,12,473,2026-04-08,11-Apr-2026,No Show,2026-04-03 00:00:00
RES-BF3B8264F9,288,11,460,2025-04-10,04-13-2025,checked-out,03-12-2025 12:00 AM
RES-E365D59993,909,4,144,10-01-2026,2026/10/09,CHECKED_IN,05/08/2026 00:00
RES-AD65858197,295,1,8,2025-01-30,03-Feb-2025,checked_in,07/01/2025 00:00
RES-77CFA124BC,480,7,288,2026-07-01,06/07/2026,checked-out,15/05/2026 00:00
RES-228D411EA4,1207,8,325,2024-04-06,04-11-2024,pending,02-28-2024 12:00 AM
RES-2AD3B8FEAF,116,6,259,27/06/2025,2025/07/03,canceled,2025-06-05 00:00:00
RES-D8FF7CDF2F,443,4,165,2024/09/24,09-30-2024,CNF,26/07/2024 00:00
RES-C53B83D64F,742,15,660,06/09/2026,16/09/2026,PENDING,2026-08-11 00:00:00
RES-DB983C612A,362,8,315,31-May-2025,2025-06-02,Checked Out,2025-05-24 00:00:00
RES-4DE85107D3,400,11,469,2024-12-01,07-Dec-2024,NS,02/10/2024 00:00
RES-055B5570C7,1103,9,369,2024/10/19,2024/10/20,Pending,08-29-2024 12:00 AM
RES-C00D921075,915,6,266,09-11-2024,21/09/2024,no_show,28/07/2024 00:00
RES-D4184913B1,68,3,108,17/03/2025,03-24-2025,No Show,15/02/2025 00:00
RES-37E7C74F20,758,5,177,16-Mar-2026,2026-03-24,CHECKED_IN,01/02/2026 00:00
RES-FE8212AB1D,103,7,300,2026/05/01,2026/05/09,confirmed,03-19-2026 12:00 AM
RES-CF58335533,202,1,23,09-Jun-2026,10/06/2026,Cancelled,21/05/2026 00:00
RES-392C45EA47,129,2,34,2024/03/25,28/03/2024,no-show,21/02/2024 00:00
RES-F21C63016B,9,2,39,2025-10-06,2025-10-12,CONFIRMED,22/08/2025 00:00
RES-D1C0A432C4,1172,5,232,01-18-2026,24/01/2026,no-show,12-26-2025 12:00 AM
RES-F942C3F88C,1013,10,413,06-20-2025,25-Jun-2025,Checked In,2025-05-06 00:00:00
RES-726307D74B,504,14,584,2026/09/02,09-11-2026,Checked Out,2026-07-09 00:00:00
RES-D1011953B8,1150,10,400,25/03/2026,04-03-2026,confirmed,21/03/2026 00:00
RES-1EC1F468D2,522,13,556,2026/07/15,2026-07-20,Pending,28/05/2026 00:00
RES-8BDA53012D,399,15,665,2024-12-03,07-Dec-2024,Pending,2024-10-18 00:00:00
RES-C3AA053392,785,11,431,15/03/2024,2024/03/22,cancelled,01-18-2024 12:00 AM
RES-CF1E3AE34B,233,15,674,2024/05/09,2024-05-10,CXL,03-27-2024 12:00 AM
RES-3A8BF904BB,13,4,174,01-Dec-2025,2025/12/07,Cancelled,22/11/2025 00:00
RES-1312CF9E75,388,5,183,23/12/2024,2024/12/31,NS,10-25-2024 12:00 AM
RES-276BB184B0,322,7,300,2025/07/13,18/07/2025,conf,05-29-2025 12:00 AM
RES-86B7204311,91,6,254,2025/10/22,10-26-2025,CXL,20/10/2025 00:00
RES-EFE226B148,184,10,404,23/03/2025,31/03/2025,no-show,27/01/2025 00:00
RES-80259C1A67,606,7,285,11-20-2025,2025/11/23,NS,11-16-2025 12:00 AM
RES-EAC2986234,707,12,508,2025-01-22,,CONFIRMED,12-05-2024 12:00 AM
RES-B70C4B3500,635,5,214,10-Sep-2025,09-11-2025,CNF,31/08/2025 00:00
RES-E8FBB96D15,926,1,9,2025-01-11,21/01/2025,CI,12-02-2024 12:00 AM
RES-1CCA8F0E12,428,4,139,2024-02-21,2024-02-26,checked-out,01-07-2024 12:00 AM
RES-4D29ED63F0,1224,13,523,03-Aug-2024,08-09-2024,Confirmed,25/06/2024 00:00
RES-5EB6A57D15,874,4,141,06/10/2026,2026-10-10,Cancelled,2026-08-07 00:00:00
RES-3608F86403,357,8,330,07-27-2026,04-Aug-2026,canceled,16/07/2026 00:00
RES-DA3D470716,363,6,268,10-23-2025,30-Oct-2025,no-show,09-29-2025 12:00 AM
RES-7C4C9942E0,1195,15,688,2025-08-23,08-28-2025,CANCELLED,03/08/2025 00:00
RES-4FD39C905B,360,14,616,2026/10/08,10-13-2026,CHECKED_IN,11/09/2026 00:00
RES-B48E95441D,1018,7,296,2026-01-11,2026/01/17,checked_in,10/01/2026 00:00
RES-294F755867,574,8,352,2024/03/16,2024-03-22,Cancelled,09/03/2024 00:00
RES-4D33E3BF6B,870,9,380,2025/03/02,03-10-2025,pending,21/01/2025 00:00
RES-5D5735AFFE,799,12,473,2025/07/19,07-22-2025,checked_in,03/06/2025 00:00
RES-2A3FC292A4,1277,3,105,17/06/2024,27/06/2024,Confirmed,2024-06-15 00:00:00
RES-E8F0236965,783,9,379,09/08/2026,08-16-2026,CONFIRMED,07-08-2026 12:00 AM
RES-0E030D5B79,188,8,357,2025/11/24,11-27-2025,NS,2025-11-17 00:00:00
RES-C80A13E18C,465,12,493,2025/07/22,2025/07/27,NS,2025-05-27 00:00:00
RES-1655DFD232,1229,7,282,2024/12/23,26-Dec-2024,checked_in,2024-12-13 00:00:00
RES-9CA45F08F6,184,1,3,04-Dec-2025,14/12/2025,confirmed,14/11/2025 00:00
RES-4224DC7261,53,15,649,2025-08-18,08-20-2025,Checked In,07-09-2025 12:00 AM
RES-28A662ECFD,927,13,520,2026-09-30,10-01-2026,CI,2026-09-12 00:00:00
RES-0CB5A22615,559,5,212,03/04/2024,2024-04-08,checked_in,04-01-2024 12:00 AM
RES-144019D7DB,1168,3,115,02-Jun-2026,11/06/2026,CONFIRMED,03/05/2026 00:00
RES-6DC61E23F1,99,2,61,27-Aug-2024,02-Sep-2024,CO,28/07/2024 00:00
RES-DFD9E9135A,868,11,464,10-17-2024,2024-10-21,No Show,10-09-2024 12:00 AM
RES-055EEF4C91,738,4,158,23/05/2026,01-Jun-2026,conf,04-29-2026 12:00 AM
RES-8F6D8E817E,227,10,398,2025/03/10,2025-03-15,CNF,02-01-2025 12:00 AM
RES-4A1D1AF859,348,3,78,10/09/2024,2024-09-12,Checked In,08-18-2024 12:00 AM
RES-5387F30E92,962,12,510,01-07-2026,17/01/2026,PND,2025-12-21 00:00:00
RES-5D82B24F36,551,4,174,2025/12/16,20-Dec-2025,NOSHOW,2025-12-10 00:00:00
RES-877769C060,180,2,35,23-Jan-2026,2026/01/27,Pending,2026-01-08 00:00:00
RES-C13DEA882D,167,4,153,13-Aug-2026,2026-08-14,NOSHOW,07-15-2026 12:00 AM
RES-0AE45A5659,84,7,298,17/01/2026,21/01/2026,no-show,2026-01-12 00:00:00
RES-4909BBEC34,490,15,652,2024/06/02,2024/06/10,CI,24/04/2024 00:00
RES-5850BDD6D4,596,8,351,2026/01/10,2026/01/16,Pending,11-15-2025 12:00 AM
RES-85D9B9AA47,1022,5,210,01/01/2026,2026-01-10,Checked Out,2025-12-24 00:00:00
RES-40BCD75259,969,5,182,15-Jul-2024,17/07/2024,CI,2024-06-23 00:00:00
RES-931C941A67,97,4,148,01/12/2025,2025/12/07,PND,10-05-2025 12:00 AM
RES-27B25D4451,167,7,284,2025-02-27,28-Feb-2025,no-show,2025-01-29 00:00:00
RES-7D511BD0C2,774,14,560,04/12/2024,10-Dec-2024,no-show,2024-10-18 00:00:00
RES-C05C976737,206,13,535,2024/09/20,25-Sep-2024,PENDING,2024-09-02 00:00:00
RES-4F28334B14,1079,10,412,07-12-2025,07-22-2025,PENDING,06-04-2025 12:00 AM
RES-E202596B03,301,10,405,08-27-2026,28-Aug-2026,checked-in,07-09-2026 12:00 AM
RES-32D66E530A,1166,2,44,24-Aug-2025,08-29-2025,Checked In,23/08/2025 00:00
RES-E923A3393B,1059,5,221,16/04/2026,04-22-2026,NS,03-28-2026 12:00 AM
RES-FAD48289CC,36,11,440,10-02-2025,03/10/2025,CO,17/09/2025 00:00
RES-13BAEEC755,895,3,75,10-25-2025,11-02-2025,no-show,15/09/2025 00:00
RES-75F37FA107,904,8,311,28/05/2024,02/06/2024,Cancelled,2024-05-04 00:00:00
RES-274949E614,564,12,506,22-Apr-2024,27/04/2024,checked-out,2024-04-10 00:00:00
RES-02B3137F43,708,8,307,2026-05-23,24-May-2026,CXL,04-22-2026 12:00 AM
RES-2E4EFC0AB1,430,9,392,2026-09-29,2026-10-02,no-show,09-05-2026 12:00 AM
RES-6D3D063DD5,368,8,346,2026-09-08,2026/09/11,checked_in,08-24-2026 12:00 AM
RES-A97A5CB1F0,1155,1,23,2026-01-13,2026/01/22,CNF,12-06-2025 12:00 AM
RES-5726D0FE1F,1148,5,190,28-Oct-2024,10-29-2024,PENDING,19/10/2024 00:00
RES-58B66B7AA3,1155,4,150,2025/05/25,27-May-2025,CONFIRMED,2025-04-09 00:00:00
RES-147ECEBC69,442,14,631,04/11/2024,2024-11-09,no_show,10-25-2024 12:00 AM
RES-5385D3BF2E,771,12,502,23/08/2024,2024-08-28,PND,2024-08-14 00:00:00
RES-879231CBA7,1174,5,239,2024-03-30,07/04/2024,Cancelled,30/01/2024 00:00
RES-A838EFA4D5,1230,10,412,2024-03-02,2024/03/07,Pending,21/02/2024 00:00
RES-825DDAC14D,738,13,531,2024/03/08,2024/03/15,CONFIRMED,2024-02-08 00:00:00
RES-9E13FC2200,1159,14,585,06-21-2025,2025-07-01,checked_in,2025-05-19 00:00:00
RES-406FF130ED,608,15,637,18-Feb-2026,26-Feb-2026,Pending,2026-02-08 00:00:00
RES-A3A563DFD1,754,2,43,29/01/2024,30-Jan-2024,No Show,26/01/2024 00:00
RES-82820FE4E9,973,14,633,05-Oct-2024,2024-10-10,No Show,30/08/2024 00:00
RES-020B373B50,98,9,385,2024-05-01,2024/05/11,checked-out,19/04/2024 00:00
RES-E603575C14,1221,3,77,16/08/2025,2025-08-17,checked-out,2025-06-17 00:00:00
RES-D1B94D3BF0,931,8,305,12-03-2024,06/12/2024,CXL,2024-10-28 00:00:00
RES-A97568F115,690,6,274,03-Feb-2026,08-Feb-2026,conf,12-21-2025 12:00 AM
RES-9C3C546F04,110,2,44,02-20-2025,02-24-2025,CANCELLED,2025-01-29 00:00:00
RES-41EAC486FA,258,5,232,23-Apr-2025,2025-05-01,PND,02-23-2025 12:00 AM
RES-535CC87607,687,1,23,23/02/2026,2026-02-28,Checked Out,2026-02-13 00:00:00
RES-F76DFB35D2,769,6,260,2024/09/22,24-Sep-2024,Pending,22/08/2024 00:00
RES-C6D4816C99,455,14,624,2024-05-19,05-20-2024,checked-in,04-21-2024 12:00 AM
RES-37ABD6A30D,652,10,396,2026-04-23,2026-04-28,PENDING,2026-04-11 00:00:00
RES-98122E7E39,852,14,566,02/03/2024,03-11-2024,PENDING,28/01/2024 00:00
RES-911CEA5E42,657,9,375,11-15-2025,2025/11/23,NOSHOW,10/10/2025 00:00
RES-F35E4A417B,1190,3,100,16/04/2024,21-Apr-2024,Checked Out,29/02/2024 00:00
RES-8EA972AEB0,1082,9,392,2024/04/25,03-May-2024,checked-out,04/03/2024 00:00
RES-CFC6C39870,1086,4,170,03-Sep-2025,2025/09/10,No Show,10/07/2025 00:00
RES-09ABFC4551,456,2,61,09-09-2026,12-Sep-2026,Pending,16/07/2026 00:00
RES-77F86268AD,42,6,260,01-21-2026,2026/01/31,Cancelled,2026-01-11 00:00:00
RES-B0985C3504,114,13,545,2024-09-18,2024/09/21,checked_out,2024-07-27 00:00:00
RES-57A1142BA0,835,11,425,27-Mar-2026,06/04/2026,PENDING,2026-03-20 00:00:00
RES-9C589624DF,1087,11,448,09/03/2025,2025/03/13,checked_in,2025-01-31 00:00:00
RES-055C4A603F,70,2,59,2024-10-27,2024/11/04,No Show,11/09/2024 00:00
RES-AA2F3F6748,976,14,566,2024-09-27,01-Oct-2024,CANCELLED,27/08/2024 00:00
RES-CB48533A67,97,10,403,2024/02/16,23-Feb-2024,confirmed,02-14-2024 12:00 AM
RES-E37D5704F5,271,12,477,19-Nov-2025,2025-11-26,checked_out,2025-10-06 00:00:00
RES-A5E8D64732,84,9,376,2025-05-30,2025-05-31,canceled,05-26-2025 12:00 AM
RES-1BEA2F4559,447,2,45,2024-03-04,2024-03-06,CNF,2024-02-12 00:00:00
RES-B7231A12ED,1205,12,485,26-Feb-2024,04-Mar-2024,checked_out,2024-01-06 00:00:00
RES-9586A7AE9C,163,14,595,12/05/2026,19/05/2026,Pending,21/03/2026 00:00
RES-2D8A8B49A6,1209,2,41,2025-07-14,21-Jul-2025,confirmed,03/06/2025 00:00
RES-126E8476F5,519,1,10,08-May-2026,05-18-2026,Cancelled,03-16-2026 12:00 AM
RES-FC256C9DC9,291,3,73,2026/06/24,2026-06-29,Checked Out,05-03-2026 12:00 AM
RES-8FDFFFB98D,350,14,559,11-Jun-2024,14/06/2024,checked-in,2024-05-25 00:00:00
RES-3798819F4A,1031,2,53,01/06/2025,2025-06-05,checked_out,05-24-2025 12:00 AM
RES-4AB73F3899,217,4,146,17-Jul-2025,25-Jul-2025,no-show,2025-06-20 00:00:00
RES-5075B17EB0,400,9,361,2024/03/07,12-Mar-2024,PND,04/03/2024 00:00
RES-354A280EF7,358,7,299,2025/01/25,28-Jan-2025,CI,01-22-2025 12:00 AM
RES-9E311B4038,1010,2,53,03-20-2025,03-30-2025,CI,28/02/2025 00:00
RES-C78EE8C167,946,12,499,04-Sep-2026,2026-09-08,checked-in,27/08/2026 00:00
RES-233A97FBBF,358,9,374,12/09/2026,20/09/2026,CANCELLED,19/07/2026 00:00
RES-F453809C6B,1095,7,283,11-01-2024,2024/11/09,CHECKED_IN,10-23-2024 12:00 AM
RES-231FBF454D,388,5,210,18/03/2024,2024-03-19,CANCELLED,31/01/2024 00:00
RES-3189E75238,602,6,274,2026/09/06,2026/09/10,canceled,2026-07-09 00:00:00
RES-0DA8CBF63D,448,5,217,27/02/2025,08/03/2025,NS,01-31-2025 12:00 AM
RES-0EC3D51A33,755,13,537,2025-11-08,11/11/2025,NS,2025-09-11 00:00:00
RES-BC098BF6A0,813,2,58,05-01-2026,03-May-2026,confirmed,22/03/2026 00:00
RES-334FC2AC06,1083,15,639,07/11/2025,2025-11-10,No Show,2025-10-13 00:00:00
RES-3EB1471805,830,9,383,17-Mar-2024,19/03/2024,Checked Out,2024-02-09 00:00:00
RES-E69A3410F1,281,6,272,2026-08-02,2026-08-08,NS,2026-06-11 00:00:00
RES-53E3B091A2,31,1,17,21/06/2024,29/06/2024,PND,22/05/2024 00:00
RES-917D7730DA,846,7,279,2024/08/17,18/08/2024,canceled,12/07/2024 00:00
RES-68C93D56C7,206,13,528,2024-11-28,30-Nov-2024,NS,12/11/2024 00:00
RES-D957DE0894,381,2,41,07/03/2026,2026/03/12,Checked Out,01-08-2026 12:00 AM
RES-EFAC62F86D,1037,7,284,2024-09-17,26-Sep-2024,Pending,07-25-2024 12:00 AM
RES-848EBA3270,105,9,381,07-18-2025,26/07/2025,No Show,29/06/2025 00:00
RES-9FA7D3F062,1208,15,684,05-23-2026,05-26-2026,CO,03-31-2026 12:00 AM
RES-5F99A5429D,590,10,399,2025-02-02,02-07-2025,confirmed,2024-12-19 00:00:00
RES-4636A2D3A4,970,5,226,07-14-2025,19/07/2025,pending,06-23-2025 12:00 AM
RES-0A58F299DE,788,6,265,28/02/2026,10/03/2026,checked-in,01-31-2026 12:00 AM
RES-FA92632571,720,14,575,09-23-2025,26-Sep-2025,CHECKED_OUT,09-01-2025 12:00 AM
RES-B2D57657DB,324,12,484,2025-02-08,2025-02-16,confirmed,2025-01-05 00:00:00
RES-911ABA54D8,423,8,334,06/08/2025,08-13-2025,Pending,2025-07-24 00:00:00
RES-940BA6DD5B,638,6,259,21-Aug-2025,2025-08-30,Confirmed,20/07/2025 00:00
RES-D07A84B4A6,1052,11,434,08-27-2025,08-28-2025,Cancelled,21/08/2025 00:00
RES-667DF41D11,870,3,124,2024-09-04,08-Sep-2024,cancelled,07-22-2024 12:00 AM
RES-C5813AC090,1093,10,411,2026/02/24,03-04-2026,PND,09/01/2026 00:00
RES-CE631AFA22,901,6,253,03-Apr-2024,04-13-2024,CHECKED_OUT,02-18-2024 12:00 AM
RES-20D02D0707,1120,10,414,2026/11/09,11-16-2026,Checked In,2026-09-15 00:00:00
RES-EAE9632294,204,7,293,07-21-2026,23-Jul-2026,PENDING,15/07/2026 00:00
RES-71EB7C16AA,85,1,9,17/02/2026,18-Feb-2026,Cancelled,01-03-2026 12:00 AM
RES-A1E55816BA,1218,2,60,29-Apr-2024,2024-05-05,conf,04-01-2024 12:00 AM
RES-FF628CFBD4,897,13,553,2025/12/07,12-12-2025,Checked In,2025-10-25 00:00:00
RES-A431D8E314,924,1,599,2025-06-15,06-20-2025,PENDING,2025-05-15 00:00:00
RES-5AAB665FF2,359,9,386,09-Oct-2024,13/10/2024,Checked Out,15/08/2024 00:00
RES-F3E7161A86,115,12,497,2024-03-12,18-Mar-2024,CHECKED_OUT,29/02/2024 00:00
RES-1107C92BBD,740,1,23,2024-06-28,30-Jun-2024,Checked Out,31/05/2024 00:00
RES-EBC895119F,522,14,585,11-29-2024,2024-12-01,checked_in,10-04-2024 12:00 AM
RES-5D0574ADC1,1066,13,526,08-05-2025,2025/08/09,checked_out,2025-06-11 00:00:00
RES-D5D9464420,1052,1,10,2024/05/13,2024/05/17,CXL,04-18-2024 12:00 AM
RES-8AF76249E1,1037,11,426,2025/10/03,2025-10-07,NOSHOW,08-12-2025 12:00 AM
RES-3911F5C67E,1270,3,105,08-Jun-2025,14-Jun-2025,CNF,2025-04-21 00:00:00
RES-CA493D4BAE,655,9,389,17/05/2024,05-24-2024,CONFIRMED,2024-05-08 00:00:00
RES-EC0F209ADB,220,11,435,2026-07-10,16-Jul-2026,cancelled,2026-06-12 00:00:00
RES-1A5CE8E7B7,594,2,57,09-16-2024,20/09/2024,PND,09-08-2024 12:00 AM
RES-E8DB42CEA6,702,7,300,10-11-2024,2024-10-18,no-show,09/09/2024 00:00
RES-172975CEF4,692,7,288,2025-02-10,20-Feb-2025,CONFIRMED,27/01/2025 00:00
RES-5F7BC6025E,191,9,387,2026-09-07,12/09/2026,Confirmed,2026-08-25 00:00:00
RES-BE6A89F062,1214,5,235,25-Jun-2026,07-04-2026,PENDING,15/05/2026 00:00
RES-CDE6C56582,236,12,489,13/07/2026,2026/07/21,Pending,2026-05-17 00:00:00
RES-29A6FCC56F,1045,13,535,09-20-2026,2026-09-28,checked_in,2026-08-19 00:00:00
RES-C42FC1D4DD,777,13,518,03-31-2024,07-Apr-2024,checked-out,02-25-2024 12:00 AM
RES-F574B1006E,1008,8,321,10/09/2024,09-12-2024,Pending,21/08/2024 00:00
RES-2261B8706B,940,14,562,03-Nov-2025,13-Nov-2025,CHECKED_IN,2025-09-17 00:00:00
RES-61958D91A6,101,12,499,10/08/2026,14-Aug-2026,PND,02/07/2026 00:00
RES-B88D44DBEF,1145,5,187,2024-09-02,2024-09-10,pending,2024-07-26 00:00:00
RES-64A6FAEDCA,503,4,155,14/03/2026,23-Mar-2026,conf,2026-01-24 00:00:00
RES-02FAD0AC1E,109,11,429,04-May-2024,05-May-2024,Checked Out,2024-03-22 00:00:00
RES-09AF637CEA,1041,14,593,02-Mar-2026,2026/03/12,Checked In,01-03-2026 12:00 AM
RES-C9DF12DFB2,729,11,452,2026-01-25,2026-02-02,no_show,18/12/2025 00:00
RES-01C6012083,138,15,687,17-Jul-2026,2026/07/18,canceled,06-07-2026 12:00 AM
RES-B0A0EC0B46,1104,12,495,06/11/2026,10-Nov-2026,CHECKED_OUT,09-12-2026 12:00 AM
RES-166BF671CF,300,14,632,06-Feb-2024,02-09-2024,cancelled,22/01/2024 00:00
RES-BD5F02E2C9,345,15,640,02-19-2026,2026-02-26,canceled,21/01/2026 00:00
RES-C22A5FD2C9,976,3,99,11-Mar-2024,2024-03-21,No Show,02-24-2024 12:00 AM
RES-9E369E9EEE,979,11,469,24/12/2024,2024/12/30,NOSHOW,04/11/2024 00:00
RES-8E367E1B5D,843,2,57,30/01/2025,02-01-2025,CHECKED_IN,2025-01-20 00:00:00
RES-8134D77333,405,5,190,08-29-2026,2026/09/02,PENDING,2026-07-27 00:00:00
RES-83DF9B7750,104,15,689,2025/08/05,2025-08-11,Confirmed,16/06/2025 00:00
RES-4870B3B661,829,2,47,26-Sep-2024,30/09/2024,Cancelled,09-14-2024 12:00 AM
RES-84C8E85F9B,901,3,100,04-May-2026,14-May-2026,conf,01/04/2026 00:00
RES-FA7484C8FB,603,10,415,05/07/2024,2024-07-15,conf,2024-05-24 00:00:00
RES-3692FF32DC,166,8,337,10-Feb-2025,02-12-2025,PND,12-14-2024 12:00 AM
RES-083BF34E4A,561,10,396,2024/04/14,19-Apr-2024,NOSHOW,03-02-2024 12:00 AM
RES-09FC89948A,812,11,441,07-25-2024,07-27-2024,Checked Out,06-24-2024 12:00 AM
RES-0D225E050E,893,9,388,24-Jun-2026,2026/06/28,CHECKED_OUT,2026-05-05 00:00:00
RES-933C1F4B3B,135,11,450,2025/10/03,2025-10-07,PND,2025-08-27 00:00:00
RES-18680F61AE,3,11,452,2024/08/05,13-Aug-2024,PENDING,24/06/2024 00:00
RES-E3F506FEA2,595,6,262,15/02/2024,2024/02/16,no_show,01/01/2024 00:00
RES-C4EE2BEE7A,698,13,541,2024-12-28,2025/01/07,PENDING,11-10-2024 12:00 AM
RES-CA37998014,397,11,465,2024/07/02,06/07/2024,NOSHOW,07-01-2024 12:00 AM
RES-71F92C68F5,752,8,346,2026/11/07,11-15-2026,Checked In,20/09/2026 00:00
RES-F7AFDCE720,440,12,497,26-Aug-2025,08-31-2025,no_show,2025-08-16 00:00:00
RES-96EBE01B84,760,3,107,26/09/2024,29-Sep-2024,Cancelled,09-21-2024 12:00 AM
RES-EA12EA7B62,646,13,576,04/11/2026,2026-11-12,no-show,09-17-2026 12:00 AM
RES-9118E158FD,519,7,279,21/04/2025,2025/04/22,pending,24/03/2025 00:00
RES-FDD7890A48,1077,2,37,30-Jun-2026,07-09-2026,CO,2026-05-15 00:00:00
RES-C9D1CA5637,1236,10,406,2025/12/30,03/01/2026,canceled,11-04-2025 12:00 AM
RES-BB2135F8E6,1130,8,338,2026/04/21,2026/04/30,no_show,26/03/2026 00:00
RES-A03B3A5DE8,210,4,165,03/01/2025,01-06-2025,Pending,22/12/2024 00:00
RES-1719C1B53E,738,9,375,2024/06/03,2024-06-13,No Show,04-26-2024 12:00 AM
RES-29D6100804,593,7,281,10-29-2025,2025-11-08,checked-out,08-31-2025 12:00 AM
RES-DCD822FD2D,181,3,118,01-May-2025,09-May-2025,NOSHOW,05/04/2025 00:00
RES-BD8BBE41B6,155,11,465,04-18-2024,2024/04/19,CO,03-10-2024 12:00 AM
RES-1269EDB6F1,442,15,647,30-May-2025,31/05/2025,CANCELLED,2025-05-12 00:00:00
RES-4758395436,1139,1,16,30-May-2025,06-03-2025,No Show,04-28-2025 12:00 AM
RES-890CC7D710,806,2,59,08-14-2024,2024-08-24,CHECKED_IN,2024-08-04 00:00:00
RES-67A5BA0458,714,5,201,2026/03/04,03-11-2026,checked-out,02-22-2026 12:00 AM
RES-56AE4BF3F9,1041,15,653,2026/02/13,2026-02-19,NS,12-30-2025 12:00 AM
RES-F2D41F18A3,1165,7,296,04-27-2026,2026-05-02,CONFIRMED,03-13-2026 12:00 AM
RES-CB17039DDA,707,1,30,10-15-2025,21/10/2025,checked-in,13/09/2025 00:00
RES-9C81498C14,126,14,631,2025/07/12,22-Jul-2025,canceled,2025-05-26 00:00:00
RES-2F017D19A3,174,12,497,26/01/2025,2025-01-30,checked_out,2024-11-27 00:00:00
RES-9F3E59C1EE,976,8,350,30-May-2026,09-Jun-2026,CXL,04-04-2026 12:00 AM
RES-79D8BE089A,493,1,7,2025-03-04,2025-03-14,no_show,2025-01-21 00:00:00
RES-BC962204AF,14,13,516,2024/02/21,2024-03-02,CI,26/01/2024 00:00
RES-267E942A9C,322,15,689,06-23-2026,06-28-2026,checked-in,2026-06-06 00:00:00
RES-0581AB3FC5,1098,3,101,30/11/2024,2024/12/02,NS,12/11/2024 00:00
RES-8D9754E0F4,1229,11,449,2024/08/05,2024-08-09,No Show,08-01-2024 12:00 AM
RES-AB28745C6C,892,15,634,2025-02-28,02-Mar-2025,CANCELLED,2025-01-13 00:00:00
RES-6723BB807D,993,11,472,2024-03-29,2024-04-07,cancelled,02-12-2024 12:00 AM
RES-C7165962EB,1087,7,294,29/03/2024,2024/04/04,NS,03-11-2024 12:00 AM
RES-B3C78B05AD,1035,13,550,27/09/2026,2026/09/28,checked-in,2026-09-11 00:00:00
RES-896AD83439,107,9,381,2026/08/29,2026-08-31,checked_out,16/08/2026 00:00
RES-5085C9C9B1,1082,12,495,2025/03/28,2025/04/02,Checked In,2025-03-07 00:00:00
RES-85047D8696,877,10,411,2024/12/11,13/12/2024,pending,11-11-2024 12:00 AM
RES-BC2CEC76E8,967,6,260,05/01/2025,12/01/2025,pending,10/12/2024 00:00
RES-2BA541AE19,633,7,293,10-29-2025,2025-10-31,canceled,03/10/2025 00:00
RES-7EB31511D6,887,1,24,2026-07-09,07-15-2026,No Show,05-16-2026 12:00 AM
RES-E5E9A3C058,1102,6,259,2024/09/27,05/10/2024,No Show,05/08/2024 00:00
RES-B1E8C1DB77,1216,5,194,04/01/2026,2026-01-10,NOSHOW,2025-12-22 00:00:00
RES-3E1C2303E2,558,10,398,11/05/2024,05-16-2024,canceled,2024-03-13 00:00:00
RES-B3D012FD6D,268,2,53,21/11/2025,24-Nov-2025,pending,2025-10-25 00:00:00
RES-351354AEA4,1101,14,559,27/04/2024,03/05/2024,Confirmed,10/04/2024 00:00
RES-26A5F1E704,371,7,281,04-15-2025,18-Apr-2025,NOSHOW,29/03/2025 00:00
RES-56B582BB47,1135,13,556,2024/02/06,2024/02/12,Pending,02-02-2024 12:00 AM
RES-B81BB63756,109,2,59,13/06/2026,2026/06/18,PENDING,23/05/2026 00:00
RES-A5D6DA21EE,930,9,364,2026/11/14,2026-11-19,NS,2026-09-16 00:00:00
RES-44B7C5B941,234,6,272,2024-11-01,2024/11/08,Checked In,2024-10-04 00:00:00
RES-547CE801BE,833,8,303,23-Apr-2025,26-Apr-2025,No Show,28/02/2025 00:00
RES-95ECACE3FD,818,14,601,23-Jul-2025,31-Jul-2025,No Show,05-24-2025 12:00 AM
RES-9F98C007A6,577,10,415,2026/04/05,2026-04-09,canceled,27/03/2026 00:00
RES-163283E36B,221,7,291,11-20-2025,22-Nov-2025,NS,2025-10-25 00:00:00
RES-4D212083E9,123,7,285,08/03/2025,2025-03-12,Confirmed,2025-01-18 00:00:00
RES-21BF4C0AF0,224,11,443,08-Jul-2026,2026/07/11,Cancelled,07/07/2026 00:00
RES-1E011CABD6,913,8,339,2026/02/17,2026-02-21,checked_out,02-05-2026 12:00 AM
RES-20F6484522,349,12,499,2025/07/23,07-29-2025,Confirmed,06-18-2025 12:00 AM
RES-D79A142140,1081,12,504,2024-12-09,14-Dec-2024,checked-out,11-10-2024 12:00 AM
RES-52D1042C5E,835,11,468,2025/04/26,2025-05-06,no-show,03-25-2025 12:00 AM
RES-F8C4490FE0,1037,5,217,09-24-2025,09-29-2025,Pending,03/09/2025 00:00
RES-47F52DA047,885,2,37,2024-12-20,2024-12-25,conf,2024-11-14 00:00:00
RES-3A6AA7DF14,241,15,676,30/11/2024,04-Dec-2024,checked-in,2024-11-09 00:00:00
RES-E1DF4B1F70,566,2,45,04-Oct-2026,10-06-2026,CHECKED_IN,2026-08-21 00:00:00
RES-963D3B7420,182,4,171,2024/10/05,2024-10-13,conf,2024-09-30 00:00:00
RES-33A4D0761B,613,10,414,05-04-2024,2024-05-14,PENDING,14/04/2024 00:00
RES-5AE4D43896,786,9,392,03/04/2024,2024/04/11,pending,02-07-2024 12:00 AM
RES-501B46F1FC,1063,1,16,03-20-2025,2025/03/29,checked-out,2025-01-26 00:00:00
RES-F9291EF21F,934,11,459,04-06-2026,04-13-2026,cancelled,03-17-2026 12:00 AM
RES-18780E1FF2,255,1,1,2025/10/26,2025-10-27,checked-out,2025-09-16 00:00:00
RES-9BF3476213,774,1,32,10/01/2026,18/01/2026,checked-out,01/01/2026 00:00
RES-698E4BE873,426,10,395,2026-09-07,09-14-2026,CHECKED_IN,2026-07-27 00:00:00
RES-7294047697,857,6,272,06-06-2026,2026/06/12,checked-in,04-24-2026 12:00 AM
RES-22B89DAE4E,757,8,352,2024/08/31,2024/09/06,CANCELLED,2024-07-18 00:00:00
RES-5CE15B1657,1151,11,424,23-Jan-2026,01-26-2026,PENDING,2025-12-24 00:00:00
RES-EF83EE9DFF,793,5,206,2024/05/24,2024/05/26,Pending,03/04/2024 00:00
RES-A8E764B605,321,6,268,05/03/2025,10-Mar-2025,checked-out,01-04-2025 12:00 AM
RES-BB88349A11,388,13,556,06-Oct-2024,2024/10/12,CXL,09-22-2024 12:00 AM
RES-CD8C1E43B1,1152,10,412,2024-06-30,06-Jul-2024,Checked Out,2024-06-20 00:00:00
RES-349D273B07,816,10,408,2024/11/25,2024/11/28,No Show,18/11/2024 00:00
RES-0EE2969C17,868,4,165,01/04/2026,2026-04-02,Confirmed,2026-03-02 00:00:00
RES-22295A0497,1057,11,435,02-19-2025,23/02/2025,CI,2024-12-30 00:00:00
RES-D2B38D958A,680,14,595,2026/04/12,2026/04/17,Pending,03-13-2026 12:00 AM
RES-6070BF2E18,261,7,281,27/06/2024,2024-07-02,Cancelled,06-03-2024 12:00 AM
RES-D5D61A8B56,132,4,159,04-06-2024,10-Apr-2024,conf,03-05-2024 12:00 AM
RES-7DD0301DC7,311,12,509,10-19-2024,21-Oct-2024,checked_out,2024-09-18 00:00:00
RES-7D451ABD61,437,9,365,27/06/2024,29/06/2024,checked_in,2024-06-15 00:00:00
RES-B560E9C8F3,460,2,46,07-24-2024,08-02-2024,canceled,14/07/2024 00:00
RES-5BD240FE1C,262,14,576,15/11/2024,21-Nov-2024,pending,29/10/2024 00:00
RES-7CA0762F57,1114,6,265,2025-06-25,2025-07-04,PENDING,05-20-2025 12:00 AM
RES-881BD340F6,382,2,46,29/07/2026,08-05-2026,CHECKED_IN,07-17-2026 12:00 AM
RES-15E1C08D77,1153,11,433,07-17-2024,18-Jul-2024,checked-out,2024-07-11 00:00:00
RES-1589D97FA4,698,4,144,19-Jun-2024,28-Jun-2024,CANCELLED,2024-05-20 00:00:00
RES-33B15060DC,583,15,647,2025-12-31,2026/01/04,NS,23/11/2025 00:00
RES-F7417620E7,765,9,366,22-Jun-2025,01-Jul-2025,CO,05-08-2025 12:00 AM
RES-FD163882DC,222,10,415,10-31-2025,2025/11/10,PND,23/10/2025 00:00
RES-667A0EC713,171,7,282,2026-01-25,26/01/2026,Checked In,2025-12-13 00:00:00
RES-A9B6BFC830,812,8,323,07/09/2026,09-15-2026,CANCELLED,2026-07-09 00:00:00
RES-75DB58BCB8,890,3,114,05-10-2025,2025/05/19,checked-in,2025-03-19 00:00:00
RES-4DA5327766,830,2,62,07-27-2026,2026/07/29,checked-out,06-02-2026 12:00 AM
RES-DD2A2F27D0,595,15,657,07-30-2024,07-31-2024,confirmed,2024-07-24 00:00:00
RES-2C559A5C92,945,11,463,2025/09/06,2025/09/07,CI,10/08/2025 00:00
RES-FF28693EF8,1068,10,400,13/08/2024,2024-08-16,Checked In,2024-07-27 00:00:00
RES-7DD0995484,1123,12,495,2024-03-15,2024/03/18,CNF,2024-02-16 00:00:00
RES-6A1E09445E,1198,11,462,2024-11-28,,CNF,20/11/2024 00:00
RES-B27D7E5918,982,1,16,2024/11/21,24-Nov-2024,Checked Out,2024-10-06 00:00:00
RES-E46DA93717,927,15,685,07/01/2025,2025/01/12,Cancelled,23/11/2024 00:00
RES-56218B629E,593,4,163,2024-09-18,27-Sep-2024,PENDING,2024-09-16 00:00:00
RES-DBE16DB933,820,6,264,19-Nov-2025,22-Nov-2025,cancelled,10-28-2025 12:00 AM
RES-8E3F5A1C31,313,2,50,02-May-2026,2026-05-09,CXL,2026-03-13 00:00:00
RES-337259E279,959,10,394,24-Dec-2025,03/01/2026,CONFIRMED,12-23-2025 12:00 AM
RES-4E62D0F62A,483,2,43,03-30-2025,02/04/2025,NOSHOW,2025-03-26 00:00:00
RES-4749F317E9,483,9,380,2026/03/23,29-Mar-2026,checked-in,20/02/2026 00:00
RES-C2E09DBA5C,663,2,34,2024-09-17,18/09/2024,Cancelled,02/09/2024 00:00
RES-A5424B9247,515,10,407,2024-09-12,2024-09-16,NOSHOW,07-14-2024 12:00 AM
RES-9F754E35B3,617,4,172,20/06/2024,2024-06-27,cancelled,05-24-2024 12:00 AM
RES-7E3235A4B9,638,15,635,2025-08-13,08-17-2025,PENDING,2025-08-05 00:00:00
RES-00C940DBB8,181,14,607,06/03/2025,03-13-2025,Checked In,2025-02-14 00:00:00
RES-37271FD87F,666,3,80,2024/10/02,10-07-2024,PND,08-09-2024 12:00 AM
RES-40100E74B6,833,10,402,10-22-2026,2026/10/30,Pending,23/09/2026 00:00
RES-68F2CBBBF1,1280,3,126,10-29-2024,2024-11-05,pending,28/10/2024 00:00
RES-ED044FC292,943,5,214,07-29-2024,2024-08-06,canceled,28/07/2024 00:00
RES-EFF48C4485,1170,11,433,09-22-2024,23/09/2024,NOSHOW,2024-09-15 00:00:00
RES-D1F0931B50,313,14,597,03-28-2024,04-04-2024,CANCELLED,16/03/2024 00:00
RES-C5EE3E58E8,888,7,299,25-Nov-2025,02/12/2025,NOSHOW,11-05-2025 12:00 AM
RES-CBB3D2A541,423,4,183,2024/06/16,2024/06/26,conf,2024-05-15 00:00:00
RES-34DD2533DF,992,3,116,2025-10-16,10-23-2025,CI,2025-09-09 00:00:00
RES-FF29D34984,942,14,574,2025-03-16,23/03/2025,No Show,03-08-2025 12:00 AM
RES-A129369918,377,3,116,2026/10/23,10-31-2026,CONFIRMED,2026-09-20 00:00:00
RES-916A87A628,755,13,538,01/08/2024,08-05-2024,CO,06-22-2024 12:00 AM
RES-79E66071C0,89,1,22,2025-08-06,10/08/2025,PND,08-05-2025 12:00 AM
RES-8EB9375E68,101,14,568,09/05/2025,10/05/2025,PENDING,04-25-2025 12:00 AM
RES-AD15A6B992,200,10,416,13/12/2025,2025-12-23,canceled,2025-12-04 00:00:00
RES-19D26A0F68,308,13,537,2024/09/23,10-02-2024,pending,2024-08-17 00:00:00
RES-887EC3FE52,962,11,460,2025/08/30,07/09/2025,CHECKED_OUT,08/07/2025 00:00
RES-23E70D1A2D,1130,9,376,2024/11/08,11-Nov-2024,Checked Out,2024-10-27 00:00:00
RES-FFF5E56982,772,5,208,2025-05-03,07-May-2025,conf,04-15-2025 12:00 AM
RES-8E7BFDDE6A,1141,2,54,2024/12/23,2025-01-02,PND,2024-11-01 00:00:00
RES-E0D7D8CABB,21,1,6,08/02/2024,13/02/2024,checked_in,01-05-2024 12:00 AM
RES-81ACD77CC5,898,12,477,2025-03-12,03-16-2025,Checked Out,02-24-2025 12:00 AM
RES-FE916E8411,350,6,255,01/06/2024,2024/06/11,pending,2024-04-09 00:00:00
RES-54E9732C78,229,12,489,2024/05/12,19/05/2024,checked-out,29/03/2024 00:00
RES-4E442A1094,235,14,626,26/11/2025,30/11/2025,CANCELLED,2025-10-29 00:00:00
RES-7ED60F4DF0,603,15,664,24-Feb-2024,03/03/2024,PENDING,02-08-2024 12:00 AM
RES-1C3964C1B6,1094,5,216,16-Jul-2025,18/07/2025,no_show,2025-06-23 00:00:00
RES-8283191406,889,7,299,25-May-2026,2026-05-30,CXL,2026-04-22 00:00:00
RES-50BC4263E6,207,13,517,2025-08-06,2025-08-12,no_show,2025-06-17 00:00:00
RES-87952DD0A4,94,14,571,02/09/2024,09-08-2024,NOSHOW,07-14-2024 12:00 AM
RES-5BD5659702,555,3,64,12/07/2025,07-15-2025,conf,04/07/2025 00:00
RES-9C70FD5668,195,14,565,04-Sep-2025,2025/09/07,NS,28/07/2025 00:00
RES-705E8983FB,1117,14,617,2026/07/03,07/07/2026,PND,05-24-2026 12:00 AM
RES-0FE92D18FC,524,1,6,2024-08-27,05/09/2024,cancelled,2024-08-26 00:00:00
RES-4516D3A20F,1047,2,55,12-25-2024,27/12/2024,Checked In,14/11/2024 00:00
RES-49CE8E7955,301,10,414,08-26-2025,2025/08/30,confirmed,2025-07-30 00:00:00
RES-E8F6414B79,464,10,410,2024-11-03,11-04-2024,checked_in,10-10-2024 12:00 AM
RES-1BDFB8A565,908,2,34,2025-03-29,,pending,02/02/2025 00:00
RES-A931A9A0B8,848,11,456,10/05/2026,2026-05-19,NOSHOW,2026-03-26 00:00:00
RES-634C006668,1095,9,365,05/09/2025,15/09/2025,Checked In,2025-08-10 00:00:00
RES-6812708EC7,634,6,250,2026-03-15,18/03/2026,checked-out,02-13-2026 12:00 AM
RES-6C12EC03E4,153,7,297,2024/02/20,02-25-2024,checked-out,2024-01-08 00:00:00
RES-37C349162F,115,2,33,2026/04/26,03-May-2026,checked-out,2026-04-01 00:00:00
RES-CCFC7D46F8,1180,12,496,06-04-2026,2026-06-13,CHECKED_IN,2026-05-12 00:00:00
RES-3A6D59ED68,181,13,537,28-May-2026,06-03-2026,PENDING,2026-05-01 00:00:00
RES-3F80A8FD63,938,11,446,2025-01-08,2025-01-10,checked_out,2024-12-09 00:00:00
RES-77D54A4FEF,1079,9,362,2025/08/16,22-Aug-2025,no-show,03/08/2025 00:00
RES-78FECA17E3,943,3,106,13/04/2024,14/04/2024,NS,03-21-2024 12:00 AM
RES-7E4EAA7DEB,1033,5,241,07/01/2026,2026-01-16,Cancelled,2025-11-19 00:00:00
RES-E4D46D9D54,445,3,126,2026-06-21,2026-06-23,CXL,04-26-2026 12:00 AM
RES-C76A7289CB,575,10,394,05-Mar-2024,03-13-2024,pending,2024-02-18 00:00:00
RES-02D2F03CF3,682,15,690,11-Jan-2024,2024/01/17,pending,01-01-2024 12:00 AM
RES-E8C1C71797,945,6,250,10-15-2025,16-Oct-2025,no_show,09-08-2025 12:00 AM
RES-9499BC7529,396,13,521,2025/07/15,2025/07/20,CANCELLED,06-18-2025 12:00 AM
RES-B588E2A2CC,398,15,639,2026-10-02,10-Oct-2026,Checked Out,2026-09-03 00:00:00
RES-A312BD353A,613,10,415,2026/03/30,2026-04-06,CI,03-18-2026 12:00 AM
RES-23941FEC39,181,10,411,30/10/2025,11-01-2025,CANCELLED,13/10/2025 00:00
RES-067384EDAF,693,1,31,12-23-2024,12-26-2024,no_show,11-25-2024 12:00 AM
RES-54B28644BC,790,12,507,2025-07-20,2025-07-26,no_show,06-12-2025 12:00 AM
RES-BFD13DCED9,571,4,141,2024-04-12,2024-04-15,NS,23/03/2024 00:00
RES-FB5A07E47D,154,4,149,06/02/2024,02-13-2024,checked-out,18/01/2024 00:00
RES-9CCA29047C,333,14,582,2026-08-10,2026/08/14,Confirmed,26/07/2026 00:00
RES-A241CBD0F7,1025,6,255,30/05/2026,2026-06-03,CNF,02/04/2026 00:00
RES-4CC27645B0,209,5,224,2025-06-07,11-Jun-2025,CNF,04-16-2025 12:00 AM
RES-2DBE143D05,1026,2,56,2025-03-11,18-Mar-2025,No Show,2025-02-10 00:00:00
RES-A301504AF0,720,2,39,27-Jan-2026,02-Feb-2026,CNF,2026-01-16 00:00:00
RES-1308BFEE28,1210,3,107,2025-01-10,2025-01-11,Checked In,2024-12-17 00:00:00
RES-B3D00A295A,783,6,272,03-Sep-2024,09/09/2024,checked-out,2024-08-31 00:00:00
RES-B1A4492F09,1164,1,29,20/06/2026,2026/06/29,checked-in,22/04/2026 00:00
RES-E62E4D921C,804,1,15,30/01/2026,2026-02-07,canceled,01-28-2026 12:00 AM
RES-F9CF830D1F,289,5,199,11-24-2025,02-Dec-2025,No Show,25/10/2025 00:00
RES-4DA1D1C1CD,382,7,285,2024/06/17,06-22-2024,pending,29/04/2024 00:00
RES-BC1ED0D90D,586,8,358,04-15-2026,24-Apr-2026,Checked Out,23/03/2026 00:00
RES-53B3A87321,282,2,51,20-Aug-2025,2025/08/25,PENDING,2025-08-04 00:00:00
RES-B75AD5F090,1005,7,280,2024/12/07,09-Dec-2024,checked-out,30/11/2024 00:00
RES-CEF57271A4,980,11,439,09-Jun-2025,14-Jun-2025,NOSHOW,05-11-2025 12:00 AM
RES-2F5EF853C0,1073,12,474,19-May-2025,22-May-2025,checked_out,25/03/2025 00:00
RES-700AF807C9,783,11,471,30/12/2025,2026-01-04,pending,11-14-2025 12:00 AM
RES-D13ACD5A91,607,14,619,08-Jul-2024,10/07/2024,Checked Out,2024-06-28 00:00:00
RES-49E0528B8B,709,9,381,04-06-2024,2024-04-08,CXL,2024-03-28 00:00:00
RES-52A635CF57,97,11,462,2026/03/31,07-Apr-2026,CONFIRMED,05/02/2026 00:00
RES-A23EAE5B4E,210,14,565,2024/03/07,13/03/2024,checked_out,2024-01-15 00:00:00
RES-319DF8495E,338,15,655,20/02/2025,02-22-2025,Checked In,2025-01-31 00:00:00
RES-732F3DD664,996,12,511,05-29-2025,2025-06-02,canceled,2025-04-08 00:00:00
RES-E7C5A83BB0,170,14,618,2025-11-05,2025-11-14,PENDING,10-30-2025 12:00 AM
RES-980C4EF434,646,9,377,01/02/2025,02-09-2025,canceled,01-03-2025 12:00 AM
RES-B046CBBA35,136,3,71,14-May-2026,18-May-2026,PENDING,03-22-2026 12:00 AM
RES-84E2F2DC26,1074,9,393,14-Mar-2025,23/03/2025,Checked Out,02-03-2025 12:00 AM
RES-6E3C9D8562,220,5,229,12/08/2024,08-13-2024,CO,07-13-2024 12:00 AM
RES-F454060167,60,5,244,2024-03-28,2024/04/04,no-show,2024-03-03 00:00:00
RES-9814C92925,680,14,613,2026/08/10,2026/08/20,Checked In,06/07/2026 00:00
RES-9ED854D2A4,1086,7,282,2024-12-03,2024/12/06,Checked Out,10-13-2024 12:00 AM
RES-D89C918522,189,4,140,2024-04-01,04/04/2024,CONFIRMED,03-22-2024 12:00 AM
RES-A54A2F531E,725,2,53,08-28-2024,2024-09-06,conf,08-03-2024 12:00 AM
RES-BF47872F5E,3,6,253,29-Aug-2025,06-Sep-2025,no_show,2025-07-04 00:00:00
RES-F4ED10259F,496,4,165,2026/04/14,04-22-2026,CHECKED_OUT,17/02/2026 00:00
RES-82DB71441F,449,15,661,10/03/2026,14/03/2026,No Show,06/03/2026 00:00
RES-FD88DFE69A,986,4,165,2024/04/14,04-20-2024,CNF,26/02/2024 00:00
RES-41AD619C6D,860,15,682,10/06/2024,2024-06-15,pending,2024-06-01 00:00:00
RES-F8831FA443,1028,6,257,29/06/2025,09/07/2025,no_show,16/06/2025 00:00
RES-B9D68258BE,958,2,57,2025-12-06,14-Dec-2025,no-show,09/11/2025 00:00
RES-141639BE50,961,5,218,2025-12-09,2025-12-17,CONFIRMED,10-31-2025 12:00 AM
RES-B9C28F6C61,240,7,301,21/02/2024,26-Feb-2024,CI,02-12-2024 12:00 AM
RES-FB86E635AE,573,13,528,2025/07/14,20/07/2025,CNF,2025-06-25 00:00:00
RES-C8141A55FB,1032,4,173,11/05/2025,18/05/2025,Checked Out,2025-05-02 00:00:00
RES-ACD85417E9,797,14,568,15/07/2024,16/07/2024,checked-out,07-07-2024 12:00 AM
RES-9CC3F3D095,849,14,621,2026/08/20,25-Aug-2026,PENDING,07-01-2026 12:00 AM
RES-369553AF19,829,12,513,29/11/2025,04/12/2025,canceled,10-07-2025 12:00 AM
RES-D9D22C1820,159,6,251,21-Aug-2026,2026-08-30,confirmed,06-22-2026 12:00 AM
RES-9A73606A7E,736,14,575,2024-07-01,2024/07/04,No Show,14/05/2024 00:00
RES-1999364944,597,13,550,2025-02-01,2025-02-09,CHECKED_IN,01-27-2025 12:00 AM
RES-49198DDEF5,1158,3,122,15-Jan-2026,17/01/2026,CHECKED_OUT,08/01/2026 00:00
RES-A3C1E00884,880,1,24,21/02/2024,2024-02-29,Cancelled,2024-02-09 00:00:00
RES-E40764E7AB,409,3,106,02-28-2026,01/03/2026,checked_in,01-29-2026 12:00 AM
RES-7314C1C1EA,643,7,283,2026/07/27,03-Aug-2026,Checked Out,07/07/2026 00:00
RES-452F3333E0,1035,10,397,2024-01-11,2024-01-12,Checked Out,2024-01-09 00:00:00
RES-C34666B2E8,36,8,334,17/05/2025,26/05/2025,Cancelled,05-01-2025 12:00 AM
RES-06CB47661B,985,11,465,29/04/2026,02/05/2026,Checked In,2026-03-10 00:00:00
RES-6075962C99,830,2,36,22-May-2025,2025-05-29,pending,2025-04-17 00:00:00
RES-DAC304B1AC,252,1,6,08-01-2026,04-Aug-2026,CXL,2026-07-07 00:00:00
RES-C69215C5BF,1184,11,440,23-Oct-2024,2024/10/26,checked-out,2024-10-19 00:00:00
RES-C8548C2803,1077,6,257,28-Oct-2025,11-06-2025,CHECKED_IN,26/10/2025 00:00
RES-5FC0265BD6,458,2,39,16/02/2026,19-Feb-2026,PENDING,11/01/2026 00:00
RES-BAC38EB562,406,5,215,2025/07/14,07-18-2025,PENDING,2025-07-08 00:00:00
RES-5E67070E4C,330,9,372,14-Feb-2026,2026-02-20,checked-out,2026-01-27 00:00:00
RES-B1BE6283BE,865,14,563,08-11-2024,08-12-2024,NOSHOW,2024-07-16 00:00:00
RES-33A4DCA5A6,78,3,92,04/08/2024,11-Aug-2024,CO,06-08-2024 12:00 AM
RES-0779E24ECF,46,12,473,2024/05/31,07-Jun-2024,CHECKED_IN,28/04/2024 00:00
RES-BE97020BC7,1139,14,569,2025-08-23,2025-08-26,CI,17/07/2025 00:00
RES-83B80E9A75,1010,5,205,29/08/2024,2024-09-05,no-show,08-16-2024 12:00 AM
RES-FB31819050,828,11,458,07-Dec-2025,2025/12/13,Checked In,11-06-2025 12:00 AM
RES-41C9C66AAB,348,5,223,2024/02/26,07/03/2024,CI,2024-01-30 00:00:00
RES-781B5012F1,1131,1,23,10/05/2025,05-17-2025,no_show,04-16-2025 12:00 AM
RES-271F5492D6,477,14,623,21/09/2025,2025-09-30,CANCELLED,07-24-2025 12:00 AM
RES-9B9F447510,430,3,119,21/03/2024,31/03/2024,no_show,02-18-2024 12:00 AM
RES-C0AA535D64,1006,2,48,2025-11-19,21/11/2025,cancelled,12/11/2025 00:00
RES-7025CA0180,655,14,567,03-Mar-2026,2026/03/05,CI,2026-02-14 00:00:00
RES-E60E31C75B,185,1,2,2024-09-05,09-08-2024,no_show,01/09/2024 00:00
RES-92BE8C65D9,507,15,639,2025-11-25,11-28-2025,no_show,10-19-2025 12:00 AM
RES-BA3A7DDBD6,546,3,125,24-Oct-2024,11-01-2024,CNF,09-12-2024 12:00 AM
RES-8E0982626D,1175,15,653,16/03/2025,25/03/2025,CI,17/01/2025 00:00
RES-4C5D43595D,1210,5,180,2024-11-27,2024/12/05,pending,10-25-2024 12:00 AM
RES-4AE8196085,770,13,547,16-Mar-2025,2025/03/26,NOSHOW,03-08-2025 12:00 AM
RES-4C7E4C4FD2,1189,15,658,2025/03/17,27/03/2025,CHECKED_OUT,01-29-2025 12:00 AM
RES-9B40BB7B38,772,1,28,2025/06/09,14-Jun-2025,NOSHOW,11/04/2025 00:00
RES-25FECDFB92,951,11,459,2025/04/20,2025-04-24,Checked Out,2025-03-20 00:00:00
RES-49213EFFA2,509,12,506,2025/05/17,21/05/2025,checked_in,05-01-2025 12:00 AM
RES-D081470488,829,12,504,08/04/2025,2025/04/16,Checked In,04/04/2025 00:00
RES-EBCB7B3B58,942,1,24,23/05/2024,2024-05-27,NOSHOW,05-18-2024 12:00 AM
RES-47C6C0B981,31,9,393,2026/02/20,02-23-2026,CHECKED_OUT,01-01-2026 12:00 AM
RES-3BA2B44D92,441,13,546,27-May-2026,2026/05/28,pending,04-13-2026 12:00 AM
RES-B3C8A2B44B,261,11,467,01-14-2026,01-16-2026,Checked In,12-02-2025 12:00 AM
RES-72234D341A,931,2,48,2025/11/19,24-Nov-2025,conf,2025-10-15 00:00:00
RES-4855709A80,773,5,215,10-02-2024,2024-10-09,checked_in,19/09/2024 00:00
RES-164C8982BE,803,15,678,2024/07/19,2024/07/20,NOSHOW,2024-07-01 00:00:00
RES-52AE3F06BC,207,2,40,08-Aug-2026,15-Aug-2026,pending,06-14-2026 12:00 AM
RES-E3BE52DFFE,684,8,310,23/10/2025,2025-11-02,CNF,09-16-2025 12:00 AM
RES-6E47FE13ED,162,9,362,23-May-2024,2024-06-02,Cancelled,17/04/2024 00:00
RES-9803D7A63D,488,2,53,2024-05-03,05-08-2024,Checked In,02/04/2024 00:00
RES-6FBA1A6475,423,6,251,14-Feb-2025,02-16-2025,CONFIRMED,01-07-2025 12:00 AM
RES-8250D7DB66,783,7,275,09-28-2024,2024/10/05,confirmed,26/08/2024 00:00
RES-F0133C34DC,650,15,647,2024-01-07,17-Jan-2024,Checked Out,02/01/2024 00:00
RES-FC05860417,983,1,28,14/07/2025,07-16-2025,checked-in,03/06/2025 00:00
RES-5931EA8EE5,1196,14,614,24/01/2026,01-30-2026,no_show,12-02-2025 12:00 AM
RES-33CA3C5F8D,156,5,219,13/10/2024,2024/10/20,PENDING,10-10-2024 12:00 AM
RES-D67D124EB6,419,12,479,2026-08-27,2026-08-29,pending,2026-07-28 00:00:00
RES-6C0843808C,483,7,299,2024-11-16,2024/11/24,no-show,09-28-2024 12:00 AM
RES-050E36A597,433,1,7,16/09/2025,19-Sep-2025,no-show,2025-08-03 00:00:00
RES-8E619816D3,246,14,605,06/02/2026,02-16-2026,pending,2025-12-12 00:00:00
RES-EFC31F2BBA,1238,9,374,2024/08/21,2024-08-25,Pending,26/06/2024 00:00
RES-88C2491659,1011,6,261,21-Feb-2025,2025-03-03,confirmed,13/02/2025 00:00
RES-6AC922BD01,669,3,82,05-21-2024,25/05/2024,checked-in,05/05/2024 00:00
RES-E2176E1958,943,7,299,07-05-2024,2024-07-10,pending,05-20-2024 12:00 AM
RES-A71E480F2A,185,5,232,30/05/2026,2026/06/08,no-show,2026-05-02 00:00:00
RES-F900E2769C,1122,9,379,10-Jun-2026,12/06/2026,NOSHOW,2026-04-12 00:00:00
RES-464E7C11F0,900,4,156,09/07/2024,12/07/2024,checked-in,24/05/2024 00:00
RES-95F868D33C,805,4,173,02-09-2026,02-12-2026,checked-in,02-03-2026 12:00 AM
RES-0A4D2FA9AC,712,13,548,26-Jan-2024,01-31-2024,CHECKED_OUT,08/01/2024 00:00
RES-4D7415026D,939,4,142,15-Dec-2024,12-16-2024,checked-in,2024-11-02 00:00:00
RES-508D38363B,551,10,398,08-22-2025,08-26-2025,No Show,04/07/2025 00:00
RES-9458D48378,921,15,669,20-Jan-2025,25/01/2025,CONFIRMED,11-21-2024 12:00 AM
RES-592EF52512,710,8,330,08/01/2024,15/01/2024,CANCELLED,01/01/2024 00:00
RES-328C52EBE2,975,2,60,2024/11/18,23/11/2024,checked-in,10-15-2024 12:00 AM
RES-E18AC6DA86,871,14,589,2024/07/02,2024-07-03,conf,05-16-2024 12:00 AM
RES-E82A7A4F10,374,9,393,03-15-2024,18/03/2024,CNF,06/02/2024 00:00
RES-6476F43C2F,531,13,554,2025-08-07,11/08/2025,no-show,08-01-2025 12:00 AM
RES-F3B0C09FD3,178,14,560,07/03/2024,10-Mar-2024,Cancelled,16/01/2024 00:00
RES-7017A4C865,1077,10,412,01-26-2025,05/02/2025,Confirmed,2024-12-06 00:00:00
RES-660D12A46C,959,14,565,22/10/2025,23-Oct-2025,conf,2025-10-19 00:00:00
RES-88920B9E6D,304,13,538,2025/01/26,2025/02/04,CI,2025-01-25 00:00:00
RES-EE299D61D0,734,11,441,2026/03/22,25-Mar-2026,confirmed,03-10-2026 12:00 AM
RES-D068048E4F,594,10,408,2024-12-12,14-Dec-2024,no_show,2024-10-14 00:00:00
RES-F8864910C3,509,7,291,2024/06/22,2024-06-28,Cancelled,05-08-2024 12:00 AM
RES-4128723E2D,418,10,402,2026/03/04,07-Mar-2026,PND,02-17-2026 12:00 AM
RES-1704187149,378,8,322,2026/05/28,2026/06/03,CHECKED_IN,2026-04-21 00:00:00
RES-ED0945D14D,1018,13,542,2024/03/16,2024-03-18,pending,2024-02-15 00:00:00
RES-7AD3C5D389,716,6,258,09/06/2024,17/06/2024,checked_in,01/06/2024 00:00
RES-D0608578B0,889,6,269,11-02-2024,04/11/2024,conf,2024-09-10 00:00:00
RES-C34E58E07A,238,2,37,2026/07/11,2026/07/20,No Show,05-14-2026 12:00 AM
RES-445D9BA9A6,792,12,512,2025-12-26,01-Jan-2026,CHECKED_OUT,18/11/2025 00:00
RES-22C98EEC00,447,5,210,2026-07-28,2026-07-29,confirmed,2026-07-11 00:00:00
RES-F084AF7C88,372,1,16,25/05/2026,29-May-2026,CI,05-07-2026 12:00 AM
RES-4234B16754,1027,6,262,2025/11/26,12-04-2025,conf,10-19-2025 12:00 AM
RES-87A675963C,1187,2,60,02/09/2026,09-03-2026,PENDING,07-13-2026 12:00 AM
RES-4516EB0C24,102,10,403,2024-03-27,2024-03-29,CHECKED_IN,02-17-2024 12:00 AM
RES-03449E021B,391,9,374,14/03/2025,24-Mar-2025,checked_in,02-11-2025 12:00 AM
RES-CA7EB1BF34,690,4,166,2026-05-25,04-Jun-2026,no_show,2026-04-18 00:00:00
RES-CA3106D45A,905,7,276,2025-02-12,02-14-2025,CNF,19/01/2025 00:00
RES-26BD570E68,557,6,261,31/12/2025,2026/01/09,No Show,12-08-2025 12:00 AM
RES-7AF2CB8B29,1157,7,297,2024/11/16,2024-11-24,CO,09-18-2024 12:00 AM
RES-0CB2A061ED,1143,9,361,01/02/2026,2026-02-05,checked_out,12-22-2025 12:00 AM
RES-DA4534EC47,1076,14,621,07/06/2025,14/06/2025,Cancelled,20/04/2025 00:00
RES-4DC7D5EB29,239,15,641,23-Feb-2026,2026-03-03,CNF,2026-01-25 00:00:00
RES-9B6B6E8669,260,8,358,2025-03-04,2025-03-11,Pending,02/02/2025 00:00
RES-348F50203D,190,10,407,12-29-2024,2025/01/03,CO,12-12-2024 12:00 AM
RES-783637FA66,521,13,552,2026-07-21,2026-07-31,PENDING,2026-05-24 00:00:00
RES-BF3D32DF50,616,12,474,02/07/2026,07-09-2026,conf,26/05/2026 00:00
RES-57804E0501,445,4,167,15-Aug-2026,16-Aug-2026,CHECKED_OUT,25/06/2026 00:00
RES-8A6546B118,373,12,489,2026-11-10,11-14-2026,NOSHOW,2026-09-17 00:00:00
RES-281D7099CF,135,7,286,2024-06-01,07-Jun-2024,CANCELLED,2024-05-14 00:00:00
RES-F834900823,1048,6,271,21/06/2026,01/07/2026,CHECKED_OUT,2026-06-14 00:00:00
RES-EBC4ABBDA6,860,4,152,26/04/2024,04-May-2024,no_show,2024-03-27 00:00:00
RES-43473D5F77,688,3,118,10-Apr-2026,2026-04-13,no-show,2026-03-24 00:00:00
RES-DD6275DD59,118,4,146,2024-07-10,07-14-2024,PND,19/06/2024 00:00
RES-A060EB40F6,763,12,502,09-03-2024,05-Sep-2024,no-show,26/08/2024 00:00
RES-A98172CD2D,696,14,630,12-10-2025,2025/12/19,canceled,03/12/2025 00:00
RES-9D8101987B,1203,5,189,10-Oct-2024,2024-10-19,CXL,2024-09-16 00:00:00
RES-CDBCC0525D,889,12,481,2025-09-03,,no-show,2025-07-19 00:00:00
RES-31770D2EF1,539,14,601,05-27-2024,2024-05-30,NS,2024-03-30 00:00:00
RES-5740AA2892,160,15,652,2025/09/26,09-28-2025,PENDING,08-11-2025 12:00 AM
RES-A20C7104AA,796,6,274,30/03/2026,04-06-2026,checked_out,2026-02-12 00:00:00
RES-0030CEE036,625,8,311,2026-01-07,12-Jan-2026,CI,12-07-2025 12:00 AM
RES-DBCF7CDE4B,268,3,63,07/11/2024,10-Nov-2024,Checked Out,2024-10-26 00:00:00
RES-33C629A566,729,4,150,2026/05/19,29-May-2026,cancelled,2026-04-10 00:00:00
RES-ED8A206184,18,2,52,24/09/2026,2026-10-04,CHECKED_OUT,08-11-2026 12:00 AM
RES-1035F5178D,192,5,189,2026-09-18,2026-09-22,no_show,2026-07-31 00:00:00
RES-229434900A,680,11,446,12-24-2025,2025/12/25,CHECKED_OUT,10-25-2025 12:00 AM
RES-0CB663DC80,411,13,536,20/06/2026,26-Jun-2026,canceled,12/05/2026 00:00
RES-C2DA6BF741,1175,13,547,05/03/2026,03-06-2026,Cancelled,25/01/2026 00:00
RES-DFEBCBC8FC,839,9,362,06-02-2026,09-Jun-2026,Checked Out,16/04/2026 00:00
RES-6400F4E9F8,205,4,148,25/03/2025,03-27-2025,Cancelled,09/03/2025 00:00
RES-D1288742CE,832,5,183,16-Feb-2026,2026/02/21,CNF,2026-01-14 00:00:00
RES-3BC9E63A04,1174,3,97,2024/11/11,11-16-2024,PND,10-12-2024 12:00 AM
RES-D9D7A8BA5A,673,13,533,2026-01-03,01-06-2026,NS,2025-12-17 00:00:00
RES-CFB005E77E,450,5,182,04-26-2026,28/04/2026,CANCELLED,19/03/2026 00:00
RES-78B52D61F3,271,13,539,02-28-2026,03-06-2026,Pending,20/01/2026 00:00
RES-5D1CA0A795,905,12,480,09-May-2026,16-May-2026,Pending,2026-05-08 00:00:00
RES-49F2FAECD2,494,10,408,11-04-2025,08-Nov-2025,cancelled,09-18-2025 12:00 AM
RES-5283FFB1F1,1228,8,316,02/04/2026,2026/04/12,NS,2026-02-18 00:00:00
RES-8EC638DB4E,657,9,374,2025/04/14,04-24-2025,Checked In,2025-03-29 00:00:00
RES-D14FFD1CA2,193,6,262,15/04/2024,22-Apr-2024,CHECKED_IN,03-29-2024 12:00 AM
RES-ADE028AAE6,805,7,290,12-22-2025,25/12/2025,CONFIRMED,22/11/2025 00:00
RES-545BC786DD,550,14,603,07/10/2025,2025-10-13,CHECKED_IN,09-08-2025 12:00 AM
RES-CF089FAE52,582,4,154,30/03/2026,01/04/2026,NS,03-29-2026 12:00 AM
RES-933F4D5407,263,9,367,02/10/2026,2026-10-12,NS,09-09-2026 12:00 AM
RES-3D02D57A3F,380,4,174,01-02-2026,2026-01-05,CHECKED_OUT,12-30-2025 12:00 AM
RES-447632E894,828,8,354,08/09/2024,2024/09/17,PND,25/07/2024 00:00
RES-573269E21A,1226,5,177,06-08-2025,06-12-2025,checked-out,07/05/2025 00:00
RES-0F63AADE39,237,11,443,04-16-2024,22/04/2024,Cancelled,2024-04-02 00:00:00
RES-C88E1C35CB,530,5,200,22-Apr-2025,2025-04-26,PENDING,15/03/2025 00:00
RES-47315567DD,549,5,201,2024-07-10,2024/07/12,CHECKED_IN,2024-06-28 00:00:00
RES-0E41A57172,466,1,23,05-09-2024,05-18-2024,CANCELLED,04-13-2024 12:00 AM
RES-A514C9AF0E,1071,5,176,09-Feb-2026,10/02/2026,NS,14/01/2026 00:00
RES-8804407215,1188,13,526,2026/05/09,18-May-2026,NS,03-23-2026 12:00 AM
RES-BF0CE3ACEF,698,1,26,2026/08/25,08-28-2026,checked-in,2026-06-29 00:00:00
RES-FB859DBC85,871,6,252,15-Sep-2026,17/09/2026,conf,08-29-2026 12:00 AM
RES-A6CC5DD1C0,60,3,96,2026-07-27,02/08/2026,checked_in,14/06/2026 00:00
RES-AFA9DF74A7,907,10,401,2026-02-26,2026-03-07,No Show,01-21-2026 12:00 AM
RES-840107F1E6,735,2,57,2024/08/19,24-Aug-2024,pending,23/06/2024 00:00
RES-700E74BC1A,534,2,48,30-Dec-2025,08-Jan-2026,checked_in,27/11/2025 00:00
RES-8AB9CE0ECC,329,12,512,05-Sep-2025,2025/09/09,conf,08-28-2025 12:00 AM
RES-A76BE92E5B,979,9,361,2025-12-23,2025/12/27,No Show,07/12/2025 00:00
RES-4A6738D780,644,13,520,2026/05/16,05-19-2026,CHECKED_OUT,09/04/2026 00:00
RES-010BF4DFA3,911,5,218,24-Aug-2026,2026/08/31,checked-out,07-28-2026 12:00 AM
RES-51B1C06EEE,140,8,321,31-Dec-2025,2026/01/02,checked-in,23/12/2025 00:00
RES-E03852A988,1012,2,36,06-22-2025,25-Jun-2025,checked-in,2025-05-17 00:00:00
RES-B44AC85092,56,6,249,2026/01/03,12/01/2026,CI,11-04-2025 12:00 AM
RES-F7FAFBEF03,184,13,518,15-May-2024,05-17-2024,pending,12/05/2024 00:00
RES-0DF0C70D55,1205,11,448,2026/07/05,2026-07-09,Confirmed,26/06/2026 00:00
RES-301F805B7F,979,6,263,11-Feb-2024,2024-02-12,CO,01-09-2024 12:00 AM
RES-3445951A96,840,13,531,11-02-2024,08/11/2024,PND,2024-10-22 00:00:00
RES-48A58C1E27,599,3,76,19/03/2025,2025-03-29,Pending,02-19-2025 12:00 AM
RES-B6223C7C12,483,8,353,14-Jun-2024,2024-06-23,checked-out,2024-04-28 00:00:00
RES-EA0D085E99,1193,14,594,2026/09/19,20/09/2026,pending,08-26-2026 12:00 AM
RES-683A92103C,1219,4,158,02-26-2024,,CANCELLED,02-17-2024 12:00 AM
RES-9A519D3852,1131,4,146,08-05-2026,2026-08-15,PENDING,18/07/2026 00:00
RES-697B935E1C,168,10,403,2024/10/25,02/11/2024,pending,28/08/2024 00:00
RES-C972443A25,1060,1,9,2024-02-25,26/02/2024,no_show,12/01/2024 00:00
RES-2E30EBE0A6,550,11,471,28/12/2024,2025-01-03,canceled,2024-11-17 00:00:00
RES-36CDDB4653,43,2,50,14/04/2026,23/04/2026,canceled,2026-03-24 00:00:00
RES-9AEEBD1C59,549,8,322,2026-08-28,2026/09/04,no_show,09/07/2026 00:00
RES-25C73C2BD9,1110,13,555,01/08/2024,04/08/2024,No Show,19/06/2024 00:00
RES-07557ACEBC,1196,13,539,2025/04/06,2025-04-07,checked-out,2025-03-31 00:00:00
RES-3B0B145BC8,465,15,641,05/10/2026,2026-10-11,Checked In,17/08/2026 00:00
RES-2014089B6F,106,5,194,2025/08/10,20-Aug-2025,checked-in,2025-06-12 00:00:00
RES-DCEAE03E53,411,11,464,2024/09/12,09-17-2024,no-show,11/08/2024 00:00
RES-339AB72268,104,14,587,10-Sep-2026,2026-09-11,no-show,2026-07-15 00:00:00
RES-215107380A,891,11,452,12-06-2025,2025/12/14,NOSHOW,11/11/2025 00:00
RES-9E5B4DF8B6,959,2,62,03/09/2024,2024/09/09,no_show,2024-08-19 00:00:00
RES-3FC46977F5,115,4,156,01-May-2025,06-May-2025,no-show,23/03/2025 00:00
RES-8F6D64E0A7,90,12,480,23/10/2025,10-30-2025,NS,12/09/2025 00:00
RES-FFC84E6EA7,672,3,80,23/06/2024,01-Jul-2024,conf,04-28-2024 12:00 AM
RES-06C5DEA2DA,914,12,474,06-Nov-2025,12-Nov-2025,CHECKED_IN,2025-10-15 00:00:00
RES-83DA6F82B1,622,6,274,2024/11/07,2024/11/17,conf,2024-09-23 00:00:00
RES-96037C8A81,1056,12,513,08-30-2024,2024/09/02,cancelled,2024-08-28 00:00:00
RES-4667B27C8F,1093,9,380,04-12-2026,2026-04-18,CXL,04-04-2026 12:00 AM
RES-D8826AF493,21,4,152,04/03/2026,2026-03-09,CANCELLED,02-08-2026 12:00 AM
RES-BD204D2FA7,60,4,174,2024/11/09,2024-11-18,NOSHOW,10-04-2024 12:00 AM
RES-D323192823,283,6,264,11/08/2024,21-Aug-2024,NS,2024-06-30 00:00:00
RES-F7EAADA295,1178,15,690,2025-02-23,2025-03-05,CONFIRMED,09/02/2025 00:00
RES-9D6F3C4CF2,83,14,612,19-Sep-2024,2024/09/21,No Show,08-15-2024 12:00 AM
RES-4BA3D67D96,1102,7,289,04-16-2025,04-21-2025,CNF,20/02/2025 00:00
RES-1DD06A8703,341,2,43,03-19-2026,25-Mar-2026,pending,03-07-2026 12:00 AM
RES-1DE6B5272C,1031,12,504,2024-08-22,26/08/2024,PND,2024-06-28 00:00:00
RES-C20EEEC349,235,8,356,10-Feb-2025,13/02/2025,CONFIRMED,2024-12-18 00:00:00
RES-AD3FB41DFC,479,5,224,08-Jul-2024,07-16-2024,checked-out,11/06/2024 00:00
RES-E6B58AA3A5,564,8,344,02-20-2024,24-Feb-2024,CHECKED_IN,28/01/2024 00:00
RES-0A8DC2AE7A,1103,15,637,06-Nov-2024,2024/11/15,conf,09-22-2024 12:00 AM
RES-8FAB3E87C4,258,5,226,24-May-2024,01/06/2024,CONFIRMED,2024-04-05 00:00:00
RES-19FC3D5097,1114,13,514,2024-05-18,2024-05-19,PND,03-28-2024 12:00 AM
RES-5096D1C8F9,1062,4,145,16-Feb-2026,02-20-2026,NOSHOW,01-20-2026 12:00 AM
RES-012D9BA43E,116,12,484,17/06/2025,27/06/2025,canceled,11/06/2025 00:00
RES-0A9A7C1669,543,14,596,01-03-2026,08-Jan-2026,CO,11/12/2025 00:00
RES-992FEC6031,897,12,484,2026-03-01,09-Mar-2026,CHECKED_OUT,01-16-2026 12:00 AM
RES-9E8B1450D3,535,7,299,2026-06-08,15/06/2026,NS,2026-06-07 00:00:00
RES-0D139AE9BE,269,4,143,2026-02-15,2026/02/19,CO,2026-01-07 00:00:00
RES-CE7C69F710,361,10,410,03/09/2026,09-10-2026,pending,23/08/2026 00:00
RES-1259B39A84,797,7,276,2024-08-08,2024/08/14,CHECKED_IN,2024-06-23 00:00:00
RES-33D3C34BEF,596,13,546,2025/06/26,29/06/2025,No Show,2025-05-13 00:00:00
RES-5B7AB9171E,272,12,483,02/03/2024,2024-03-06,CNF,2024-02-14 00:00:00
RES-F6DD663812,987,9,368,25-Mar-2025,01-Apr-2025,Confirmed,2025-02-10 00:00:00
RES-84D8DE9BC9,443,8,350,30-Dec-2024,03-Jan-2025,PENDING,12-24-2024 12:00 AM
RES-FF8D51FDB6,1220,2,53,2025/02/25,2025-03-07,checked_in,01-24-2025 12:00 AM
RES-AFDBA52014,874,3,557,11-02-2024,2024-11-11,checked_in,12/09/2024 00:00
RES-23F2BA4817,711,15,652,03/06/2026,06-13-2026,confirmed,05/04/2026 00:00
RES-A6B5FF55BA,971,6,263,17-Jul-2024,07-23-2024,Cancelled,05-22-2024 12:00 AM
RES-5550BC37AF,379,4,145,07-15-2024,2024/07/20,checked_in,2024-06-21 00:00:00
RES-F61B865802,272,11,457,04-Nov-2024,11-Nov-2024,NOSHOW,14/09/2024 00:00
RES-A605FE67BF,909,11,433,10/07/2026,,checked-out,04/07/2026 00:00
RES-555412BB06,1185,13,533,29/04/2025,07/05/2025,pending,15/04/2025 00:00
RES-37A70886D8,142,7,275,11-23-2025,11-29-2025,Pending,10-11-2025 12:00 AM
RES-DE71104A45,682,2,52,2026/01/05,01-11-2026,CONFIRMED,11-12-2025 12:00 AM
RES-199E0EA79B,672,3,131,18/02/2025,2025/02/21,checked_in,2025-02-15 00:00:00
RES-55C107CC5C,1047,11,440,2025/03/04,11/03/2025,pending,19/02/2025 00:00
RES-2FBCD3D323,539,9,363,23-Jan-2025,01-25-2025,conf,2024-12-11 00:00:00
RES-EB42E257E9,69,7,277,01-12-2026,17-Jan-2026,pending,20/11/2025 00:00
RES-AAEAD02404,368,8,328,2024/12/13,2024/12/22,Checked In,12-09-2024 12:00 AM
RES-B2DCE12424,977,14,619,15-Sep-2026,17-Sep-2026,CNF,13/08/2026 00:00
RES-EC2D9B774F,1040,6,264,20-Apr-2025,25/04/2025,conf,04-01-2025 12:00 AM
RES-C9A99F4CBC,652,8,351,16-Dec-2024,2024-12-24,No Show,10-19-2024 12:00 AM
RES-512388B694,640,6,262,04-14-2026,21/04/2026,Checked Out,21/03/2026 00:00
RES-C9CAA62FAB,659,2,35,17-Jan-2025,2025-01-25,PENDING,07/01/2025 00:00
RES-C7F8FF3433,1106,3,135,15-May-2026,2026/05/18,CNF,21/04/2026 00:00
RES-DD022FF5EC,569,5,188,02-Sep-2026,03-Sep-2026,no-show,2026-08-06 00:00:00
RES-0A5384B3C8,1104,4,159,15/07/2025,19/07/2025,CI,2025-06-11 00:00:00
RES-176BB5C757,1184,11,439,2024-07-20,23-Jul-2024,checked-in,17/06/2024 00:00
RES-B3FFD37402,72,8,347,2024/01/24,,Confirmed,2024-01-22 00:00:00
RES-80C9BA8438,956,12,499,16-Feb-2024,02-25-2024,NS,2024-01-14 00:00:00
RES-6E64ADA36F,996,7,279,22/03/2025,2025/03/23,Cancelled,2025-02-27 00:00:00
RES-CF7216A82F,1176,13,522,18/01/2025,24-Jan-2025,no-show,05/01/2025 00:00
RES-4730375862,808,2,47,30/01/2025,2025/02/04,canceled,01-19-2025 12:00 AM
RES-D68A321533,972,1,4,23-Feb-2024,03-02-2024,CNF,2024-02-15 00:00:00
RES-D343B4C025,240,5,223,21-Feb-2026,2026/02/22,cancelled,2026-01-31 00:00:00
RES-CD82991459,464,4,158,06/10/2025,2025-10-13,checked_in,09-04-2025 12:00 AM
RES-0AB70F3F33,215,1,15,2024/05/14,19-May-2024,NS,04-19-2024 12:00 AM
RES-6419E0B85B,930,3,87,08/08/2026,12-Aug-2026,Confirmed,06-12-2026 12:00 AM
RES-DB1FA54844,737,5,227,2026-08-24,25/08/2026,NS,2026-08-01 00:00:00
RES-8685A90BB0,392,5,219,2025-09-06,2025-09-10,Checked Out,13/08/2025 00:00
RES-89A971490F,594,10,395,2025/02/17,2025-02-27,cancelled,2025-01-04 00:00:00
RES-0843D34907,976,3,89,06/11/2025,08-Nov-2025,checked-in,2025-10-08 00:00:00
RES-B8A1E565E9,13,3,75,16-Nov-2024,2024/11/25,cancelled,2024-10-20 00:00:00
RES-414BE1B952,643,15,652,21-Jul-2024,2024/07/27,canceled,2024-06-28 00:00:00
RES-68CD685FE1,546,10,417,2026-04-12,2026-04-20,CHECKED_OUT,2026-04-05 00:00:00
RES-543DA07C6F,843,10,413,03-Oct-2025,2025-10-04,CI,08-10-2025 12:00 AM
RES-84A9535877,1075,8,318,2026/04/25,2026/04/29,PENDING,2026-03-07 00:00:00
RES-AD80C19FD4,623,8,343,05-11-2025,2025/05/12,conf,09/05/2025 00:00
RES-A6F72EF3CB,742,3,94,10-Sep-2024,09-13-2024,canceled,08-06-2024 12:00 AM
RES-7AC9A9ED41,691,14,579,05-06-2025,2025/05/10,canceled,2025-03-11 00:00:00
RES-D7E7455E3A,842,14,533,2025-04-10,16/04/2025,No Show,03-10-2025 12:00 AM
RES-5762CE288A,339,5,185,2024-09-12,2024-09-20,confirmed,05/08/2024 00:00
RES-2DF070B7E0,89,13,527,2025/07/10,20/07/2025,CNF,06/07/2025 00:00
RES-41DFEBA438,828,12,506,07-Dec-2024,12-16-2024,PENDING,2024-10-25 00:00:00
RES-85F9AD5F8A,1071,3,122,15-May-2025,05-21-2025,CXL,2025-04-23 00:00:00
RES-CA607BFC49,431,8,304,27-Apr-2026,30-Apr-2026,checked-in,2026-04-03 00:00:00
RES-1AB66938DF,119,13,519,07/11/2026,13/11/2026,CONFIRMED,09-10-2026 12:00 AM
RES-010AC74938,45,9,379,09-09-2026,13-Sep-2026,CO,2026-07-26 00:00:00
RES-F97D03C305,503,2,34,14-Mar-2025,18/03/2025,conf,27/01/2025 00:00
RES-ABBDE13E83,410,11,434,29-Dec-2024,06-Jan-2025,PND,31/10/2024 00:00
RES-03FCAF9B26,883,9,370,2025/01/02,2025/01/09,CI,11-03-2024 12:00 AM
RES-A1EDAC4AF0,1007,8,304,2025/08/05,2025-08-11,PENDING,06-06-2025 12:00 AM
RES-0D7EB8DFD6,409,14,631,2025-07-28,2025/08/04,checked_in,28/06/2025 00:00
RES-B255E9F4D8,724,7,297,09-Apr-2026,04-10-2026,pending,04-02-2026 12:00 AM
RES-91B90768D8,177,9,385,2025-08-25,2025-09-04,PND,2025-07-22 00:00:00
RES-AA9C9341EB,382,10,394,06-17-2025,19-Jun-2025,checked-in,2025-06-03 00:00:00
RES-DA5F42A253,142,7,295,04-May-2024,14-May-2024,Checked In,2024-04-08 00:00:00
RES-347E3209CE,1130,6,273,2026/03/13,03-15-2026,CNF,01-22-2026 12:00 AM
RES-1A3F91181C,216,1,16,13/10/2026,21/10/2026,Checked Out,08-21-2026 12:00 AM
RES-3783784E74,74,14,582,2026/06/20,2026/06/29,pending,31/05/2026 00:00
RES-2F8BDFE404,168,7,300,2024-07-09,07-11-2024,checked-out,2024-05-20 00:00:00
RES-AB7328A343,932,13,558,2025/11/03,13-Nov-2025,Cancelled,2025-10-29 00:00:00
RES-A8965F6415,389,11,439,2025-07-21,25/07/2025,checked_out,07-14-2025 12:00 AM
RES-E64B036BD2,484,10,402,12-22-2025,12-23-2025,CHECKED_OUT,28/10/2025 00:00
RES-AB18D38D3D,788,13,521,06-23-2024,03/07/2024,pending,2024-05-13 00:00:00
RES-BAE7FFB716,480,2,43,2025-10-11,20-Oct-2025,conf,09-22-2025 12:00 AM
RES-28E6ED2E53,1061,14,603,2025-01-07,12/01/2025,CHECKED_OUT,03/12/2024 00:00
RES-4F5DBB6F8F,112,11,427,14/03/2026,03-22-2026,no-show,02-14-2026 12:00 AM
RES-057A97552F,719,12,489,2026-02-20,02-Mar-2026,checked-in,2025-12-30 00:00:00
RES-BB84EDD395,852,12,508,29/01/2026,03-Feb-2026,PENDING,2026-01-11 00:00:00
RES-4D1519FCF7,553,6,269,25/04/2026,05-03-2026,CI,10/04/2026 00:00
RES-825A445BBF,1044,3,129,14/12/2025,18/12/2025,Cancelled,2025-10-27 00:00:00
RES-5E2911EBBD,914,3,86,2025-11-23,03/12/2025,CHECKED_IN,2025-10-28 00:00:00
RES-EC02C13F78,1012,4,138,31/01/2026,06/02/2026,Confirmed,12-30-2025 12:00 AM
RES-3EDC9BC18C,308,15,680,2025-11-26,29/11/2025,NOSHOW,11-08-2025 12:00 AM
RES-5A0DAE376C,431,4,161,08/05/2026,2026-05-09,PND,2026-05-05 00:00:00
RES-4B63B40702,574,9,385,02-25-2026,2026/03/04,No Show,02-12-2026 12:00 AM
RES-663EF4B49D,658,2,48,06-19-2024,06-23-2024,PENDING,2024-04-26 00:00:00
RES-CA7E9FEDDB,389,12,497,06-13-2026,23/06/2026,CNF,05-23-2026 12:00 AM
RES-DC80DA24F0,858,9,386,08/09/2024,2024/09/13,no_show,2024-08-23 00:00:00
RES-78971A784E,353,6,249,02-Nov-2025,2025-11-10,PENDING,09-12-2025 12:00 AM
RES-884419D594,534,10,415,10-19-2026,10-26-2026,Checked Out,2026-08-24 00:00:00
RES-0E28F5B815,561,3,117,07-03-2026,11/07/2026,CXL,2026-07-01 00:00:00
RES-1307B58D39,1158,5,227,09-03-2024,13-Sep-2024,CONFIRMED,08-14-2024 12:00 AM
RES-5524354108,1217,9,374,06-08-2025,2025/06/09,Checked Out,05-13-2025 12:00 AM
RES-86E3491992,1123,13,524,08-26-2024,2024-08-31,CO,11/08/2024 00:00
RES-0B3D14FF57,1203,10,418,2025/02/28,2025-03-03,Pending,15/01/2025 00:00
RES-0DA2EAD65D,1064,4,148,15-May-2024,2024/05/17,PENDING,27/03/2024 00:00
RES-8F8C3AACF5,1077,13,547,01-Aug-2024,2024-08-02,conf,07-23-2024 12:00 AM
RES-EA2C033C2F,294,5,189,2026-03-20,2026/03/28,checked_out,02-09-2026 12:00 AM
RES-91581910D6,947,2,56,10-25-2026,10-26-2026,CNF,09-02-2026 12:00 AM
RES-1C5EF39A4A,653,10,416,26-Mar-2026,03-28-2026,CONFIRMED,2026-03-18 00:00:00
RES-6E89DF4071,733,3,102,2024/08/13,08-16-2024,NS,06-20-2024 12:00 AM
RES-FFB2233123,1147,13,555,04-08-2024,12-Apr-2024,cancelled,02-20-2024 12:00 AM
RES-7113064078,1193,10,395,2024-10-14,15/10/2024,Checked In,09-18-2024 12:00 AM
RES-AAE7B2A56D,938,11,467,2025-04-04,04-08-2025,confirmed,02-13-2025 12:00 AM
RES-CB9DD1BA4F,265,7,301,2025/09/07,2025-09-15,Checked In,08-15-2025 12:00 AM
RES-63A2092FE1,1082,1,25,2024/10/09,2024/10/15,NS,15/08/2024 00:00
RES-640C9740BB,858,7,296,11-04-2026,2026-11-13,Confirmed,2026-09-16 00:00:00
RES-2C26B624C4,419,5,179,29/05/2025,05-Jun-2025,checked-in,26/05/2025 00:00
RES-02AB4737FD,228,5,201,19-Jun-2026,2026-06-28,checked_out,16/05/2026 00:00
RES-6C604EF26D,766,3,127,2025-07-01,2025/07/02,checked_out,30/05/2025 00:00
RES-E5A9FAEF08,1050,7,283,2025-01-21,22-Jan-2025,No Show,12-26-2024 12:00 AM
RES-D085F183D2,901,15,663,01/10/2025,10-05-2025,checked-in,09-09-2025 12:00 AM
RES-91A8C4ECC1,1169,4,163,2024-08-10,17/08/2024,PND,2024-08-01 00:00:00
RES-0A7DF87131,585,11,449,31-Jul-2026,2026/08/04,pending,06-07-2026 12:00 AM
RES-830DDD4141,888,4,167,2025-08-31,09-Sep-2025,checked_out,07-05-2025 12:00 AM
RES-9625B34766,669,3,115,19/12/2024,26-Dec-2024,CANCELLED,2024-11-21 00:00:00
RES-60ABF28BD7,293,12,480,19/04/2026,2026-04-22,cancelled,2026-04-10 00:00:00
RES-5800EF8817,381,4,174,17-Dec-2024,2024/12/26,Pending,05/11/2024 00:00
RES-9645DABA56,412,12,478,30/03/2026,09-Apr-2026,PENDING,03-01-2026 12:00 AM
RES-E52810EE1D,266,1,9,2024-08-03,04/08/2024,CONFIRMED,07/06/2024 00:00
RES-BACAB13B2E,1132,15,651,04-20-2024,2024/04/28,Confirmed,02-20-2024 12:00 AM
RES-608B8D7D52,843,3,88,2025/04/25,30/04/2025,CANCELLED,03-08-2025 12:00 AM
RES-A4687B12CF,40,4,173,2025/12/16,20/12/2025,CHECKED_OUT,12-02-2025 12:00 AM
RES-80A0057A70,829,13,526,12-19-2024,20-Dec-2024,CNF,02/11/2024 00:00
RES-28A48EF30F,655,15,660,2024-05-23,2024-05-25,NS,20/04/2024 00:00
RES-B3C956C718,1185,11,472,2024-08-16,2024/08/20,NS,06-17-2024 12:00 AM
RES-1D0F8C0EAA,1190,15,679,2025-12-02,2025-12-05,CNF,10-21-2025 12:00 AM
RES-3AC73FEE57,985,13,518,02-Sep-2024,09-05-2024,CO,2024-08-23 00:00:00
RES-0C52213A53,633,13,553,2024/05/07,16/05/2024,Checked In,2024-05-06 00:00:00
RES-BB32B1381D,1225,6,255,2024/11/09,11-17-2024,CHECKED_OUT,2024-11-03 00:00:00
RES-B556DE5D05,389,3,79,04-05-2024,07-Apr-2024,no_show,2024-02-26 00:00:00
RES-981D506DAD,359,5,231,2026-10-09,11/10/2026,checked-in,19/09/2026 00:00
RES-531813E1A2,115,1,25,2026/03/02,03-09-2026,CNF,19/02/2026 00:00
RES-D2852AC34E,1106,13,541,06-Mar-2025,2025/03/14,CXL,28/02/2025 00:00
RES-D9C850B7B0,1202,3,65,2025-03-02,2025-03-11,PENDING,2025-01-10 00:00:00
RES-0F3CF3B3DC,1214,1,10,16-Jul-2024,07-17-2024,CHECKED_OUT,07-02-2024 12:00 AM
RES-8C5D31BD4C,656,3,104,2026/08/22,2026-08-31,CI,02/07/2026 00:00
RES-D33C1AD6A6,50,1,18,05-16-2026,2026/05/25,pending,13/05/2026 00:00
RES-A14028589D,102,12,489,2024-11-16,2024/11/20,NS,16/10/2024 00:00
RES-95CBE86683,339,6,258,08-13-2025,2025-08-18,Pending,18/06/2025 00:00
RES-C4523A4C9B,152,9,372,2024-09-08,2024-09-16,Cancelled,08-08-2024 12:00 AM
RES-18625591DD,960,3,66,22-Nov-2025,2025-11-28,no-show,2025-11-16 00:00:00
RES-8A4FA1ED53,780,9,363,11-30-2024,06/12/2024,CI,2024-11-15 00:00:00
RES-ECFAAC3917,630,12,505,12-02-2025,10-Dec-2025,Pending,2025-11-11 00:00:00
RES-3D74B875E8,91,4,139,2026/01/05,2026-01-11,CI,12/11/2025 00:00
RES-7B52298A02,312,4,165,2026-10-24,2026/11/02,CI,2026-08-31 00:00:00
RES-093733EEAB,492,10,418,28/08/2026,2026-09-01,no-show,08-15-2026 12:00 AM
RES-7C8CCC0ADE,1130,9,383,20/07/2026,,no_show,07/06/2026 00:00
RES-0C1F7D3764,1181,4,157,07-04-2024,2024-07-14,Cancelled,05/06/2024 00:00
RES-76876177F0,1217,6,252,16/10/2024,2024-10-18,checked_in,09-18-2024 12:00 AM
RES-E8A3DC3A0B,563,8,335,2024-02-04,12-Feb-2024,confirmed,01-06-2024 12:00 AM
RES-4A0BD98A7F,904,12,487,2025/01/05,15-Jan-2025,CONFIRMED,12/11/2024 00:00
RES-FBB1E993E6,951,4,153,08-01-2024,09/08/2024,NOSHOW,2024-07-25 00:00:00
RES-08C01671A4,48,13,556,21/11/2025,11-22-2025,Checked Out,11-17-2025 12:00 AM
RES-589EC28F31,93,2,43,07-03-2024,2024-07-11,NS,28/05/2024 00:00
RES-1FF6677AF3,1059,6,261,19/11/2024,11-22-2024,no_show,09-24-2024 12:00 AM
RES-15AC2C7A80,227,14,614,2024/12/12,2024/12/15,checked-out,11-04-2024 12:00 AM
RES-94A0CEABA8,1212,5,237,22-Jun-2025,2025/07/02,Pending,05-11-2025 12:00 AM
RES-82F88E5176,756,11,430,26-Jun-2026,2026-07-02,checked-in,05-05-2026 12:00 AM
RES-02E818C89A,558,12,491,2024/05/18,2024/05/28,PND,04-24-2024 12:00 AM
RES-C1CDF5489C,1009,8,317,11/05/2024,2024/05/12,confirmed,04-24-2024 12:00 AM
RES-6C019E3BB1,186,2,58,2024-06-09,14-Jun-2024,NOSHOW,04-28-2024 12:00 AM
RES-2BD46DE5CF,441,13,518,22/06/2025,2025-06-27,Checked In,06-02-2025 12:00 AM
RES-F74565ADF4,44,15,655,2024/07/28,01/08/2024,NS,2024-05-31 00:00:00
RES-C7525C7F13,175,15,648,2026/07/15,2026-07-24,CANCELLED,2026-06-24 00:00:00
RES-82AD0A491C,292,5,219,06-Dec-2024,15/12/2024,PND,2024-11-08 00:00:00
RES-0E0D624E0B,457,1,11,26-Jul-2024,2024-07-29,checked-in,2024-06-07 00:00:00
RES-A833EDDB48,778,8,321,2025/01/22,28/01/2025,no_show,2024-12-17 00:00:00
RES-34071BCC90,1040,4,153,2025/06/23,2025-06-28,pending,31/05/2025 00:00
RES-F411D0C7C6,971,4,171,2025/06/24,2025-06-29,Checked In,14/05/2025 00:00
RES-541278600D,136,2,62,09-16-2024,2024-09-19,CONFIRMED,25/07/2024 00:00
RES-C388123842,388,2,44,11/10/2024,10-12-2024,PND,2024-09-10 00:00:00
RES-9ECAB94C57,235,5,190,2025-01-26,2025/02/03,Checked Out,12-27-2024 12:00 AM
RES-70661A4D98,879,3,87,01-13-2025,2025-01-22,CNF,2025-01-04 00:00:00
RES-51AB1A9B31,918,9,372,01-02-2025,01-10-2025,NS,2024-11-20 00:00:00
RES-363F61C3B3,465,6,259,15-Jun-2026,06-19-2026,Cancelled,2026-05-01 00:00:00
RES-F5717A83E1,500,8,309,2025/05/30,05-31-2025,CONFIRMED,2025-05-26 00:00:00
RES-698ECA81E4,804,13,548,2024-06-17,19/06/2024,PENDING,01/06/2024 00:00
RES-874BD28A3D,811,5,212,01/06/2025,2025-06-07,no-show,17/05/2025 00:00
RES-803B3C4F66,8,1,30,22/09/2024,10-02-2024,NOSHOW,04/08/2024 00:00
RES-F1B83CA1DE,746,8,341,12-Nov-2025,18/11/2025,PENDING,27/09/2025 00:00
RES-0F05E5B568,848,3,116,2026/05/21,2026/05/30,CANCELLED,05-15-2026 12:00 AM
RES-9FBF83D7A6,1195,8,316,23/03/2025,31/03/2025,conf,02-26-2025 12:00 AM
RES-50DA453DDD,138,13,536,30/10/2024,2024-11-07,checked-in,2024-09-28 00:00:00
RES-DC24503533,935,8,327,28/05/2024,04-Jun-2024,checked-in,04-13-2024 12:00 AM
RES-C70671A3EE,453,7,276,2024/03/10,20/03/2024,CXL,02-09-2024 12:00 AM
RES-461FAE5185,419,15,666,28/10/2025,2025/11/04,CNF,04/10/2025 00:00
RES-E1E87D8B0A,291,9,367,2025/12/15,25-Dec-2025,checked_in,2025-10-20 00:00:00
RES-639DA75E65,947,6,271,2024/11/22,11-29-2024,confirmed,11-02-2024 12:00 AM
RES-14F7443DAC,1214,5,208,2025-09-06,13-Sep-2025,CXL,2025-08-22 00:00:00
RES-A061BFE4D8,1106,9,369,06-Oct-2024,13-Oct-2024,CXL,25/08/2024 00:00
RES-A06B2CB886,489,7,286,01-14-2024,01-22-2024,CNF,12/01/2024 00:00
RES-D07A9A71FC,1026,2,49,29-Feb-2024,03-02-2024,no-show,2024-02-22 00:00:00
RES-E944DB0CC5,25,13,555,2025/07/03,2025/07/13,CNF,2025-05-09 00:00:00
RES-B8762D77A7,535,6,248,2026-07-08,17/07/2026,no_show,2026-06-27 00:00:00
RES-2630451F15,603,3,85,03-25-2025,2025-04-01,CI,19/03/2025 00:00
RES-0421F2370E,727,7,280,17/04/2026,2026/04/22,canceled,04-13-2026 12:00 AM
RES-D4F0DFDF31,1184,3,129,2024/05/13,2024-05-20,CI,05-01-2024 12:00 AM
RES-D32CC44BD5,910,6,274,2026/05/29,06-08-2026,PND,2026-05-08 00:00:00
RES-35A291B77A,317,12,493,21-Mar-2026,03-24-2026,Checked Out,2026-02-09 00:00:00
RES-5058E8019E,515,10,408,2024-05-26,05-Jun-2024,conf,2024-04-23 00:00:00
RES-69C57555BA,59,15,680,26-Aug-2026,05-Sep-2026,pending,2026-07-28 00:00:00
RES-33835330FA,512,3,66,15/01/2026,20/01/2026,canceled,18/12/2025 00:00
RES-C809CA8F1F,208,6,246,15/10/2024,2024-10-22,Confirmed,23/09/2024 00:00
RES-7B38846B89,217,5,178,07-Jul-2026,07-17-2026,Cancelled,06-24-2026 12:00 AM
RES-2DFD4C1DA6,852,6,270,26-Oct-2025,10-30-2025,checked_in,09-20-2025 12:00 AM
RES-2B66860F52,988,11,447,2025-12-25,28/12/2025,CONFIRMED,11-23-2025 12:00 AM
RES-96B8836852,485,4,163,2025/07/09,2025/07/15,checked_out,06-06-2025 12:00 AM
RES-091995D4A8,1179,11,422,2026/03/06,2026/03/08,checked_out,2026-01-29 00:00:00
RES-4EDBF57158,215,5,182,04-Dec-2025,2025/12/09,conf,11-06-2025 12:00 AM
RES-124AB40475,1104,9,390,20/08/2024,22-Aug-2024,CO,2024-07-12 00:00:00
RES-C133D04E5B,1024,6,267,2024/05/04,05-13-2024,checked-in,03-18-2024 12:00 AM
RES-56B8A9BC8F,948,8,306,10/04/2026,18/04/2026,confirmed,18/02/2026 00:00
RES-41143A03BD,397,15,676,2025/12/28,01-04-2026,confirmed,30/10/2025 00:00
RES-ED215646A6,29,13,527,18-Aug-2026,08-27-2026,canceled,2026-07-04 00:00:00
RES-EADDAEC0C1,470,5,242,2026-06-09,06-11-2026,CHECKED_IN,29/05/2026 00:00
RES-EE2352BF2C,649,6,261,2026-02-05,02-10-2026,conf,2025-12-26 00:00:00
RES-BB03EDA805,238,14,594,17/09/2025,09-27-2025,PND,2025-08-18 00:00:00
RES-E683E43241,419,8,317,11-Feb-2024,2024/02/17,conf,2024-02-08 00:00:00
RES-A93CB01351,1005,8,306,04/10/2024,08-Oct-2024,pending,09-26-2024 12:00 AM
RES-1DA972D73C,113,15,684,08/10/2026,18/10/2026,cancelled,08-27-2026 12:00 AM
RES-3E1FFDD2AD,952,3,91,2024-10-29,04/11/2024,NOSHOW,2024-09-16 00:00:00
RES-0DD6750262,841,8,322,06-29-2025,07-03-2025,No Show,2025-05-30 00:00:00
RES-2EA564070B,1100,10,415,31-Dec-2024,09-Jan-2025,cancelled,09/12/2024 00:00
RES-9093674E79,969,15,675,2025/03/24,29-Mar-2025,CHECKED_IN,03-11-2025 12:00 AM
RES-5B6428915F,837,2,59,07-06-2026,12/07/2026,confirmed,05-09-2026 12:00 AM
RES-C73FD54C19,815,14,601,02-Jan-2025,2025/01/09,NOSHOW,2024-12-08 00:00:00
RES-A6ABEEF96A,268,4,145,2024/07/10,,canceled,05-30-2024 12:00 AM
RES-5B61063A80,924,11,461,03-06-2025,03-12-2025,No Show,13/02/2025 00:00
RES-DBD4EDC8A7,90,5,217,14/08/2025,2025/08/19,CO,08-10-2025 12:00 AM
RES-55F4C94F5D,1116,9,379,14-Mar-2026,2026-03-15,CO,2026-02-24 00:00:00
RES-0B6F5DDB1A,708,10,413,2025/10/30,2025/11/01,Confirmed,2025-10-21 00:00:00
RES-A3A54EC58E,105,13,543,2026-11-02,11-11-2026,CXL,2026-09-05 00:00:00
RES-D228E5D826,953,4,162,2024/03/26,29-Mar-2024,checked-in,03-03-2024 12:00 AM
RES-D321DCE1C7,920,5,193,16/10/2025,10-20-2025,canceled,10-09-2025 12:00 AM
RES-02816582F2,533,6,263,12-11-2025,2025-12-12,Checked Out,2025-10-22 00:00:00
RES-2A1CE0A668,668,3,77,2025/11/16,11-21-2025,PENDING,29/10/2025 00:00
RES-271893C002,1094,12,477,2026-06-21,29/06/2026,CO,06-20-2026 12:00 AM
RES-21AEFDC29E,686,8,342,2026-01-12,19-Jan-2026,checked-out,2025-12-23 00:00:00
RES-7064E72564,612,5,197,2024-11-06,07/11/2024,No Show,17/10/2024 00:00
RES-741C24B8FA,636,12,486,02-18-2025,02-23-2025,Confirmed,02-13-2025 12:00 AM
RES-AFD0D0ECB8,1084,1,6,28-Aug-2025,04-Sep-2025,Checked Out,03/07/2025 00:00
RES-503D6B91F5,413,15,685,2024-09-18,2024/09/21,pending,04/09/2024 00:00
RES-6EAACCDD0C,1193,9,373,2025/12/15,16-Dec-2025,confirmed,06/11/2025 00:00
RES-43ADB0DEFC,117,7,291,03/01/2026,2026/01/11,CHECKED_OUT,12-23-2025 12:00 AM
RES-0F224595EB,795,13,533,2024/07/02,2024/07/03,canceled,10/06/2024 00:00
RES-F4490A6A08,885,11,447,29-Jan-2026,06/02/2026,CANCELLED,2026-01-09 00:00:00
RES-D535BEE0E8,178,5,196,2024-09-02,07-Sep-2024,CO,08-24-2024 12:00 AM
RES-C5B7FF0470,307,5,220,2024-11-14,11-20-2024,CO,15/09/2024 00:00
RES-A9EB6C1D88,880,11,445,08-26-2025,30/08/2025,no_show,2025-08-19 00:00:00
RES-47DC7CC77F,803,13,517,05-04-2024,12-May-2024,Checked In,2024-03-26 00:00:00
RES-1A9D857F8B,853,5,188,2025-01-29,05-Feb-2025,Checked Out,2025-01-19 00:00:00
RES-5413BF5383,626,1,2,2026-08-05,08-12-2026,cancelled,2026-07-10 00:00:00
RES-903D287903,947,10,418,2025/05/29,05/06/2025,PND,2025-05-04 00:00:00
RES-066FB99796,346,5,197,26/06/2025,2025/06/28,PND,2025-06-06 00:00:00
RES-7296561EC3,217,3,127,2024/12/06,2024/12/16,NS,10-13-2024 12:00 AM
RES-F1DF726042,639,14,623,2026/05/27,2026-06-03,Checked Out,24/05/2026 00:00
RES-C2D230C80A,1145,2,42,21/06/2025,06-25-2025,CO,28/04/2025 00:00
RES-2DC5139367,566,9,385,11-Apr-2024,2024/04/17,PND,17/03/2024 00:00
RES-E253DB592A,228,2,33,2026-03-30,08-Apr-2026,CHECKED_IN,21/03/2026 00:00
RES-793AF02DCA,34,1,25,16/07/2024,20-Jul-2024,conf,03/06/2024 00:00
RES-6166938767,968,13,549,21/09/2025,28/09/2025,Cancelled,08-30-2025 12:00 AM
RES-1F5B926E4D,638,15,671,02-Sep-2025,12/09/2025,CI,12/07/2025 00:00
RES-8456EFF0AC,81,3,69,2024-12-03,2024-12-09,PND,11/10/2024 00:00
RES-2BF41D2D35,1165,1,3,2025/11/04,2025/11/08,NS,2025-10-18 00:00:00
RES-71DA0C5CE9,115,3,110,2024/04/30,07-May-2024,pending,2024-04-23 00:00:00
RES-81CCF34135,192,14,582,24-Oct-2025,11-03-2025,pending,09-21-2025 12:00 AM
RES-B4DBF930C9,750,8,351,10/01/2026,19-Jan-2026,pending,22/11/2025 00:00
RES-ABA2650501,796,4,152,12-10-2025,2025/12/15,Checked Out,2025-10-16 00:00:00
RES-82A97A3DE0,954,1,10,03-26-2026,31-Mar-2026,confirmed,04/02/2026 00:00
RES-931A639DF0,838,15,669,2025-09-27,10-02-2025,CHECKED_OUT,02/09/2025 00:00
RES-2F1878C071,1116,1,5,2026-01-02,01-09-2026,checked-out,2025-11-23 00:00:00
RES-D564C94819,307,8,337,06-Oct-2025,09/10/2025,NS,04/09/2025 00:00
RES-E109AC2CC2,764,10,412,05-19-2024,24-May-2024,NS,04-18-2024 12:00 AM
RES-64B7685B2C,606,5,245,2026-05-27,05-Jun-2026,checked_in,12/05/2026 00:00
RES-608269FC54,712,6,264,06/06/2026,2026/06/14,CHECKED_IN,04-11-2026 12:00 AM
RES-930A20B2EF,269,8,341,2024-04-15,22/04/2024,canceled,2024-03-23 00:00:00
RES-AB53A395F7,185,13,539,02-08-2026,2026/02/18,NOSHOW,29/12/2025 00:00
RES-D05560E392,837,9,385,2026/06/30,2026-07-02,Checked Out,2026-05-29 00:00:00
RES-6F5C1D3ACB,1177,5,230,2025-10-23,2025-10-29,CHECKED_IN,2025-09-24 00:00:00
RES-6BB713A6BC,103,14,594,2024-05-03,13-May-2024,CANCELLED,04-30-2024 12:00 AM
RES-AADEB6458A,333,7,288,04/04/2026,13/04/2026,CANCELLED,2026-03-05 00:00:00
RES-62DB62B1EF,1059,8,339,2024/11/20,2024/11/27,cancelled,2024-11-07 00:00:00
RES-A3BFA6262F,324,7,297,22-Apr-2025,2025/04/28,CHECKED_IN,2025-04-14 00:00:00
RES-E2ADD74BD6,433,2,59,04-04-2026,04-09-2026,Checked Out,25/02/2026 00:00
RES-D8FC7812C9,3,1,7,12-01-2025,08/12/2025,cancelled,2025-10-17 00:00:00
RES-827AAF3D29,1043,5,235,2025/08/25,31/08/2025,cancelled,2025-06-30 00:00:00
RES-9F796B901C,980,13,536,04-27-2025,04-29-2025,confirmed,04-07-2025 12:00 AM
RES-0A3DC1D224,295,11,434,29-Jan-2026,07/02/2026,checked_out,04/01/2026 00:00
RES-9FDDCEC1E0,968,14,612,2026-03-23,01-Apr-2026,cancelled,2026-03-21 00:00:00
RES-F21D8A1994,544,7,279,05/01/2026,14-Jan-2026,NS,12-14-2025 12:00 AM
RES-2B7E723B30,851,1,7,03/09/2025,05-Sep-2025,Pending,2025-07-12 00:00:00
RES-9421B2E22B,129,13,516,07/02/2024,2024-02-09,checked_in,01-29-2024 12:00 AM
RES-D8ECC4FDCC,533,15,649,2025/07/30,2025/08/04,CHECKED_IN,2025-07-17 00:00:00
RES-6AA76E0DDE,910,13,549,2024/03/04,03-12-2024,Checked In,16/01/2024 00:00
RES-8CD660A723,772,13,543,2026/06/12,14-Jun-2026,canceled,2026-05-18 00:00:00
RES-EF598776FF,235,10,413,26-Oct-2026,05-Nov-2026,canceled,2026-09-01 00:00:00
RES-85962DCF93,10,7,300,25-Apr-2025,2025-05-02,checked_in,04-15-2025 12:00 AM
RES-B876F1413A,439,2,60,04-12-2024,04-13-2024,conf,03-04-2024 12:00 AM
RES-C7FE8A09A6,169,15,645,09-07-2026,08/09/2026,confirmed,08-22-2026 12:00 AM
RES-03E9913001,980,6,270,29-Apr-2024,08-May-2024,CHECKED_OUT,2024-04-23 00:00:00
RES-E0796241C2,687,3,83,2024/03/10,03-14-2024,CNF,25/01/2024 00:00
RES-9DC6237D3E,383,13,552,21/07/2024,07-31-2024,checked_in,07-04-2024 12:00 AM
RES-F0049838F2,1175,12,478,14/08/2024,2024-08-17,CHECKED_OUT,06-30-2024 12:00 AM
RES-DB5F944E9D,1130,11,455,03-13-2026,03-16-2026,CONFIRMED,2026-02-05 00:00:00
RES-1CB8942346,350,3,77,01-18-2025,2025-01-19,CNF,12-24-2024 12:00 AM
RES-9B48A062B8,926,1,8,2024-02-06,14/02/2024,No Show,03/01/2024 00:00
RES-1EA523D3E2,122,14,592,31/01/2025,01-Feb-2025,CI,2025-01-01 00:00:00
RES-AFBED31E2B,982,6,261,2026/03/08,2026-03-11,PND,01-30-2026 12:00 AM
RES-94F4373968,148,10,413,2026-02-13,16/02/2026,CANCELLED,01-15-2026 12:00 AM
RES-1F2B7AA320,973,2,35,18/05/2026,19/05/2026,confirmed,2026-04-16 00:00:00
RES-F071425EC5,28,7,275,2024-09-22,2024/09/25,Pending,07-30-2024 12:00 AM
RES-3EF2FE2832,523,2,40,2026-04-02,2026-04-06,NS,2026-03-11 00:00:00
RES-F65F5FCDC1,1205,4,152,2024/07/02,11-Jul-2024,NOSHOW,26/05/2024 00:00
RES-BCDC30BCE0,289,2,56,2025/07/04,2025-07-11,confirmed,06-03-2025 12:00 AM
RES-2742210C12,875,8,350,26-Jul-2024,2024-08-03,CO,10/06/2024 00:00
RES-06DB00B941,1073,3,71,11/06/2026,2026-06-13,Checked Out,22/05/2026 00:00
RES-52DAEA0B0E,249,9,382,19/01/2025,24/01/2025,checked_in,2025-01-02 00:00:00
RES-40E1F7A79E,743,6,266,2026/07/30,2026/07/31,pending,25/07/2026 00:00
RES-9CF25C9E27,928,2,61,2025-07-23,07-27-2025,PND,02/07/2025 00:00
RES-D416067A84,919,11,465,07-09-2024,15-Jul-2024,Checked Out,2024-05-17 00:00:00
RES-88007373CF,891,9,368,11/09/2024,09-15-2024,confirmed,2024-08-18 00:00:00
RES-3CA8655DA2,310,14,574,18-Oct-2025,10-28-2025,CHECKED_IN,09-14-2025 12:00 AM
RES-87229CF1D0,182,13,519,01-Feb-2025,02-03-2025,pending,19/12/2024 00:00
RES-73FC8F30D5,1228,1,18,08/02/2025,18/02/2025,CHECKED_OUT,2025-01-20 00:00:00
RES-E5D030C57B,557,14,560,03/11/2026,11-08-2026,CHECKED_OUT,2026-09-08 00:00:00
RES-13F0AC256A,608,10,406,2026-08-05,2026/08/15,Cancelled,07-23-2026 12:00 AM
RES-A98F3A607A,560,11,434,01-15-2025,2025-01-25,cancelled,12-03-2024 12:00 AM
RES-B1D455697A,550,15,672,06-01-2024,04-Jun-2024,Checked In,2024-05-16 00:00:00
RES-A8D56D779D,400,7,292,10-Sep-2026,18/09/2026,checked-in,08-09-2026 12:00 AM
RES-F54E42F262,560,8,335,15-Jun-2025,2025/06/17,Checked Out,21/04/2025 00:00
RES-4BE00E504D,333,6,271,09-26-2024,30-Sep-2024,NOSHOW,24/09/2024 00:00
RES-D76AF5602D,628,12,490,2025/03/29,2025/04/07,Cancelled,2025-03-03 00:00:00
RES-7BE027983A,12,3,113,2026-10-04,2026-10-05,NOSHOW,2026-08-29 00:00:00
RES-7999C1683F,388,2,51,2024-03-17,2024-03-20,Checked Out,18/01/2024 00:00
RES-905CE73175,879,15,676,2024-06-02,2024/06/03,CNF,2024-05-06 00:00:00
RES-62D3D8CB45,884,15,686,2024/10/08,10-15-2024,CONFIRMED,10-04-2024 12:00 AM
RES-331B435C94,607,15,686,18/07/2025,07-26-2025,CNF,05-20-2025 12:00 AM
RES-66A336B9EB,459,5,212,07-21-2024,27-Jul-2024,canceled,17/06/2024 00:00
RES-D679815E40,377,7,296,19-Dec-2024,2024/12/21,confirmed,12-09-2024 12:00 AM
RES-C452EA11BD,57,3,136,01/12/2024,02-Dec-2024,CONFIRMED,11-26-2024 12:00 AM
RES-E8E23BEB07,1178,9,390,18-Nov-2025,24/11/2025,cancelled,11-14-2025 12:00 AM
RES-1607D2DDA5,1056,5,232,26/01/2025,01-31-2025,Checked Out,10/12/2024 00:00
RES-59D56F9B9B,422,9,381,2024-08-16,2024-08-20,CONFIRMED,31/07/2024 00:00
RES-6514C83D30,311,2,45,11-29-2024,02/12/2024,confirmed,2024-10-18 00:00:00
RES-6AD5C91E76,1215,11,461,2024-03-02,2024-03-03,checked-in,2024-01-13 00:00:00
RES-B07457E9B5,1014,8,335,11-22-2025,24-Nov-2025,checked-out,03/11/2025 00:00
RES-AA18215F7A,483,1,17,07-Dec-2025,12-11-2025,Cancelled,2025-11-06 00:00:00
RES-BFD7AEC2A2,339,14,592,07-19-2024,28-Jul-2024,CHECKED_OUT,2024-06-05 00:00:00
RES-BF3CC66ECD,1183,1,20,10/10/2025,12-Oct-2025,Cancelled,08-12-2025 12:00 AM
RES-CFE537353E,760,2,42,2026-06-22,2026-06-27,NS,24/04/2026 00:00
RES-EC9BBE4412,1154,6,263,2024/11/16,11-21-2024,PND,04/10/2024 00:00
RES-B5E3616CBE,329,6,274,2024-10-27,10-28-2024,no_show,25/10/2024 00:00
RES-B591E4442E,882,1,23,15/10/2025,2025-10-20,pending,30/08/2025 00:00
RES-7796D068B5,456,3,68,2024/07/09,10/07/2024,CNF,06-27-2024 12:00 AM
RES-B708F05AEA,973,11,450,30-Oct-2024,03/11/2024,PND,2024-10-22 00:00:00
RES-0829A1E6C8,141,6,266,2025/04/30,05-May-2025,No Show,2025-03-31 00:00:00
RES-7D66C64FF5,334,12,496,07-21-2025,07-25-2025,NS,30/06/2025 00:00
RES-540E3CF82F,509,2,36,13/08/2026,2026/08/18,checked-in,2026-08-09 00:00:00
RES-301CA5AD77,873,9,386,11-04-2025,09/11/2025,pending,10-27-2025 12:00 AM
RES-02B26250F5,1018,14,633,2026-01-18,2026-01-28,checked_in,12-17-2025 12:00 AM
RES-C8934DC76C,696,9,877,11-13-2024,2024-11-18,Pending,10-22-2024 12:00 AM
RES-9C803D105D,521,7,290,2025-04-12,2025/04/21,CO,2025-02-24 00:00:00
RES-69173EC721,1077,15,656,30/10/2024,31-Oct-2024,CHECKED_IN,10-10-2024 12:00 AM
RES-447308640F,1208,1,18,07-Feb-2024,2024/02/11,no-show,22/01/2024 00:00
RES-1944A33F95,551,1,7,2024/12/20,2024-12-30,PENDING,01/11/2024 00:00
RES-172A799700,1188,1,13,02-Mar-2024,09-Mar-2024,Cancelled,01-22-2024 12:00 AM
RES-7B68F7B5DE,662,2,60,2025-04-18,04-28-2025,PENDING,2025-04-05 00:00:00
RES-C75F742215,166,7,300,2025-11-23,27/11/2025,pending,10-03-2025 12:00 AM
RES-711FA9DB9B,1002,2,34,2024-09-12,2024-09-21,PND,07-14-2024 12:00 AM
RES-282B8001D5,1171,10,410,2025-03-24,01-Apr-2025,CO,02-16-2025 12:00 AM
RES-4DE61003D7,182,9,373,2024/11/27,07/12/2024,no_show,11-24-2024 12:00 AM
RES-33E63E1246,92,3,100,2026-07-13,07-18-2026,no-show,15/05/2026 00:00
RES-A7C7E314E6,544,7,291,11-19-2025,28/11/2025,CANCELLED,2025-11-03 00:00:00
RES-F83111CA8D,689,6,246,2024/10/07,10-13-2024,cancelled,2024-08-25 00:00:00
RES-F9F7701C7C,23,4,152,08/09/2026,18-Sep-2026,checked_out,2026-07-23 00:00:00
RES-C3AA2B2026,746,8,325,2025-01-01,2025/01/07,PND,12-28-2024 12:00 AM
RES-D99803A3BC,327,15,689,04-17-2026,04-20-2026,CHECKED_OUT,03-21-2026 12:00 AM
RES-A154FBA1EC,1027,1,6,05-Apr-2024,04-08-2024,Cancelled,02-24-2024 12:00 AM
RES-FB62701EE7,829,10,410,16-Jun-2024,06-19-2024,conf,23/05/2024 00:00
RES-59B732134D,473,13,518,07-21-2024,28-Jul-2024,CANCELLED,2024-06-28 00:00:00
RES-CFB9E4204F,152,5,214,2024-03-04,05/03/2024,confirmed,2024-03-02 00:00:00
RES-703A842920,815,8,353,03-01-2025,11-Mar-2025,Checked In,2025-01-17 00:00:00
RES-F5AC5EDD78,588,2,49,06-May-2024,05-09-2024,Pending,2024-04-05 00:00:00
RES-44A5437DDB,589,12,476,2025-09-09,19/09/2025,conf,2025-07-24 00:00:00
RES-549A44526C,1032,11,439,2026/04/05,2026-04-15,checked-out,02-06-2026 12:00 AM
RES-AF1D63BACE,1218,9,369,04-18-2024,2024-04-24,canceled,2024-03-29 00:00:00
RES-DCE5DC0E3F,455,15,667,30/07/2024,2024/08/04,Pending,14/06/2024 00:00
RES-5C1B9CA01B,474,1,29,07-Jan-2025,12/01/2025,CHECKED_IN,09/11/2024 00:00
RES-59521CB537,1163,8,330,2024-09-19,2024-09-21,checked-in,2024-09-12 00:00:00
RES-836DD7449D,720,12,513,2025/09/13,2025-09-22,CO,08-21-2025 12:00 AM
RES-B1F88318A0,355,7,291,2024-06-16,2024-06-22,No Show,05-31-2024 12:00 AM
RES-91E0155537,587,3,96,2025-04-07,11-Apr-2025,pending,2025-04-05 00:00:00
RES-5ACC0649C2,440,14,570,11-Nov-2024,12/11/2024,CONFIRMED,2024-10-11 00:00:00
RES-2DF96E86F8,898,5,203,01-17-2026,2026-01-22,checked-out,12-26-2025 12:00 AM
RES-4FD994D303,538,4,164,07-May-2025,2025/05/13,CI,2025-04-11 00:00:00
RES-31D7219E5B,191,7,300,18-Jul-2024,07-27-2024,CANCELLED,2024-05-28 00:00:00
RES-9C041FB41F,991,15,689,2026/07/02,07-05-2026,CNF,20/06/2026 00:00
RES-522E113082,596,12,478,08-26-2025,08-27-2025,CNF,14/07/2025 00:00
RES-97A43C4581,560,12,473,2024/06/14,22-Jun-2024,pending,06-12-2024 12:00 AM
RES-A9A9C84D7F,873,10,411,04/03/2026,2026-03-06,checked_out,01-26-2026 12:00 AM
RES-8C9558230F,683,15,667,2026-08-05,15-Aug-2026,conf,19/07/2026 00:00
RES-EB0783B1BA,881,7,296,2025/07/10,07-19-2025,CO,2025-05-19 00:00:00
RES-5CBBDA92E8,1057,1,24,2025-06-03,2025-06-08,Checked In,04-24-2025 12:00 AM
RES-4B9DCF804C,1199,2,33,2024/12/20,2024/12/22,conf,12-14-2024 12:00 AM
RES-BAC5887093,1096,13,545,2024-08-10,2024/08/19,CONFIRMED,07-23-2024 12:00 AM
RES-7E1F1F5AAA,939,15,660,2024/05/27,06-03-2024,canceled,2024-04-12 00:00:00
RES-0EB2C71B71,789,13,532,2024/08/29,2024/09/05,Confirmed,07-20-2024 12:00 AM
RES-76D87C4125,94,11,443,04-13-2025,2025-04-18,Cancelled,03-08-2025 12:00 AM
RES-9A6E8A83E9,1098,1,29,07/12/2025,2025/12/08,CHECKED_IN,24/11/2025 00:00
RES-EF6C1F231A,377,14,559,2026/08/21,24/08/2026,No Show,2026-07-24 00:00:00
RES-E6D987D618,1158,8,310,20/06/2026,24-Jun-2026,cancelled,27/05/2026 00:00
RES-4197B56CE1,31,7,283,24/09/2026,2026-10-02,checked-in,18/08/2026 00:00
RES-1AE19EB686,1038,13,558,2026-01-24,28-Jan-2026,CXL,21/12/2025 00:00
RES-04B62CF346,106,9,389,30-Sep-2026,07/10/2026,CANCELLED,08-23-2026 12:00 AM
RES-D7C0AB5321,879,10,412,2025/05/22,2025-06-01,checked-out,2025-04-07 00:00:00
RES-D8C9CB6304,1141,3,130,05-Jul-2024,2024/07/15,checked_out,06-21-2024 12:00 AM
RES-43D60C35A3,648,15,636,18/08/2024,08-23-2024,confirmed,2024-06-21 00:00:00
RES-42C033B5DA,45,10,419,2025-03-20,2025-03-25,PENDING,02-17-2025 12:00 AM
RES-6D201076E3,1207,12,504,2024-08-15,2024/08/24,checked-in,2024-08-08 00:00:00
RES-FFEE61AFC7,1128,15,653,10-06-2024,10-07-2024,no-show,10/08/2024 00:00
RES-1B24688F42,813,11,459,2025/02/17,19-Feb-2025,No Show,12/01/2025 00:00
RES-3499B00C58,350,11,455,14-Aug-2024,08-23-2024,checked_in,24/06/2024 00:00
RES-5DDB105453,995,7,289,2024/06/16,2024/06/22,checked_in,22/05/2024 00:00
RES-3587EB3838,53,7,279,2024-04-09,10/04/2024,checked_in,03-12-2024 12:00 AM
RES-C97F1BBED7,814,2,46,2026/02/03,04-Feb-2026,Pending,27/01/2026 00:00
RES-746380C72D,961,12,497,2026-01-20,23-Jan-2026,checked_in,2026-01-18 00:00:00
RES-83F204F827,373,15,651,2025-02-17,02-22-2025,NOSHOW,31/12/2024 00:00
RES-DF822EE282,1007,3,113,14/03/2026,22-Mar-2026,CNF,02-24-2026 12:00 AM
RES-46EE264A6C,633,10,407,12/02/2025,13-Feb-2025,Checked In,02/02/2025 00:00
RES-D665253A24,977,2,35,2024-11-29,12-02-2024,confirmed,15/10/2024 00:00
RES-AA9CDA630D,895,1,5,2025/03/18,23/03/2025,conf,2025-01-24 00:00:00
RES-A1FE34EB02,598,4,152,04-26-2025,30/04/2025,conf,04-18-2025 12:00 AM
RES-E5E3908B9D,263,15,676,2025-01-02,10-Jan-2025,checked_in,2024-11-18 00:00:00
RES-670C5A2CC5,540,5,221,10-14-2024,19-Oct-2024,checked-out,09-29-2024 12:00 AM
RES-66F4C150F9,185,8,335,19-Mar-2026,20/03/2026,Checked Out,01-19-2026 12:00 AM
RES-AEF59FD072,1224,10,409,16-Jan-2025,01-23-2025,CHECKED_OUT,19/11/2024 00:00
RES-0D40BFC3F4,1178,7,289,2024/04/20,2024-04-25,No Show,2024-04-05 00:00:00
RES-44E13C6C63,867,4,147,05/11/2024,11/11/2024,Checked In,09-18-2024 12:00 AM
RES-7C1768425A,28,11,440,23/11/2024,12-02-2024,confirmed,17/10/2024 00:00
RES-8ACC751352,750,14,630,2026/03/11,2026-03-18,pending,02-20-2026 12:00 AM
RES-A9D21B68B3,937,15,660,02-11-2026,12-Feb-2026,Cancelled,2026-02-08 00:00:00
RES-18523EC8F5,1210,1,32,04-13-2024,04-17-2024,checked_in,2024-03-01 00:00:00
RES-03FCB7D28B,611,15,651,2026-11-04,2026/11/07,checked_in,2026-09-18 00:00:00
RES-947718455D,738,13,558,2026/08/27,2026/09/02,PENDING,07-21-2026 12:00 AM
RES-7946787B96,900,13,531,04-14-2025,20/04/2025,confirmed,03-19-2025 12:00 AM
RES-CA51573EA9,420,2,48,18/07/2025,07-22-2025,CANCELLED,2025-07-15 00:00:00
RES-E6CC388965,249,15,686,26-Aug-2025,08-28-2025,no_show,2025-08-16 00:00:00
RES-3A1BB54E41,837,2,60,2025-06-06,2025-06-13,checked_out,2025-05-25 00:00:00
RES-1A661A76FD,528,2,50,04-08-2024,04-12-2024,NOSHOW,12/02/2024 00:00
RES-CA5DD23F07,416,4,144,05-03-2024,06/05/2024,PND,17/03/2024 00:00
RES-13809B416D,413,12,511,2026-04-29,05-02-2026,Checked In,2026-04-04 00:00:00
RES-6676A88ED6,597,13,518,2026-01-23,01-26-2026,No Show,01-15-2026 12:00 AM
RES-643CE8547E,410,9,389,22-Jul-2026,07-23-2026,canceled,18/07/2026 00:00
RES-99A97027EE,564,4,153,2026-07-09,2026/07/15,conf,06-10-2026 12:00 AM
RES-93D0A23D0D,672,6,263,2025/07/24,28-Jul-2025,checked_out,2025-06-06 00:00:00
RES-91C6EC3730,997,4,159,2024-03-03,09-Mar-2024,CNF,2024-01-03 00:00:00
RES-553F7036FF,1084,8,339,22-Mar-2025,26-Mar-2025,cancelled,2025-01-30 00:00:00
RES-D77F304B99,1064,13,539,2024/09/23,02-Oct-2024,checked_out,2024-09-09 00:00:00
RES-5358D57016,735,11,426,2026/06/15,19/06/2026,CANCELLED,2026-04-24 00:00:00
RES-FB072A1E6F,1091,9,370,22-Jun-2024,06-28-2024,checked_out,03/05/2024 00:00
RES-7CD511C04A,943,1,30,07-27-2026,2026/08/03,Cancelled,25/07/2026 00:00
RES-7B0275AC8A,1207,9,371,26/11/2024,01/12/2024,conf,10-01-2024 12:00 AM
RES-2B96C77BB4,457,9,376,20-Jun-2026,2026-06-30,CANCELLED,2026-04-28 00:00:00
RES-1457138672,1228,9,375,2025/09/10,18-Sep-2025,Checked In,22/08/2025 00:00
RES-D3B115144A,250,12,473,05-Dec-2025,2025/12/14,Checked Out,10-12-2025 12:00 AM
RES-602BBDF1F1,234,3,102,08-07-2024,08-14-2024,CI,2024-06-29 00:00:00
RES-1E98EEA960,712,8,339,2024/05/03,2024/05/05,Pending,23/03/2024 00:00
RES-C848615E54,1185,5,232,06-06-2024,06-15-2024,CONFIRMED,02/05/2024 00:00
RES-4570B61E7B,408,13,549,2026-01-08,15-Jan-2026,CI,12-01-2025 12:00 AM
RES-4381FDA0E4,538,3,129,2024/07/22,2024-07-24,CI,2024-06-23 00:00:00
RES-E0458D6F7E,331,3,135,12-05-2025,12-13-2025,CHECKED_IN,10-13-2025 12:00 AM
RES-CFEC22A652,1032,12,494,2026-05-02,05-10-2026,Pending,2026-03-13 00:00:00
RES-A0C34E5665,334,14,574,18/02/2024,2024-02-27,cancelled,2024-01-24 00:00:00
RES-7551B1448C,493,14,624,2026/09/16,09-24-2026,PND,08-07-2026 12:00 AM
RES-47B41B1F18,65,3,110,07-Feb-2025,17/02/2025,CI,2025-01-05 00:00:00
RES-060DED0E86,1060,13,556,04/05/2026,10/05/2026,NOSHOW,05/03/2026 00:00
RES-0F51B26EAC,1130,13,537,02-03-2025,02-09-2025,CONFIRMED,29/12/2024 00:00
RES-8CBB4179EE,1184,12,501,2024/08/17,26-Aug-2024,Cancelled,07-09-2024 12:00 AM
RES-71CD780165,878,14,617,2024-08-18,2024-08-22,checked_out,08-08-2024 12:00 AM
RES-4532CD7EB6,977,14,604,07-21-2024,2024-07-31,checked-out,2024-07-12 00:00:00
RES-C1FB878E58,969,15,661,01/05/2026,08-May-2026,checked_out,2026-03-26 00:00:00
RES-2485E8B9D7,1058,11,447,30/12/2025,31-Dec-2025,checked_out,11-14-2025 12:00 AM
RES-CFF936085A,41,8,335,2024/10/07,2024/10/09,No Show,2024-08-19 00:00:00
RES-8E0D69943D,253,3,123,09-Jul-2024,2024-07-14,checked_in,2024-06-09 00:00:00
RES-7081CFBAFF,1141,13,549,2026-05-07,15/05/2026,checked_out,04-03-2026 12:00 AM
RES-3AC3A26274,912,10,417,2024/12/13,14-Dec-2024,Checked In,2024-12-12 00:00:00
RES-685D0EDB03,148,13,544,09/08/2024,08-15-2024,confirmed,26/06/2024 00:00
RES-E9D715893A,533,14,601,22-Mar-2024,2024/03/25,Pending,2024-01-31 00:00:00
RES-B29AED3647,62,2,35,2025/12/26,12-30-2025,conf,10-29-2025 12:00 AM
RES-7B895AF332,253,10,415,12/04/2026,04-15-2026,CNF,04-03-2026 12:00 AM
RES-EACF05F52C,154,7,300,12-Jun-2026,20-Jun-2026,CNF,2026-05-29 00:00:00
RES-7F95860F35,704,7,288,06-20-2026,2026-06-27,CNF,2026-06-16 00:00:00
RES-6F7F542313,200,3,98,2024-12-13,18-Dec-2024,checked-in,10-27-2024 12:00 AM
RES-0190F587F7,462,10,420,04-23-2025,26-Apr-2025,PENDING,2025-04-10 00:00:00
RES-4EB5900A0E,534,3,73,2024-12-23,01/01/2025,NS,2024-10-27 00:00:00
RES-BB19E1A98E,449,14,606,06-Oct-2026,09/10/2026,PND,08-26-2026 12:00 AM
RES-AE20A0A6C0,839,9,362,2024/10/22,10-29-2024,no-show,2024-10-01 00:00:00
RES-313ABAAB4F,879,10,412,08/08/2025,2025/08/11,CI,01/08/2025 00:00
RES-1B4AF73D14,1133,10,408,01-01-2025,01-10-2025,pending,12-02-2024 12:00 AM
RES-502AA0AB37,972,13,528,08-Aug-2026,08-13-2026,Confirmed,06-18-2026 12:00 AM
RES-11BC1AE334,1040,7,277,2025-04-27,2025-05-07,NS,03-31-2025 12:00 AM
RES-066C8D5F24,1082,2,57,05-03-2024,,PENDING,25/04/2024 00:00
RES-A8AAD7261E,472,12,489,06-26-2026,29-Jun-2026,confirmed,05-13-2026 12:00 AM
RES-C4643F82FD,178,11,425,22/08/2025,28-Aug-2025,no-show,2025-08-04 00:00:00
RES-7DA44948FA,889,7,277,2026-01-23,2026-01-24,NS,11-27-2025 12:00 AM
RES-8819D64EA5,612,9,391,24/03/2026,29-Mar-2026,canceled,2026-03-17 00:00:00
RES-24F2FCFF6F,389,9,388,2026/06/28,03/07/2026,NS,2026-05-10 00:00:00
RES-CC32A0A349,950,12,504,2026/07/31,2026/08/02,CANCELLED,01/06/2026 00:00
RES-6461924AC8,349,8,309,28-Jan-2026,02-01-2026,no-show,2025-12-07 00:00:00
RES-F828ABA89E,711,6,256,2024/04/20,04-25-2024,conf,10/03/2024 00:00
RES-E159471313,276,15,689,2025/09/23,2025/10/03,CNF,08-24-2025 12:00 AM
RES-4483D54DC9,66,3,69,01-02-2026,01-12-2026,PND,2025-11-13 00:00:00
RES-9BB7769E1C,960,5,203,15-Oct-2025,22/10/2025,Checked In,08-30-2025 12:00 AM
RES-C726D6EFC0,16,7,301,24/08/2025,01-Sep-2025,CXL,2025-07-14 00:00:00
RES-0A065C8E5D,893,6,250,2025/10/04,11/10/2025,checked-in,09-09-2025 12:00 AM
RES-3FBA82FC13,349,10,414,07-30-2025,04-Aug-2025,PND,07-09-2025 12:00 AM
RES-C1DFE2AF2C,490,9,393,22/04/2024,24/04/2024,Checked In,2024-03-13 00:00:00
RES-173C810942,614,2,43,17-Aug-2025,08-23-2025,pending,28/06/2025 00:00
RES-18AED3FD76,634,5,208,2026-04-13,18-Apr-2026,conf,02-23-2026 12:00 AM
RES-52590A9067,590,11,469,2025-05-17,18/05/2025,no_show,13/05/2025 00:00
RES-5821672262,240,14,593,05-Apr-2026,06-Apr-2026,pending,02-05-2026 12:00 AM
RES-17FCD5BCFF,14,14,600,2024/06/30,2024-07-09,CNF,05-14-2024 12:00 AM
RES-BFE14F0F71,128,9,370,2024/12/19,20-Dec-2024,canceled,03/12/2024 00:00
RES-0839568DA4,463,14,609,17-Oct-2025,2025-10-26,checked_in,2025-09-26 00:00:00
RES-F8DC5650CA,1179,9,381,01-17-2026,2026-01-24,CO,2025-12-29 00:00:00
RES-1CBB5083EA,656,2,35,2025-02-25,2025/03/05,CNF,19/02/2025 00:00
RES-1511BCF146,56,9,391,2026/03/29,04-03-2026,checked_out,2026-03-01 00:00:00
RES-51B49EE263,1199,4,158,2025/03/07,2025-03-12,CONFIRMED,02-21-2025 12:00 AM
RES-35C8C2C79B,801,4,147,09/06/2024,2024/06/15,cancelled,27/04/2024 00:00
RES-9302750B17,1024,9,366,2025-02-04,02-09-2025,checked_out,2025-01-24 00:00:00
RES-8495C33C55,134,14,614,2025-02-07,16-Feb-2025,no-show,12-21-2024 12:00 AM
RES-42F42D49C1,396,3,132,03-20-2025,03-22-2025,CNF,2025-01-29 00:00:00
RES-FB449833B8,466,9,384,23-Dec-2024,2024-12-27,CONFIRMED,2024-11-04 00:00:00
RES-BFFF748098,1077,13,538,11-29-2025,2025-12-02,Pending,2025-11-23 00:00:00
RES-2200F44875,435,3,93,2025-04-24,25-Apr-2025,canceled,04-10-2025 12:00 AM
RES-CD76D635B4,735,10,419,09-19-2024,27-Sep-2024,PENDING,08-20-2024 12:00 AM
RES-ABF02DFBE0,758,2,51,03-04-2024,2024/03/07,pending,2024-02-02 00:00:00
RES-EEF1E59020,164,8,340,2024/09/01,09-11-2024,checked-in,08-30-2024 12:00 AM
RES-A02398A373,524,15,657,2024-07-25,07-31-2024,CANCELLED,06-22-2024 12:00 AM
RES-32B0BBA44F,884,4,158,11/09/2024,2024-09-15,Confirmed,2024-08-28 00:00:00
RES-A04E5ABB39,1009,2,53,05-Sep-2026,2026/09/12,cancelled,2026-08-22 00:00:00
RES-27C45DA210,311,12,513,2026-04-21,2026/04/23,NS,2026-04-13 00:00:00
RES-8C78485E04,1168,11,453,2026-07-10,2026/07/14,Confirmed,06-25-2026 12:00 AM
RES-46DDFD8FBF,1152,13,519,20/06/2026,2026-06-21,no-show,04-21-2026 12:00 AM
RES-AAA9A4598E,243,10,415,20/05/2024,05-24-2024,PND,2024-05-02 00:00:00
RES-C1B1562B34,1150,9,384,10-Feb-2025,19-Feb-2025,NOSHOW,01-06-2025 12:00 AM
RES-BE1063326C,366,1,32,11-13-2024,18/11/2024,PENDING,10-17-2024 12:00 AM
RES-70C7C50B99,560,9,385,24/01/2026,03-Feb-2026,CXL,2025-12-08 00:00:00
RES-E957F6C7B7,297,13,537,2026/10/03,2026/10/08,CONFIRMED,06/08/2026 00:00
RES-5A8E3BD6CD,425,7,292,2024-08-24,09-03-2024,Checked Out,07-13-2024 12:00 AM
RES-BA5450D020,219,7,291,04-15-2024,2024/04/19,Checked In,25/02/2024 00:00
RES-ABCD6516BA,386,4,174,24/02/2026,03/03/2026,PND,2026-02-12 00:00:00
RES-55329A377D,736,9,365,02-17-2025,02-19-2025,Checked Out,01-21-2025 12:00 AM
RES-F529BF42AA,718,11,458,2024-05-09,17-May-2024,checked_in,2024-05-05 00:00:00
RES-AE8A1475F2,1207,3,106,2024/02/06,02-12-2024,canceled,01-12-2024 12:00 AM
RES-E1A642CB3B,617,13,537,09-04-2024,2024/09/05,CI,08-07-2024 12:00 AM
RES-2760C4D839,136,12,498,05-23-2024,28-May-2024,CHECKED_OUT,04-21-2024 12:00 AM
RES-C79A3F6DDB,1226,3,90,2025/11/27,2025/11/28,cancelled,2025-11-26 00:00:00
RES-D1B0CDE891,72,7,294,12-May-2025,05-19-2025,checked_in,04-24-2025 12:00 AM
RES-EB720B8A45,691,12,476,06/06/2024,10/06/2024,checked-in,04-22-2024 12:00 AM
RES-94E4208045,998,2,48,01/12/2024,2024-12-08,No Show,2024-10-22 00:00:00
RES-27B4BD98F2,255,12,482,2024/02/27,03-04-2024,CANCELLED,2024-02-19 00:00:00
RES-CA6DB5BCF6,1066,15,639,02-Dec-2025,08-Dec-2025,No Show,04/10/2025 00:00
RES-F035268E75,276,3,110,2026-03-23,2026/03/25,no-show,06/02/2026 00:00
RES-ECEEC1A443,1044,3,101,23-Apr-2024,03-May-2024,CNF,2024-04-04 00:00:00
RES-7BD7C8267C,729,14,575,2026-07-01,2026/07/05,CXL,06-24-2026 12:00 AM
RES-52B3E5CA1E,554,13,540,03-May-2026,08/05/2026,pending,03-25-2026 12:00 AM
RES-F83AD3A5D5,1101,13,547,10-Aug-2024,15/08/2024,Checked In,20/07/2024 00:00
RES-C4752D47C6,916,2,55,2025/04/21,29/04/2025,pending,04/04/2025 00:00
RES-1982118108,1051,2,39,12-11-2025,12-13-2025,canceled,01/12/2025 00:00
RES-37BC295946,42,4,166,12-02-2025,2025/12/07,checked_out,2025-11-25 00:00:00
RES-C26492C919,1155,7,279,20-Aug-2026,21/08/2026,NOSHOW,22/06/2026 00:00
RES-7D8B309EF4,1027,6,254,04-02-2024,03/04/2024,CNF,02-08-2024 12:00 AM
RES-C83C20B07F,941,8,336,2025/12/29,31-Dec-2025,PND,12-28-2025 12:00 AM
RES-0B87F6E674,384,8,355,07-Sep-2026,2026-09-11,PND,08-03-2026 12:00 AM
RES-D33ADCA95C,1093,9,392,18-Oct-2025,2025/10/19,canceled,10-06-2025 12:00 AM
RES-331B3837B9,388,2,36,2026-06-28,2026/07/03,CNF,19/06/2026 00:00
RES-3ECEC09149,810,13,538,12-14-2024,19-Dec-2024,canceled,2024-10-19 00:00:00
RES-0CF651DAC8,749,15,681,2025/11/20,2025/11/28,CI,10-26-2025 12:00 AM
RES-98F65D01C4,767,14,560,12-22-2024,,CXL,12-05-2024 12:00 AM
RES-63AD6CD73A,453,12,492,06-03-2025,05/06/2025,checked-in,04-08-2025 12:00 AM
RES-2F3615B2C4,504,9,364,06-12-2025,2025/06/15,No Show,2025-04-17 00:00:00
RES-FE061BF267,859,13,550,06-02-2025,11/06/2025,checked_in,2025-05-18 00:00:00
RES-996483374D,651,15,665,12-31-2025,,canceled,26/11/2025 00:00
RES-EBAFA7FFA1,173,8,317,05-May-2026,2026/05/09,confirmed,11/03/2026 00:00
RES-CB3A32FE32,304,9,387,05-05-2026,05-14-2026,CO,2026-04-20 00:00:00
RES-2C3AF3229A,1086,3,63,11-13-2025,2025/11/18,conf,2025-11-04 00:00:00
RES-ECA66F483C,996,1,21,21/10/2024,31-Oct-2024,Checked Out,2024-10-13 00:00:00
RES-5A93452A86,280,6,274,12/07/2024,14/07/2024,No Show,2024-06-23 00:00:00
RES-8033047C62,324,2,40,09/11/2026,2026/11/11,Pending,09-21-2026 12:00 AM
RES-128328B621,580,9,393,2025-06-05,11/06/2025,PENDING,05-21-2025 12:00 AM
RES-B109A791CA,173,2,35,06-16-2026,26/06/2026,confirmed,22/04/2026 00:00
RES-D3219517F6,367,10,414,13/07/2025,07-18-2025,PENDING,07-07-2025 12:00 AM
RES-6566DD01DB,1101,12,509,2025-06-08,2025-06-12,pending,2025-05-12 00:00:00
RES-00B19D34F7,891,6,252,04-05-2025,2025-04-07,CONFIRMED,04-01-2025 12:00 AM
RES-82D7678101,57,15,667,07-Nov-2024,13/11/2024,confirmed,09-25-2024 12:00 AM
RES-F08CB10B0B,391,9,372,2026/03/20,23/03/2026,Cancelled,02-24-2026 12:00 AM
RES-9A9231938A,646,12,476,2025/01/21,2025-01-29,CHECKED_OUT,2024-12-25 00:00:00
RES-7330262A71,637,15,663,25/12/2025,2025-12-27,NOSHOW,2025-12-23 00:00:00
RES-19383639EB,339,6,253,11-Apr-2026,2026-04-21,cancelled,01/03/2026 00:00
RES-87935AA280,1129,9,393,05/05/2026,2026-05-15,canceled,04-27-2026 12:00 AM
RES-67F19B2DA9,290,12,475,13-Feb-2026,2026/02/20,checked_in,2026-02-07 00:00:00
RES-65F4652F78,340,6,269,2026/05/01,2026-05-06,conf,2026-03-27 00:00:00
RES-AED3DE1352,899,5,244,2024-03-26,04-03-2024,Checked Out,03-07-2024 12:00 AM
RES-DEFFB2D951,299,13,520,2024/05/17,2024/05/24,canceled,06/05/2024 00:00
RES-11FD19DA01,427,6,263,29-Oct-2025,2025/11/01,no-show,2025-09-18 00:00:00
RES-FDBE0CE3E0,103,2,55,2025-01-29,02-01-2025,CI,12-15-2024 12:00 AM
RES-51A0EEDDED,698,1,17,04-30-2026,2026/05/07,CNF,07/04/2026 00:00
RES-A58F426ADD,708,12,488,11-10-2024,2024/11/15,cancelled,09-14-2024 12:00 AM
RES-4D1D2EC7C6,1235,6,257,23/08/2024,2024-09-01,CO,05/07/2024 00:00
RES-96400AEF89,270,15,652,11/06/2026,2026/06/15,CI,09/05/2026 00:00
RES-7EE99AB820,1229,14,615,02-13-2026,2026/02/14,PENDING,2026-01-29 00:00:00
RES-CE8F20CB97,1089,10,403,2025-12-16,21-Dec-2025,no-show,11-21-2025 12:00 AM
RES-6340391FF0,689,11,421,06-12-2026,2026-06-15,CNF,05-06-2026 12:00 AM
RES-A25438B96F,216,12,497,05-17-2025,05-24-2025,PND,2025-03-20 00:00:00
RES-2C38D7F4E9,396,1,19,2024-12-31,01-01-2025,checked_in,23/11/2024 00:00
RES-642D4591C0,675,11,444,2025-03-26,03-31-2025,PND,2025-02-17 00:00:00
RES-BCCEC2DAB6,400,6,250,19-Jan-2026,29/01/2026,CHECKED_OUT,26/11/2025 00:00
RES-C92A5043A0,868,12,498,04-15-2025,22-Apr-2025,conf,2025-03-02 00:00:00
RES-F5B22B888D,235,4,159,04-May-2024,2024/05/05,CO,28/04/2024 00:00
RES-BE529539D6,1198,10,399,21/04/2025,04-24-2025,CO,2025-02-20 00:00:00
RES-BD9B0AEA41,381,9,366,2025/07/07,07-15-2025,PENDING,2025-06-23 00:00:00
RES-A2C3A7F030,850,8,317,2026-08-25,27-Aug-2026,CHECKED_OUT,21/08/2026 00:00
RES-79DD66BB96,686,13,537,2024-08-19,28-Aug-2024,PENDING,28/07/2024 00:00
RES-E147866726,114,10,411,2025/12/21,12-23-2025,NOSHOW,25/11/2025 00:00
RES-CFF4AD44DD,802,1,24,06/05/2025,07-May-2025,canceled,15/03/2025 00:00
RES-E1F0CA6B16,295,3,118,08/06/2024,2024-06-18,CHECKED_OUT,04-10-2024 12:00 AM
RES-00D71FA2E9,115,6,259,05-Sep-2026,06/09/2026,checked-out,07-23-2026 12:00 AM
RES-0258887256,531,4,166,01-13-2026,20-Jan-2026,Checked Out,2025-12-16 00:00:00
RES-27B1FC0D88,261,15,659,11-13-2024,11-23-2024,Cancelled,09-18-2024 12:00 AM
RES-D5E431CC8B,555,5,186,05-Mar-2026,2026-03-08,no_show,2026-01-05 00:00:00
RES-6C6AE6CF2D,980,10,404,11/04/2026,20/04/2026,conf,2026-04-06 00:00:00
RES-2DAC30165F,856,4,145,01/02/2024,2024-02-05,checked_in,01-10-2024 12:00 AM
RES-4F2AF8032C,1165,9,385,2025/12/19,2025/12/24,CHECKED_IN,12-07-2025 12:00 AM
RES-4E3330746C,28,10,395,29-Jun-2026,07-09-2026,CXL,05-01-2026 12:00 AM
RES-3BE2AB0461,608,11,437,2024-10-08,15-Oct-2024,pending,2024-10-01 00:00:00
RES-72DA130037,1078,13,412,2024-08-23,2024-08-30,no_show,07-17-2024 12:00 AM
RES-3CF45D7332,980,9,381,2026/07/23,02-Aug-2026,PENDING,06-09-2026 12:00 AM
RES-E349D60140,500,14,597,2025/04/20,2025/04/24,CANCELLED,04-15-2025 12:00 AM
RES-5AB1B504CD,539,12,491,2024/10/24,2024-11-02,PND,2024-10-02 00:00:00
RES-63D53B1116,1230,11,428,06-10-2024,06-12-2024,CO,2024-05-15 00:00:00
RES-B40EEC3080,890,14,610,12/03/2024,2024/03/14,checked-out,18/02/2024 00:00
RES-18131E1F6A,944,10,401,2024/09/07,09-11-2024,Pending,20/07/2024 00:00
RES-08CC12D8B3,123,10,404,16/01/2025,01-17-2025,checked-out,12-03-2024 12:00 AM
RES-8155C722D4,254,3,104,17/11/2024,11-21-2024,Confirmed,2024-09-25 00:00:00
RES-89242C19B3,264,15,665,22-Sep-2024,2024-10-01,CXL,08-12-2024 12:00 AM
RES-7D19EF2D00,1047,8,353,02-14-2024,19-Feb-2024,PENDING,2024-02-04 00:00:00
RES-D8F0D4EF84,816,15,687,05-Oct-2025,2025-10-06,PND,2025-08-21 00:00:00
RES-03B26D0920,467,9,390,11/08/2026,08-21-2026,PND,2026-07-21 00:00:00
RES-AF5A288F61,743,7,278,13/12/2025,20/12/2025,checked_out,2025-10-20 00:00:00
RES-F44951EB61,336,13,519,2024-03-24,28/03/2024,checked-out,12/03/2024 00:00
RES-1FA13A04CC,81,9,375,2024-04-25,05/05/2024,Cancelled,2024-03-29 00:00:00
RES-219818120F,19,1,22,06-07-2024,2024-06-16,PND,05-19-2024 12:00 AM
RES-6BBE28CFD9,150,12,487,07-Jul-2026,11-Jul-2026,NOSHOW,2026-06-17 00:00:00
RES-084DD72157,989,4,154,2026/09/29,06/10/2026,confirmed,08-12-2026 12:00 AM
RES-C16A83A025,1035,8,303,26-Apr-2026,05-01-2026,PENDING,2026-03-25 00:00:00
RES-E9DB438635,924,9,371,11-03-2024,11-09-2024,Cancelled,10-16-2024 12:00 AM
RES-BEDA403595,353,9,391,27/03/2024,2024/04/01,CHECKED_IN,02-18-2024 12:00 AM
RES-57CC76EA8D,1047,11,468,2024/03/04,06-Mar-2024,no_show,01-07-2024 12:00 AM
RES-4F751B79CA,1175,8,348,2025/12/22,01-01-2026,CHECKED_OUT,2025-11-06 00:00:00
RES-999D9E5B0F,82,1,17,27-Jun-2025,07-07-2025,NS,11/06/2025 00:00
RES-50260334BF,1053,11,469,08/03/2024,14-Mar-2024,checked_out,01-09-2024 12:00 AM
RES-143A221E5A,910,7,276,2026-01-03,01-12-2026,PENDING,12/11/2025 00:00
RES-0DD1A24A99,1055,6,264,2026-09-11,09-21-2026,NOSHOW,25/08/2026 00:00
RES-DB1990199A,1174,6,249,05-30-2024,2024/05/31,CO,10/04/2024 00:00
RES-953249503E,135,13,530,31-Aug-2026,09-02-2026,CONFIRMED,2026-08-13 00:00:00
RES-2789B99904,640,11,456,2026-01-02,01-04-2026,canceled,17/11/2025 00:00
RES-3F2FB6E4C9,66,15,651,08-Oct-2026,2026/10/14,checked-in,19/08/2026 00:00
RES-494F18A6CB,438,8,329,27/06/2026,28/06/2026,Confirmed,08/05/2026 00:00
RES-C4281C6C87,563,6,248,10-24-2025,11-02-2025,CNF,09-17-2025 12:00 AM
RES-16BE63FE25,417,6,265,12/07/2024,2024/07/19,CNF,2024-06-11 00:00:00
RES-4E7309E547,1213,15,641,23/01/2024,2024/01/27,CHECKED_IN,01-12-2024 12:00 AM
RES-DE7F075BCA,376,4,169,10-19-2024,2024/10/27,pending,2024-10-06 00:00:00
RES-8187F77AAA,914,7,293,2025-06-23,06-25-2025,CHECKED_OUT,30/05/2025 00:00
RES-273792D95C,647,14,584,2026-10-04,2026/10/13,CANCELLED,09-21-2026 12:00 AM
RES-2F5B915DCE,1176,13,521,13/08/2025,08-22-2025,PENDING,2025-08-02 00:00:00
RES-B922B81644,461,14,564,2025/12/14,23-Dec-2025,Pending,08/11/2025 00:00
RES-1B7F76FA03,646,11,470,17/09/2026,2026-09-22,Checked In,08-12-2026 12:00 AM
RES-E205C8ED7E,695,3,112,2025/04/28,02-May-2025,no_show,07/04/2025 00:00
RES-5EAB75918F,267,6,252,02/01/2025,04/01/2025,canceled,10/11/2024 00:00
RES-743C84A310,1231,11,424,2024/11/22,2024/11/27,cancelled,11-02-2024 12:00 AM
RES-1948057C63,1192,5,234,08-17-2025,19-Aug-2025,NOSHOW,08/08/2025 00:00
RES-E83A26BDAD,335,12,506,22/09/2026,2026-09-24,checked-in,08-25-2026 12:00 AM
RES-FD2DA9B449,1178,15,635,31-Jan-2025,02-05-2025,Confirmed,2025-01-20 00:00:00
RES-676989BCBD,945,6,254,09/04/2026,2026-04-19,Checked In,30/03/2026 00:00
RES-FBD4D2A70B,862,15,675,25-Apr-2024,2024-04-29,confirmed,02-25-2024 12:00 AM
RES-206C463A81,748,15,657,2026/03/29,2026/04/02,Cancelled,03-06-2026 12:00 AM
RES-28CE96B210,191,8,347,2025/06/12,06-14-2025,PND,05-01-2025 12:00 AM
RES-0EAE0BA991,1120,2,55,07-03-2025,2025/07/11,CI,05-28-2025 12:00 AM
RES-05240E7211,285,13,554,2025/09/22,09-30-2025,PND,2025-09-08 00:00:00
RES-85456DB9DE,824,10,396,2026-02-25,2026-02-26,checked_out,02-18-2026 12:00 AM
RES-2DA7E3592F,888,13,541,2025-02-03,2025-02-13,checked_out,12-13-2024 12:00 AM
RES-79DB1E3679,620,15,690,2026-05-31,2026-06-10,Checked Out,2026-05-17 00:00:00
RES-AD6C63C1F4,868,4,170,07-27-2026,,Confirmed,11/07/2026 00:00
RES-D1A0DB8E3B,322,11,444,2024/06/06,13/06/2024,checked-out,2024-05-11 00:00:00
RES-BBAE91AC27,209,2,40,04-Feb-2026,12/02/2026,PND,2026-01-02 00:00:00
RES-2398467AB2,1205,9,362,01-08-2026,17/01/2026,Confirmed,12-05-2025 12:00 AM
RES-BA6EBC3BD4,512,6,251,14-Sep-2026,2026/09/19,Pending,19/07/2026 00:00
RES-61818A35A6,1067,6,274,08/07/2025,2025/07/12,checked-out,2025-06-30 00:00:00
RES-4809DB7BAF,461,13,547,08-21-2024,08-29-2024,CXL,06/07/2024 00:00
RES-57C2CF318D,577,1,21,05-26-2026,01-Jun-2026,canceled,27/03/2026 00:00
RES-E1A1947155,84,2,46,03-27-2024,2024/03/30,CONFIRMED,02-05-2024 12:00 AM
RES-7E4BC9581F,967,2,48,18-May-2025,28-May-2025,Pending,04-15-2025 12:00 AM
RES-CF2ECEDD62,642,7,275,2024/11/29,12-07-2024,checked-in,07/11/2024 00:00
RES-ABC803E99C,1179,4,148,08-22-2024,08-25-2024,checked_out,2024-07-24 00:00:00
RES-5C3E488794,150,15,671,22-Dec-2025,2025/12/26,confirmed,10-26-2025 12:00 AM
RES-ABAF9B2213,1047,2,44,2024-10-24,29/10/2024,CNF,08-29-2024 12:00 AM
RES-449EA80AA4,967,6,271,2026-09-16,2026-09-21,Checked Out,08-19-2026 12:00 AM
RES-DF5901FFA7,267,10,409,21-May-2026,2026/05/29,checked_out,2026-05-06 00:00:00
RES-361CD9A841,500,6,264,09-09-2025,09-10-2025,No Show,2025-07-12 00:00:00
RES-5B64D4959F,672,6,269,2025/01/14,2025-01-19,Confirmed,07/12/2024 00:00
RES-0ACD4A4A63,22,7,280,2024-03-20,2024-03-26,no_show,18/03/2024 00:00
RES-0BF01ED3E5,502,13,553,07-Jul-2024,09-Jul-2024,checked_in,06-01-2024 12:00 AM
RES-F49878A510,905,10,403,2025-11-17,11-19-2025,Checked In,11-03-2025 12:00 AM
RES-E6FD293EAC,1208,2,39,16/06/2024,25-Jun-2024,checked_out,2024-05-13 00:00:00
RES-08FAB28EFD,1131,10,397,2025/04/06,09-Apr-2025,checked_out,03-01-2025 12:00 AM
RES-03A806C332,384,11,455,2026-04-16,20-Apr-2026,CHECKED_IN,03-03-2026 12:00 AM
RES-5F43093BE6,1136,7,278,2024-05-30,2024-06-03,no-show,2024-04-12 00:00:00
RES-ED1B53EA2A,45,3,100,25/11/2025,2025/12/03,CANCELLED,2025-10-28 00:00:00
RES-478C0CFF00,60,10,416,2026/06/29,02-Jul-2026,no_show,2026-05-27 00:00:00
RES-803760D9C2,315,7,294,2025-07-30,08-03-2025,canceled,07-26-2025 12:00 AM
RES-8F84E7C2C4,905,7,300,08-04-2024,07-Aug-2024,checked-out,27/06/2024 00:00
RES-ADEA7BFACB,451,9,375,02-Jun-2026,2026-06-05,pending,05-12-2026 12:00 AM
RES-BBFA12D7E1,501,11,432,2025/05/20,2025/05/29,Confirmed,2025-05-06 00:00:00
RES-22F7194BC7,851,2,53,2026-09-02,2026-09-04,PENDING,24/08/2026 00:00
RES-D0459CCD92,105,3,69,2025-10-24,2025-11-03,PND,2025-08-26 00:00:00
RES-E54568EE43,253,6,262,11-05-2026,2026-11-07,checked_in,2026-09-21 00:00:00
RES-EB9E67E769,156,14,602,16-Aug-2024,08-25-2024,no-show,19/06/2024 00:00
RES-FCF4047FFE,1207,8,315,15-Oct-2024,2024/10/16,CI,2024-09-09 00:00:00
RES-FF2891CF3D,65,8,309,2025-01-21,01-26-2025,NS,2025-01-13 00:00:00
RES-5BECD52D6C,1160,13,540,2025/08/06,11/08/2025,no_show,2025-07-22 00:00:00
RES-ED0381D364,379,8,317,2026/09/28,2026/10/06,checked-in,2026-08-03 00:00:00
RES-213C4DE8B6,631,11,467,2024-12-12,22-Dec-2024,CHECKED_IN,2024-12-11 00:00:00
RES-2B10D44C36,72,15,687,2026/09/26,10-02-2026,confirmed,08-16-2026 12:00 AM
RES-9089700E25,48,6,261,11-Jun-2026,17-Jun-2026,checked-out,13/05/2026 00:00
RES-4024829D3D,212,2,58,30/10/2024,2024-10-31,PENDING,2024-10-18 00:00:00
RES-21F95208C9,135,9,370,2025/11/22,,CO,29/09/2025 00:00
RES-BE750C6AA4,2,15,690,25/05/2026,05-31-2026,Checked In,2026-04-21 00:00:00
RES-99BA5A617F,613,12,506,10-18-2024,10-28-2024,no-show,30/08/2024 00:00
RES-3F4E1CD5EE,705,7,299,2025-10-06,15/10/2025,canceled,22/08/2025 00:00
RES-0C3FF21FE4,163,15,673,2026/08/17,2026/08/20,CHECKED_OUT,07-26-2026 12:00 AM
RES-8902E0B291,843,8,326,2026-09-18,2026-09-25,confirmed,2026-07-28 00:00:00
RES-C6D5C011AB,139,14,622,09-Jun-2025,2025/06/19,no-show,04-27-2025 12:00 AM
RES-6137439599,924,14,632,2024/07/16,07-22-2024,CNF,05-24-2024 12:00 AM
RES-E9D058E48B,54,1,12,17-Mar-2026,,conf,02-27-2026 12:00 AM
RES-DF5D679B8F,745,10,419,2025/03/01,2025/03/04,NOSHOW,2025-01-13 00:00:00
RES-BB174E417A,23,8,319,2026-07-01,11/07/2026,conf,06-23-2026 12:00 AM
RES-CB6BFF8A61,280,13,545,26-Sep-2026,06/10/2026,CONFIRMED,2026-08-25 00:00:00
RES-928BBC4BE6,1211,13,517,11-Dec-2024,12-20-2024,CI,03/12/2024 00:00
RES-3BC6D2B230,169,12,475,04-07-2026,12-Apr-2026,CHECKED_IN,09/03/2026 00:00
RES-D6828EC440,64,1,31,2025/05/27,05/06/2025,CANCELLED,05-10-2025 12:00 AM
RES-75CE71090B,296,3,73,05-15-2026,17/05/2026,cancelled,18/03/2026 00:00
RES-54605F34EF,967,11,470,02-23-2025,03-Mar-2025,NOSHOW,01-08-2025 12:00 AM
RES-BE7C0DB80F,56,13,523,27/06/2026,05-Jul-2026,NOSHOW,05-19-2026 12:00 AM
RES-873C9C23A1,304,11,437,2024-08-11,,pending,03/08/2024 00:00
RES-416064D32E,940,9,375,2026/08/26,27/08/2026,CHECKED_OUT,07-17-2026 12:00 AM
RES-879C335170,1039,2,46,12/08/2025,21-Aug-2025,conf,2025-06-22 00:00:00
RES-7248A3952D,728,11,425,12-10-2025,2025/12/18,CXL,2025-12-06 00:00:00
RES-E701693C5B,859,13,548,04/09/2026,09-13-2026,Checked In,2026-08-31 00:00:00
RES-BF1A49FE55,641,5,241,2025/09/06,07-Sep-2025,Checked Out,31/08/2025 00:00
RES-F852A50CE6,1192,7,282,2026-05-25,2026/06/03,no-show,2026-05-12 00:00:00
RES-9D55C077EA,805,1,14,17-Jul-2026,2026-07-21,CANCELLED,06-28-2026 12:00 AM
RES-14ABE704A0,280,10,413,01-Nov-2024,2024-11-09,Pending,25/09/2024 00:00
RES-50A71E84B0,782,14,619,2024-04-23,2024/04/25,checked-out,08/04/2024 00:00
RES-0FD682F6D4,1009,6,249,07-21-2025,28/07/2025,checked_out,07-12-2025 12:00 AM
RES-04C2612633,894,1,17,2026/06/25,07-01-2026,CXL,2026-05-29 00:00:00
RES-AE0DD5CEBB,925,11,449,30-Mar-2025,05-Apr-2025,cancelled,03-10-2025 12:00 AM
RES-FF3B5286FB,913,3,133,2025-12-14,12-19-2025,Pending,2025-10-17 00:00:00
RES-EF69BBE130,171,11,425,13/09/2025,2025/09/22,Confirmed,08-19-2025 12:00 AM
RES-7B51894F27,362,3,118,2026-03-05,2026-03-13,checked_in,03-03-2026 12:00 AM
RES-CEEF134837,1209,12,499,2026/05/27,01/06/2026,CANCELLED,18/04/2026 00:00
RES-3C91B31554,594,8,334,04-15-2025,04-25-2025,CO,07/04/2025 00:00
RES-8540E0AF02,87,8,332,2024/05/09,2024-05-12,conf,2024-03-11 00:00:00
RES-FB51C46006,588,7,293,25/11/2024,2024/12/04,Cancelled,13/11/2024 00:00
RES-41A3A52C03,761,1,20,06-Oct-2026,2026-10-11,conf,2026-08-20 00:00:00
RES-038F1AA3AD,780,2,34,22/07/2024,2024/07/25,CHECKED_OUT,04/07/2024 00:00
RES-25B1BC49E6,1163,12,493,2025-07-18,2025/07/28,CI,07-03-2025 12:00 AM
RES-986D6ACE42,1196,1,20,2025/12/13,18/12/2025,checked_in,2025-10-25 00:00:00
RES-FC26ED2C92,553,14,559,10-Apr-2025,2025-04-11,no-show,04-07-2025 12:00 AM
RES-670DA15455,61,13,529,03-Jan-2026,2026-01-07,checked-out,2025-12-08 00:00:00
RES-3DEE705DDF,133,9,369,10-01-2024,10-02-2024,NS,11/09/2024 00:00
RES-DB54C815AB,350,10,397,2024-04-17,18-Apr-2024,CONFIRMED,03-03-2024 12:00 AM
RES-77A9FA1200,591,11,449,2024-07-04,2024-07-12,PENDING,2024-06-03 00:00:00
RES-A958C2775A,277,4,171,21/07/2025,2025/07/31,canceled,07-05-2025 12:00 AM
RES-EACEC854C5,1005,11,426,2026-08-12,13-Aug-2026,CANCELLED,2026-07-01 00:00:00
RES-E0443BE0E7,459,9,377,07/06/2025,06-08-2025,CXL,13/05/2025 00:00
RES-6872DC75C0,353,5,211,08-07-2024,14-Aug-2024,canceled,2024-06-10 00:00:00
RES-1AA230F120,91,5,195,25/08/2026,29/08/2026,Checked Out,26/06/2026 00:00
RES-3B6B919240,725,2,61,2024-08-27,01-Sep-2024,NS,08-07-2024 12:00 AM
RES-D9BCCF5E63,1177,2,49,27/08/2026,09-01-2026,CXL,17/08/2026 00:00
RES-C90CB87750,282,4,169,15/01/2026,2026-01-19,CXL,13/12/2025 00:00
RES-430D9E24BF,55,13,549,08-Aug-2024,12-Aug-2024,checked_in,29/06/2024 00:00
RES-A5A8B61A3D,639,6,270,22/11/2024,2024/11/27,checked-out,06/10/2024 00:00
RES-B4A5B364F2,474,3,87,17/04/2026,26/04/2026,Checked In,03-31-2026 12:00 AM
RES-30E3D1F479,449,8,357,30/07/2025,2025/08/01,confirmed,08/07/2025 00:00
RES-A2C54E6F48,861,6,250,14-Jan-2025,24-Jan-2025,checked_out,20/12/2024 00:00
RES-8FA44C3B38,741,8,358,29/10/2025,07/11/2025,canceled,23/10/2025 00:00
RES-4D919FE260,762,7,295,01-26-2024,2024/01/30,Confirmed,01-18-2024 12:00 AM
RES-59671A2DEE,285,5,204,27/09/2026,2026-09-30,checked-out,08-15-2026 12:00 AM
RES-E7BF181BF3,81,3,118,31-Jul-2025,09-Aug-2025,checked_out,07-05-2025 12:00 AM
RES-A7E248FCA5,1106,10,419,2026/04/16,2026/04/26,CHECKED_IN,04-01-2026 12:00 AM
RES-45D07ADFA8,680,2,52,2026-03-17,19/03/2026,No Show,03-11-2026 12:00 AM
RES-692003283B,1165,11,433,07-28-2024,05/08/2024,PND,05-29-2024 12:00 AM
RES-465188A034,258,5,225,12/02/2026,2026-02-14,checked-in,2025-12-14 00:00:00
RES-0F63614EEA,145,3,113,14-Dec-2025,12-21-2025,confirmed,08/11/2025 00:00
RES-62D19CF0AF,517,2,45,18/04/2026,28/04/2026,CI,27/03/2026 00:00
RES-7AF8568AA4,31,9,362,14/11/2024,15/11/2024,confirmed,10-15-2024 12:00 AM
RES-453EE4B216,389,9,380,2024/04/05,10-Apr-2024,CONFIRMED,2024-03-23 00:00:00
RES-F115B631DF,330,9,375,12-22-2025,27/12/2025,canceled,12-21-2025 12:00 AM
RES-09A141EF05,43,7,276,29/10/2026,2026/11/06,CXL,2026-09-19 00:00:00
RES-FFF6F3EBEA,194,2,56,2024-05-03,05-May-2024,PND,04-09-2024 12:00 AM
RES-C4001EAD8D,317,5,178,13-Mar-2024,21-Mar-2024,checked-out,2024-02-04 00:00:00
RES-B6F476DC75,158,1,20,10/03/2026,15/03/2026,Checked Out,01-14-2026 12:00 AM
RES-B9AC5C3C08,987,13,544,2025-12-23,29-Dec-2025,canceled,2025-12-11 00:00:00
RES-4F35EEFC88,763,14,617,09-30-2025,10-05-2025,conf,08-18-2025 12:00 AM
RES-0B95BE3244,19,5,202,2025/02/17,24-Feb-2025,PND,2025-02-11 00:00:00
RES-38D48CE8D0,334,12,504,06-Jul-2026,07-12-2026,no-show,10/05/2026 00:00
RES-79F85CD64A,210,4,166,2026/04/19,2026/04/29,CXL,17/03/2026 00:00
RES-3194C54462,428,14,625,2026/01/18,24-Jan-2026,checked-in,11-24-2025 12:00 AM
RES-997C045919,269,3,100,2025-03-23,2025-03-25,checked-in,2025-03-03 00:00:00
RES-43799AE0BC,692,15,658,2025-04-22,29-Apr-2025,Pending,24/03/2025 00:00
RES-8744E22F6B,256,2,40,2025/07/28,2025/08/01,no-show,07-08-2025 12:00 AM
RES-EBED562D98,844,10,416,2025-03-03,12/03/2025,CO,03/02/2025 00:00
RES-C750E6D2B0,211,5,219,22-Jun-2026,2026-06-29,CHECKED_OUT,04-26-2026 12:00 AM
RES-E36CFCB4A4,619,9,390,08-11-2025,2025/08/18,pending,2025-07-31 00:00:00
RES-F6DDA6C3C8,932,9,391,11-27-2024,2024/12/07,PENDING,31/10/2024 00:00
RES-A0CE67E9E5,927,8,321,2025-08-05,2025-08-06,PND,07-25-2025 12:00 AM
RES-F6D863D113,1070,4,148,09-29-2024,02/10/2024,CONFIRMED,28/08/2024 00:00
RES-61F78F0344,1009,12,493,26/03/2024,03-Apr-2024,CO,03-04-2024 12:00 AM
RES-E0C884F87C,101,4,141,27/02/2024,2024-03-02,CHECKED_OUT,02-09-2024 12:00 AM
RES-0E9A6EC30C,267,14,562,03/06/2026,07/06/2026,checked_in,05-10-2026 12:00 AM
RES-15FA234519,880,10,404,2025-05-20,2025-05-29,CNF,05-12-2025 12:00 AM
RES-AFAF28FF5A,885,6,269,06-02-2025,09-Jun-2025,no_show,04-05-2025 12:00 AM
RES-4AFC31C892,818,14,612,04-06-2024,04-13-2024,CANCELLED,2024-03-28 00:00:00
RES-3186515844,245,5,183,12-Jun-2024,21-Jun-2024,NOSHOW,2024-05-27 00:00:00
RES-0E245A58EB,556,13,550,25/03/2024,04-04-2024,checked-out,02-27-2024 12:00 AM
RES-423C1CCC38,664,4,145,07/10/2026,11-Oct-2026,checked-out,2026-08-26 00:00:00
RES-D62C98A1DD,80,4,164,28/05/2025,05-Jun-2025,CHECKED_OUT,05-25-2025 12:00 AM
RES-D20D82FE98,906,1,28,2024-02-15,02-25-2024,PND,2024-01-17 00:00:00
RES-FE7326A60A,1196,1,16,11-18-2024,11-22-2024,no_show,10-12-2024 12:00 AM
RES-2389C77609,383,11,444,04/05/2025,13-May-2025,Cancelled,25/03/2025 00:00
RES-0A0B3C86E5,220,15,690,2026-08-08,2026/08/14,no_show,22/07/2026 00:00
RES-7EF401E138,28,7,288,2025-10-28,04-Nov-2025,Confirmed,2025-10-22 00:00:00
RES-61F203F20D,354,4,156,19/02/2024,23/02/2024,Checked Out,01/02/2024 00:00
RES-1938CCB9A6,619,5,240,2026-10-11,10-18-2026,PND,09-23-2026 12:00 AM
RES-463DA7F077,741,2,62,12-May-2025,2025/05/13,conf,04-22-2025 12:00 AM
RES-36FC5CE2DB,1112,12,474,2024-06-14,22-Jun-2024,Pending,2024-05-22 00:00:00
RES-AE6316F3B7,975,5,231,2025/03/27,02-Apr-2025,confirmed,02-23-2025 12:00 AM
RES-E2A751406B,924,11,428,05-30-2025,,CI,01/04/2025 00:00
RES-9FB6E38475,143,11,446,11/12/2024,12-18-2024,No Show,2024-11-13 00:00:00
RES-2FA1DEDF5F,278,3,71,22/02/2026,23-Feb-2026,checked-in,2026-01-12 00:00:00
RES-CF7EA9BAA7,788,14,596,2025-06-16,22/06/2025,no_show,05-13-2025 12:00 AM
RES-F0C7B6C8FE,564,5,244,02-15-2026,2026/02/19,Confirmed,21/01/2026 00:00
RES-36B9179403,547,14,570,27/04/2024,2024/04/29,CI,04-18-2024 12:00 AM
RES-E644CC1D08,402,15,652,20-Nov-2025,23/11/2025,Cancelled,10-10-2025 12:00 AM
RES-4F9CCB2F50,1047,5,234,2025-10-22,2025/10/25,No Show,2025-09-30 00:00:00
RES-6005C5C729,135,3,90,2026-08-27,2026-08-31,CHECKED_IN,08-15-2026 12:00 AM
RES-DCA41E8009,1171,12,473,12/08/2025,2025-08-21,Pending,2025-06-30 00:00:00
RES-3D6AA8707C,1194,7,285,01/08/2026,06/08/2026,Checked In,06-11-2026 12:00 AM
RES-142731C74E,1155,2,59,2025/08/01,08-10-2025,conf,02/07/2025 00:00
RES-D355A59F4C,1081,10,402,23/04/2025,28-Apr-2025,CNF,2025-02-28 00:00:00
RES-9138DD6BDF,996,1,7,2026/08/11,2026/08/18,no-show,22/06/2026 00:00
RES-5286E966C9,1045,1,25,2024/05/19,2024-05-26,checked-out,2024-03-30 00:00:00
RES-CABCE50DC2,752,15,686,04-Dec-2025,05-Dec-2025,NS,10-23-2025 12:00 AM
RES-B45BA1B0FE,685,1,23,03/03/2025,03-09-2025,confirmed,2025-01-05 00:00:00
RES-AC6D8DC9A9,141,7,290,09-Jul-2024,07-17-2024,NS,18/05/2024 00:00
RES-0D42829C9F,877,5,186,11-May-2026,2026/05/20,checked-in,05-06-2026 12:00 AM
RES-60DF898791,1161,14,606,04-22-2024,04-23-2024,CXL,22/02/2024 00:00
RES-D88D45A0F4,822,7,292,2024-05-11,2024-05-18,checked_out,04-14-2024 12:00 AM
RES-B22C568BFA,322,1,2,03/10/2026,11-Oct-2026,PND,10/08/2026 00:00
RES-E675B32E99,237,6,274,01/01/2025,2025/01/09,checked_in,12-10-2024 12:00 AM
RES-19DB8FF44A,788,4,158,23-Jan-2026,27/01/2026,Cancelled,11-25-2025 12:00 AM
RES-B1A271EC4D,706,13,539,26/12/2025,2025-12-28,confirmed,2025-12-11 00:00:00
RES-F991D128CF,1208,10,413,2024/08/21,26-Aug-2024,pending,2024-07-05 00:00:00
RES-9ED82247FD,54,1,21,2025-06-16,2025/06/18,CONFIRMED,04-21-2025 12:00 AM
RES-3FCBD70118,975,6,264,11/02/2025,2025/02/18,checked-in,03/01/2025 00:00
RES-4BE4A1D014,233,12,498,28/03/2025,,checked-out,03/03/2025 00:00
RES-1483E5DD8B,74,4,160,2024/04/03,2024-04-05,CHECKED_OUT,03-12-2024 12:00 AM
RES-B612F9DFC3,841,4,165,08-Dec-2024,12-13-2024,Checked In,24/10/2024 00:00
RES-1DE56617F6,90,6,248,2025/04/21,2025/04/28,checked-in,24/02/2025 00:00
RES-2AC52DA1EC,1220,6,248,23/07/2024,2024/07/29,Checked Out,2024-06-29 00:00:00
RES-E3E68921D0,565,13,545,09-15-2024,2024/09/17,CO,14/09/2024 00:00
RES-443C168E5B,328,15,644,2024/10/11,14/10/2024,Pending,19/09/2024 00:00
RES-75848EC784,1068,1,9,17/10/2025,19/10/2025,PENDING,2025-08-20 00:00:00
RES-F91FC9D7F2,75,10,417,2024/02/28,03-03-2024,Pending,02-18-2024 12:00 AM
RES-E652B8A61B,620,12,476,06-02-2024,2024/06/10,CNF,2024-05-04 00:00:00
RES-826568ACAE,758,15,642,25-Apr-2024,05-May-2024,Cancelled,04-24-2024 12:00 AM
RES-9755B5DC8E,458,2,46,07-Feb-2026,16-Feb-2026,NOSHOW,08/01/2026 00:00
RES-4CDD13532B,5,12,501,2026-07-31,03-Aug-2026,cancelled,07-01-2026 12:00 AM
RES-C6EDC1DEE4,58,10,398,2026/04/07,04-14-2026,Checked Out,2026-04-03 00:00:00
RES-1964B168B8,906,9,376,2024/08/27,02-Sep-2024,confirmed,2024-07-14 00:00:00
RES-328E5B0413,1151,6,265,14-May-2025,05-20-2025,cancelled,2025-04-26 00:00:00
RES-F18F271A6D,766,3,77,2024/04/02,09/04/2024,canceled,03-20-2024 12:00 AM
RES-F8197C24B2,8,12,491,10-Oct-2026,10-17-2026,Cancelled,09-21-2026 12:00 AM
RES-3CC04DEA2F,223,15,636,2025/06/13,23-Jun-2025,CO,2025-05-04 00:00:00
RES-043A0B85FF,328,9,366,2025-05-22,05-24-2025,CANCELLED,07/04/2025 00:00
RES-C3CA793A8A,419,12,513,17/03/2025,2025-03-21,checked-out,2025-03-11 00:00:00
RES-ABE17C8CF5,1038,14,608,12-Dec-2025,2025/12/22,confirmed,2025-10-19 00:00:00
RES-72C85E45F3,794,4,152,16-May-2026,26-May-2026,NOSHOW,03-28-2026 12:00 AM
RES-4FCFA6E092,138,7,294,22-Jul-2024,2024-07-29,conf,06-26-2024 12:00 AM
RES-94D4E41290,85,3,109,2025-04-14,17/04/2025,Pending,2025-03-31 00:00:00
RES-6C7EEB2558,39,13,553,08-Jun-2026,11/06/2026,CHECKED_OUT,2026-05-13 00:00:00
RES-915CE6F240,1135,14,631,2024/06/24,02-Jul-2024,CO,27/05/2024 00:00
RES-5C7C138B5A,232,1,23,14/02/2024,16-Feb-2024,checked-out,18/01/2024 00:00
RES-CEE4D5E16D,1029,1,18,2025/05/17,2025/05/23,CANCELLED,05-10-2025 12:00 AM
RES-B71CB1761C,1221,13,523,2024/09/10,2024-09-20,Pending,27/08/2024 00:00
RES-1BA82FA403,648,9,378,21-May-2024,2024-05-24,no_show,03-23-2024 12:00 AM
RES-9C27CCA301,646,3,82,03/01/2026,2026/01/09,no-show,05/11/2025 00:00
RES-207049D851,322,7,295,07/04/2026,12-Apr-2026,CHECKED_OUT,2026-02-11 00:00:00
RES-0B64E309C2,697,1,9,06-21-2024,01/07/2024,checked_out,05-20-2024 12:00 AM
RES-79DD481F68,994,12,498,2025/04/08,04-16-2025,CONFIRMED,22/03/2025 00:00
RES-F746B86F4A,48,5,190,13/03/2025,2025/03/14,checked-out,02-15-2025 12:00 AM
RES-C235901FAA,727,5,200,2024-02-15,2024-02-25,no_show,07/01/2024 00:00
RES-897B35AF81,1216,9,388,21/02/2025,22-Feb-2025,Pending,08/01/2025 00:00
RES-3A7BAE09FA,687,3,123,19/06/2026,24/06/2026,PND,2026-05-09 00:00:00
RES-598D0F410E,374,3,98,2026/06/01,08/06/2026,CI,05-28-2026 12:00 AM
RES-AC0459F14B,112,5,242,24-Sep-2024,2024-09-25,CHECKED_IN,06/08/2024 00:00
RES-FE9901EBAB,626,1,27,19-Feb-2025,2025/02/26,Cancelled,01-16-2025 12:00 AM
RES-49362E0FFB,204,1,32,2026-04-08,14-Apr-2026,Checked Out,12/02/2026 00:00
RES-EA14E34AF4,1173,10,401,2024-04-28,2024/05/07,Cancelled,04-08-2024 12:00 AM
RES-4FA39AB281,821,15,652,2024-12-11,2024/12/17,PND,2024-10-24 00:00:00
RES-47C4AA69B4,678,1,9,2025/04/09,19/04/2025,Cancelled,2025-03-08 00:00:00
RES-BCAE291433,1113,14,571,2024/05/01,2024-05-06,PND,07/03/2024 00:00
RES-822B333C29,612,12,508,2025-09-29,2025/10/01,PND,09-19-2025 12:00 AM
RES-4BF8CB6A75,185,8,333,29-Jul-2026,07-Aug-2026,PENDING,17/07/2026 00:00
RES-B04A547264,1157,5,184,2025/11/11,2025-11-15,no_show,11-06-2025 12:00 AM
RES-2534E0317E,475,15,679,01-Mar-2026,2026-03-07,checked_out,01-15-2026 12:00 AM
RES-37FC7389ED,131,4,143,01-29-2025,08/02/2025,canceled,12-09-2024 12:00 AM
RES-C0CB3FCD7C,365,5,229,03-15-2024,24-Mar-2024,CNF,2024-02-16 00:00:00
RES-4762F12AA2,623,12,508,2024-05-05,07/05/2024,checked_in,2024-03-12 00:00:00
RES-997F10B648,687,13,519,02/08/2026,07-Aug-2026,PND,06-12-2026 12:00 AM
RES-48A398EBDB,107,15,651,2026/08/20,2026/08/23,CHECKED_IN,07-28-2026 12:00 AM
RES-932C8EB436,517,9,362,01-Jan-2026,2026-01-04,CNF,11/12/2025 00:00
RES-FB1F56B06C,193,14,608,2025-05-22,2025-05-31,cancelled,12/05/2025 00:00
RES-5E0D4D7258,851,5,226,2025/06/03,06-06-2025,No Show,05-31-2025 12:00 AM
RES-8E23455019,916,12,513,12-Jun-2026,06-15-2026,checked_out,2026-04-21 00:00:00
RES-3258E56F63,582,6,262,2026/08/09,2026-08-12,no_show,06-19-2026 12:00 AM
RES-B13A114ED6,842,2,55,2025/11/04,11-08-2025,PND,2025-09-21 00:00:00
RES-EB87D6CE14,18,4,158,01-22-2024,2024/01/30,Confirmed,2024-01-08 00:00:00
RES-0C54EA153E,792,10,413,05-Apr-2024,04-13-2024,CONFIRMED,20/02/2024 00:00
RES-773D8286D3,386,13,538,20-Dec-2025,12-28-2025,pending,12-01-2025 12:00 AM
RES-3ACF135188,767,5,233,2026/06/13,06-14-2026,pending,04-29-2026 12:00 AM
RES-2711BF456F,734,6,270,14/03/2024,18-Mar-2024,checked-out,01-19-2024 12:00 AM
RES-AA6777654A,199,12,479,2026/06/08,09-Jun-2026,canceled,2026-05-23 00:00:00
RES-B3AB9B1168,984,14,594,2025/12/21,2025/12/28,checked_out,11/11/2025 00:00
RES-A62D072E4A,136,5,240,2025/06/07,2025/06/10,checked-out,2025-04-26 00:00:00
RES-41F2B75835,237,5,242,2026-06-24,02/07/2026,CI,2026-05-14 00:00:00
RES-0331AA5FB0,109,8,307,10-Dec-2025,2025-12-16,no-show,10-30-2025 12:00 AM
RES-8C3A7A887F,576,4,157,03-Nov-2025,11-08-2025,CANCELLED,10-02-2025 12:00 AM
RES-740E00FFF0,377,6,265,31-Mar-2025,2025/04/04,Cancelled,02-12-2025 12:00 AM
RES-7980ECB991,730,2,58,22-Nov-2024,11-24-2024,Checked Out,2024-10-02 00:00:00
RES-55984102D3,125,12,474,06-Feb-2026,02-16-2026,no-show,11/01/2026 00:00
RES-CBD6B3F910,695,14,581,2026/04/14,18/04/2026,no-show,02-19-2026 12:00 AM
RES-9321ACCC84,971,3,72,03-Feb-2025,07-Feb-2025,PND,11/01/2025 00:00
RES-CF7BB5C4B1,210,3,76,01/02/2026,11-Feb-2026,CANCELLED,2025-12-12 00:00:00
RES-6644E2642B,760,10,395,2024-04-27,29/04/2024,NS,12/04/2024 00:00
RES-77F3EE1EC4,1219,13,541,2024-04-22,26-Apr-2024,CHECKED_OUT,12/04/2024 00:00
RES-E0684B7C48,810,6,269,17-Jun-2024,23/06/2024,checked_in,08/06/2024 00:00
RES-E80C6B961F,167,1,8,2024/10/07,2024-10-11,checked_in,2024-09-28 00:00:00
RES-D3219E5B31,522,3,97,09-26-2024,09-29-2024,CANCELLED,2024-09-14 00:00:00
RES-0B02384E38,620,15,674,05-03-2024,2024/05/05,NOSHOW,03-21-2024 12:00 AM
RES-E62DB330D4,586,14,575,19/08/2024,2024/08/21,PND,16/07/2024 00:00
RES-85CBCD7154,57,13,531,21/09/2025,01-Oct-2025,checked_out,2025-08-16 00:00:00
RES-8767D4408A,1092,8,326,12-13-2025,12-21-2025,confirmed,23/10/2025 00:00
RES-A19C5498CB,332,5,206,08-01-2024,2024/08/08,canceled,16/06/2024 00:00
RES-1B3BAFAFFA,736,3,102,2026/07/04,13/07/2026,Checked Out,06-19-2026 12:00 AM
RES-B9E292A900,310,10,416,08-Sep-2024,09-16-2024,CANCELLED,23/07/2024 00:00
RES-6DCE228484,705,2,50,12-Nov-2024,17/11/2024,Checked In,2024-10-20 00:00:00
RES-C9ABF54083,1025,9,383,2025/09/15,2025/09/17,Confirmed,08/08/2025 00:00
RES-1C4F542016,1183,8,319,05-10-2026,19/05/2026,confirmed,2026-03-15 00:00:00
RES-DCCD277858,297,4,172,04/07/2026,2026-07-06,checked_out,05-06-2026 12:00 AM
RES-CE9540884C,188,15,642,26/04/2026,2026-05-04,CXL,03-20-2026 12:00 AM
RES-8A1CFF4BC0,294,11,434,2025/01/28,,conf,29/11/2024 00:00
RES-09FE471552,1103,13,553,05-15-2024,05-16-2024,CONFIRMED,2024-03-18 00:00:00
RES-17252BEDCA,118,14,630,06-Sep-2026,09-13-2026,pending,12/08/2026 00:00
RES-17CC252494,775,14,590,25/07/2024,2024/07/29,Checked Out,29/05/2024 00:00
RES-EECD110B05,883,10,412,11/02/2026,2026-02-21,NS,12-13-2025 12:00 AM
RES-72D5066C96,755,6,274,13/09/2025,2025/09/20,CHECKED_OUT,2025-09-07 00:00:00
RES-98EA62DA16,265,7,286,18-Oct-2025,25/10/2025,Cancelled,2025-09-08 00:00:00
RES-DF5FD56408,26,8,311,10-21-2024,2024/10/29,canceled,18/10/2024 00:00
RES-5600A37C7B,459,3,128,2025/06/23,29-Jun-2025,PND,2025-05-21 00:00:00
RES-99E950262C,811,5,219,06-Jan-2026,2026-01-14,checked-out,11/12/2025 00:00
RES-9A13BFF984,1138,10,409,2024-08-22,2024/08/30,No Show,07-26-2024 12:00 AM
RES-57E1A54367,382,7,301,10/01/2025,19/01/2025,No Show,12-10-2024 12:00 AM
RES-8C8349BB6D,451,12,475,18-Mar-2024,21/03/2024,Pending,19/02/2024 00:00
RES-6A10236621,971,5,209,05-25-2025,2025/05/30,checked_in,03-26-2025 12:00 AM
RES-7283576A0E,11,9,393,2025/10/09,2025-10-18,canceled,2025-08-17 00:00:00
RES-CE7F2D3E04,1079,8,321,06-12-2026,06-20-2026,checked-in,06-07-2026 12:00 AM
RES-BC2483A527,720,2,57,2024-07-19,2024-07-25,cancelled,05-21-2024 12:00 AM
RES-E15B161860,975,10,408,04-Apr-2024,2024/04/07,canceled,2024-02-21 00:00:00
RES-FA4AC5675E,1026,15,687,12/09/2024,2024-09-19,no-show,08-02-2024 12:00 AM
RES-88680CDBB5,556,14,613,2026-10-20,10-27-2026,NS,09-09-2026 12:00 AM
RES-1CF8A4B619,234,4,146,2026-03-19,25-Mar-2026,CNF,19/01/2026 00:00
RES-79AD299424,1047,12,477,2024/02/27,03-05-2024,cancelled,01-14-2024 12:00 AM
RES-2748B942ED,833,2,41,12-Sep-2024,09-13-2024,NOSHOW,07-24-2024 12:00 AM
RES-42CCB8560D,157,4,162,2026/08/25,2026-09-02,CO,08/07/2026 00:00
RES-57545476EC,656,10,407,2026/08/11,20/08/2026,no_show,02/07/2026 00:00
RES-EF691F9905,207,12,475,2026/10/17,10-19-2026,canceled,2026-09-05 00:00:00
RES-92A97B6BDB,485,15,687,2025/03/19,2025-03-22,checked-out,02-15-2025 12:00 AM
RES-B51E683353,1198,5,182,09-25-2024,2024-10-05,Checked Out,17/09/2024 00:00
RES-C92517D71E,17,6,265,2025-02-03,02-06-2025,pending,12-25-2024 12:00 AM
RES-A91B361761,318,4,146,26/10/2024,2024-10-27,CANCELLED,2024-09-04 00:00:00
RES-A48D989BA1,565,14,592,12/02/2026,02-14-2026,CO,01-17-2026 12:00 AM
RES-FBF4F9F026,389,11,465,29/12/2025,2025-12-30,NS,2025-12-02 00:00:00
RES-ECBE6F8CBF,164,11,444,22/12/2024,2024-12-23,CNF,2024-10-25 00:00:00
RES-65E0A589E9,846,13,524,2025/06/19,2025-06-27,Pending,2025-04-22 00:00:00
RES-75EBED7693,299,3,110,03-Feb-2026,05-Feb-2026,checked-out,2026-01-20 00:00:00
RES-7014C1768E,744,12,483,2025-04-09,17-Apr-2025,CONFIRMED,2025-03-18 00:00:00
RES-20D095DC13,285,7,285,2024-10-29,31-Oct-2024,CONFIRMED,2024-10-17 00:00:00
RES-C01117C9AC,659,1,25,2026-10-02,2026-10-05,checked_in,08-30-2026 12:00 AM
RES-239B506288,769,3,95,09-22-2025,29/09/2025,CNF,2025-09-02 00:00:00
RES-9149253549,1062,4,168,15/04/2026,19/04/2026,CHECKED_OUT,2026-04-03 00:00:00
RES-39C0F7F596,611,10,420,11-Feb-2025,2025-02-13,PENDING,12-28-2024 12:00 AM
RES-7813EC8A2D,767,9,371,08-28-2026,2026/08/31,cancelled,08-05-2026 12:00 AM
RES-192BDC892E,828,8,303,2026-07-20,07-29-2026,confirmed,06-14-2026 12:00 AM
RES-735D3EFA24,789,3,71,30-Mar-2024,2024-03-31,CXL,21/02/2024 00:00
RES-C224E1E262,1217,8,329,27/04/2025,04-28-2025,cancelled,25/03/2025 00:00
RES-85FB371094,623,13,552,22-Sep-2024,09-28-2024,No Show,29/08/2024 00:00
RES-0F70869034,907,5,237,12-15-2024,2024/12/22,Checked Out,2024-11-23 00:00:00
RES-6E4FCE0A56,1203,3,96,2024-09-02,09-11-2024,NS,26/08/2024 00:00
RES-C4C8A4475E,327,1,13,2024-08-12,2024/08/16,cancelled,26/07/2024 00:00
RES-F39DB9293E,712,9,362,2024/04/10,2024-04-14,PND,2024-03-12 00:00:00
RES-AB295DC9D6,978,12,513,01-28-2025,2025/01/31,NS,12-16-2024 12:00 AM
RES-3DDF559E7A,480,12,503,15-Mar-2024,2024/03/17,CXL,2024-03-02 00:00:00
RES-9EE5BC67F7,1094,9,393,03-09-2024,13/03/2024,CNF,08/02/2024 00:00
RES-E0CE01BF10,1057,11,434,05-06-2025,2025/05/14,checked_out,2025-03-21 00:00:00
RES-2560D7B596,312,6,269,2024-06-28,2024/07/06,PENDING,16/05/2024 00:00
RES-B30E2EF993,321,8,344,08-20-2026,21/08/2026,NS,06-26-2026 12:00 AM
RES-9DED4C2334,560,13,549,2025/01/14,18/01/2025,NOSHOW,16/11/2024 00:00
RES-72A57F2C3E,1171,7,277,2026-09-15,2026-09-20,pending,08-04-2026 12:00 AM
RES-5C964BBAD4,911,2,48,30/07/2026,2026-08-06,checked-out,05/07/2026 00:00
RES-059551B996,25,3,98,06-Oct-2025,10-13-2025,checked_out,18/08/2025 00:00
RES-3351D2E41E,731,3,82,05-04-2025,05-10-2025,Checked Out,21/03/2025 00:00
RES-D2A6BA45ED,334,7,291,03-Apr-2024,04-09-2024,checked-in,2024-02-07 00:00:00
RES-71C5A55405,570,12,474,30/11/2025,2025/12/10,PND,2025-10-04 00:00:00
RES-7296E99A11,440,8,326,02-04-2025,07/02/2025,Checked In,12-26-2024 12:00 AM
RES-4CA2BAA1ED,1116,15,649,2024-01-20,2024-01-28,CO,2024-01-13 00:00:00
RES-BEA6DC7D6E,1070,12,480,25/04/2026,2026/05/04,PENDING,09/04/2026 00:00
RES-0FFF4DAB65,1023,4,159,2025/12/12,12-15-2025,CXL,07/12/2025 00:00
RES-EA88B78423,1086,13,537,2026/03/13,2026-03-18,CNF,03-12-2026 12:00 AM
RES-D239B0F6AD,670,8,317,2025-10-01,2025/10/07,canceled,2025-08-03 00:00:00
RES-FAA9A5C9AA,1161,5,221,2026/03/24,2026/03/28,canceled,2026-02-04 00:00:00
RES-F8A90C26AA,471,8,334,03-08-2026,2026/03/09,PENDING,02-02-2026 12:00 AM
RES-1CB08F4CB2,1099,12,491,2025-01-06,01-12-2025,Checked Out,27/11/2024 00:00
RES-BAED45C18A,108,5,198,03-17-2025,24-Mar-2025,NOSHOW,2025-03-01 00:00:00
RES-0E9840DB33,92,5,242,2026/09/19,2026-09-28,No Show,08-07-2026 12:00 AM
RES-3BA4138BA1,933,5,202,09/04/2026,2026/04/19,CHECKED_IN,2026-03-01 00:00:00
RES-F569DC66D1,930,2,33,2026/06/01,2026-06-06,conf,05-31-2026 12:00 AM
RES-37BBD3D5FC,1187,10,419,2025-04-17,2025/04/19,CANCELLED,04-03-2025 12:00 AM
RES-C54EFC9B65,373,2,46,02-12-2025,2025-02-21,Confirmed,2025-01-11 00:00:00
RES-0D5D93F2B9,1039,3,77,2025/04/21,23-Apr-2025,conf,2025-03-12 00:00:00
RES-08D677B072,1192,10,396,2025-06-02,07-Jun-2025,PENDING,22/05/2025 00:00
RES-F810C54F53,1042,12,497,04-26-2024,27/04/2024,checked_in,16/03/2024 00:00
RES-749E8C6CF3,435,4,156,2026-01-08,10-Jan-2026,no-show,04/12/2025 00:00
RES-9639CE9885,1208,6,248,22/03/2024,30-Mar-2024,Checked In,2024-01-28 00:00:00
RES-43C763F348,1176,12,497,2025/08/07,2025-08-15,CANCELLED,2025-08-01 00:00:00
RES-E7E5587282,987,6,250,31-Jul-2024,03/08/2024,NOSHOW,2024-06-14 00:00:00
RES-C03BC9D9E6,130,15,641,03-21-2026,2026/03/25,CO,2026-02-13 00:00:00
RES-3BE7AB62C6,657,1,10,2024/08/01,09/08/2024,cancelled,2024-07-11 00:00:00
RES-4B8D4E5B50,693,15,646,2025-11-15,11-22-2025,checked_in,2025-09-25 00:00:00
RES-250EBDB65A,1124,6,264,19/08/2024,25/08/2024,no_show,2024-08-13 00:00:00
RES-CF25CC7BA8,699,1,20,2025-03-15,19/03/2025,confirmed,19/02/2025 00:00
RES-2F2AA0DB96,387,9,383,2024-03-12,03-15-2024,CHECKED_IN,2024-02-21 00:00:00
RES-6579489735,648,5,212,31-Mar-2024,07/04/2024,CNF,03-18-2024 12:00 AM
RES-19197CD271,1082,4,141,22-Aug-2026,08-31-2026,no-show,2026-07-05 00:00:00
RES-0D643AAB67,628,7,283,2024/04/13,2024-04-16,cancelled,04-11-2024 12:00 AM
RES-D213F7CFE1,439,8,324,03-Feb-2025,2025/02/05,cancelled,01-02-2025 12:00 AM
RES-77EAEA906C,1014,12,502,01/08/2024,10/08/2024,no_show,15/07/2024 00:00
RES-75A8220AAD,245,5,239,30-Dec-2024,01-Jan-2025,Checked Out,2024-12-26 00:00:00
RES-0C1C29122E,1055,4,164,31-Jan-2025,04-Feb-2025,CNF,01-01-2025 12:00 AM
RES-4797230E00,39,7,278,2025-08-04,2025/08/13,CONFIRMED,02/08/2025 00:00
RES-8FD350F3A8,592,7,294,2025/08/30,09-08-2025,CANCELLED,2025-07-26 00:00:00
RES-D2E6B3B8C7,629,2,51,2025/09/11,09-12-2025,NOSHOW,2025-07-22 00:00:00
RES-A2E2A7E7C0,1128,12,499,10-19-2024,28/10/2024,CONFIRMED,25/08/2024 00:00
RES-465B7D4D3D,996,4,156,06-22-2026,25/06/2026,no_show,20/05/2026 00:00
RES-02C77C1D98,351,13,533,10-22-2025,28-Oct-2025,CXL,2025-09-13 00:00:00
RES-59476EFF6E,518,6,257,2024-09-01,11-Sep-2024,Checked In,2024-07-12 00:00:00
RES-EEAD0CE862,6,3,135,22/08/2026,2026-08-25,CANCELLED,07-04-2026 12:00 AM
RES-9EB5DF7E72,283,1,10,02-Jul-2025,2025-07-12,PND,2025-05-28 00:00:00
RES-8383A33489,235,1,9,04-06-2026,2026-04-15,CO,02-11-2026 12:00 AM
RES-3F6D487B05,286,12,502,11-Aug-2025,15-Aug-2025,Checked Out,2025-07-16 00:00:00
RES-C7FDD31A49,966,2,43,2026-06-09,06-18-2026,CANCELLED,05-29-2026 12:00 AM
RES-6CB6DE41AB,384,2,56,2024/09/10,11-Sep-2024,CNF,2024-08-05 00:00:00
RES-52FD2F697A,614,9,367,17-Jan-2025,01-20-2025,checked_out,2024-12-03 00:00:00
RES-D5E2C5BC60,411,5,179,2026/06/10,13-Jun-2026,confirmed,16/05/2026 00:00
RES-B8AAFC3688,102,15,665,01/10/2026,2026-10-11,PND,08-26-2026 12:00 AM
RES-F10B31A0E7,671,5,206,2024/04/15,2024/04/24,no-show,2024-03-18 00:00:00
RES-0D1C0CCD53,1111,10,395,2026-10-03,10-08-2026,Checked In,09-10-2026 12:00 AM
RES-50C5912CD6,1138,8,359,2026-02-08,16-Feb-2026,Checked Out,12-12-2025 12:00 AM
RES-8ED94B95ED,972,15,684,2024/07/21,07-24-2024,checked-out,05/07/2024 00:00
RES-4683260940,822,3,105,05-Oct-2026,06/10/2026,CO,2026-08-06 00:00:00
RES-DC9AACC4FC,1026,2,55,2024/12/25,27-Dec-2024,CXL,13/12/2024 00:00
RES-84FBB6AE07,1101,15,671,10-27-2024,30/10/2024,no_show,10-15-2024 12:00 AM
RES-EDEFFF5DF6,292,14,584,03/04/2026,13-Apr-2026,Checked In,12/02/2026 00:00
RES-C57BEFF906,38,9,377,2024/12/03,12-Dec-2024,no-show,11-11-2024 12:00 AM
RES-554E23DFDA,798,8,359,01-Jan-2025,2025/01/08,checked-out,20/11/2024 00:00
RES-1D61339DC7,255,6,269,2025/04/27,2025-05-05,Checked In,2025-04-20 00:00:00
RES-324EA962DC,414,3,123,11-20-2024,27/11/2024,conf,24/09/2024 00:00
RES-594070D5DA,809,6,264,2025-05-04,13/05/2025,Checked In,11/04/2025 00:00
RES-F9D8B37037,475,14,607,07-Feb-2026,17-Feb-2026,CO,24/12/2025 00:00
RES-6E2E194D35,724,2,33,21-Jun-2025,06-28-2025,No Show,2025-05-20 00:00:00
RES-88004B9124,715,7,295,2026-03-17,03-19-2026,Checked Out,2026-02-06 00:00:00
RES-3BAF88E873,255,10,408,08-08-2024,2024/08/11,PENDING,13/07/2024 00:00
RES-CB1DCC88B0,408,8,341,2024-10-07,13/10/2024,CO,30/08/2024 00:00
RES-E7F301AB62,414,11,464,2026-06-15,20/06/2026,Confirmed,06-08-2026 12:00 AM
RES-A9585C42CF,642,14,626,25/12/2024,2024-12-27,confirmed,11-02-2024 12:00 AM
RES-2781A40244,856,1,32,04-Dec-2024,12-08-2024,CHECKED_OUT,2024-11-22 00:00:00
RES-2972EB4E98,1197,2,50,2026/03/21,,no_show,2026-02-18 00:00:00
RES-AE24167B27,542,14,577,10-Jan-2026,18-Jan-2026,checked_out,11-13-2025 12:00 AM
RES-97C6CEB13F,413,9,385,26/06/2025,04/07/2025,Checked Out,13/06/2025 00:00
RES-4B3458C1CE,962,7,281,26/04/2025,02/05/2025,checked_in,13/04/2025 00:00
RES-14E188967A,757,15,644,2026/06/08,2026/06/18,checked-out,2026-04-15 00:00:00
RES-8BE7E61A7E,336,10,415,2024/03/24,2024/03/25,Checked In,14/03/2024 00:00
RES-EF5B40AF2F,116,15,665,2024/11/20,26-Nov-2024,Confirmed,10-20-2024 12:00 AM
RES-8C80F26623,562,9,390,03-Oct-2026,05/10/2026,confirmed,2026-08-07 00:00:00
RES-2F8BFB11CB,398,1,4,10-Apr-2026,2026/04/13,PENDING,09/02/2026 00:00
RES-C75D358EFD,1143,15,668,2026/04/18,20-Apr-2026,No Show,2026-03-30 00:00:00
RES-CC68169A96,797,13,530,17-Mar-2024,2024/03/23,cancelled,01-30-2024 12:00 AM
RES-362F5041D2,1105,4,168,23/08/2024,02/09/2024,Cancelled,2024-07-20 00:00:00
RES-0573F8265E,1137,10,408,2024/09/04,13/09/2024,CO,08-28-2024 12:00 AM
RES-F8BDA9656F,1165,11,453,10/08/2026,18-Aug-2026,PENDING,26/06/2026 00:00
RES-BE65F8B4AF,1061,9,363,12-Mar-2026,22-Mar-2026,conf,2026-01-26 00:00:00
RES-F4259BC36D,1132,12,492,2026-02-23,2026-03-04,confirmed,02-05-2026 12:00 AM
RES-CFD4CD8B8B,769,5,192,23/06/2024,24/06/2024,CONFIRMED,05-06-2024 12:00 AM
RES-FE718170F8,1133,4,158,07/03/2024,03-16-2024,CANCELLED,2024-01-22 00:00:00
RES-990EBEC0A0,812,15,668,2025-05-07,15-May-2025,CNF,2025-03-22 00:00:00
RES-560046E396,202,14,580,2025-11-10,2025/11/19,checked_out,25/09/2025 00:00
RES-7D6A2379D9,502,11,436,05-Feb-2026,12/02/2026,Checked In,01-23-2026 12:00 AM
RES-5EF2DA4B20,143,1,31,10/03/2026,11-Mar-2026,conf,2026-02-27 00:00:00
RES-69A7AA4105,196,2,54,2025/10/25,2025/10/29,checked-out,2025-08-31 00:00:00
RES-B69E758686,688,5,177,02-24-2025,02-Mar-2025,canceled,08/02/2025 00:00
RES-0B84BC6139,312,13,541,21-Feb-2026,28/02/2026,Checked Out,2026-01-14 00:00:00
RES-D5F6CA0456,173,11,434,2024-07-04,05/07/2024,PND,2024-05-31 00:00:00
RES-0D0207D47A,840,11,469,2025-11-22,11-26-2025,Pending,10-01-2025 12:00 AM
RES-CE2E5B94E3,1206,14,573,2024/08/30,2024/09/01,PENDING,07-25-2024 12:00 AM
RES-9BD04D796E,167,11,449,25/04/2026,01/05/2026,PENDING,03-12-2026 12:00 AM
RES-B2AC75DC21,784,10,405,03/01/2026,07/01/2026,CANCELLED,12-29-2025 12:00 AM
RES-1A7FB2C7C9,488,12,510,09-22-2024,09-29-2024,no_show,09-02-2024 12:00 AM
RES-093954C06E,1184,2,60,11/08/2025,15-Aug-2025,no_show,2025-07-27 00:00:00
RES-605E751F0A,1093,3,72,09-25-2024,10-02-2024,Confirmed,08-15-2024 12:00 AM
RES-290E76CA71,1179,1,25,04-21-2024,25-Apr-2024,conf,03-10-2024 12:00 AM
RES-7B2EC375B2,297,13,536,01-17-2026,25-Jan-2026,CHECKED_OUT,2025-11-19 00:00:00
RES-94A66FEC40,1105,4,140,13-Sep-2026,21/09/2026,checked-in,07-29-2026 12:00 AM
RES-C6A76100F9,114,7,294,23/09/2024,2024-09-28,CNF,08-01-2024 12:00 AM
RES-82ADEB06B5,1035,11,427,20-Aug-2026,2026/08/24,No Show,2026-06-24 00:00:00
RES-5738BC6FD9,675,12,513,24-Mar-2025,25/03/2025,CANCELLED,19/02/2025 00:00
RES-D14B8F5876,1105,6,257,03/02/2025,04-Feb-2025,CONFIRMED,01-18-2025 12:00 AM
RES-5FD2EBC103,681,7,275,2024/01/05,2024/01/07,CNF,01-03-2024 12:00 AM
RES-8630876C42,858,12,498,12-Apr-2025,04-19-2025,CONFIRMED,04-05-2025 12:00 AM
RES-8B52A675B3,161,4,159,13/06/2026,2026/06/16,Cancelled,12/05/2026 00:00
RES-7937AAF119,197,5,216,2026/07/05,11-Jul-2026,Checked Out,2026-05-28 00:00:00
RES-F09167A4A3,767,10,407,02-Oct-2024,2024-10-04,CXL,08-04-2024 12:00 AM
RES-48AD1A5C05,1173,9,377,09-17-2025,2025-09-27,checked-out,25/07/2025 00:00
RES-33644A3C88,1129,13,536,2026-08-14,2026/08/23,cancelled,16/06/2026 00:00
RES-3C95C76CAB,312,4,140,04/06/2024,2024/06/05,NS,2024-06-01 00:00:00
RES-0E869B5EC4,1121,5,228,09/08/2025,08-18-2025,CHECKED_OUT,07-09-2025 12:00 AM
RES-EF413B6809,1033,1,29,14-Jan-2025,2025-01-15,cancelled,12-03-2024 12:00 AM
RES-790B3F5825,1094,3,121,2026/03/03,2026-03-12,CANCELLED,09/01/2026 00:00
RES-B5EED1B2BF,287,15,666,2026/07/05,07-09-2026,CHECKED_IN,2026-06-19 00:00:00
RES-560EC665C0,650,2,56,17-Oct-2025,2025-10-23,conf,2025-08-31 00:00:00
RES-A9ACD5A41A,634,5,207,16/10/2025,22-Oct-2025,Checked In,2025-10-11 00:00:00
RES-2D09F39384,448,11,455,17/09/2026,2026-09-21,no_show,07-25-2026 12:00 AM
RES-662C7715D9,1195,7,300,2026-08-18,2026-08-25,checked-out,25/07/2026 00:00
RES-3142401FBB,721,1,25,2025-05-03,08-May-2025,CONFIRMED,03-07-2025 12:00 AM
RES-90980E3AC7,711,13,532,2026/03/03,06/03/2026,CXL,10/01/2026 00:00
RES-0F96D11651,155,13,548,06-11-2026,2026/06/18,PENDING,05-14-2026 12:00 AM
RES-969C906655,1231,12,482,06-11-2025,2025/06/20,canceled,22/05/2025 00:00
RES-7FD187E41D,524,6,270,22/04/2026,2026/04/25,NOSHOW,2026-03-17 00:00:00
RES-03F8EEA727,706,7,287,24/09/2025,2025/10/04,Cancelled,07-29-2025 12:00 AM
RES-B8A1C4D649,279,13,547,07-Jun-2025,06-17-2025,Confirmed,2025-04-25 00:00:00
RES-87B809B00C,1022,6,259,18/03/2025,20-Mar-2025,checked-out,03-08-2025 12:00 AM
RES-6EFB0947B0,953,5,210,12/09/2026,09-20-2026,PND,31/08/2026 00:00
RES-C68131C1A0,1023,10,411,03-16-2024,2024/03/26,canceled,03-09-2024 12:00 AM
RES-B723826910,884,4,151,29-Mar-2024,2024-04-03,PND,09/03/2024 00:00
RES-2DF71621E3,560,11,457,23-Oct-2025,2025-11-02,NOSHOW,29/09/2025 00:00
RES-BC2F47EE6B,292,14,624,11-07-2024,08/11/2024,CXL,2024-09-15 00:00:00
RES-32B541ADE9,995,14,618,01-25-2026,26-Jan-2026,NOSHOW,13/12/2025 00:00
RES-D89DB6BCAD,266,6,274,2025/03/27,2025-04-03,CI,03-21-2025 12:00 AM
RES-0B7F815E05,334,4,155,2025-05-18,2025/05/28,Checked In,02/04/2025 00:00
RES-DBD7988127,852,14,566,29/08/2025,2025-09-06,NOSHOW,07-26-2025 12:00 AM
RES-D39F6A42B7,505,3,107,2026-08-25,2026/08/30,CXL,2026-07-30 00:00:00
RES-0BC934D477,1143,8,345,28/08/2024,2024-09-04,NOSHOW,06-29-2024 12:00 AM
RES-43F77C03BE,614,8,326,2025/04/27,2025/05/02,conf,03-26-2025 12:00 AM
RES-2C926EF2CD,1063,3,98,17/06/2024,2024-06-25,Checked Out,05-18-2024 12:00 AM
RES-A8135946C0,986,15,689,22/10/2025,27-Oct-2025,NOSHOW,2025-09-10 00:00:00
RES-DD3EA61ADC,166,5,219,03-11-2024,2024-03-18,no_show,01-26-2024 12:00 AM
RES-6BA812B295,876,15,657,2025/03/31,04-06-2025,NOSHOW,27/03/2025 00:00
RES-1B83A24FCC,443,4,140,08-14-2025,19-Aug-2025,NS,2025-07-04 00:00:00
RES-65D0C43BD5,983,3,130,10/05/2026,19/05/2026,no_show,05-07-2026 12:00 AM
RES-489448B62A,984,5,200,12/02/2025,22/02/2025,no-show,02/01/2025 00:00
RES-2EA1546B5F,1191,9,379,24-Dec-2025,2025/12/31,no-show,2025-11-19 00:00:00
RES-0EE9B5ABEB,1024,12,479,24-Jan-2026,01-29-2026,Pending,2025-12-29 00:00:00
RES-DEB23E5A67,341,6,253,2024-06-30,08-Jul-2024,PND,18/06/2024 00:00
RES-2C7E94ABA8,640,8,305,10-05-2025,2025-10-14,checked_out,08-15-2025 12:00 AM
RES-C2D90DC596,110,3,132,28/11/2025,05-Dec-2025,cancelled,2025-11-11 00:00:00
RES-2F0E879E3A,146,15,686,2024-04-01,11/04/2024,NOSHOW,03-15-2024 12:00 AM
RES-B5FBFF0379,248,8,345,2025/12/08,13/12/2025,PENDING,11-01-2025 12:00 AM
RES-8EB6A94B9B,1033,2,43,22/05/2026,23/05/2026,Pending,2026-05-10 00:00:00
RES-737B25632B,1167,11,462,2024/03/22,27/03/2024,CNF,03-12-2024 12:00 AM
RES-C029E0AFA0,1218,14,588,2026/03/28,2026/03/29,CHECKED_IN,2026-03-13 00:00:00
RES-F8A6A2AAEA,853,8,336,01-17-2025,22-Jan-2025,PENDING,12/12/2024 00:00
RES-215359A623,2,5,221,2024-12-29,01-07-2025,CNF,12-01-2024 12:00 AM
RES-DFDAD8F552,968,13,524,04-Dec-2025,14/12/2025,no-show,2025-10-10 00:00:00
RES-81CCFFDAC0,1105,12,499,01-Nov-2024,03/11/2024,checked-in,2024-10-05 00:00:00
RES-638069E919,787,11,467,2026-06-29,2026-07-04,No Show,18/05/2026 00:00
RES-9E21A6A631,790,13,555,27/10/2025,11-02-2025,conf,2025-09-04 00:00:00
RES-6ACCA0BECB,515,3,69,26/05/2025,2025-06-01,CHECKED_IN,2025-05-01 00:00:00
RES-872428BA4C,122,3,121,2026/11/01,2026-11-10,checked-in,21/09/2026 00:00
RES-D88B1989F8,650,2,42,2025-07-01,2025/07/08,confirmed,06-19-2025 12:00 AM
RES-36C8966EA2,1184,8,332,29/01/2025,2025-02-01,conf,10/12/2024 00:00
RES-071B9763F1,144,8,322,2025-08-28,29-Aug-2025,PND,08-15-2025 12:00 AM
RES-8D4BEF2251,495,5,229,2025/03/29,2025-04-07,Checked In,03-23-2025 12:00 AM
RES-1B5FBB45E6,333,15,661,2024/07/03,2024-07-11,No Show,05-28-2024 12:00 AM
RES-5BFE97BCC5,379,2,60,02/10/2024,03-Oct-2024,checked_out,08-30-2024 12:00 AM
RES-109F6A1714,991,5,229,08-05-2026,2026-08-12,CHECKED_IN,2026-06-18 00:00:00
RES-189280754C,456,5,186,18/07/2026,2026/07/21,Pending,07-05-2026 12:00 AM
RES-DF7ED019EF,150,8,335,11/03/2026,2026-03-19,CHECKED_OUT,2026-02-19 00:00:00
RES-E715A10149,707,9,388,28/10/2025,03-Nov-2025,checked_out,2025-09-30 00:00:00
RES-FFF8DBE8C9,1220,14,581,15/11/2024,2024/11/24,PENDING,2024-10-31 00:00:00
RES-69AE6B922D,394,6,246,2026-05-20,05-21-2026,checked_out,25/04/2026 00:00
RES-8E1147B041,1149,2,53,19-Sep-2025,2025-09-22,Pending,23/07/2025 00:00
RES-18DCC2A159,80,12,477,07-10-2026,07-18-2026,PND,27/06/2026 00:00
RES-4C8DE7B849,622,13,529,08/07/2025,18-Jul-2025,No Show,07-02-2025 12:00 AM
RES-7831A5ABCD,1215,9,392,2026/09/06,14/09/2026,checked_out,2026-07-14 00:00:00
RES-9DA48F31EC,728,10,414,19-Dec-2024,29/12/2024,confirmed,11-18-2024 12:00 AM
RES-D50191F8FE,1132,4,167,07-28-2026,2026-08-04,conf,2026-07-20 00:00:00
RES-EAAD0BFB9B,445,4,166,2024/07/04,2024-07-07,Checked In,2024-06-15 00:00:00
RES-3A8716FDF2,704,13,548,26/07/2024,08-03-2024,Checked Out,2024-06-15 00:00:00
RES-0B70FB2A23,1194,13,554,2026-02-09,02-10-2026,no-show,01-31-2026 12:00 AM
RES-7659A71A62,369,3,124,31-Dec-2025,2026/01/10,PENDING,2025-11-24 00:00:00
RES-A881F3B85E,176,7,278,10-Jan-2025,01-19-2025,checked_in,2024-12-19 00:00:00
RES-5B92F369E8,1114,6,263,11-Apr-2024,12-Apr-2024,CHECKED_IN,02-27-2024 12:00 AM
RES-5BD9CAEE25,215,13,556,2026-10-11,2026/10/12,Pending,09-13-2026 12:00 AM
RES-9921969E07,1235,1,28,23/06/2025,26-Jun-2025,confirmed,05-20-2025 12:00 AM
RES-326A108C92,928,11,452,2026/06/24,2026-06-26,cancelled,04-28-2026 12:00 AM
RES-DCAC5082B6,188,11,428,07-13-2025,14-Jul-2025,checked-in,10/07/2025 00:00
RES-B77A7446BA,426,8,305,03-Jul-2025,2025-07-05,confirmed,06-04-2025 12:00 AM
RES-68C1152C18,748,12,493,2025/12/26,28-Dec-2025,no_show,2025-10-30 00:00:00
RES-41BCD31E65,540,11,432,08-27-2024,09-02-2024,canceled,18/08/2024 00:00
RES-0FE6CF38EF,172,10,418,2025-12-14,18/12/2025,Pending,2025-11-24 00:00:00
RES-8545915FBF,490,12,498,2024/06/24,2024-07-01,PND,05-23-2024 12:00 AM
RES-36A231C0EA,1052,5,204,26-Jun-2024,2024/06/27,PND,03/05/2024 00:00
RES-F225597371,423,14,626,04/12/2024,12-08-2024,CO,24/10/2024 00:00
RES-70805FBD37,1040,4,142,12/10/2026,13/10/2026,checked_out,2026-08-29 00:00:00
RES-F1D7E90DE9,50,7,297,13/02/2024,14/02/2024,checked_in,2024-01-23 00:00:00
RES-CD62F7E744,981,7,298,04-10-2026,15-Apr-2026,CANCELLED,2026-02-11 00:00:00
RES-88BA862FC6,548,6,253,2025-11-05,12/11/2025,canceled,2025-10-27 00:00:00
RES-D2033283FA,923,7,294,2025-11-16,24/11/2025,checked_in,2025-10-13 00:00:00
RES-04193264BA,143,10,404,20/03/2026,2026/03/30,PENDING,2026-03-08 00:00:00
RES-06364FFB53,857,10,412,2026/07/17,07-26-2026,Checked In,05-24-2026 12:00 AM
RES-054ED22EFF,905,11,463,29/09/2024,30/09/2024,CXL,03/08/2024 00:00
RES-6C2DB70CC4,1116,5,196,07/02/2026,2026-02-11,cancelled,2026-01-24 00:00:00
RES-D0A858FB56,678,11,467,15/01/2024,2024/01/16,CNF,02/01/2024 00:00
RES-564BDAF3CC,49,14,582,2025-05-01,2025-05-04,Cancelled,08/04/2025 00:00
RES-4B0C4BC95F,886,7,277,06/05/2025,2025-05-09,NOSHOW,21/03/2025 00:00
RES-8F1E342028,467,5,206,19-Oct-2025,22-Oct-2025,CNF,22/09/2025 00:00
RES-1B309C412E,667,7,299,2025/05/26,30-May-2025,Checked Out,04-13-2025 12:00 AM
RES-815E70C613,17,9,367,24-Oct-2026,2026/10/30,CONFIRMED,2026-09-22 00:00:00
RES-41D437939B,1207,2,33,08-28-2025,06/09/2025,checked-in,07-28-2025 12:00 AM
RES-94A0424909,1201,13,543,2026/08/16,08-19-2026,NS,06-28-2026 12:00 AM
RES-FCD989BFFB,375,6,253,31/08/2025,2025-09-06,confirmed,12/07/2025 00:00
RES-BF9F06712C,737,11,438,05-31-2024,2024/06/06,CI,05/04/2024 00:00
RES-1ABAC48B9E,1061,14,576,02-01-2024,2024-02-11,NS,01-16-2024 12:00 AM
RES-3354D1A393,743,9,375,2024-09-29,02-Oct-2024,pending,28/09/2024 00:00
RES-B41CDF3B01,418,9,382,23/01/2026,01-26-2026,checked-out,29/12/2025 00:00
RES-12B91FEB75,1006,6,249,04-15-2025,04-19-2025,checked-out,06/04/2025 00:00
RES-FCBCEE0DCB,1219,5,245,08-08-2024,2024/08/09,CHECKED_IN,2024-07-09 00:00:00
RES-1362D9157F,859,8,317,15-Jun-2025,2025-06-20,PND,27/05/2025 00:00
RES-E0FA3EF6F4,790,1,5,17-Jul-2024,2024-07-26,checked_out,2024-06-06 00:00:00
RES-475E3BA9D5,297,1,19,2024/07/28,03-Aug-2024,pending,2024-07-18 00:00:00
RES-E68051578A,616,13,520,20-Nov-2025,11-25-2025,pending,2025-10-12 00:00:00
RES-DEA8D421E7,1226,5,197,2026/09/07,2026-09-14,no-show,09-03-2026 12:00 AM
RES-16C6ECD824,641,2,38,10-Dec-2025,19-Dec-2025,canceled,12-05-2025 12:00 AM
RES-AFB326F631,931,10,404,01-19-2026,2026/01/29,CO,26/12/2025 00:00
RES-B849868831,1208,14,626,2025-05-30,2025/06/01,checked-out,31/03/2025 00:00
RES-6A75BAFD0F,909,12,480,05/09/2026,09-Sep-2026,Checked Out,08/08/2026 00:00
RES-0A5C2990D7,337,3,119,09/03/2026,11-Mar-2026,Pending,03/02/2026 00:00
RES-045A0C6CB1,361,5,225,15-Jul-2025,07-16-2025,No Show,07-05-2025 12:00 AM
RES-5C1175E1A1,183,10,417,11-06-2024,11-09-2024,pending,09-08-2024 12:00 AM
RES-5FD0B69B1F,172,3,72,2024/06/28,04/07/2024,Checked In,06-22-2024 12:00 AM
RES-47EFE6BC11,627,13,521,09-06-2025,2025-09-09,PND,07-08-2025 12:00 AM
RES-53F2CC8A90,74,10,412,03-15-2024,2024-03-19,CI,03-11-2024 12:00 AM
RES-158F12D02F,1188,13,548,07-08-2024,12/07/2024,checked_out,04/06/2024 00:00
RES-BF5CF8A3DC,1230,8,344,28/02/2025,03-Mar-2025,conf,02-09-2025 12:00 AM
RES-D6BEC7D077,374,1,9,21-Oct-2024,2024/10/29,cancelled,10-16-2024 12:00 AM
RES-EC1C3FD955,590,2,34,2026-07-09,2026/07/16,CANCELLED,2026-05-30 00:00:00
RES-FF4D2C6894,1102,8,305,19-Jul-2026,2026-07-22,No Show,2026-07-17 00:00:00
RES-11B3E61D5A,1004,2,36,01/06/2025,06-08-2025,checked_out,28/04/2025 00:00
RES-28548AE03E,817,7,292,2025-12-11,12-17-2025,CO,16/11/2025 00:00
RES-5BDF96C9C0,328,1,27,08-Jan-2025,01-15-2025,no_show,12-24-2024 12:00 AM
RES-FF32D53E27,414,8,354,03-11-2025,17/03/2025,canceled,2025-02-24 00:00:00
RES-9FB5B5E0FA,107,2,54,02-28-2026,03-05-2026,no-show,01-08-2026 12:00 AM
RES-28DE785203,1186,12,474,2025-10-29,31/10/2025,canceled,13/09/2025 00:00
RES-924B152139,1052,10,406,2026/01/04,07-Jan-2026,conf,03/01/2026 00:00
RES-534D0FCD8C,656,5,201,04-23-2025,2025-04-25,Pending,26/03/2025 00:00
RES-39EE78D4F8,849,1,19,2025-01-22,2025/01/27,PENDING,2024-12-21 00:00:00
RES-3B46A77117,154,8,322,25/03/2026,04-03-2026,canceled,02-19-2026 12:00 AM
RES-678BABBF98,422,6,258,21-Aug-2025,2025-08-22,NS,07-02-2025 12:00 AM
RES-79D875656A,178,10,418,2024-02-06,2024-02-10,No Show,2024-01-11 00:00:00
RES-C499955B8E,539,8,310,2025-04-17,25-Apr-2025,checked-out,2025-03-15 00:00:00
RES-5B8BC57E3B,373,9,367,2024-03-28,03-30-2024,NS,2024-02-17 00:00:00
RES-002C8063FF,47,2,50,2026/11/15,11-24-2026,CXL,09-18-2026 12:00 AM
RES-1A486D95E1,527,14,608,2025-09-09,2025-09-16,Confirmed,2025-09-08 00:00:00
RES-D1083A9858,430,9,370,23/11/2025,26/11/2025,Checked Out,08/10/2025 00:00
RES-4E75240741,77,11,429,2025-09-27,2025-10-03,PND,2025-09-18 00:00:00
RES-67833AF4D1,904,1,26,2025/03/23,2025/03/31,cancelled,02-19-2025 12:00 AM
RES-59CF5AFE58,1017,11,453,01-Mar-2024,02-Mar-2024,No Show,02/01/2024 00:00
RES-CEDFC6B12F,636,9,385,11/10/2026,21-Oct-2026,pending,22/08/2026 00:00
RES-02EB2831C4,17,12,504,09-13-2024,2024-09-15,NS,2024-08-10 00:00:00
RES-723A4D31B6,13,2,39,05/03/2026,03-14-2026,CI,09/02/2026 00:00
RES-31B278874F,677,11,439,2025-02-16,21-Feb-2025,checked-in,11/02/2025 00:00
RES-D4E6142B9E,406,7,299,2026/03/31,2026/04/08,PND,03-08-2026 12:00 AM
RES-6FA4F10211,750,6,270,2024/11/07,14/11/2024,checked_out,24/09/2024 00:00
RES-27EF2A918A,1192,13,534,2024-11-08,2024/11/09,No Show,09-21-2024 12:00 AM
RES-E01B49CC81,1043,13,546,11-09-2024,11-12-2024,CHECKED_IN,10-24-2024 12:00 AM
RES-1FB2C7F0E3,646,5,214,08/02/2025,10/02/2025,No Show,2024-12-29 00:00:00
RES-63A399CDE2,1027,10,401,19/04/2024,2024/04/26,checked-in,2024-04-15 00:00:00
RES-A9A701C826,689,11,466,08/02/2024,02-12-2024,checked_out,02-03-2024 12:00 AM
RES-792B87F6A9,1044,13,519,2024-06-19,23/06/2024,No Show,06-01-2024 12:00 AM
RES-642B7F21DE,428,9,381,31-May-2026,06-10-2026,checked_out,05-16-2026 12:00 AM
RES-EB6FC5C72C,806,6,250,2026/04/13,2026/04/19,Pending,18/02/2026 00:00
RES-3D383F612F,653,4,161,01-Nov-2025,03/11/2025,checked_out,2025-09-08 00:00:00
RES-C5F3C540BB,1032,7,294,25/03/2026,02-Apr-2026,confirmed,11/03/2026 00:00
RES-4B86D9F5B1,412,15,664,2024-12-01,2024-12-10,CI,16/10/2024 00:00
RES-F248F9EB2C,1177,9,362,09-02-2025,2025-09-07,Confirmed,09/07/2025 00:00
RES-E9335AFD7F,313,13,547,2026-07-06,10/07/2026,cancelled,2026-06-06 00:00:00
RES-4AB98CF0BD,709,8,318,08/04/2024,14/04/2024,checked_in,2024-02-13 00:00:00
RES-9E1AD0839D,943,7,300,14-Feb-2026,2026-02-15,Pending,2026-01-21 00:00:00
RES-318973C947,1036,8,337,2024-03-15,03-18-2024,CI,2024-03-13 00:00:00
RES-3E6A49F8FE,342,10,415,2026-05-11,05-18-2026,checked_in,2026-03-20 00:00:00
RES-E127B01642,1045,10,408,2025-05-04,05-10-2025,pending,2025-03-28 00:00:00
RES-E7F755D0C9,91,14,582,09-15-2026,2026/09/23,PENDING,08-17-2026 12:00 AM
RES-E1E27B6BF4,408,11,459,07-May-2026,2026-05-11,PENDING,15/03/2026 00:00
RES-3A8598E954,105,1,2,03-Feb-2025,02-13-2025,CXL,01-02-2025 12:00 AM
RES-838C5C0ADA,667,4,144,25/07/2025,2025-07-28,NS,30/05/2025 00:00
RES-67970F23E6,597,13,541,2024-10-05,11-Oct-2024,checked_out,2024-09-17 00:00:00
RES-284F5515FF,1109,8,319,2024/11/23,12-01-2024,checked_in,2024-10-15 00:00:00
RES-C26DFD0325,500,11,439,2026/02/27,2026-03-01,Checked Out,01/01/2026 00:00
RES-AD2BFC5BA7,276,6,263,26/09/2025,02-Oct-2025,NOSHOW,2025-08-14 00:00:00
RES-13B910B8C1,1219,8,306,2024-08-23,27/08/2024,CO,2024-07-13 00:00:00
RES-277A479781,1045,13,534,2025/01/30,2025-02-02,NOSHOW,12-10-2024 12:00 AM
RES-3DD0DC65AB,307,6,260,2024-06-22,2024-06-29,cancelled,2024-05-28 00:00:00
RES-120402B8B4,89,9,361,2024-06-04,10/06/2024,NS,05-11-2024 12:00 AM
RES-A0D2553014,835,7,294,29-Nov-2025,2025-12-07,Cancelled,20/10/2025 00:00
RES-AE1D6BA1EE,280,7,286,2026-07-24,27-Jul-2026,CNF,07/07/2026 00:00
RES-CF56356145,624,13,550,12-16-2025,12-17-2025,no_show,09/11/2025 00:00
RES-90200F26DD,301,6,273,2024/06/19,2024/06/20,CHECKED_OUT,2024-05-30 00:00:00
RES-DCFE3E979F,910,15,640,05-15-2026,2026/05/23,NS,2026-05-14 00:00:00
RES-6021AAF496,67,1,3,21-May-2024,27-May-2024,checked-in,2024-04-27 00:00:00
RES-A8AB1EBC63,323,15,657,11-05-2024,11-10-2024,conf,19/09/2024 00:00
RES-A9F51AB23F,1049,6,262,05-31-2024,2024/06/06,NS,09/04/2024 00:00
RES-51F9DDF9B2,241,8,346,2024-06-06,15-Jun-2024,canceled,2024-05-16 00:00:00
RES-0DF3FA7895,961,3,394,2024-09-27,2024-10-04,checked-in,2024-08-06 00:00:00
RES-6C92515501,274,3,76,2026-07-18,23-Jul-2026,PENDING,2026-07-15 00:00:00
RES-9360EF196B,145,9,361,26-Jun-2025,2025-07-03,Cancelled,2025-06-06 00:00:00
RES-C9E3F62D51,448,11,424,25/04/2024,05-May-2024,CHECKED_IN,2024-04-09 00:00:00
RES-E320CE4531,146,12,501,20-Jun-2026,27-Jun-2026,CXL,07/05/2026 00:00
RES-0EF1C40F4B,54,6,258,2026/01/19,2026-01-21,Pending,12-25-2025 12:00 AM
RES-3BE0BAA4F0,323,8,351,2024-09-17,09-22-2024,Checked Out,04/08/2024 00:00
RES-CD7BB9848E,1066,2,57,2026/08/28,2026/08/31,no_show,2026-08-17 00:00:00
RES-12C11E4909,140,9,361,2024-04-26,2024-05-04,Pending,27/03/2024 00:00
RES-0EC5294809,1210,8,353,03-22-2025,2025/03/31,CHECKED_OUT,2025-02-18 00:00:00
RES-291E06A733,580,3,120,10-11-2024,13-Oct-2024,checked-in,21/09/2024 00:00
RES-2055610B70,377,15,689,24/09/2026,26/09/2026,CNF,2026-08-20 00:00:00
RES-7C1C96EE3C,750,13,525,06-16-2025,21-Jun-2025,checked-in,29/05/2025 00:00
RES-0024871863,624,5,232,14/09/2026,2026-09-16,Checked Out,2026-08-08 00:00:00
RES-11737B7E87,885,8,349,2024-12-12,16/12/2024,CXL,2024-11-24 00:00:00
RES-F372B877D6,523,7,279,14/08/2024,24-Aug-2024,CANCELLED,2024-07-08 00:00:00
RES-3110DFB1EF,249,15,636,2024-10-03,13/10/2024,CANCELLED,08-11-2024 12:00 AM
RES-4DF89FD278,310,7,292,2025/12/21,23-Dec-2025,canceled,2025-12-15 00:00:00
RES-A9EFF54F2E,180,2,49,2026/02/27,02-Mar-2026,Confirmed,13/02/2026 00:00
RES-1713C5F32B,241,15,673,2026-10-30,11-08-2026,Checked In,2026-09-04 00:00:00
RES-CF10FD48EE,547,7,299,2026/06/30,02-Jul-2026,CO,14/05/2026 00:00
RES-178E7309F1,1042,3,118,2025/12/27,01-03-2026,CANCELLED,2025-11-01 00:00:00
RES-F0B1A81DAA,1106,8,345,10-Jun-2026,06-13-2026,no_show,05-02-2026 12:00 AM
RES-3CA177E262,85,1,8,2025-06-14,2025-06-16,checked_in,08/06/2025 00:00
RES-34370B4506,962,12,507,2025-05-22,05-31-2025,PND,05-02-2025 12:00 AM
RES-CD15952DAE,1158,1,32,01-Mar-2026,03/03/2026,checked-out,02-25-2026 12:00 AM
RES-F73245B744,925,6,248,01-Jun-2024,08-Jun-2024,PENDING,2024-04-24 00:00:00
RES-63F9F8EA7D,1123,11,424,2026/07/19,07-28-2026,Checked In,06-13-2026 12:00 AM
RES-C1CBE8E0B4,1039,3,70,08/03/2025,2025/03/14,PENDING,17/02/2025 00:00
RES-C4D9240255,1011,2,43,2025-04-05,04-09-2025,Checked In,2025-03-07 00:00:00
RES-9E89F8FF18,374,12,507,2024/03/31,2024-04-07,No Show,2024-03-21 00:00:00
RES-10F32433A8,1080,14,586,11-Jan-2025,21-Jan-2025,Checked In,12-15-2024 12:00 AM
RES-EE06C96F7A,1136,7,301,05-18-2025,22/05/2025,canceled,20/03/2025 00:00
RES-7CBD327AA1,24,10,410,2024-12-14,20/12/2024,checked-out,05/12/2024 00:00
RES-438F690232,377,9,386,2024-04-17,2024/04/22,PND,07/03/2024 00:00
RES-8845DE7953,639,3,107,2024-06-20,23-Jun-2024,Checked Out,29/04/2024 00:00
RES-01E0795953,68,11,466,2025/03/13,15/03/2025,No Show,2025-03-06 00:00:00
RES-01D2AB8679,581,10,419,07/07/2025,10/07/2025,checked-in,2025-07-06 00:00:00
RES-1265C2101E,766,6,266,04/04/2025,2025/04/13,conf,19/03/2025 00:00
RES-C705A0D160,1070,10,406,11-Dec-2024,2024-12-17,NOSHOW,11-20-2024 12:00 AM
RES-D592E416B8,663,1,20,06-23-2024,24/06/2024,Cancelled,04-29-2024 12:00 AM
RES-52AF3AD3B7,1191,5,241,08-Aug-2024,2024-08-14,CO,07-23-2024 12:00 AM
RES-57E4951E9E,556,6,272,2025-11-12,2025/11/17,CHECKED_IN,22/09/2025 00:00
RES-930693E533,50,3,120,21-Jun-2026,2026-06-29,CONFIRMED,12/06/2026 00:00
RES-372EC18DE9,1110,15,667,05-Oct-2026,2026-10-09,No Show,04/09/2026 00:00
RES-48096ABCE3,331,12,490,2025-02-22,2025-02-25,no_show,02-03-2025 12:00 AM
RES-F29C38E880,1151,3,104,2024-12-01,03/12/2024,PENDING,11-22-2024 12:00 AM
RES-0A399B2433,507,15,661,2024/06/07,2024/06/15,CHECKED_OUT,04-19-2024 12:00 AM
RES-AEF1D2468B,769,15,663,24/10/2025,30/10/2025,pending,10-20-2025 12:00 AM
RES-C9BCD563D8,1071,11,435,2025-04-09,04-15-2025,CANCELLED,20/02/2025 00:00
RES-AB41852627,1172,7,287,08/01/2025,2025-01-14,no-show,19/12/2024 00:00
RES-E84FA2BAF8,563,8,323,20-Dec-2024,2024-12-28,Pending,10-29-2024 12:00 AM
RES-459133F807,861,1,22,2024/03/04,12-Mar-2024,conf,16/01/2024 00:00
RES-65C6034A91,1218,9,385,2024/06/25,01/07/2024,NS,04/06/2024 00:00
RES-7A43E47FDB,11,10,407,01-Jul-2024,11-Jul-2024,checked-in,2024-06-30 00:00:00
RES-3DDA8841DD,693,12,496,03-13-2025,21/03/2025,Cancelled,03-04-2025 12:00 AM
RES-89A24EFAD3,493,2,37,19-Jun-2026,2026-06-23,checked-in,21/04/2026 00:00
RES-3159574BBE,979,14,612,29-Sep-2024,2024/10/01,No Show,21/08/2024 00:00
RES-3E80A4B663,992,9,375,11-Apr-2025,13/04/2025,CI,2025-02-10 00:00:00
RES-DAC7C73C44,305,13,523,12-May-2024,05-18-2024,checked-in,2024-04-30 00:00:00
RES-2EA029B67A,465,5,181,2025-06-17,2025/06/26,checked-in,2025-06-10 00:00:00
RES-D10244759F,512,13,553,2026-05-09,2026-05-16,NS,03-29-2026 12:00 AM
RES-A3F1E08D83,14,5,202,06-Jun-2024,14/06/2024,no-show,2024-04-10 00:00:00
RES-BF5A3E8905,1146,8,310,2025/04/07,15-Apr-2025,no_show,2025-03-16 00:00:00
RES-F0CE3A98FA,7,4,146,2025/05/28,2025-05-31,PENDING,05-13-2025 12:00 AM
RES-CC7C8BE021,836,5,183,2024/09/14,,checked-in,13/09/2024 00:00
RES-CD8E70D004,1196,9,379,25-Jul-2025,2025-07-29,checked-out,25/06/2025 00:00
RES-82B8BF15B7,75,1,6,22/01/2025,2025/01/25,CANCELLED,12-23-2024 12:00 AM
RES-E6A4A6A231,253,2,40,20/05/2025,2025/05/27,CO,2025-05-12 00:00:00
RES-F2FD5E01CA,192,11,442,20/12/2024,23/12/2024,cancelled,28/10/2024 00:00
RES-61F38CFF1D,345,7,281,08-13-2026,21-Aug-2026,NOSHOW,06-22-2026 12:00 AM
RES-42D45AFACF,726,3,73,2024-03-29,06/04/2024,PND,03-14-2024 12:00 AM
RES-957126BF6D,34,8,337,2025-06-23,28-Jun-2025,CHECKED_OUT,05-21-2025 12:00 AM
RES-CE68B1FEDF,442,11,460,09-17-2025,2025/09/27,CHECKED_IN,2025-09-02 00:00:00
RES-B5D3532E1E,335,1,14,2024-03-24,2024-04-02,CHECKED_IN,03-04-2024 12:00 AM
RES-8E316C2BF5,1204,11,455,2026-10-06,10/10/2026,Cancelled,09-21-2026 12:00 AM
RES-F99DBA46AD,276,3,104,20-Nov-2024,2024-11-24,checked_in,12/10/2024 00:00
RES-241781C982,216,7,292,2024-10-24,25-Oct-2024,CONFIRMED,2024-09-12 00:00:00
RES-9C9F627B3F,820,4,167,2024/05/06,2024-05-15,CONFIRMED,2024-04-28 00:00:00
RES-030317CCB3,1050,14,569,2024-04-20,,Cancelled,12/03/2024 00:00
RES-7400E659D7,854,2,57,2025-04-21,04-26-2025,CNF,03-05-2025 12:00 AM
RES-03E2BAEDEC,677,6,269,2025-08-15,17/08/2025,CONFIRMED,2025-06-23 00:00:00
RES-DAE013A0F6,531,14,587,2024/10/03,06/10/2024,Cancelled,08-25-2024 12:00 AM
RES-73CE6E4854,980,10,401,25/04/2026,05-02-2026,CNF,03-02-2026 12:00 AM
RES-6E2FE71281,341,4,164,18/01/2026,2026-01-26,Pending,11-21-2025 12:00 AM
RES-34F192F5B2,1076,5,204,15/07/2026,07-16-2026,PENDING,2026-07-12 00:00:00
RES-147880C7B6,782,7,302,09-03-2026,2026-09-10,CHECKED_OUT,08-04-2026 12:00 AM
RES-D89EDB43E5,270,6,251,11-07-2025,13-Nov-2025,CONFIRMED,10-13-2025 12:00 AM
RES-AE3174ACC9,754,4,149,16/01/2024,01-25-2024,cancelled,01-02-2024 12:00 AM
RES-C061C8651E,634,3,127,02-17-2025,22-Feb-2025,CNF,01-30-2025 12:00 AM
RES-606ED0FF7B,588,1,21,06-Oct-2025,07-Oct-2025,Checked In,18/09/2025 00:00
RES-2598DCB92E,995,14,601,2025-08-24,2025-08-28,NS,2025-08-14 00:00:00
RES-0F0D3BC407,1099,13,556,04-24-2026,2026-04-30,Pending,04-05-2026 12:00 AM
RES-D1EF47442C,1000,11,455,2025-12-19,2025-12-24,CONFIRMED,01/12/2025 00:00
RES-A18135352E,104,9,391,10-05-2026,2026/10/12,checked-in,08-19-2026 12:00 AM
RES-0EE1D9AE60,1193,3,77,2026/06/13,22/06/2026,CO,30/04/2026 00:00
RES-6CFD4139C7,601,10,420,2026/08/08,14-Aug-2026,Cancelled,09/06/2026 00:00
RES-AF8DCFBF32,647,3,88,2026-04-16,04-23-2026,CO,03/03/2026 00:00
RES-46882F0327,245,9,390,02-11-2024,02-17-2024,Confirmed,06/02/2024 00:00
RES-245751D920,1108,6,261,2025-07-30,31/07/2025,Pending,2025-06-07 00:00:00
RES-424B2444F8,106,14,622,01-Oct-2026,2026-10-11,Pending,2026-08-28 00:00:00
RES-5A0BABAC4E,119,11,429,12-29-2025,04-Jan-2026,canceled,2025-12-22 00:00:00
RES-67C838FAF8,185,4,163,04/08/2026,09-Aug-2026,Pending,2026-07-12 00:00:00
RES-4A22E1D0D3,306,1,6,2024/12/20,2024-12-24,CNF,14/11/2024 00:00
RES-BACA756BE5,295,13,558,30/06/2025,2025-07-08,Pending,06-07-2025 12:00 AM
RES-EEB007D3B9,984,12,491,03-Apr-2025,08-Apr-2025,pending,03-28-2025 12:00 AM
RES-FB90E2184E,1070,3,119,05-07-2026,2026-05-15,cancelled,26/04/2026 00:00
RES-404C5C65DB,550,10,417,2024/09/29,2024-10-08,CHECKED_IN,09-23-2024 12:00 AM
RES-C27BFF6884,761,7,299,16/03/2025,2025-03-17,Checked In,01-17-2025 12:00 AM
RES-22F014A0DF,173,9,380,2025/04/12,16-Apr-2025,pending,02-22-2025 12:00 AM
RES-ECA0CBE611,457,6,246,28/07/2024,08-03-2024,NS,07-18-2024 12:00 AM
RES-6C957F8D4C,665,6,260,01-18-2024,,canceled,17/01/2024 00:00
RES-633EDB2BB9,850,10,401,2026-04-05,2026-04-13,confirmed,04-01-2026 12:00 AM
RES-58407ADF34,9,13,528,30/05/2024,03/06/2024,checked-in,2024-05-19 00:00:00
RES-75B26E464B,881,12,489,2026-06-07,14/06/2026,PENDING,2026-05-16 00:00:00
RES-DF5F22C984,1041,14,609,04-Oct-2024,14/10/2024,CXL,09-13-2024 12:00 AM
RES-10F410FA29,538,8,347,2025/09/05,2025/09/06,conf,08-08-2025 12:00 AM
RES-0358928203,196,4,143,2025-10-09,2025-10-17,no_show,07/10/2025 00:00
RES-65EB7550AA,700,13,537,02-04-2026,2026-02-13,Pending,12-23-2025 12:00 AM
RES-B290B4A371,763,14,580,2024/10/15,,CONFIRMED,2024-10-05 00:00:00
RES-F47F9C7C78,109,12,507,2026/05/08,13-May-2026,PENDING,11/04/2026 00:00
RES-6B96F33B55,379,11,458,03-Apr-2025,04-13-2025,CXL,02-16-2025 12:00 AM
RES-E7D979AA53,1153,7,291,2025-03-30,31/03/2025,CO,02-25-2025 12:00 AM
RES-B17742709B,638,10,395,03-06-2025,2025/03/09,CXL,2025-02-16 00:00:00
RES-38522988AB,317,14,624,13-Jan-2025,16-Jan-2025,pending,07/01/2025 00:00
RES-566920463B,940,11,449,2024/05/11,2024-05-18,checked_out,2024-04-25 00:00:00
RES-FB20CB2087,729,3,92,06-14-2024,2024-06-17,pending,04-29-2024 12:00 AM
RES-1B7867B4DA,856,11,427,25-Dec-2025,2026-01-04,CHECKED_OUT,11/11/2025 00:00
RES-4B100A80E5,46,14,625,06-13-2025,14/06/2025,NOSHOW,21/04/2025 00:00
RES-82954C8754,746,12,506,13/10/2025,2025-10-18,Confirmed,2025-08-30 00:00:00
RES-4C103B5CCC,663,7,278,2026/04/25,27-Apr-2026,CONFIRMED,2026-04-12 00:00:00
RES-DDE4CEB5FE,134,10,399,04-17-2025,2025/04/20,canceled,20/02/2025 00:00
RES-2B88DAC78D,1020,1,19,23/08/2025,09-01-2025,checked-out,2025-08-10 00:00:00
RES-DABFA1B58D,273,14,600,2025-06-13,18/06/2025,canceled,2025-05-26 00:00:00
RES-076F1C8DA5,1201,3,65,2026-04-02,12-Apr-2026,no_show,25/03/2026 00:00
RES-5029B46380,680,5,240,2024/03/14,2024/03/24,Pending,2024-03-05 00:00:00
RES-0B690CDFC7,502,9,381,2025/10/19,2025-10-26,CHECKED_IN,2025-09-20 00:00:00
RES-BF337ABF8B,224,14,622,2026/05/27,02/06/2026,Checked Out,2026-04-22 00:00:00
RES-EAF5BD65AE,1168,4,154,06/09/2026,10/09/2026,Pending,2026-07-26 00:00:00
RES-DC9E2777A7,1078,14,561,19/12/2024,24/12/2024,no_show,2024-10-24 00:00:00
RES-96ABD9BD87,361,6,261,11-Jul-2025,07-18-2025,No Show,07-10-2025 12:00 AM
RES-A166404E14,772,7,300,2025/09/14,09-21-2025,Confirmed,03/09/2025 00:00
RES-F1887604D6,418,13,520,24-Mar-2024,2024-03-28,PENDING,27/02/2024 00:00
RES-89ACAA9643,559,5,218,25/05/2024,30/05/2024,NOSHOW,2024-04-01 00:00:00
RES-B4A2BF2F9B,1137,5,214,2024/07/30,2024-08-05,confirmed,06-08-2024 12:00 AM
RES-D873D7A412,706,1,8,30/11/2025,2025/12/05,Checked In,11-10-2025 12:00 AM
RES-91B507BB6C,1081,12,475,17/03/2024,03-24-2024,NOSHOW,2024-02-05 00:00:00
RES-877C616D45,653,7,297,10/03/2025,03-19-2025,no-show,01-15-2025 12:00 AM
RES-B6559F7B5D,732,12,507,2025-06-03,06-06-2025,pending,25/05/2025 00:00
RES-0A2002B671,618,1,9,18-Sep-2025,26-Sep-2025,CNF,2025-08-21 00:00:00
RES-54083B61C9,901,1,30,07-Jan-2025,2025/01/13,Pending,2024-12-15 00:00:00
RES-BB0AC39FE3,783,11,433,25-Jun-2026,27/06/2026,Cancelled,2026-06-19 00:00:00
RES-7EAEDC1909,1145,3,92,2024-08-14,2024/08/24,no-show,06-19-2024 12:00 AM
RES-7C2FCA493C,512,12,502,20-May-2025,05-23-2025,cancelled,09/04/2025 00:00
RES-DB4D61FA3C,967,9,370,2024/09/22,10-01-2024,CO,29/07/2024 00:00
RES-DC79BC2242,533,5,181,10-19-2024,2024-10-23,CANCELLED,09/09/2024 00:00
RES-3B2F9E495A,1113,14,582,16-Mar-2024,26-Mar-2024,pending,20/02/2024 00:00
RES-1F5F752DFA,698,13,543,28-Dec-2025,01-01-2026,PND,2025-12-26 00:00:00
RES-F6A21AFC11,984,6,269,24/06/2026,26/06/2026,Pending,05-26-2026 12:00 AM
RES-B016664FD6,1063,8,326,2025/04/06,09-Apr-2025,NS,03-20-2025 12:00 AM
RES-42BEAC2930,168,10,404,2026-01-05,10-Jan-2026,Checked Out,12-07-2025 12:00 AM
RES-AB58796EA4,689,5,225,2025-12-16,2025-12-23,Checked In,2025-11-04 00:00:00
RES-B3D851581A,218,6,253,2024-03-16,24-Mar-2024,Confirmed,02-18-2024 12:00 AM
RES-FD5DC93A53,65,11,444,23/05/2026,05-31-2026,CANCELLED,08/04/2026 00:00
RES-5FF13E7974,1101,13,519,2024/09/21,09-22-2024,no_show,2024-09-08 00:00:00
RES-AA484F4C5A,1007,13,517,14-Feb-2025,02-18-2025,CANCELLED,2024-12-26 00:00:00
RES-F6DFDD2872,900,1,28,29-Jan-2025,2025-02-07,No Show,2024-12-16 00:00:00
RES-E3F2F66481,603,13,523,31/07/2025,2025-08-09,no-show,01/07/2025 00:00
RES-4648376F11,652,4,165,09/06/2024,2024/06/15,no_show,2024-06-07 00:00:00
RES-72EFB22E72,955,1,23,2024/05/24,05-26-2024,CHECKED_OUT,2024-04-28 00:00:00
RES-5F7EADB77B,218,4,156,23-Feb-2025,2025-02-24,Confirmed,01-10-2025 12:00 AM
RES-F54D8D6A48,894,4,160,23-Jan-2025,01-31-2025,NS,04/01/2025 00:00
RES-788FCBC15E,838,15,679,30/01/2024,02-09-2024,CHECKED_OUT,2024-01-02 00:00:00
RES-C53AE048E8,1223,8,346,28-Mar-2025,03-30-2025,Checked Out,02-05-2025 12:00 AM
RES-6F771C792D,380,15,644,01-14-2025,2025/01/19,No Show,2025-01-06 00:00:00
RES-47F34A8CCE,32,2,51,2024-04-06,08/04/2024,no_show,2024-04-05 00:00:00
RES-C3437DF3C0,62,11,427,01-21-2026,2026/01/31,Cancelled,2026-01-06 00:00:00
RES-494A62E478,2,14,563,2025/12/04,06-Dec-2025,NOSHOW,2025-11-03 00:00:00
RES-6AC161093C,1117,4,141,2025-11-08,11/11/2025,CO,06/10/2025 00:00
RES-1DF4DDC196,965,11,434,13-Jul-2024,19-Jul-2024,Pending,2024-07-03 00:00:00
RES-8D9DEBD55E,658,5,191,15/06/2025,19/06/2025,pending,2025-06-04 00:00:00
RES-8EF2ED5B8C,1053,14,629,24-Jun-2024,01/07/2024,checked_out,2024-06-15 00:00:00
RES-794EEA5459,580,10,400,04/05/2026,2026/05/11,no-show,2026-04-13 00:00:00
RES-B7FFB0DC94,1090,6,252,02-12-2026,02-17-2026,CO,2026-01-02 00:00:00
RES-2C2491906E,409,5,200,2025/05/22,2025/05/29,CHECKED_OUT,2025-05-15 00:00:00
RES-DDEB8DD9C4,804,1,28,09-26-2024,2024-10-03,Cancelled,23/09/2024 00:00
RES-A2070435B2,70,12,478,17/04/2025,2025-04-22,CONFIRMED,09/04/2025 00:00
RES-5F1567B5C7,206,4,143,2024/10/12,17-Oct-2024,no-show,2024-08-27 00:00:00
RES-F36D306DF7,87,10,416,2025/05/06,05-12-2025,pending,04-01-2025 12:00 AM
RES-21C28FBACF,306,10,412,05-May-2026,2026/05/13,Confirmed,03-10-2026 12:00 AM
RES-9A28D4D72E,1076,14,621,28-Jun-2024,2024-07-03,CONFIRMED,06-01-2024 12:00 AM
RES-78DAB70C98,692,11,455,2024/09/20,2024-09-21,CO,30/08/2024 00:00
RES-C5613ADBC1,523,2,36,01-Jan-2026,2026-01-08,PND,2025-12-02 00:00:00
RES-57D535DAE1,990,1,26,16-Dec-2025,21/12/2025,checked_in,11-19-2025 12:00 AM
RES-2FCB2925D8,1155,8,330,2026/06/13,17/06/2026,CI,2026-05-07 00:00:00
RES-A76D71E98F,126,1,17,15/04/2024,04-25-2024,confirmed,08/03/2024 00:00
RES-DAB816ED2F,394,2,60,08-05-2024,13-Aug-2024,pending,07-01-2024 12:00 AM
RES-CB892C26CE,790,2,36,27-Sep-2026,2026/09/30,CANCELLED,2026-08-03 00:00:00
RES-FE2BFAE532,751,6,265,2025-11-03,05/11/2025,Cancelled,09-08-2025 12:00 AM
RES-4F6FB2060D,697,2,40,2026-04-04,08-Apr-2026,canceled,2026-02-26 00:00:00
RES-82D49EF33A,174,7,293,2026/03/12,2026-03-20,CHECKED_OUT,01-23-2026 12:00 AM
RES-1F9DDAD401,907,9,382,02-Jul-2024,03/07/2024,CO,2024-05-28 00:00:00
RES-49E2268D95,382,5,238,2025-05-26,2025-05-30,Pending,19/05/2025 00:00
RES-0FC08C698A,377,1,14,18/07/2026,2026-07-20,Pending,06-01-2026 12:00 AM
RES-C82A3D96FC,532,9,371,2025-01-10,01-18-2025,checked-in,2024-11-14 00:00:00
RES-08518E778D,735,3,104,06/06/2026,11/06/2026,Checked In,04-10-2026 12:00 AM
RES-D1EF9E289B,956,4,149,2026-11-03,11-05-2026,CNF,09-22-2026 12:00 AM
RES-8145998E93,108,9,378,21-Aug-2025,23-Aug-2025,CANCELLED,07-07-2025 12:00 AM
RES-977A43F941,1051,4,140,03-26-2024,30/03/2024,CO,05/03/2024 00:00
RES-B3850147F4,618,2,61,05-06-2024,05-11-2024,CO,2024-04-07 00:00:00
RES-9989CF70AC,184,2,36,2026-06-05,06-Jun-2026,CNF,10/04/2026 00:00
RES-EA7CF7D079,1203,13,525,12/07/2024,15-Jul-2024,CONFIRMED,17/06/2024 00:00
RES-7FF3242A85,270,10,407,05-27-2025,2025-06-05,no_show,04-23-2025 12:00 AM
RES-F3E191B7C0,321,11,450,05/04/2026,06/04/2026,checked_in,2026-02-13 00:00:00
RES-E72ED8B642,104,3,135,02-18-2026,2026/02/21,CONFIRMED,02-10-2026 12:00 AM
RES-12F9B2FECE,342,9,370,2026-03-06,2026-03-08,CNF,02-10-2026 12:00 AM
RES-18AC4505C8,764,10,395,05-02-2026,06-May-2026,PENDING,2026-03-17 00:00:00
RES-AB8D6BA43F,718,1,7,12-Aug-2026,2026-08-21,no-show,2026-07-01 00:00:00
RES-0F4163F079,34,8,319,23/10/2024,29/10/2024,No Show,09-14-2024 12:00 AM
RES-2259249502,470,10,412,2024-05-28,29-May-2024,checked_in,05-03-2024 12:00 AM
RES-D82448A22F,150,7,292,07-08-2024,2024-07-18,checked-out,09/05/2024 00:00
RES-7CA35D330D,681,5,230,02-14-2024,19-Feb-2024,CI,01-27-2024 12:00 AM
RES-BE2E70AF8D,1137,15,677,23/05/2026,05-27-2026,canceled,27/04/2026 00:00
RES-708EC01B56,236,1,23,2026/08/12,2026-08-17,CO,07-13-2026 12:00 AM
RES-3CF2E0D3A4,848,6,246,2025/01/21,2025/01/31,canceled,12-07-2024 12:00 AM
RES-D09CE3F774,768,2,57,09/09/2024,09-18-2024,Confirmed,07-30-2024 12:00 AM
RES-EF8E74FD3D,900,8,308,2025-04-19,28/04/2025,confirmed,2025-02-27 00:00:00
RES-A2A703BF32,67,11,452,2026/10/06,16/10/2026,checked_in,2026-09-01 00:00:00
RES-7582537B66,44,12,488,2024/12/19,28/12/2024,checked-in,2024-11-19 00:00:00
RES-3A3BEE02B1,109,1,25,13-Jun-2025,2025-06-22,checked-out,25/05/2025 00:00
RES-8D9D595502,795,14,570,08-Apr-2024,18/04/2024,canceled,02-24-2024 12:00 AM
RES-3963EA3C07,1208,9,392,2024-11-05,2024/11/10,CXL,30/09/2024 00:00
RES-D93E67E7C3,302,2,49,03-May-2026,05-04-2026,no-show,03-11-2026 12:00 AM
RES-E33BC23911,301,10,418,2024-08-23,2024/08/28,PND,07-01-2024 12:00 AM
RES-1B0361DF9E,1004,15,644,01-07-2026,2026/01/10,checked-out,11-29-2025 12:00 AM
RES-A612315CB0,254,5,220,07-Feb-2025,09-Feb-2025,NOSHOW,07/01/2025 00:00
RES-603534E75D,281,14,627,06-09-2025,06-15-2025,CHECKED_IN,12/05/2025 00:00
RES-E6516B38C6,410,10,401,10-30-2025,09/11/2025,NS,2025-08-31 00:00:00
RES-F05B2063F3,510,2,44,12-Jan-2025,01-21-2025,canceled,11-30-2024 12:00 AM
RES-ABB0EFDC1F,213,9,388,2024-10-30,2024/11/05,CO,18/10/2024 00:00
RES-B6139F7768,972,12,499,06-28-2026,06/07/2026,pending,05-02-2026 12:00 AM
RES-820B96B1B3,505,8,336,06/05/2026,05-16-2026,CI,10/03/2026 00:00
RES-D07174D6D6,132,14,565,2026-06-07,08-Jun-2026,conf,05-15-2026 12:00 AM
RES-C18DD43DB4,771,12,492,28-May-2026,2026-06-06,Checked Out,05-10-2026 12:00 AM
RES-1853E514FF,64,9,373,2024/10/25,01/11/2024,checked_in,2024-09-19 00:00:00
RES-12CD80B8D6,469,8,336,2024-09-04,09-05-2024,no-show,13/07/2024 00:00
RES-A81BE4AF34,796,11,465,19-Aug-2024,2024/08/21,Checked Out,06-20-2024 12:00 AM
RES-2723106E08,1019,7,299,07-21-2026,2026-07-22,no_show,2026-07-10 00:00:00
RES-D588524100,9,1,10,2025-02-24,2025-02-25,conf,02-12-2025 12:00 AM
RES-3067BBF506,83,9,361,17/04/2024,22/04/2024,CHECKED_OUT,2024-02-25 00:00:00
RES-6F423A7DE4,74,12,498,19-Oct-2025,2025/10/20,Cancelled,10-02-2025 12:00 AM
RES-D8C1E651FE,467,3,84,13/12/2025,2025-12-19,Checked Out,10-20-2025 12:00 AM
RES-C9C3FC323A,749,14,631,16/08/2026,25-Aug-2026,CHECKED_IN,08/08/2026 00:00
RES-B1B6B224E3,868,5,228,2024/05/18,2024/05/24,PENDING,29/04/2024 00:00
RES-B8D912045F,1173,11,461,12-Sep-2024,09-14-2024,CANCELLED,08-16-2024 12:00 AM
RES-9B1D8E873F,750,14,592,11-07-2025,11-09-2025,confirmed,05/11/2025 00:00
RES-CC9873BD7C,389,11,427,2024/09/19,2024-09-25,CXL,08-20-2024 12:00 AM
RES-B36CC5017D,1069,7,282,09-12-2024,18-Sep-2024,checked_out,2024-08-03 00:00:00
RES-C1AB9936BF,758,7,294,11/11/2024,11-17-2024,checked-in,31/10/2024 00:00
RES-F0749C4D4D,795,1,10,2025/11/23,12-03-2025,Checked In,2025-09-30 00:00:00
RES-8097D43745,319,9,381,2025-12-13,12-16-2025,NOSHOW,2025-11-09 00:00:00
RES-B854701960,281,1,31,2026/05/13,2026/05/15,NS,21/04/2026 00:00
RES-EFDCA2BC1E,366,4,143,26-Sep-2024,10-05-2024,Checked In,18/08/2024 00:00
RES-97B902F845,695,10,409,2024/11/17,2024/11/21,canceled,10-24-2024 12:00 AM
RES-DD75B18A62,69,12,509,07-13-2025,23-Jul-2025,checked-in,05-29-2025 12:00 AM
RES-B027FECCB5,326,3,130,03-Feb-2025,12-Feb-2025,conf,12-27-2024 12:00 AM
RES-E600C40A8D,250,9,363,31-Aug-2024,2024/09/05,NS,2024-08-24 00:00:00
RES-A62EEF37BC,444,4,170,03/02/2025,11/02/2025,CANCELLED,2025-01-01 00:00:00
RES-7406197C07,1204,9,393,03-23-2024,28-Mar-2024,PND,2024-03-16 00:00:00
RES-55DBFF604C,1078,15,660,01-14-2025,01-22-2025,checked-in,10/01/2025 00:00
RES-F28EF82991,174,8,336,03/11/2025,2025-11-04,Cancelled,10-31-2025 12:00 AM
RES-0942861600,201,3,123,24-Oct-2025,02/11/2025,No Show,10-12-2025 12:00 AM
RES-0091D70A40,491,8,347,2026-09-11,12/09/2026,Checked In,07-24-2026 12:00 AM
RES-F64AEC96D9,145,6,251,07-Mar-2026,09/03/2026,checked_out,2026-02-09 00:00:00
RES-4CFEDC3FD5,1014,9,374,16/05/2024,2024/05/24,conf,05-08-2024 12:00 AM
RES-EFDFD74B67,560,7,292,2024/10/19,10-27-2024,conf,2024-09-14 00:00:00
RES-B08112EDD0,360,4,146,30-Jan-2026,31/01/2026,checked-in,25/12/2025 00:00
RES-F1D36D764A,434,14,605,06-12-2024,20/06/2024,checked-in,2024-05-10 00:00:00
RES-CAA05BB659,1195,13,524,30/12/2024,01-08-2025,CANCELLED,2024-12-27 00:00:00
RES-1EF3E54B44,787,6,251,16/08/2025,22-Aug-2025,checked_in,04/08/2025 00:00
RES-A3AF278433,279,14,625,30-Aug-2024,2024-09-08,Confirmed,01/07/2024 00:00
RES-D2F7A627F0,1164,13,527,2024/08/11,2024/08/15,PENDING,08-01-2024 12:00 AM
RES-1D0801F61A,329,11,427,20-May-2025,2025/05/21,conf,04-23-2025 12:00 AM
RES-01498E0450,8,7,295,2024-03-11,19/03/2024,CI,02-08-2024 12:00 AM
RES-AA31527D00,1121,3,94,2025-09-22,2025-09-28,checked_out,20/08/2025 00:00
RES-8A64A1D5CD,338,5,184,01-Aug-2026,08-07-2026,No Show,23/07/2026 00:00
RES-1D66FF6450,667,7,284,02-18-2024,2024-02-26,Cancelled,2024-01-25 00:00:00
RES-5053479EDE,19,6,250,2025-02-25,02-27-2025,No Show,08/01/2025 00:00
RES-CB0B7AB922,18,12,496,27/11/2024,12-03-2024,Checked In,10-30-2024 12:00 AM
RES-4E01F3E125,468,3,127,02/07/2024,2024/07/03,PENDING,06-05-2024 12:00 AM
RES-680BBDB239,1136,1,30,08/01/2026,01-12-2026,CNF,11-16-2025 12:00 AM
RES-568A9E15CA,1227,10,396,2026-06-03,07/06/2026,CHECKED_OUT,05-06-2026 12:00 AM
RES-7A074B2AF9,1139,14,603,2025/09/09,09-19-2025,CO,2025-07-17 00:00:00
RES-F54BBA4598,820,11,426,2025/07/13,07-17-2025,PENDING,2025-07-02 00:00:00
RES-D0578F911A,828,1,16,2025/04/09,2025/04/10,CI,03-24-2025 12:00 AM
RES-B424391DF3,263,1,12,2025-12-31,2026-01-07,confirmed,13/12/2025 00:00
RES-AEF02EB715,247,7,301,2026/04/01,04-02-2026,CHECKED_IN,03-27-2026 12:00 AM
RES-3BED50CDCB,460,10,400,06-09-2024,2024-06-12,CHECKED_IN,13/04/2024 00:00
RES-A00A1D85A1,542,7,287,2024/05/23,2024-05-29,Checked In,2024-03-30 00:00:00
RES-C8B778DA03,210,15,662,11-23-2025,24/11/2025,confirmed,2025-11-10 00:00:00
RES-3F11DC6735,1156,9,381,25-Apr-2024,2024-04-26,Cancelled,03-15-2024 12:00 AM
RES-EF4BF299FB,252,6,265,2025-06-01,04-Jun-2025,checked_in,2025-05-03 00:00:00
RES-E7ACF01D37,701,13,525,09-26-2026,02-Oct-2026,checked-out,09-09-2026 12:00 AM
RES-E90358AD20,1223,15,635,26/08/2026,09-03-2026,checked_out,13/08/2026 00:00
RES-2DBA0D5200,1017,12,508,11-21-2024,2024/11/23,pending,2024-11-19 00:00:00
RES-B4ACA79894,567,8,346,14-Mar-2025,2025-03-22,CONFIRMED,2025-02-19 00:00:00
RES-527B75F033,1022,14,583,01-11-2025,01-15-2025,no_show,2024-11-13 00:00:00
RES-C86AAEB3D8,1004,6,272,2025/07/25,04/08/2025,no-show,06-30-2025 12:00 AM
RES-E184874560,1227,8,351,06-Oct-2026,10-13-2026,CONFIRMED,21/08/2026 00:00
RES-B884798A42,402,5,203,2024/06/18,2024-06-27,CANCELLED,01/06/2024 00:00
RES-4D55ABBFB2,211,3,105,04-23-2026,04-30-2026,Pending,15/03/2026 00:00
RES-DC67A186CE,235,4,149,25/07/2025,2025/08/04,Cancelled,2025-06-03 00:00:00
RES-EB7E6A2376,1203,9,362,06-Feb-2024,07-Feb-2024,NOSHOW,12/01/2024 00:00
RES-4850B2A78D,1146,3,128,2026-10-17,2026-10-21,CANCELLED,2026-08-24 00:00:00
RES-2FE3FA7C79,1231,4,147,2026-06-06,14/06/2026,CHECKED_OUT,2026-05-16 00:00:00
RES-D4064266D3,155,2,44,2025-05-10,14-May-2025,checked-out,04-08-2025 12:00 AM
RES-E548040BAD,88,8,327,02-14-2025,23/02/2025,CO,2025-02-06 00:00:00
RES-71ACDA234B,426,3,128,08-25-2025,04-Sep-2025,no-show,2025-08-20 00:00:00
RES-0F16A63AA6,777,1,2,2024/09/20,2024/09/26,NOSHOW,14/09/2024 00:00
RES-869053D276,1099,9,390,2024-09-29,2024/10/03,Pending,08-01-2024 12:00 AM
RES-F3F6DA951D,178,10,417,25/01/2026,2026-01-29,CANCELLED,2025-12-24 00:00:00
RES-C1562857B2,961,14,582,2024-11-22,2024-11-26,NS,2024-10-22 00:00:00
RES-B46C47663B,131,1,8,2024/10/10,2024/10/13,PENDING,12/09/2024 00:00
RES-F5BA379827,835,13,520,05-27-2024,03/06/2024,Pending,04-20-2024 12:00 AM
RES-70D64FD9E7,862,1,27,25/06/2025,29-Jun-2025,CXL,06-22-2025 12:00 AM
RES-AE8B733297,365,12,499,28/02/2024,01-Mar-2024,Confirmed,01-22-2024 12:00 AM
RES-32030ED258,147,13,551,20-Apr-2025,27/04/2025,checked_in,03-28-2025 12:00 AM
RES-C6BBD74168,562,9,361,2025-12-18,2025-12-22,CI,11-04-2025 12:00 AM
RES-82FEF08BC6,1087,1,18,18/10/2024,27/10/2024,checked-out,2024-10-11 00:00:00
RES-6F706CB09E,1205,8,346,09/05/2024,05-17-2024,CANCELLED,2024-04-21 00:00:00
RES-117EE663E1,755,15,637,2025-12-04,2025-12-14,conf,03/12/2025 00:00
RES-7D903934F6,840,11,471,2024/05/12,19-May-2024,Checked Out,2024-05-10 00:00:00
RES-93B8807BBF,763,11,438,2024/10/04,14/10/2024,Confirmed,09-11-2024 12:00 AM
RES-4E9509C5E8,821,11,446,2026-07-04,10-Jul-2026,checked-out,2026-06-27 00:00:00
RES-AA0F83CF4D,858,11,464,05-03-2025,12-May-2025,pending,2025-03-24 00:00:00
RES-85E7D21276,97,4,155,12/05/2026,18-May-2026,Checked Out,2026-05-05 00:00:00
RES-CDB6C48543,931,10,395,07-31-2026,09-Aug-2026,CXL,06-16-2026 12:00 AM
RES-DFCB8A4C40,355,7,279,10-09-2025,10-19-2025,checked-out,10-01-2025 12:00 AM
RES-689A82164D,1020,5,206,13/07/2024,2024-07-20,no-show,27/06/2024 00:00
RES-EDCB8B58C1,127,12,502,11-Jun-2024,2024/06/20,pending,05-02-2024 12:00 AM
RES-0A9F3DDDE2,788,8,307,09-28-2025,2025-10-02,CHECKED_IN,22/08/2025 00:00
RES-CDC22920FA,923,13,530,2024/05/17,05-25-2024,checked_out,14/05/2024 00:00
RES-8B74C2BE8A,703,15,646,30-Apr-2026,09-May-2026,CONFIRMED,2026-04-10 00:00:00
RES-A685986AA5,474,7,292,2024/04/25,2024-05-01,NOSHOW,03-26-2024 12:00 AM
RES-F39FCB961A,1082,1,10,2026-08-20,29-Aug-2026,checked-in,2026-08-09 00:00:00
RES-E0ED114413,352,5,189,2024/02/09,13/02/2024,CNF,2024-02-04 00:00:00
RES-E9885F0561,1223,3,87,26/11/2025,04-Dec-2025,CXL,2025-10-01 00:00:00
RES-97ABC07BC9,25,15,676,2026/04/23,04-26-2026,Cancelled,2026-04-09 00:00:00
RES-7327DFD7C5,193,1,9,29-Sep-2026,2026-10-08,CI,09-09-2026 12:00 AM
RES-AD7156562D,890,9,371,2024/03/07,2024-03-10,CANCELLED,26/01/2024 00:00
RES-C5AF972A4A,550,10,412,01/04/2024,2024-04-10,CANCELLED,02-17-2024 12:00 AM
RES-A6AC64D734,339,14,575,10-27-2025,30/10/2025,CANCELLED,25/09/2025 00:00
RES-2D3208378D,382,6,254,2025-07-27,2025/08/06,checked-in,2025-07-09 00:00:00
RES-B0AA948351,465,11,471,15/06/2024,2024/06/24,CANCELLED,05-29-2024 12:00 AM
RES-F54B6A10A2,624,1,21,2025/04/23,04-28-2025,canceled,2025-04-07 00:00:00
RES-7215EBFC1B,754,7,277,2024-08-19,2024/08/28,canceled,08-16-2024 12:00 AM
RES-2D45242B7F,31,11,440,02-18-2025,21/02/2025,CONFIRMED,2024-12-30 00:00:00
RES-0182338F8B,1046,7,281,28-Aug-2026,2026-09-05,PND,08-27-2026 12:00 AM
RES-276A36EA6A,693,7,300,07/01/2026,,CANCELLED,04/01/2026 00:00
RES-49BA101B1F,211,9,387,06-20-2025,21-Jun-2025,CANCELLED,2025-05-03 00:00:00
RES-68682EB145,1064,11,464,2026-07-21,2026-07-22,confirmed,2026-07-17 00:00:00
RES-4C83F3F575,356,1,4,2026-07-07,09/07/2026,NS,26/06/2026 00:00
RES-367CCEBB8B,216,9,368,07-Jul-2025,07-10-2025,confirmed,30/05/2025 00:00
RES-83CD0361EA,751,3,80,11-Aug-2026,2026-08-20,no_show,27/07/2026 00:00
RES-499811F829,106,11,432,28/08/2025,2025/09/01,CONFIRMED,07-16-2025 12:00 AM
RES-49BF8E58B1,830,15,653,07-21-2024,24-Jul-2024,CHECKED_IN,2024-07-04 00:00:00
RES-5149672009,49,10,402,01-25-2024,27/01/2024,confirmed,2024-01-24 00:00:00
RES-EE09E2683A,53,7,294,04-16-2025,17/04/2025,checked_in,03-17-2025 12:00 AM
RES-6C9DB04F86,28,4,140,23/11/2024,26/11/2024,Checked Out,2024-09-30 00:00:00
RES-1177136012,252,6,263,27/10/2024,2024/11/01,CONFIRMED,2024-08-28 00:00:00
RES-D110154EC9,1162,11,467,07-25-2026,26/07/2026,pending,06-18-2026 12:00 AM
RES-6C37E76632,307,6,256,2026/02/03,02-10-2026,CNF,2026-01-03 00:00:00
RES-43BD33049C,236,7,292,15/09/2024,09-22-2024,checked_in,07-22-2024 12:00 AM
RES-C7A96EAD3B,1176,2,54,2025/08/16,08-19-2025,checked_in,01/08/2025 00:00
RES-BF77C346FD,287,12,513,2025-08-02,2025-08-10,checked-out,21/07/2025 00:00
RES-292AC944A0,1144,9,367,25-Mar-2026,30-Mar-2026,PND,05/03/2026 00:00
RES-3AF3D4D7A4,1153,10,412,2026/01/26,29-Jan-2026,checked-in,2025-12-01 00:00:00
RES-D21FA13A12,1067,4,173,06-09-2026,2026/06/12,CI,04-19-2026 12:00 AM
RES-F8B6855B07,659,7,286,2024-03-27,03-31-2024,PENDING,2024-01-31 00:00:00
RES-6864FE50ED,730,2,39,03-29-2024,07-Apr-2024,conf,09/03/2024 00:00
RES-1932CD1DD6,380,4,142,2025/03/05,07-Mar-2025,cancelled,24/02/2025 00:00
RES-3427AF507F,618,6,259,25-Jan-2025,,CNF,11-27-2024 12:00 AM
RES-9BDA412A84,822,15,680,2024-04-23,2024/04/30,conf,15/04/2024 00:00
RES-72D87CB3C7,1118,11,431,2024-06-11,2024/06/17,confirmed,2024-04-30 00:00:00
RES-55DB34CF09,399,14,627,03-30-2025,04-01-2025,CONFIRMED,14/02/2025 00:00
RES-9DF2F6D85D,946,9,364,2024-09-16,2024/09/18,CANCELLED,2024-07-29 00:00:00
RES-C750839413,883,1,27,2025/04/03,06-Apr-2025,no_show,20/03/2025 00:00
RES-F4B87BB293,126,10,415,09-18-2025,2025/09/24,CONFIRMED,2025-08-08 00:00:00
RES-0B27316182,643,13,525,2024-04-09,10-Apr-2024,CONFIRMED,2024-03-01 00:00:00
RES-65F11A6FED,525,15,690,18-Mar-2026,20/03/2026,Confirmed,2026-03-03 00:00:00
RES-F8F9F8036C,350,1,23,11/08/2025,,NOSHOW,06-23-2025 12:00 AM
RES-A78DC82277,1123,9,393,2026-05-09,2026-05-13,checked-out,03-15-2026 12:00 AM
RES-F1ADB84F31,544,9,387,2024-04-20,2024/04/23,checked_out,08/03/2024 00:00
RES-1DDEF32171,1197,3,77,2024-07-06,13/07/2024,Confirmed,05-09-2024 12:00 AM
RES-41EC1FC9FA,685,10,413,06-11-2024,21/06/2024,NS,2024-05-19 00:00:00
RES-E1DF946D50,1010,2,34,07-17-2026,07-20-2026,Pending,11/07/2026 00:00
RES-18CD1F60C8,482,1,21,2025-12-26,05-Jan-2026,canceled,2025-12-15 00:00:00
RES-44A4EAA5B7,677,15,680,02-11-2024,15/02/2024,PND,01-02-2024 12:00 AM
RES-D950AF6B94,804,2,34,2025/03/13,20/03/2025,CNF,2025-01-16 00:00:00
RES-38C3CFC509,679,4,168,31-May-2026,2026-06-08,CXL,2026-04-04 00:00:00
RES-713F8FDAB2,554,4,155,22-Apr-2026,2026-04-27,checked-out,04-20-2026 12:00 AM
RES-52B1013DE0,396,13,519,01-19-2025,2025/01/21,checked_out,12-31-2024 12:00 AM
RES-2A0B288450,302,12,482,2026-09-24,2026/10/01,canceled,2026-07-31 00:00:00
RES-3BF009FADF,753,11,455,22-May-2026,30/05/2026,pending,09/05/2026 00:00
RES-09B7FB32EF,578,6,246,2025-06-27,29/06/2025,CHECKED_IN,06-13-2025 12:00 AM
RES-A151CB9EB2,1219,5,232,2026-06-17,2026/06/20,CHECKED_OUT,05-06-2026 12:00 AM
RES-2EB0DDFC77,1058,2,47,2025-11-18,19/11/2025,NS,25/09/2025 00:00
RES-3A03F5CF85,860,2,52,10-31-2025,05/11/2025,cancelled,2025-09-12 00:00:00
RES-6C3120ACB5,210,1,22,28/08/2025,03/09/2025,CI,2025-07-27 00:00:00
RES-89FF1A898D,152,11,456,05-14-2025,2025/05/15,checked-in,2025-03-23 00:00:00
RES-F92F809DDE,1099,5,208,2025/04/16,2025/04/25,CHECKED_IN,09/04/2025 00:00
RES-4EF6F8C8B7,730,10,412,11-Feb-2026,2026-02-16,cancelled,17/12/2025 00:00
RES-6EE64717D0,721,14,605,04/03/2024,2024-03-09,NOSHOW,16/02/2024 00:00
RES-3D38A5DEE1,739,14,590,2024-03-23,2024/03/24,checked_in,21/02/2024 00:00
RES-30E33C7E10,446,15,670,2024/06/16,2024-06-17,no-show,04-27-2024 12:00 AM
RES-BED30E68C8,1052,4,171,12-22-2025,2025/12/31,CHECKED_IN,11-14-2025 12:00 AM
RES-1E7B6BC053,797,4,162,2025/08/25,2025-09-03,CNF,08-20-2025 12:00 AM
RES-D9925D1486,194,1,15,2025-10-17,10-23-2025,CNF,28/08/2025 00:00
RES-660AD9AB62,926,12,506,27-Jun-2026,07-05-2026,conf,06-21-2026 12:00 AM
RES-6DB741563D,875,12,498,16-Feb-2024,2024/02/24,pending,2024-01-28 00:00:00
RES-22FB91E3E4,1092,13,526,11-Sep-2025,2025-09-20,Confirmed,08-13-2025 12:00 AM
RES-D66335829F,667,3,125,01-Jun-2026,2026/06/08,CHECKED_IN,05-13-2026 12:00 AM
RES-5E39BB4D9C,1045,14,631,06-16-2024,2024/06/26,Pending,05-21-2024 12:00 AM
RES-29A2C5083D,571,6,264,04-10-2024,04-11-2024,CONFIRMED,2024-02-29 00:00:00
RES-DB1DEB2E24,494,15,680,03-Feb-2026,02-10-2026,NS,12-06-2025 12:00 AM
RES-549D685762,535,5,225,2024-06-29,08-Jul-2024,no-show,2024-05-22 00:00:00
RES-A1015E93C6,462,3,78,2026/07/02,2026/07/08,CXL,2026-05-28 00:00:00
RES-EDC39DCDB2,355,14,571,28-Sep-2025,02/10/2025,pending,08-25-2025 12:00 AM
RES-C703771B19,816,2,47,2026-09-18,25/09/2026,CONFIRMED,18/08/2026 00:00
RES-EF1A65C3EF,123,2,50,2024/07/08,2024/07/18,CI,06-07-2024 12:00 AM
RES-E1F79754B0,247,10,419,2025/07/22,31/07/2025,CXL,2025-06-12 00:00:00
RES-4AE1D9D3B3,516,13,555,07-14-2025,21-Jul-2025,confirmed,2025-06-02 00:00:00
RES-54176EA95C,1006,14,633,05/09/2024,09-15-2024,Cancelled,2024-08-16 00:00:00
RES-973FE4FE7D,1069,8,333,2025/03/09,19/03/2025,pending,02-06-2025 12:00 AM
RES-E399043AC0,632,6,264,02-13-2026,17-Feb-2026,checked_in,16/12/2025 00:00
RES-53348BF96B,447,14,613,2025/12/17,2025-12-19,no_show,2025-11-27 00:00:00
RES-4B4A38CCF6,530,10,400,02-28-2026,2026/03/08,Checked In,02-24-2026 12:00 AM
RES-73077DA836,280,8,325,2025/06/07,09/06/2025,pending,11/04/2025 00:00
RES-D7CE97FDDD,793,6,266,07/02/2024,2024/02/11,pending,05/01/2024 00:00
RES-A7F4603C99,407,10,401,2024/06/13,2024/06/21,no_show,05-11-2024 12:00 AM
RES-332CC55B3F,1144,8,324,2025-07-11,17/07/2025,no-show,07-04-2025 12:00 AM
RES-8CFDB87F06,368,8,348,05-Jul-2026,15-Jul-2026,checked-in,2026-05-15 00:00:00
RES-8E2EBC5296,422,4,161,01/08/2025,10/08/2025,NOSHOW,06-09-2025 12:00 AM
RES-0F8D02B892,659,13,516,2026-01-17,2026-01-26,no_show,12-08-2025 12:00 AM
RES-4009B4EB14,19,9,388,2026/04/09,2026/04/19,pending,2026-03-05 00:00:00
RES-4D550E3838,487,9,391,2025-12-13,2025-12-14,PENDING,2025-11-24 00:00:00
RES-8837F340DB,404,15,683,2025-10-17,2025-10-27,checked_out,19/09/2025 00:00
RES-F2B939532D,276,6,265,2025/06/16,18-Jun-2025,CO,2025-05-18 00:00:00
RES-4268FFBCB4,831,1,32,2025/11/01,06/11/2025,Checked Out,18/09/2025 00:00
RES-57C18F3452,823,4,161,24/05/2026,02-Jun-2026,pending,04-27-2026 12:00 AM
RES-3AEB19B875,39,7,292,05-30-2024,2024/06/09,Pending,2024-05-01 00:00:00
RES-6A0EC937B5,441,4,141,2025-02-23,24/02/2025,Checked In,2025-01-28 00:00:00
RES-F5A2D542CE,165,4,155,08-Apr-2025,18/04/2025,checked-out,05/03/2025 00:00
RES-A9B0F3FA31,511,8,357,2024-03-25,2024/03/27,CI,21/03/2024 00:00
RES-55AE06EF2B,340,6,253,2026-06-13,2026/06/17,Cancelled,05-12-2026 12:00 AM
RES-D8CF625945,276,2,57,06-06-2025,09-Jun-2025,checked-out,18/04/2025 00:00
RES-1F43A7CA22,634,2,43,2024-11-02,09/11/2024,Cancelled,09-05-2024 12:00 AM
RES-43313FC171,399,6,267,17/08/2025,2025/08/20,CNF,22/06/2025 00:00
RES-00A9FBA36D,433,8,313,2024-07-09,19-Jul-2024,Cancelled,2024-06-23 00:00:00
RES-E1B41D229E,651,3,106,2024/07/21,28-Jul-2024,pending,06-29-2024 12:00 AM
RES-2E52D7E173,983,9,374,2026/05/03,2026/05/12,Checked In,2026-03-26 00:00:00
RES-E725751C29,365,4,149,2024-04-20,28-Apr-2024,cancelled,04-08-2024 12:00 AM
RES-4395DA17A7,121,7,300,04-09-2026,2026-04-18,conf,2026-03-13 00:00:00
RES-95C4BF6BDB,130,14,565,23/07/2024,07-25-2024,CHECKED_IN,2024-05-28 00:00:00
RES-8597B42569,585,4,157,04-Oct-2025,2025/10/08,Confirmed,2025-08-07 00:00:00
RES-E11CCBB82C,766,6,264,2026/09/16,2026-09-24,PENDING,2026-07-31 00:00:00
RES-854BA39693,649,13,533,2025/04/28,05-08-2025,confirmed,26/04/2025 00:00
RES-9B24721CE5,1216,7,285,2024-07-12,2024-07-14,CHECKED_IN,06-16-2024 12:00 AM
RES-45247C4657,224,11,465,05-01-2026,11/05/2026,checked_in,2026-04-12 00:00:00
RES-944F5C60B5,207,4,164,03-Jan-2025,01-09-2025,PENDING,2024-11-09 00:00:00
RES-550D7EC3DA,258,4,170,2026-04-28,05-04-2026,Cancelled,2026-04-07 00:00:00
RES-8F1EBEE16F,180,2,997,2024/11/09,19/11/2024,Pending,08/11/2024 00:00
RES-E20C098ED9,751,7,294,16/09/2026,09-25-2026,CI,08-28-2026 12:00 AM
RES-C2885B71B6,1064,6,259,2025-03-11,2025-03-17,pending,01-18-2025 12:00 AM
RES-A7882B5D5B,776,12,483,01/06/2025,2025/06/10,CNF,04-12-2025 12:00 AM
RES-8B2D129D0C,551,3,104,2025/03/13,03-14-2025,Cancelled,2025-03-04 00:00:00
RES-5E0221CF9B,36,1,15,2026-04-25,2026-04-29,canceled,13/03/2026 00:00
RES-8633A2CD37,1055,4,172,25-Sep-2025,2025/10/02,Cancelled,08-29-2025 12:00 AM
RES-043CF38EA3,1172,9,383,2024/07/17,2024-07-19,PND,2024-07-06 00:00:00
RES-6827B8712F,487,15,670,05-15-2026,05-20-2026,PND,03-18-2026 12:00 AM
RES-B7A18D72A2,29,5,183,2025/03/30,2025-04-09,cancelled,2025-03-29 00:00:00
RES-599A8A828B,193,3,74,2026-10-13,2026-10-21,PENDING,07/09/2026 00:00
RES-98D342704E,821,15,682,2025/08/04,13/08/2025,checked_in,2025-06-28 00:00:00
RES-B78782372A,694,5,237,07-01-2025,2025/07/05,checked_in,20/05/2025 00:00
RES-9DE951112B,909,4,148,29-Mar-2024,2024/03/30,cancelled,09/02/2024 00:00
RES-DA09B075B2,31,4,139,01-Aug-2026,08-08-2026,pending,30/07/2026 00:00
RES-5013F2680D,113,10,411,2026-01-03,07/01/2026,CANCELLED,23/11/2025 00:00
RES-EC4BBD4501,441,13,546,16/02/2024,2024-02-18,NS,01-02-2024 12:00 AM
RES-8368008D26,144,5,216,2024-03-21,2024-03-26,no_show,07/03/2024 00:00
RES-033334613F,1113,2,51,28/09/2026,04-Oct-2026,conf,02/08/2026 00:00
RES-4B8645DD5F,774,1,26,2024/01/19,2024/01/25,CANCELLED,2024-01-07 00:00:00
RES-D97A39A2AA,1104,8,353,2025/01/15,2025-01-23,checked-in,11-30-2024 12:00 AM
RES-4A3620DE9E,1130,10,407,2026/04/11,04-13-2026,PENDING,27/03/2026 00:00
RES-FE4E4AAEBA,6,8,334,2026-08-27,2026-09-01,PND,07-10-2026 12:00 AM
RES-2102AA0DB5,43,15,656,08-12-2026,15/08/2026,NS,22/07/2026 00:00
RES-B88D33BA11,914,11,471,2025/07/10,2025-07-20,CO,2025-06-12 00:00:00
RES-E92A687554,25,9,368,15-Jun-2024,2024/06/19,PND,27/04/2024 00:00
RES-36E73DE972,986,11,457,09-08-2024,,confirmed,2024-08-03 00:00:00
RES-990D244524,986,6,270,2024-04-16,20-Apr-2024,no_show,03-12-2024 12:00 AM
RES-11D8C44853,594,3,107,2026-08-10,11/08/2026,canceled,2026-07-31 00:00:00
RES-C60EB8656A,556,10,401,2024-10-03,11/10/2024,No Show,09/09/2024 00:00
RES-69F9A020CE,268,8,332,27-Sep-2025,03/10/2025,CONFIRMED,09-02-2025 12:00 AM
RES-2CB12D3612,790,5,223,02-Apr-2024,04-09-2024,Cancelled,2024-03-04 00:00:00
RES-BA7D5BAC81,1151,5,226,10-29-2024,2024/11/04,CONFIRMED,25/09/2024 00:00
RES-ADCC1CC30E,1044,10,395,28-Jun-2024,08/07/2024,checked-out,05-31-2024 12:00 AM
RES-4480F92CE4,1065,15,662,2024-07-30,2024/08/01,CANCELLED,06-07-2024 12:00 AM
RES-EA9290AF30,681,4,152,2026/02/23,02/03/2026,checked_in,2026-01-09 00:00:00
RES-B4F3C17DE7,787,7,277,24/04/2024,2024/04/26,canceled,03/04/2024 00:00
RES-8953B15215,695,3,88,2025/07/30,2025/08/04,CONFIRMED,2025-07-15 00:00:00
RES-39657B063E,290,1,20,2024/06/22,2024-06-30,NS,28/05/2024 00:00
RES-78653DE9A5,78,2,45,25-Dec-2024,2025-01-03,CXL,11-01-2024 12:00 AM
RES-73A9B25235,1018,2,50,03-12-2025,03-18-2025,pending,03-05-2025 12:00 AM
RES-ABF990782E,56,11,454,2024-09-04,10/09/2024,conf,2024-08-08 00:00:00
RES-602C4B1489,830,6,265,11-21-2025,2025/11/24,CHECKED_IN,10-23-2025 12:00 AM
RES-8475CBE0C2,266,5,187,08-19-2026,28/08/2026,checked_in,11/07/2026 00:00
RES-01B18E8845,811,4,174,08/08/2026,15/08/2026,CONFIRMED,2026-07-24 00:00:00
RES-77F893D691,459,2,55,07-11-2025,16/07/2025,Confirmed,09/07/2025 00:00
RES-3481FF032B,985,10,408,2025-09-09,17/09/2025,checked_in,09-03-2025 12:00 AM
RES-648E705B14,212,9,387,05-Jul-2024,2024-07-10,CNF,06-02-2024 12:00 AM
RES-B02A627EA7,1106,3,101,17/06/2025,21/06/2025,Checked Out,13/05/2025 00:00
RES-6B86627D6A,814,11,472,27/09/2024,,canceled,04/09/2024 00:00
RES-0077B87404,57,10,415,2024/05/22,2024-05-25,PENDING,03-30-2024 12:00 AM
RES-1ADD59FCA5,1119,2,53,06/02/2026,15/02/2026,confirmed,12-29-2025 12:00 AM
RES-2D992A55A3,70,9,376,04-Jul-2024,07-10-2024,checked_out,05-21-2024 12:00 AM
RES-6025AC69E1,281,6,274,2024/01/16,2024/01/25,CNF,2024-01-12 00:00:00
RES-13460DAFBB,668,6,251,13/04/2026,20-Apr-2026,NS,2026-02-22 00:00:00
RES-36265DBA06,501,14,601,2025-02-25,01/03/2025,No Show,02-04-2025 12:00 AM
RES-F3F43DB229,192,12,476,25-Oct-2024,30/10/2024,CONFIRMED,2024-10-06 00:00:00
RES-3B14FCDA34,1199,5,238,2024-08-08,12/08/2024,no-show,07-10-2024 12:00 AM
RES-EE29C271FA,328,2,49,2025-09-12,21-Sep-2025,No Show,08-28-2025 12:00 AM
RES-2DC54D03FF,279,8,341,2025-12-03,12-09-2025,CHECKED_OUT,2025-11-05 00:00:00
RES-451748E94C,931,12,497,2026/04/19,27-Apr-2026,PENDING,03-21-2026 12:00 AM
RES-8BC6000D01,596,12,504,2024-02-21,02-29-2024,cancelled,2024-01-28 00:00:00
RES-C2B5102524,758,10,394,22-Jun-2026,2026/06/26,checked_in,27/04/2026 00:00
RES-20AC1DBF7C,724,13,523,04-Feb-2026,07-Feb-2026,CO,01-11-2026 12:00 AM
RES-8999200A46,389,15,652,2026/02/23,26/02/2026,cancelled,2026-02-14 00:00:00
RES-50E210E958,258,1,32,11-24-2024,2024-12-03,CONFIRMED,04/11/2024 00:00
RES-FC5926E19E,379,4,155,12/07/2025,2025/07/22,CANCELLED,2025-05-26 00:00:00
RES-2B272929DF,918,5,200,2025/12/02,12-07-2025,CHECKED_OUT,2025-11-30 00:00:00
RES-4578201A83,753,11,430,09-30-2025,2025/10/09,Checked Out,09-10-2025 12:00 AM
RES-F64A3EEFE8,889,7,294,08-17-2026,2026-08-27,confirmed,06-20-2026 12:00 AM
RES-0087F130A7,865,13,542,2024-09-04,14-Sep-2024,CNF,2024-08-13 00:00:00
RES-DF0843E583,567,11,468,2026/07/11,07-16-2026,CHECKED_OUT,06-16-2026 12:00 AM
RES-9CA0DCF26D,24,11,446,13-Nov-2025,21/11/2025,PENDING,2025-11-11 00:00:00
RES-DAA9316E5D,230,15,637,06-23-2024,2024/06/27,CO,05-24-2024 12:00 AM
RES-C2A6187A18,1141,5,213,25-Dec-2025,12-28-2025,No Show,2025-12-05 00:00:00
RES-6D3F508C0F,720,8,326,10-14-2025,2025/10/16,CI,2025-09-25 00:00:00
RES-3A06FA1817,1222,6,251,04-26-2024,2024/05/05,CO,2024-03-09 00:00:00
RES-90392D57BF,1070,2,43,2024-05-15,2024/05/25,NS,2024-04-25 00:00:00
RES-FF84FA44E0,62,13,531,22-Dec-2024,2024/12/31,pending,11-05-2024 12:00 AM
RES-E11F3E891A,296,3,126,2024/10/25,26/10/2024,Checked Out,09-18-2024 12:00 AM
RES-EA78BDE563,350,8,321,07-21-2025,07-23-2025,checked-out,05-31-2025 12:00 AM
RES-28A558EF7D,287,5,204,2025-09-28,10-01-2025,conf,2025-09-07 00:00:00
RES-295D3D2C6E,1013,5,228,09/11/2025,2025/11/17,CHECKED_IN,10-01-2025 12:00 AM
RES-75DF253FBB,700,9,393,2025-02-26,03-04-2025,NS,24/02/2025 00:00
RES-E27BC5B389,335,6,269,2025/11/28,2025-12-07,CONFIRMED,22/11/2025 00:00
RES-FA9EB8F6E4,734,9,377,2025/10/16,2025/10/18,CI,2025-08-17 00:00:00
RES-5D890F2D65,790,6,252,07-03-2024,07-04-2024,checked_out,2024-05-20 00:00:00
RES-9E1715678F,191,13,522,01-19-2026,2026/01/28,PND,04/01/2026 00:00
RES-E0F0067697,632,4,164,2025-01-10,2025-01-18,PENDING,2025-01-07 00:00:00
RES-6E1F54B432,49,13,534,12-24-2024,25-Dec-2024,confirmed,11-09-2024 12:00 AM
RES-90DBA669C4,68,7,291,2024-01-12,01-14-2024,CI,01-04-2024 12:00 AM
RES-5733832FA0,805,15,636,06-30-2024,2024-07-03,pending,2024-05-19 00:00:00
RES-96E38594BE,335,2,49,2024/04/29,02/05/2024,CANCELLED,2024-03-28 00:00:00
RES-E991A6BA61,1189,3,79,07-24-2026,2026-07-25,CNF,06-28-2026 12:00 AM
RES-D92349E538,23,15,634,2025/07/24,07-29-2025,checked_in,2025-06-11 00:00:00
RES-7BA41BAAC9,230,12,496,2025/12/27,2026/01/05,PENDING,10/11/2025 00:00
RES-E589620643,907,7,284,2025/12/16,24/12/2025,pending,2025-11-08 00:00:00
RES-58DE35A74B,841,7,297,30-Nov-2025,07-Dec-2025,canceled,13/11/2025 00:00
RES-781D12A3CD,1051,7,297,2024/06/26,04-Jul-2024,Pending,18/05/2024 00:00
RES-610043F45D,653,6,255,07-Mar-2025,10/03/2025,Checked In,02-07-2025 12:00 AM
RES-D026AF6625,63,9,382,19-Nov-2024,2024/11/21,cancelled,29/09/2024 00:00
RES-D2B6DF8B45,487,3,102,30/03/2024,03-Apr-2024,Checked In,03/02/2024 00:00
RES-3B53850DC1,192,5,237,13/07/2024,2024-07-17,PENDING,06-26-2024 12:00 AM
RES-A21990586E,976,10,394,11/05/2026,16-May-2026,PND,2026-05-10 00:00:00
RES-512115519A,852,11,445,12-21-2024,30/12/2024,checked-in,11-10-2024 12:00 AM
RES-71303298CC,196,6,246,04/02/2024,08-Feb-2024,CO,27/01/2024 00:00
RES-96ED56F1F3,322,6,271,02-Feb-2026,2026/02/10,Confirmed,01-27-2026 12:00 AM
RES-6AD9D4B2CD,435,2,43,2024-03-14,18-Mar-2024,pending,22/01/2024 00:00
RES-90060B90E6,170,8,304,2025-08-14,24-Aug-2025,Cancelled,2025-08-02 00:00:00
RES-6A5EFE1095,719,2,47,2024-01-23,2024/01/25,CI,2024-01-14 00:00:00
RES-E5D5026D37,558,1,1,2025/07/15,2025-07-18,CXL,04/06/2025 00:00
RES-CBD715977E,991,14,574,2025/05/11,14/05/2025,conf,23/04/2025 00:00
RES-806676C546,406,7,281,20-May-2024,2024/05/30,PENDING,26/04/2024 00:00
RES-3CEDF22D5D,939,15,638,04-06-2024,04-15-2024,Cancelled,2024-03-02 00:00:00
RES-9EDADACEF5,228,12,484,01/10/2024,04-Oct-2024,cancelled,09-29-2024 12:00 AM
RES-40659CBF4B,572,5,234,2025/11/28,08-Dec-2025,Pending,19/11/2025 00:00
RES-A3748903C1,687,8,351,2024-06-29,03-Jul-2024,CANCELLED,08/06/2024 00:00
RES-E9011E7C78,938,15,645,16/07/2025,2025/07/24,no-show,10/06/2025 00:00
RES-E102DC952B,162,6,273,08-23-2024,08-27-2024,Pending,24/06/2024 00:00
RES-C3EF475244,1005,7,282,31/07/2025,2025/08/03,Confirmed,2025-07-17 00:00:00
RES-BD06E845FA,437,6,257,2026-07-17,07-21-2026,pending,2026-06-06 00:00:00
RES-60C1F0F34F,687,6,263,02-Dec-2025,12/12/2025,confirmed,11-01-2025 12:00 AM
RES-ADD9F057FA,1059,9,393,2025-08-17,2025-08-18,NS,2025-07-26 00:00:00
RES-FAC1138B8F,65,2,40,14-Feb-2025,2025-02-24,Checked Out,02-12-2025 12:00 AM
RES-EB4DCA3642,4,7,280,2024-07-05,14-Jul-2024,PENDING,15/05/2024 00:00
RES-9E5EF8F373,5,13,552,23/08/2025,24/08/2025,CANCELLED,08-15-2025 12:00 AM
RES-9FDA43CFBA,128,12,505,2024-11-25,2024-12-02,no_show,10-01-2024 12:00 AM
RES-4B8B968E47,327,15,644,2024-08-01,08-05-2024,NS,30/06/2024 00:00
RES-163A77E04A,96,9,382,30/12/2024,2025-01-04,conf,31/10/2024 00:00
RES-D55425DFDC,151,1,7,05-21-2025,25/05/2025,PENDING,04-30-2025 12:00 AM
RES-21999DDB5E,431,15,649,2025/05/28,06-03-2025,CXL,2025-05-05 00:00:00
RES-9A37F9A64E,1163,7,284,11-21-2024,2024/11/30,NS,02/10/2024 00:00
RES-536CAD9D1A,902,14,627,2026/05/31,09/06/2026,conf,2026-04-21 00:00:00
RES-58A6BD0762,775,3,81,2026-08-26,08-28-2026,conf,2026-07-24 00:00:00
RES-AF8D49492B,424,7,301,21-Apr-2026,2026-04-23,CHECKED_OUT,03/03/2026 00:00
RES-91665AA11C,997,4,143,2024-12-27,2025-01-04,pending,2024-12-04 00:00:00
RES-217A74B86E,1169,13,539,12-21-2025,,CXL,2025-11-18 00:00:00
RES-EDD9B823AB,678,3,66,03-27-2024,05/04/2024,NOSHOW,03-24-2024 12:00 AM
RES-C41E9E2093,842,12,498,2026-01-24,28/01/2026,checked-out,2026-01-09 00:00:00
RES-FDFEE48A3E,637,15,663,2026-01-18,24-Jan-2026,CXL,27/12/2025 00:00
RES-189CCF6C10,829,8,312,2026/01/08,15/01/2026,CI,20/11/2025 00:00
RES-1D2CE0BFDA,1122,2,42,17/11/2025,2025-11-26,PENDING,10-02-2025 12:00 AM
RES-E74CF0C172,968,12,476,11-19-2024,2024/11/26,PND,2024-09-29 00:00:00
RES-4A692889DF,997,15,682,26-Aug-2024,08-28-2024,conf,13/07/2024 00:00
RES-92D503BE06,1109,5,193,2025/04/25,01-May-2025,CHECKED_IN,15/04/2025 00:00
RES-EB653A8179,1151,14,572,07-Feb-2026,02-09-2026,PENDING,12-14-2025 12:00 AM
RES-329CA505E6,677,7,294,03-02-2026,2026-03-08,NOSHOW,2026-01-16 00:00:00
RES-736BA347BA,376,11,430,17/10/2024,2024-10-26,NS,08/10/2024 00:00
RES-C996787CA6,472,3,94,2026-01-25,28/01/2026,CXL,13/01/2026 00:00
RES-1F6A58F1B7,1020,15,678,2024/07/08,2024/07/18,CNF,06-17-2024 12:00 AM
RES-BCBD8F192D,1225,13,529,06-13-2025,2025/06/22,no-show,21/05/2025 00:00
RES-2A13C97043,204,5,240,2024/11/02,11-03-2024,CHECKED_OUT,09-19-2024 12:00 AM
RES-BB287EA560,580,1,32,09-08-2025,2025-09-18,PND,2025-08-22 00:00:00
RES-9B934F6DDF,854,15,676,10/08/2024,17-Aug-2024,pending,15/06/2024 00:00
RES-E66C53B484,513,9,381,2025-03-01,03-04-2025,Cancelled,01-08-2025 12:00 AM
RES-D6E671908C,576,10,416,2024/10/29,2024/11/08,Pending,2024-10-15 00:00:00
RES-D4BA786863,576,12,473,03-22-2025,23/03/2025,checked_out,2025-02-23 00:00:00
RES-1B52E4E2B8,45,13,521,06-14-2024,2024-06-21,no_show,06-13-2024 12:00 AM
RES-0E879417D6,29,11,469,04-24-2025,04-28-2025,no_show,03-18-2025 12:00 AM
RES-1B80FD2836,179,11,431,2024/11/14,2024-11-15,no_show,28/09/2024 00:00
RES-2AD93EE802,1232,8,336,2025-10-19,10-27-2025,no-show,22/08/2025 00:00
RES-627E6322BA,964,7,282,2024/09/02,04/09/2024,NOSHOW,07/08/2024 00:00
RES-83F37EF09A,1115,15,663,20-Feb-2025,02-23-2025,NOSHOW,12-22-2024 12:00 AM
RES-724670580B,282,13,545,16-Nov-2024,2024-11-18,no_show,07/11/2024 00:00
RES-29F204B288,351,9,382,2025/02/05,02-10-2025,CI,2025-01-22 00:00:00
RES-53E47977CD,555,6,273,2025/09/18,09-23-2025,CONFIRMED,2025-09-14 00:00:00
RES-DCB804178A,1095,15,634,25-May-2026,2026/05/28,CI,13/04/2026 00:00
RES-E18689795B,260,8,334,08-Jun-2026,2026/06/15,pending,04-24-2026 12:00 AM
RES-5501BA94D8,391,9,391,2024-11-02,06/11/2024,PENDING,01/10/2024 00:00
RES-B5A64E6A45,196,10,395,11-Sep-2025,19-Sep-2025,Confirmed,08-01-2025 12:00 AM
RES-837BCABEF9,62,7,298,2024/10/20,2024/10/22,CHECKED_IN,09-01-2024 12:00 AM
RES-5E7BE5CB52,862,9,382,03/09/2024,09-12-2024,no-show,07-08-2024 12:00 AM
RES-619C1EA90E,594,13,522,2025-02-11,2025/02/19,CONFIRMED,22/01/2025 00:00
RES-CC44E228FB,988,10,407,16-Jul-2024,07-19-2024,CO,14/07/2024 00:00
RES-28AEAB923C,734,15,643,02-04-2024,14/02/2024,NOSHOW,02-01-2024 12:00 AM
RES-700C898DB5,707,1,32,14/02/2026,17/02/2026,checked_out,01/01/2026 00:00
RES-6613C2A1AC,610,13,530,2024/06/24,01/07/2024,CONFIRMED,2024-05-17 00:00:00
RES-6EA1F65A34,812,10,405,2026-03-24,2026/04/01,CI,01-31-2026 12:00 AM
RES-9D5834FCDD,547,12,505,2026/05/12,05-13-2026,Cancelled,30/03/2026 00:00
RES-74B35092ED,69,8,330,2024/08/09,08-15-2024,No Show,2024-07-20 00:00:00
RES-F4E5E94953,893,1,19,21-Apr-2025,2025-04-26,PND,2025-03-06 00:00:00
RES-24C9FB54FE,461,13,550,02-Feb-2026,2026/02/03,pending,08/12/2025 00:00
RES-F391525556,317,2,56,2025/12/03,12-11-2025,Pending,10-31-2025 12:00 AM
RES-BC1681309E,1156,5,178,2024-09-10,16-Sep-2024,confirmed,07-15-2024 12:00 AM
RES-57D507D500,246,9,365,2024-06-12,19/06/2024,pending,2024-05-28 00:00:00
RES-D76860D530,613,1,22,07-29-2025,2025/08/06,canceled,18/06/2025 00:00
RES-2D09376267,920,7,286,2025-03-21,03-26-2025,canceled,06/02/2025 00:00
RES-34B43EC20D,10,10,419,07-Nov-2024,2024-11-12,no_show,2024-10-05 00:00:00
RES-24C3A87572,1105,9,374,08-Nov-2024,16/11/2024,CNF,2024-10-26 00:00:00
RES-AA78C40A6B,704,11,425,20/01/2026,2026-01-26,NOSHOW,2025-12-20 00:00:00
RES-AD4D042294,830,11,453,2024-05-16,05-19-2024,CXL,04-10-2024 12:00 AM
RES-93C0012502,1202,14,564,16/12/2025,2025-12-20,Checked In,22/10/2025 00:00
RES-B0A6DD7420,865,11,461,2024/04/14,21-Apr-2024,CONFIRMED,03-25-2024 12:00 AM
RES-77DE633C47,859,14,571,04-11-2025,17/04/2025,CNF,2025-03-04 00:00:00
RES-41603F7E19,805,14,576,2025-12-07,16-Dec-2025,NS,11-03-2025 12:00 AM
RES-476EE95B1B,45,1,30,2025/09/27,01/10/2025,canceled,07-29-2025 12:00 AM
RES-490A4BD624,718,3,63,08-06-2024,2024-08-15,pending,07-19-2024 12:00 AM
RES-5332223559,186,4,148,2025/05/17,05-19-2025,checked_in,04-08-2025 12:00 AM
RES-90F2C3DAD2,445,8,317,2024-03-10,03-18-2024,NOSHOW,2024-01-13 00:00:00
RES-F610827262,570,14,626,10-Jun-2025,17-Jun-2025,CONFIRMED,2025-04-30 00:00:00
RES-0512D51663,353,12,479,01/11/2025,05/11/2025,No Show,09-11-2025 12:00 AM
RES-C53EE19F7E,85,8,337,28-Dec-2024,2025-01-04,CHECKED_OUT,2024-12-26 00:00:00
RES-694ED215D6,1078,7,285,2024-04-24,2024/04/26,NS,04/03/2024 00:00
RES-A778B03429,98,13,548,05-Jan-2025,11/01/2025,CHECKED_OUT,2025-01-04 00:00:00
RES-48FEFAB03A,1216,1,10,09-Jun-2024,2024-06-13,CONFIRMED,31/05/2024 00:00
RES-3D0F6DB31C,690,3,131,19-Jul-2026,2026-07-21,checked_out,07-05-2026 12:00 AM
RES-0B8044417B,1014,2,33,20/08/2024,2024/08/27,Checked Out,2024-06-24 00:00:00
RES-0E8448468B,301,15,648,2025/07/05,07-10-2025,pending,2025-06-26 00:00:00
RES-507577FCCD,1135,12,498,2025/07/16,20-Jul-2025,confirmed,06-08-2025 12:00 AM
RES-2EC76A37C1,348,10,403,01-19-2026,2026-01-25,No Show,12-14-2025 12:00 AM
RES-5EBE71DB2F,710,6,272,02/11/2024,2024/11/05,cancelled,10/10/2024 00:00
RES-28CC2AB5B0,164,7,277,11-08-2026,2026/11/14,PENDING,2026-09-22 00:00:00
RES-B5449D0CC4,214,3,94,18-Jun-2024,21/06/2024,Pending,29/05/2024 00:00
RES-78F64AA446,568,6,257,2026-01-27,03/02/2026,checked_out,12-09-2025 12:00 AM
RES-FAC4B3B90A,535,8,349,07-04-2025,11-Jul-2025,CHECKED_OUT,05-05-2025 12:00 AM
RES-95BFCE17AF,1249,5,197,09-Mar-2025,18-Mar-2025,Confirmed,2025-01-11 00:00:00
RES-9067168249,57,7,297,04-May-2024,07-May-2024,conf,2024-03-07 00:00:00
RES-071321B1BD,1006,9,374,01/10/2024,02-Oct-2024,checked_in,2024-08-06 00:00:00
RES-5CEEA5497F,1200,14,586,09/05/2024,17-May-2024,checked-out,04/04/2024 00:00
RES-CEBFDBA5DF,820,13,517,2024/02/20,2024-02-22,PENDING,2024-02-08 00:00:00
RES-869C73D41A,934,7,283,2026/09/16,25/09/2026,no-show,2026-08-20 00:00:00
RES-EEAAF7048F,534,4,166,13-Jan-2026,01-22-2026,cancelled,2025-12-24 00:00:00
RES-F7F2A843B7,633,2,47,2025-07-31,09-Aug-2025,Checked Out,13/06/2025 00:00
RES-419316574B,583,4,163,05-28-2024,06-01-2024,No Show,25/04/2024 00:00
RES-DD2C0B6C10,505,15,643,03-31-2025,,CI,2025-03-10 00:00:00
RES-169A5A3B0B,860,4,146,2025-08-29,02-Sep-2025,cancelled,08-21-2025 12:00 AM
RES-47F177F1A6,702,14,576,18/09/2024,09-20-2024,checked_out,01/09/2024 00:00
RES-77046CEBFD,748,8,308,16-Feb-2026,25/02/2026,checked_out,2025-12-28 00:00:00
RES-FE5D757FCF,358,9,393,2025-10-19,2025-10-21,no-show,08-22-2025 12:00 AM
RES-DC549B76D0,126,13,548,26-Nov-2025,29/11/2025,CI,10-24-2025 12:00 AM
RES-A8B41CD7F5,1124,15,656,17/08/2025,2025-08-27,no-show,30/06/2025 00:00
RES-6737F1FF47,30,13,535,10/10/2025,2025-10-17,Pending,2025-10-03 00:00:00
RES-A8D6B2467D,931,6,264,05/06/2026,07/06/2026,checked-in,13/05/2026 00:00
RES-4D678D9926,293,7,291,2025-07-27,2025-08-01,cancelled,07-17-2025 12:00 AM
RES-4C92AF76C3,710,8,344,2024-08-29,2024/09/08,PND,14/08/2024 00:00
RES-E14F6AD588,590,12,497,09/09/2024,2024/09/12,cancelled,07-28-2024 12:00 AM
RES-08042581BF,392,15,653,2025-08-24,2025-08-28,NS,2025-07-16 00:00:00
RES-78A08B86CE,413,7,283,26-May-2024,30-May-2024,pending,05-21-2024 12:00 AM
RES-FCFFFD826A,371,6,269,2025/09/22,26/09/2025,CO,25/08/2025 00:00
RES-642F2AECF4,652,2,52,06/12/2025,08/12/2025,CONFIRMED,11-17-2025 12:00 AM
RES-74F3E91177,165,2,40,2026/09/22,2026/09/28,pending,2026-08-05 00:00:00
RES-4222BE80F2,613,14,591,05-02-2026,2026/05/05,CONFIRMED,03-22-2026 12:00 AM
RES-83F03011D4,788,7,286,26-Aug-2024,27/08/2024,Checked Out,20/07/2024 00:00
RES-4EFEF4A1B3,1156,6,249,2026/05/16,05-19-2026,pending,10/05/2026 00:00
RES-315A519727,627,12,482,06-03-2024,2024-06-11,NOSHOW,2024-04-24 00:00:00
RES-A6FD336D0B,623,4,166,17-Aug-2025,23/08/2025,CHECKED_IN,03/07/2025 00:00
RES-6BD9FE374D,403,8,338,24-Apr-2024,03-May-2024,CANCELLED,2024-03-14 00:00:00
RES-DD436F64BA,411,7,288,2024-08-17,08-18-2024,Checked Out,22/06/2024 00:00
RES-3CF32F2866,961,14,567,26-Aug-2025,29/08/2025,checked_in,2025-07-08 00:00:00
RES-72643B87EA,180,2,36,2025/10/04,14/10/2025,checked-out,2025-08-31 00:00:00
RES-D1E9E46BA3,601,5,193,2026/03/19,2026-03-22,Confirmed,2026-01-26 00:00:00
RES-E5381DE415,439,12,483,13-Mar-2024,14/03/2024,Cancelled,01-13-2024 12:00 AM
RES-CDEA4854B8,570,11,438,11/08/2026,13-Aug-2026,PND,2026-07-20 00:00:00
RES-84639FCB40,25,6,271,01-31-2025,03/02/2025,PENDING,01/01/2025 00:00
RES-ECC50F4F11,1063,10,412,04/08/2024,08/08/2024,checked-in,06-14-2024 12:00 AM
RES-A33AA189E9,443,3,86,2024-07-25,2024/07/26,conf,2024-06-04 00:00:00
RES-55DEC5D016,112,7,286,2025/06/13,21-Jun-2025,confirmed,2025-06-10 00:00:00
RES-8FAC1BF1BF,996,11,456,2026-05-14,19/05/2026,CANCELLED,10/05/2026 00:00
RES-2C0B0FEA84,109,15,634,20/12/2025,2025/12/29,PENDING,05/12/2025 00:00
RES-375F1C0152,948,4,152,2026-07-31,08/08/2026,No Show,15/07/2026 00:00
RES-2CF0CCC258,419,8,329,2024-09-03,10-Sep-2024,NS,07-12-2024 12:00 AM
RES-76135FB9DA,30,10,419,30-Sep-2024,10-02-2024,no_show,2024-08-13 00:00:00
RES-A0086B08C6,890,6,250,06-17-2024,24/06/2024,confirmed,05-11-2024 12:00 AM
RES-CC4E2CB5EF,973,9,380,2024-08-01,2024/08/06,no_show,07-17-2024 12:00 AM
RES-DE15047641,105,13,548,25-Jul-2024,2024-07-29,pending,07-04-2024 12:00 AM
RES-7695DFD1AF,778,5,242,2026-06-09,2026-06-17,no_show,05-09-2026 12:00 AM
RES-EA64618631,332,10,400,26-Oct-2026,03/11/2026,checked-out,2026-08-27 00:00:00
RES-ADCE881600,309,7,288,01-Jan-2025,2025/01/03,no-show,2024-11-25 00:00:00
RES-D607E97398,878,10,394,2025/06/13,2025-06-19,CANCELLED,2025-04-23 00:00:00
RES-175B53584C,419,4,166,2026/01/13,22/01/2026,Checked Out,12-21-2025 12:00 AM
RES-6670F2F6A7,1108,9,386,01-02-2026,05-Jan-2026,checked-in,2025-12-18 00:00:00
RES-462032BFED,389,9,370,18/02/2026,2026/02/23,NS,02-11-2026 12:00 AM
RES-28BFF7C8D1,863,15,639,05-May-2026,14/05/2026,Confirmed,10/03/2026 00:00
RES-3935A6A437,926,6,255,01-Jul-2024,2024/07/08,Pending,2024-06-28 00:00:00
RES-78A73394FD,1052,9,393,03-26-2025,04-05-2025,confirmed,2025-02-10 00:00:00
RES-532D124275,29,12,487,09/07/2024,07-19-2024,CHECKED_IN,07-02-2024 12:00 AM
RES-CFEC935A05,467,4,148,2026/05/01,2026/05/07,CANCELLED,03-24-2026 12:00 AM
RES-D3C5DFBA82,326,5,200,2024/03/30,02/04/2024,pending,15/03/2024 00:00
RES-599D29334C,81,12,507,02-28-2026,02-Mar-2026,Cancelled,2026-02-07 00:00:00
RES-85B470DB79,1236,14,559,2026-06-03,2026-06-06,cancelled,2026-04-27 00:00:00
RES-CE9AD74C78,1175,13,523,2025/01/22,24/01/2025,canceled,08/12/2024 00:00
RES-897C2E0036,1177,15,658,25-Jan-2026,01-30-2026,Checked In,20/12/2025 00:00
RES-4CC6B099B4,400,10,394,06-13-2026,18/06/2026,CHECKED_IN,21/05/2026 00:00
RES-09CE7C3FC3,603,4,168,18/09/2024,26/09/2024,NS,09-08-2024 12:00 AM
RES-94512E709C,124,7,302,17/03/2025,2025-03-19,checked_out,09/03/2025 00:00
RES-5BA2BBD376,717,13,550,10-26-2026,04/11/2026,checked-out,27/08/2026 00:00
RES-22FFB4BC3E,90,2,47,02/06/2026,11-Jun-2026,no_show,04/05/2026 00:00
RES-85D3120EF9,298,11,463,12-18-2025,26/12/2025,checked_in,11-01-2025 12:00 AM
RES-F41AF4D41C,628,8,333,2025/01/17,2025-01-18,PND,01-09-2025 12:00 AM
RES-6472020027,977,8,339,12-14-2025,22/12/2025,checked-out,11-12-2025 12:00 AM
RES-F91D27764E,883,15,673,2025/03/19,2025/03/29,checked_in,23/01/2025 00:00
RES-1DAFAC8351,310,13,529,06/10/2025,10-13-2025,CANCELLED,26/09/2025 00:00
RES-7BF13361F2,334,13,557,30-Sep-2026,2026-10-05,Checked In,21/08/2026 00:00
RES-19BDD6685D,997,6,273,01-07-2025,2025/01/17,NS,2024-12-17 00:00:00
RES-103929E30D,740,2,47,27/03/2025,2025/04/03,CHECKED_OUT,2025-03-07 00:00:00
RES-D4D79F4B7B,565,4,170,05-Oct-2026,10-09-2026,no-show,16/09/2026 00:00
RES-018AA03637,1141,5,236,2026/08/02,2026/08/09,No Show,07-02-2026 12:00 AM
RES-D20D179E2C,750,2,48,13/02/2026,2026/02/20,CI,2025-12-20 00:00:00
RES-D424179F8F,182,7,297,18-Jul-2025,07-21-2025,CO,06-21-2025 12:00 AM
RES-6F96D35979,892,1,14,22-Feb-2025,24-Feb-2025,pending,2025-01-26 00:00:00
RES-5F0E5A52D0,93,4,145,02-22-2024,02-24-2024,checked-out,20/02/2024 00:00
RES-B0A53406A8,1238,15,653,17/02/2024,25/02/2024,Cancelled,2024-02-02 00:00:00
RES-E453A09426,1202,14,565,10-08-2026,2026/10/09,canceled,2026-08-25 00:00:00
RES-DCA079EB00,585,1,12,08-31-2024,09-06-2024,canceled,24/07/2024 00:00
RES-4A61B752B4,917,1,8,2025-10-07,2025-10-08,CNF,2025-09-07 00:00:00
RES-7F419EA94B,1229,14,594,2026-08-06,08-16-2026,CI,17/07/2026 00:00
RES-F73B7DE3C2,764,9,393,10/07/2026,2026-07-12,Pending,15/05/2026 00:00
RES-FEB41FA15D,149,3,127,2024/05/16,05-25-2024,Checked Out,18/04/2024 00:00
RES-0E080AF70C,696,4,152,2024/12/26,29-Dec-2024,CXL,02/12/2024 00:00
RES-2E803B653F,92,7,278,2024/07/30,06/08/2024,PND,07-17-2024 12:00 AM
RES-0E15C918C7,1164,12,508,02-27-2024,08-Mar-2024,CONFIRMED,2024-01-26 00:00:00
RES-08CE3B6F9E,70,10,409,14/02/2025,24-Feb-2025,CO,01-30-2025 12:00 AM
RES-080096B0B0,340,9,373,2025/10/12,22-Oct-2025,pending,10-09-2025 12:00 AM
RES-79279AEEDB,1155,5,228,2025-05-22,2025-05-27,Cancelled,20/05/2025 00:00
RES-913CD884A2,807,5,184,2024/08/14,16-Aug-2024,CHECKED_IN,06-30-2024 12:00 AM
RES-DCE73509A5,1117,12,473,2025/01/06,16-Jan-2025,NOSHOW,2024-11-23 00:00:00
RES-DCCFDA9327,657,9,371,19/02/2026,01-Mar-2026,PENDING,12-31-2025 12:00 AM
RES-CD35662487,107,4,159,2025-12-29,03/01/2026,checked_in,12-24-2025 12:00 AM
RES-77108CE7A2,971,11,435,17/04/2025,04-23-2025,CI,2025-02-25 00:00:00
RES-C87B4F28DA,760,15,639,06/03/2025,12/03/2025,No Show,14/02/2025 00:00
RES-758472248B,462,10,402,2026/11/06,2026/11/12,CHECKED_IN,09-11-2026 12:00 AM
RES-14FA4505ED,27,15,667,21/07/2025,27/07/2025,Cancelled,06-03-2025 12:00 AM
RES-2DEC13CC53,292,8,353,2025/04/23,2025/04/26,CI,02-26-2025 12:00 AM
RES-9BC2F84783,566,6,248,26-Aug-2026,2026/08/27,checked_in,2026-07-03 00:00:00
RES-8D14DE531C,584,13,538,2026/02/13,2026/02/15,cancelled,12-15-2025 12:00 AM
RES-2E71780CD4,300,2,36,09-04-2024,09-05-2024,checked_in,07-10-2024 12:00 AM
RES-4E837F866B,475,12,473,2025-12-25,2026/01/02,CONFIRMED,11-02-2025 12:00 AM
RES-1D0F3EAD46,674,3,64,2024-04-21,2024/04/24,NS,09/03/2024 00:00
RES-89DAFE9C59,514,12,483,2025/11/22,2025/11/30,NS,18/11/2025 00:00
RES-0EF5366ECA,270,5,222,2026-09-14,2026/09/17,PENDING,09-06-2026 12:00 AM
RES-0F0BB90441,981,15,671,26/05/2024,2024-05-31,No Show,16/04/2024 00:00
RES-D4979FFB15,247,2,61,13-Jun-2024,2024-06-17,Cancelled,2024-04-19 00:00:00
RES-2FB4F8B963,383,4,139,19/12/2025,,conf,25/10/2025 00:00
RES-7D42EF7123,825,1,17,06-Nov-2026,2026/11/12,CO,14/09/2026 00:00
RES-9B4759EA79,117,6,264,2024-07-09,19-Jul-2024,CHECKED_OUT,2024-05-19 00:00:00
RES-DF556FAF36,1134,9,375,2026/06/04,05/06/2026,confirmed,2026-05-12 00:00:00
RES-2D9FB10919,588,14,598,2024-01-29,07-Feb-2024,Confirmed,2024-01-13 00:00:00
RES-89F52E08BB,399,7,280,2026/09/23,09-28-2026,NS,25/08/2026 00:00
RES-BD2AC1ED79,521,15,664,03-14-2024,17-Mar-2024,CI,02-14-2024 12:00 AM
RES-F01D8654D6,1080,10,410,07-08-2024,07-09-2024,checked-out,05-14-2024 12:00 AM
RES-9EA2A737E5,691,3,64,2024/09/08,2024-09-12,NS,13/07/2024 00:00
RES-1B00E5C31B,64,3,124,2025/08/24,2025/08/29,CXL,07-23-2025 12:00 AM
RES-A05446E2E3,163,3,76,2026/05/09,2026/05/17,Confirmed,2026-04-01 00:00:00
RES-DDF047ED2E,395,1,23,01-03-2025,2025/01/11,CHECKED_IN,12-27-2024 12:00 AM
RES-71BB597CF5,1236,5,237,06-07-2025,09/06/2025,No Show,2025-04-11 00:00:00
RES-2CBCED08ED,1003,11,447,11-18-2024,19/11/2024,CHECKED_OUT,2024-09-29 00:00:00
RES-4D67704171,413,11,425,04-30-2024,05-04-2024,CI,04-11-2024 12:00 AM
RES-7804AA6E38,192,15,638,18-Aug-2024,24/08/2024,canceled,11/07/2024 00:00
RES-238D3AF549,792,15,658,2025-08-23,2025/08/31,confirmed,19/08/2025 00:00
RES-96622ADDEC,349,3,109,2024-09-21,09-26-2024,confirmed,08-28-2024 12:00 AM
RES-1CD9C2152B,350,12,488,09-21-2025,09-30-2025,CI,06/09/2025 00:00
RES-13712A1928,598,13,550,2025-07-25,07-31-2025,checked_out,16/07/2025 00:00
RES-FE8461953A,568,2,48,04-26-2024,05-May-2024,pending,20/04/2024 00:00
RES-E19D689EEC,891,10,407,09/04/2024,2024-04-11,NS,03-27-2024 12:00 AM
RES-F13F9EE0AF,1062,8,329,2024-12-03,10/12/2024,Cancelled,26/11/2024 00:00
RES-4D47567BF1,419,12,509,2025-10-19,2025/10/23,Checked Out,08-31-2025 12:00 AM
RES-5C304A6A22,9,11,456,04-Oct-2025,09/10/2025,no_show,08-13-2025 12:00 AM
RES-9515CBE564,865,7,286,2026/07/31,2026-08-09,no_show,07-03-2026 12:00 AM
RES-A75C22A2F0,56,9,369,2026/03/13,14/03/2026,CANCELLED,2026-01-31 00:00:00
RES-E35A1546F7,766,11,442,09-18-2025,24/09/2025,CI,2025-08-24 00:00:00
RES-E190168D09,621,3,103,28-Mar-2025,2025-04-04,checked-out,03-07-2025 12:00 AM
RES-59919EACE3,1129,10,420,2026/02/17,02-23-2026,pending,27/12/2025 00:00
RES-A0D9ACF779,575,13,533,20-May-2024,2024-05-29,CHECKED_IN,2024-04-25 00:00:00
RES-41153E16B3,1045,11,459,2024-12-13,2024/12/17,no-show,12/12/2024 00:00
RES-222284985D,135,5,182,23/07/2026,28/07/2026,No Show,2026-06-06 00:00:00
RES-34C9EEA1C2,9,12,483,04-Dec-2024,12-13-2024,checked-in,08/10/2024 00:00
RES-ADDA16DC39,114,13,554,2026/10/06,2026-10-11,PENDING,06/09/2026 00:00
RES-DD38218E59,334,4,161,12-Apr-2026,17-Apr-2026,Checked Out,04-08-2026 12:00 AM
RES-6530E1DCD1,637,15,656,10-22-2025,30/10/2025,confirmed,09-19-2025 12:00 AM
RES-D49EB57810,1025,9,371,2025/01/08,2025/01/16,CHECKED_OUT,05/12/2024 00:00
RES-D566A78609,739,6,254,18-Feb-2024,2024/02/23,PND,2024-02-02 00:00:00
RES-DBFA7A252F,16,1,4,25-Oct-2025,10-29-2025,CHECKED_OUT,2025-10-01 00:00:00
RES-D296648C26,1034,8,353,2026-06-19,26/06/2026,No Show,18/05/2026 00:00
RES-9FB6394F50,474,2,44,2024/03/18,21-Mar-2024,PND,19/01/2024 00:00
RES-CA5CBC308A,1000,6,272,09-12-2026,09-22-2026,Cancelled,2026-08-19 00:00:00
RES-8947E56915,633,9,375,22-Mar-2025,23-Mar-2025,checked-out,12/03/2025 00:00
RES-7740D9549E,317,12,497,2025-09-03,2025-09-04,PND,08-01-2025 12:00 AM
RES-3F513CA668,1024,13,539,05-Jun-2026,11/06/2026,PND,05-28-2026 12:00 AM
RES-63606CE2F7,940,6,256,23-Dec-2025,2025/12/30,confirmed,2025-10-25 00:00:00
RES-3D9ACAD561,490,8,351,07-09-2024,2024-07-16,Checked In,05-21-2024 12:00 AM
RES-2DBF3474CC,766,6,264,26/09/2024,2024-09-27,no_show,09/09/2024 00:00
RES-F42B3309C5,900,5,229,03-06-2026,11-Mar-2026,Checked Out,01-28-2026 12:00 AM
RES-6F795071BE,80,3,68,21-May-2024,24/05/2024,Pending,2024-04-15 00:00:00
RES-D35E2E2750,982,10,416,2026-02-26,2026/02/28,No Show,27/01/2026 00:00
RES-0AA4FF483B,113,10,411,05/08/2025,15-Aug-2025,no_show,07-23-2025 12:00 AM
RES-8EEF9171BB,360,8,354,2026/03/17,2026-03-24,confirmed,12/02/2026 00:00
RES-271EF09656,905,6,264,31-Dec-2025,02-Jan-2026,Confirmed,22/11/2025 00:00
RES-82D2374903,250,15,640,10/03/2024,03-18-2024,CANCELLED,01-24-2024 12:00 AM
RES-804F5FF429,130,5,190,2025/03/13,2025/03/17,NS,14/01/2025 00:00
RES-DF80D25B57,557,11,462,08-Feb-2025,2025/02/15,pending,12-21-2024 12:00 AM
RES-A38B847FB8,696,7,289,24-Feb-2026,06-Mar-2026,canceled,18/01/2026 00:00
RES-0605BA0D69,1048,7,277,05-Jun-2024,2024-06-13,Pending,2024-04-09 00:00:00
RES-0BAF0C4637,255,4,165,05-Nov-2025,11-10-2025,CO,09-22-2025 12:00 AM
RES-8E9062EEFF,1095,4,163,19/10/2026,2026/10/26,CO,09-14-2026 12:00 AM
RES-648B2AA9D1,718,8,329,23/06/2026,25-Jun-2026,checked-out,2026-06-08 00:00:00
RES-B7F1927E54,1098,6,250,02-09-2025,10/02/2025,pending,01-01-2025 12:00 AM
RES-751A57A86F,242,3,76,02-14-2025,02-24-2025,CXL,31/01/2025 00:00
RES-811E17BF68,10,12,477,2026/10/21,2026-10-31,no_show,2026-08-24 00:00:00
RES-D9522C7563,1046,14,600,2024/07/17,22/07/2024,conf,26/05/2024 00:00
RES-CF8DA7922A,237,14,609,2024/10/06,2024/10/15,CXL,08-29-2024 12:00 AM
RES-849B208DA0,987,10,406,01/11/2025,11-09-2025,checked-out,23/09/2025 00:00
RES-EA3D37694D,956,12,486,22-May-2024,28/05/2024,confirmed,05-09-2024 12:00 AM
RES-E87A76B19D,908,11,453,17-Sep-2024,2024-09-23,pending,07-26-2024 12:00 AM
RES-4AB06A88EA,767,6,261,07-Jan-2025,08-Jan-2025,CNF,24/12/2024 00:00
RES-9480E4CF5D,997,2,39,2024/10/31,2024/11/04,Checked Out,2024-09-28 00:00:00
RES-EE1AD07053,267,4,145,26-Jan-2026,2026/01/31,PND,11-28-2025 12:00 AM
RES-C711E6E04E,147,14,615,2024-11-14,2024-11-16,CXL,2024-10-13 00:00:00
RES-32EDE0AD8B,322,11,435,18-Oct-2026,10-28-2026,checked-in,19/09/2026 00:00
RES-BDE0EDBCD3,846,14,613,14/12/2025,2025/12/19,CHECKED_OUT,02/12/2025 00:00
RES-55719283E1,182,4,172,31-Mar-2024,07-Apr-2024,Pending,02-07-2024 12:00 AM
RES-CC4DC25CBB,460,8,338,08-11-2025,08-18-2025,Pending,29/07/2025 00:00
RES-24072FA1BF,203,4,161,2025/02/18,2025/02/23,pending,2025-02-11 00:00:00
RES-C48C2ED8D8,888,9,371,2026/10/01,04/10/2026,CI,2026-08-21 00:00:00
RES-D6DA9B5288,702,10,398,12/01/2025,01-16-2025,NS,12-18-2024 12:00 AM
RES-43510B13C2,132,6,262,23/11/2025,24/11/2025,checked_in,11-04-2025 12:00 AM
RES-4FE0F3F205,97,13,530,2025-08-01,05/08/2025,Pending,07-02-2025 12:00 AM
RES-C7486AA19D,1133,6,259,09-18-2025,2025/09/22,Checked Out,08-24-2025 12:00 AM
RES-D38B4C3D94,715,15,674,09/01/2024,17-Jan-2024,checked-in,01-03-2024 12:00 AM
RES-22FE0E15A7,954,12,506,02-Mar-2026,08/03/2026,Checked Out,2026-01-10 00:00:00
RES-29AAD921B1,10,5,243,2025-09-21,2025-09-23,no_show,2025-07-26 00:00:00
RES-8A19F8FEE0,1164,3,73,28-Dec-2025,01-Jan-2026,cancelled,30/10/2025 00:00
RES-F6B9D44F7E,402,2,52,2026-02-24,27/02/2026,CXL,21/01/2026 00:00
RES-09BAD3CC74,266,6,274,25/09/2025,09-27-2025,no-show,2025-08-23 00:00:00
RES-E25B16AACC,995,9,382,2026/05/10,18-May-2026,pending,2026-04-13 00:00:00
RES-D7A3E1AFC7,1072,4,160,2026-09-26,,CHECKED_IN,08-31-2026 12:00 AM
RES-E68C15C1CE,195,4,147,17-Dec-2024,12-25-2024,Pending,12-13-2024 12:00 AM
RES-6711AFE3FE,1188,4,140,2025/03/26,27/03/2025,pending,05/03/2025 00:00
RES-9F1380F792,918,14,571,18-May-2024,,Confirmed,04-06-2024 12:00 AM
RES-D63454EB9C,856,15,674,06-04-2024,06-14-2024,CHECKED_OUT,2024-05-17 00:00:00
RES-CD4D39CBB1,614,10,420,26/08/2025,2025-08-29,canceled,07/07/2025 00:00
RES-EBF705B949,829,9,362,07/12/2025,,PENDING,2025-11-28 00:00:00
RES-2BA769B7FC,172,11,446,29-Mar-2026,2026/04/02,CONFIRMED,03-20-2026 12:00 AM
RES-D2EF58EB66,1051,14,578,2026/02/25,03-Mar-2026,Checked In,2026-01-08 00:00:00
RES-A0F0AEB106,505,11,439,2024/10/04,13/10/2024,checked_in,2024-09-22 00:00:00
RES-0CB0D7A11E,18,6,270,29/10/2024,2024/11/04,canceled,18/09/2024 00:00
RES-AE0D1C5396,438,5,204,2024/04/08,04-10-2024,confirmed,03/04/2024 00:00
RES-F80C01085C,783,14,589,2026/05/23,2026-05-25,pending,04-12-2026 12:00 AM
RES-4D989F65B1,890,14,564,09-29-2024,10-08-2024,Confirmed,2024-08-28 00:00:00
RES-6716DBDFC9,1020,11,423,2026-10-05,09/10/2026,cancelled,15/08/2026 00:00
RES-094988693B,479,7,298,02-18-2025,2025/02/28,CXL,01-15-2025 12:00 AM
RES-2D2B9C715E,257,7,288,03-23-2025,2025/03/24,Pending,2025-03-07 00:00:00
RES-91C641DBAF,968,9,375,06-19-2026,2026/06/26,canceled,04/06/2026 00:00
RES-2BEDBF2533,970,12,498,30-Jan-2026,2026/02/05,CO,2026-01-08 00:00:00
RES-462B8A7926,110,7,295,06-14-2026,2026-06-23,CHECKED_OUT,2026-05-20 00:00:00
RES-7921320B14,1095,9,372,2024-10-07,08-Oct-2024,CI,2024-10-02 00:00:00
RES-2181B48DE8,857,12,496,01/09/2024,08/09/2024,Confirmed,11/08/2024 00:00
RES-0415F7BB15,177,13,544,16/09/2025,23/09/2025,checked_in,28/08/2025 00:00
RES-04D3D539BD,113,11,440,06-16-2024,24-Jun-2024,CNF,2024-06-02 00:00:00
RES-6530EC5D81,830,5,208,2026-03-17,22-Mar-2026,PND,27/01/2026 00:00
RES-B1ADC76AF3,733,10,410,2024-09-29,10-06-2024,cancelled,08-23-2024 12:00 AM
RES-CB80899444,1119,3,71,2024-12-05,11-Dec-2024,NOSHOW,11-01-2024 12:00 AM
RES-BB800BD548,576,10,402,2025/04/08,2025/04/09,CO,2025-02-21 00:00:00
RES-67C01A4774,1091,11,460,2026/03/04,2026-03-14,no-show,03-02-2026 12:00 AM
RES-5A2AEAF3D4,1199,3,88,2025/10/28,10-29-2025,checked-in,2025-09-02 00:00:00
RES-CCA63C5542,731,8,332,30/12/2025,31-Dec-2025,no_show,11-08-2025 12:00 AM
RES-6D19FB04CB,969,11,445,2025/04/06,2025-04-12,Cancelled,02-21-2025 12:00 AM
RES-1F6DFE6E28,671,11,449,2024/03/04,2024/03/10,Checked In,26/02/2024 00:00
RES-2A1D600EA2,359,6,259,05-18-2025,2025-05-20,NOSHOW,11/04/2025 00:00
RES-CCC091149C,156,4,168,26-Jan-2024,05/02/2024,cancelled,2024-01-16 00:00:00
RES-AAA3772D43,890,10,404,09-Mar-2026,2026-03-12,Checked In,02-06-2026 12:00 AM
RES-0C7646A84A,927,4,154,04/08/2026,2026-08-07,checked_out,07-03-2026 12:00 AM
RES-C90F9264B4,579,3,115,2025-02-19,25-Feb-2025,checked-out,2025-01-27 00:00:00
RES-A4B57DC02A,302,5,204,08-21-2025,24-Aug-2025,CHECKED_IN,12/07/2025 00:00
RES-830C300D2D,834,14,584,2025/07/17,20-Jul-2025,Pending,05-27-2025 12:00 AM
RES-58D2ECBEAE,503,6,254,2025/02/19,2025-02-21,no_show,01-13-2025 12:00 AM
RES-07DCE92A0F,1209,13,557,14/06/2025,21-Jun-2025,checked-out,17/05/2025 00:00
RES-4E65B9C86C,1207,9,373,2024/07/12,19/07/2024,checked-in,04/07/2024 00:00
RES-E2AC68A99F,803,15,647,14/03/2026,20-Mar-2026,NS,02-02-2026 12:00 AM
RES-BEEA3E6139,545,3,74,25/03/2026,2026/03/28,CHECKED_IN,2026-03-17 00:00:00
RES-C64E774F3F,394,4,173,15-Oct-2025,10-18-2025,no-show,08-24-2025 12:00 AM
RES-C3AD62FAAF,183,13,546,2024/11/03,11-08-2024,PND,14/09/2024 00:00
RES-C1C5F8F31F,220,4,146,2024-05-29,2024/06/05,pending,2024-04-22 00:00:00
RES-50A14BB575,225,2,52,2024-05-29,2024/06/08,CHECKED_IN,05-20-2024 12:00 AM
RES-048403651D,551,8,334,01/05/2026,05-04-2026,checked_in,2026-04-26 00:00:00
RES-0E8440617C,876,7,300,01-Dec-2024,02-Dec-2024,CONFIRMED,09/11/2024 00:00
RES-5CD1869B2F,947,13,520,14-Sep-2026,2026/09/24,confirmed,2026-07-29 00:00:00
RES-7D49CC8B9E,1115,10,414,18-Jan-2026,28/01/2026,CANCELLED,2025-12-08 00:00:00
RES-C2E7773234,94,12,492,2024-11-22,11-28-2024,PENDING,2024-10-03 00:00:00
RES-8B941A7C8E,467,14,592,2026/05/14,2026-05-18,pending,22/03/2026 00:00
RES-8E761E55D4,650,2,39,2026-05-09,2026-05-19,CNF,2026-03-26 00:00:00
RES-C1C0E641B1,894,6,254,09-Jan-2026,,Pending,2025-12-23 00:00:00
RES-FF56697C49,244,15,672,04-20-2025,04-26-2025,Confirmed,09/04/2025 00:00
RES-B092F9FD89,1211,11,432,19-Sep-2026,24-Sep-2026,NS,09-11-2026 12:00 AM
RES-D000690F00,357,9,372,2024-01-29,2024/01/31,checked_out,16/01/2024 00:00
RES-19EBAED706,644,6,251,07-Sep-2025,2025/09/16,No Show,08-24-2025 12:00 AM
RES-68684F013D,1061,9,369,19-Sep-2025,26/09/2025,CNF,24/08/2025 00:00
RES-A73E996B5D,637,13,546,2024/11/11,2024-11-17,CONFIRMED,09-12-2024 12:00 AM
RES-E321152333,1211,8,330,28/11/2025,2025/12/07,CNF,18/10/2025 00:00
RES-43C37AA924,196,3,89,03/02/2026,2026/02/04,checked_in,2026-01-01 00:00:00
RES-9AB98ED054,689,14,607,02-05-2025,2025-02-13,checked-in,2024-12-15 00:00:00
RES-B3A36A1B3D,48,9,366,14/03/2025,21/03/2025,no_show,16/02/2025 00:00
RES-F83C3F7E43,425,1,9,2026/01/29,02-08-2026,CONFIRMED,28/12/2025 00:00
RES-682124E1C9,313,15,671,2024/10/27,06-Nov-2024,No Show,2024-09-16 00:00:00
RES-80AC88B1D3,1157,3,127,04-16-2026,2026-04-24,Pending,03-15-2026 12:00 AM
RES-6E325C9442,1158,8,312,2026-04-02,04-12-2026,canceled,22/03/2026 00:00
RES-1A7F236F73,816,14,628,03-05-2026,03-09-2026,CHECKED_OUT,14/01/2026 00:00
RES-218B8EB904,989,11,441,2024-05-14,05-22-2024,confirmed,2024-04-28 00:00:00
RES-9EE67DD947,342,14,615,20-Jan-2025,27/01/2025,CO,2024-11-22 00:00:00
RES-F4E9902913,577,3,111,04-26-2026,02/05/2026,Confirmed,2026-03-31 00:00:00
RES-3514F2DDEF,417,3,1003,06-17-2024,2024-06-27,conf,2024-04-18 00:00:00
RES-A87305124D,237,3,123,04-Apr-2024,04-06-2024,CNF,2024-03-31 00:00:00
RES-82C11FB875,229,14,627,23-Apr-2026,26/04/2026,CHECKED_IN,14/03/2026 00:00
RES-189B3067E7,512,13,537,01-Apr-2026,04-Apr-2026,cancelled,2026-02-06 00:00:00
RES-735843BB6D,1108,3,63,2026-02-17,19-Feb-2026,NS,11/02/2026 00:00
RES-52D3F1DB0C,889,11,470,2025-10-04,07/10/2025,no_show,09-16-2025 12:00 AM
RES-7A4DF81F0D,624,12,493,24/08/2026,2026-08-30,CANCELLED,06-28-2026 12:00 AM
RES-BA8E0AABC8,682,3,73,2025/06/25,27/06/2025,Confirmed,14/05/2025 00:00
RES-A62B319593,131,9,380,14/01/2025,2025/01/19,NS,2024-12-26 00:00:00
RES-AD66550005,318,8,315,23/10/2024,02-Nov-2024,CO,09-16-2024 12:00 AM
RES-548977CB90,249,6,273,2024/07/11,07-17-2024,Checked Out,07-10-2024 12:00 AM
RES-31A9ED6970,945,6,254,04/11/2025,07/11/2025,CXL,2025-10-16 00:00:00
RES-AA7FA078A1,367,14,597,2024/02/16,2024-02-17,checked-out,11/01/2024 00:00
RES-6E6A8860DD,831,11,428,03/03/2026,2026/03/07,conf,11/01/2026 00:00
RES-1484B7498D,38,6,259,30/03/2026,04-05-2026,Cancelled,04/02/2026 00:00
RES-28A6780962,168,6,270,10-23-2024,10-28-2024,PENDING,2024-09-05 00:00:00
RES-81B3454700,138,5,195,09-Dec-2025,2025/12/13,CO,11-06-2025 12:00 AM
RES-2FDF6806E6,136,15,669,03-23-2026,30-Mar-2026,No Show,17/02/2026 00:00
RES-95A4F781AB,50,14,625,23/11/2025,2025/11/29,CONFIRMED,2025-11-14 00:00:00
RES-C671E92F45,1224,3,77,2024-09-10,,Pending,19/07/2024 00:00
RES-E7D57D18DD,988,6,248,09-18-2025,09-28-2025,cancelled,29/08/2025 00:00
RES-E1AEBD0FF8,23,4,170,19/11/2025,2025/11/25,Checked Out,2025-11-16 00:00:00
RES-08DCAD9E92,990,5,216,03-31-2025,05/04/2025,canceled,2025-03-01 00:00:00
RES-F98628DE96,593,13,515,2025-05-09,18-May-2025,Pending,04-08-2025 12:00 AM
RES-D50CEB9755,167,3,113,04-Nov-2024,13/11/2024,PND,29/10/2024 00:00
RES-7799F02570,1189,8,312,12/10/2025,17-Oct-2025,confirmed,08/09/2025 00:00
RES-B8374E5AA4,153,15,677,2024/07/25,2024-07-26,PND,2024-07-09 00:00:00
RES-6FDF7BE7B5,479,14,607,2024-12-02,06-Dec-2024,Confirmed,2024-11-06 00:00:00
RES-2121FAEDCE,870,7,282,28-Apr-2025,2025/05/08,CO,21/03/2025 00:00
RES-1B4BDEA41C,546,12,479,30/08/2024,08/09/2024,CNF,26/07/2024 00:00
RES-5A5627ED45,299,14,578,14/04/2024,2024-04-19,pending,2024-03-19 00:00:00
RES-A104A3EDB9,326,9,365,2025-10-11,17/10/2025,CXL,2025-10-07 00:00:00
RES-83A80E01B0,586,3,64,2025/11/08,11-16-2025,PENDING,10-02-2025 12:00 AM
RES-767EE1EFE8,724,4,163,2026-08-24,2026/08/27,CNF,07-05-2026 12:00 AM
RES-13250EC5E8,544,15,671,2025/04/05,10-Apr-2025,canceled,03-20-2025 12:00 AM
RES-E3D1F39D5A,53,6,247,2025/12/27,2025/12/28,checked-in,12-20-2025 12:00 AM
RES-B24CC71CE0,1109,8,341,02/06/2026,06-03-2026,CANCELLED,28/04/2026 00:00
RES-B180755D2D,259,4,171,2024-10-10,10-16-2024,CI,11/08/2024 00:00
RES-E67E70B3B2,406,4,163,09/08/2025,08-19-2025,Cancelled,16/07/2025 00:00
RES-5922E2DE9F,921,4,169,22/07/2024,2024/07/29,PND,2024-07-20 00:00:00
RES-F2F110CFB7,793,11,423,10-29-2025,2025/11/01,NOSHOW,09/10/2025 00:00
RES-811E55B8B9,1004,3,106,17-Jun-2024,2024/06/27,CI,06-08-2024 12:00 AM
RES-C47730AF7F,662,14,576,05/10/2024,10-13-2024,confirmed,08-20-2024 12:00 AM
RES-DD5AD9CFA8,707,3,115,2025-07-06,14-Jul-2025,checked_out,07-05-2025 12:00 AM
RES-DF6B4B27F8,337,9,381,12/10/2026,10-22-2026,Checked In,09-12-2026 12:00 AM
RES-37FBA37402,833,2,42,19-Aug-2026,29/08/2026,CXL,2026-08-15 00:00:00
RES-4F9379B506,189,11,430,2024-01-28,2024-02-06,pending,20/01/2024 00:00
RES-546A393911,1015,11,447,05/01/2026,01-10-2026,CI,11-06-2025 12:00 AM
RES-E8D75DD7F5,912,1,6,04-01-2024,06-Apr-2024,Pending,02/03/2024 00:00
RES-3BEBF18A2A,229,7,282,14/07/2024,23-Jul-2024,NS,07-03-2024 12:00 AM
RES-FE816FC52F,1045,12,513,2025/04/07,04-12-2025,no-show,04-06-2025 12:00 AM
RES-1450D37F51,769,10,409,2025/11/08,15-Nov-2025,conf,09-14-2025 12:00 AM
RES-24F34C0688,543,15,665,05-07-2024,16-May-2024,NOSHOW,05-01-2024 12:00 AM
RES-C47378F10A,191,5,207,2026-01-15,2026-01-23,CHECKED_OUT,01-07-2026 12:00 AM
RES-4299CE1EB6,104,4,138,10-Apr-2026,16/04/2026,Checked In,2026-02-19 00:00:00
RES-6B89CCA958,431,4,144,06-03-2025,11-Jun-2025,CHECKED_OUT,13/05/2025 00:00
RES-2FF640CD2C,1096,15,643,02-16-2025,2025-02-21,checked-out,2025-01-21 00:00:00
RES-EEA1EBA709,334,9,380,2024/02/07,2024-02-08,pending,27/01/2024 00:00
RES-04165FB776,780,8,358,05-11-2024,15/05/2024,no-show,01/04/2024 00:00
RES-C0727FDF19,1151,1,22,2025-11-12,21/11/2025,Cancelled,29/10/2025 00:00
RES-B9CC690E5F,84,3,119,22-Apr-2024,2024-04-30,CXL,03-09-2024 12:00 AM
RES-4141F1547F,1214,4,169,2026/05/20,30/05/2026,cancelled,05-18-2026 12:00 AM
RES-03D6EB11B9,332,10,405,01-12-2025,2025/01/20,Checked In,01-07-2025 12:00 AM
RES-27FE6EA6C6,611,13,536,2024-02-01,2024-02-10,checked-in,2024-01-10 00:00:00
RES-9CE1ACC17C,900,12,488,09-24-2024,09-27-2024,Confirmed,04/09/2024 00:00
RES-DCDE156A51,1121,13,538,20/12/2025,2025-12-24,CI,2025-12-02 00:00:00
RES-0F1820CA73,1015,10,416,2024/04/07,04-11-2024,checked_in,04/03/2024 00:00
RES-1D6F12C9C1,1041,4,162,02-09-2026,02-14-2026,cancelled,02-03-2026 12:00 AM
RES-9C6AF6D578,665,4,141,2025/01/24,2025-01-27,No Show,2025-01-18 00:00:00
RES-7D14F17DB5,1167,8,334,02-Dec-2024,2024/12/03,Cancelled,2024-10-26 00:00:00
RES-3E97BF589F,4,4,145,2025-05-05,09/05/2025,CANCELLED,03-11-2025 12:00 AM
RES-710B44ACDA,307,12,508,22/10/2024,2024/10/29,CHECKED_IN,18/10/2024 00:00
RES-AF809E6760,740,2,42,19-Aug-2025,27-Aug-2025,NOSHOW,06-21-2025 12:00 AM
RES-945A37F7C8,341,7,281,10-Nov-2024,2024-11-16,conf,10-09-2024 12:00 AM
RES-8C1CE9BD58,582,4,163,2025/01/08,2025/01/10,pending,2024-11-10 00:00:00
RES-3DA0EB2844,657,6,271,04-08-2025,2025-04-12,cancelled,25/03/2025 00:00
RES-11C8E80458,413,8,346,03-Sep-2025,2025/09/06,CO,14/07/2025 00:00
RES-C12928286B,1163,13,544,10-13-2024,2024/10/20,CO,09-07-2024 12:00 AM
RES-42FA6A3BB2,987,14,623,2026/04/04,2026-04-08,No Show,13/02/2026 00:00
RES-757057F67A,71,6,261,2026/04/23,2026-04-28,CHECKED_IN,04-14-2026 12:00 AM
RES-5E98555B2B,180,1,25,2025-03-31,01-Apr-2025,no_show,03-11-2025 12:00 AM
RES-7EFD08F31B,378,12,487,24/06/2025,03/07/2025,conf,05-10-2025 12:00 AM
RES-F254584B25,983,11,426,2026-05-20,24/05/2026,no_show,05-16-2026 12:00 AM
RES-16700ADE30,1014,4,145,02-09-2025,12/02/2025,checked-in,12-16-2024 12:00 AM
RES-D41CDAD2B6,293,9,372,2026-09-13,09-21-2026,conf,08/09/2026 00:00
RES-89C5380A5D,1155,8,303,2026-07-27,01/08/2026,checked-in,06-19-2026 12:00 AM
RES-C9EAE335D8,753,14,631,29-Aug-2026,2026/09/01,CHECKED_OUT,13/08/2026 00:00
RES-2ECEC776A4,792,10,407,05-23-2024,25-May-2024,canceled,2024-04-18 00:00:00
RES-CCEE961BB3,162,2,61,03-23-2026,02/04/2026,Checked Out,2026-01-24 00:00:00
RES-99407FA60A,449,4,166,07-31-2026,08-06-2026,Checked In,14/06/2026 00:00
RES-612C957934,532,9,381,2025-06-06,2025/06/14,PENDING,2025-04-24 00:00:00
RES-140FB4AA62,83,7,289,04-27-2024,2024/05/06,Checked Out,03-06-2024 12:00 AM
RES-0D6AA09054,897,9,375,03-18-2025,20-Mar-2025,CONFIRMED,03-10-2025 12:00 AM
RES-2A3A80A19C,370,8,314,28-Aug-2026,2026-09-06,no_show,15/08/2026 00:00
RES-15FC9EA235,106,13,530,09/06/2026,2026-06-10,no_show,04-20-2026 12:00 AM
RES-F301F1AF4D,1063,4,145,22/12/2025,24-Dec-2025,NOSHOW,11-22-2025 12:00 AM
RES-976D88A457,66,3,68,11-17-2024,2024-11-20,CONFIRMED,11-01-2024 12:00 AM
RES-64DD328E41,1111,2,58,24/11/2025,26-Nov-2025,checked-out,19/10/2025 00:00
RES-EA6D363843,522,14,567,08-29-2026,09-05-2026,checked_in,2026-08-20 00:00:00
RES-76100D5C95,234,2,259,2025-11-28,03-Dec-2025,checked-in,15/11/2025 00:00
RES-C483024643,1007,11,446,2025/08/16,21-Aug-2025,Pending,03/08/2025 00:00
RES-DB8D8942BB,1105,11,460,2025/05/14,24-May-2025,CXL,03/04/2025 00:00
RES-C81FF40DAF,936,7,280,04/07/2026,07-07-2026,PND,17/06/2026 00:00
RES-2019E0F9DF,956,4,165,2024-09-08,2024-09-11,checked-out,08-12-2024 12:00 AM
RES-8D3A73B41D,1213,6,248,06-21-2024,29-Jun-2024,pending,06-02-2024 12:00 AM
RES-E4F1613ECF,140,8,333,07-06-2025,07-11-2025,CONFIRMED,05-08-2025 12:00 AM
RES-0536FA3DFF,564,9,369,2025/05/21,31/05/2025,Checked In,04-02-2025 12:00 AM
RES-E27ECD2A21,918,12,491,2026/09/24,02/10/2026,CHECKED_OUT,2026-08-27 00:00:00
RES-71F46175C7,933,11,448,2025/11/09,12-Nov-2025,CNF,2025-09-23 00:00:00
RES-B73CAFC009,73,6,274,2025-01-12,16-Jan-2025,PND,12-25-2024 12:00 AM
RES-57C158C60A,1153,15,637,08-14-2024,2024-08-17,PND,19/06/2024 00:00
RES-2FAAB7C185,771,12,498,2025/02/07,2025/02/15,PND,27/01/2025 00:00
RES-9F81EBD86E,213,4,138,07-12-2026,2026/07/20,no_show,23/05/2026 00:00
RES-577F7D3E9E,1106,8,331,06/05/2024,2024/05/08,Checked In,2024-04-22 00:00:00
RES-1E55FD13BF,446,10,402,2025-08-18,2025-08-25,No Show,16/07/2025 00:00
RES-2C32535813,162,5,182,06-07-2026,06-10-2026,CNF,2026-04-25 00:00:00
RES-A3CB2A5D89,1224,13,558,2025/07/01,2025/07/04,checked-out,03/05/2025 00:00
RES-F8AA7DE332,1249,1,5,27/08/2024,2024/09/05,checked-in,04/08/2024 00:00
RES-B97F1B8FBC,1161,9,362,2024-07-23,2024-08-01,PND,2024-07-17 00:00:00
RES-5C528534CE,711,4,163,09-16-2024,2024-09-20,CXL,2024-08-18 00:00:00
RES-9BD537A70A,972,1,22,16/01/2024,01-26-2024,CNF,01-08-2024 12:00 AM
RES-831CB0B602,355,3,131,04-23-2025,2025-04-29,checked-in,04-17-2025 12:00 AM
RES-3499398CFB,727,14,630,2025-07-18,2025/07/20,CO,2025-06-19 00:00:00
RES-B858A56904,1112,3,91,2026-06-02,2026/06/04,CI,04/04/2026 00:00
RES-0718BECD2F,205,13,545,09-30-2025,01/10/2025,no-show,17/08/2025 00:00
RES-5F0D5012A9,638,5,242,10/09/2024,2024-09-18,CNF,2024-08-27 00:00:00
RES-7B0C1E8165,171,7,294,09-27-2024,2024-09-28,checked_in,19/08/2024 00:00
RES-C9C92C3C28,808,4,155,2024/07/28,2024-07-29,checked_out,07-26-2024 12:00 AM
RES-38112F14F0,729,12,477,2026/07/04,13-Jul-2026,Checked Out,01/07/2026 00:00
RES-0016335D2E,319,4,174,19/12/2025,2025-12-26,CANCELLED,2025-12-06 00:00:00
RES-A20CB9BAFB,1041,12,494,24-Sep-2024,27/09/2024,PND,2024-09-16 00:00:00
RES-34AEC78514,552,4,164,29/10/2026,05-Nov-2026,checked-in,22/09/2026 00:00
RES-E3E90B19DA,937,13,556,2025-05-01,10-May-2025,checked_out,04-14-2025 12:00 AM
RES-7C81BAA8E2,727,13,534,08/03/2026,03-18-2026,No Show,01-19-2026 12:00 AM
RES-370AAA4402,610,15,661,10-Sep-2025,13/09/2025,NS,25/08/2025 00:00
RES-C7F7DEF249,648,7,302,06/11/2024,15-Nov-2024,CO,2024-09-13 00:00:00
RES-8170E7CF7A,435,15,675,11/03/2026,2026/03/19,Confirmed,2026-01-30 00:00:00
RES-6FD820F67E,48,9,386,2026/09/23,02/10/2026,CHECKED_IN,09-14-2026 12:00 AM
RES-CA2B1FDDF8,1072,7,277,05/10/2024,2024/10/15,NS,09-19-2024 12:00 AM
RES-B8DB4C3C0B,1185,15,666,05-18-2025,05-19-2025,checked-in,04-26-2025 12:00 AM
RES-D96934148F,957,1,12,2025/06/12,15/06/2025,Pending,06-08-2025 12:00 AM
RES-1297384AD7,1184,9,393,09-18-2024,26-Sep-2024,CO,2024-08-18 00:00:00
RES-17DF90C53C,76,1,22,10-Feb-2025,2025/02/14,NS,06/01/2025 00:00
RES-C59E397D7E,613,1,24,2025/01/08,17-Jan-2025,no_show,01-03-2025 12:00 AM
RES-3C28A78877,1106,6,261,09-27-2024,2024-10-07,no_show,08-20-2024 12:00 AM
RES-E88F8DCF28,1083,2,56,29/08/2024,30-Aug-2024,CXL,07/08/2024 00:00
RES-288A1DEA06,919,10,395,22-Feb-2024,01-Mar-2024,confirmed,01-05-2024 12:00 AM
RES-1DE6E107B8,899,12,488,2026-11-10,,conf,09-14-2026 12:00 AM
RES-AE06811680,419,10,398,2024-07-12,21-Jul-2024,checked-in,06-29-2024 12:00 AM
RES-362249F586,327,5,210,10-06-2025,2025-10-15,checked-in,2025-09-26 00:00:00
RES-61A7BA38B3,613,9,384,02-19-2026,2026-03-01,Cancelled,11/01/2026 00:00
RES-9C1EF059B3,370,2,60,28/01/2025,01/02/2025,CNF,14/01/2025 00:00
RES-318C949C0E,1088,2,55,20-Aug-2025,2025-08-30,CHECKED_IN,08/07/2025 00:00
RES-CD247C0C50,223,5,176,30/08/2024,2024-09-06,CNF,2024-08-09 00:00:00
RES-62B1B4CBB9,684,4,142,2025/06/27,02-Jul-2025,pending,15/06/2025 00:00
RES-3B42E0A86F,706,2,44,2025-07-03,07-08-2025,PND,30/05/2025 00:00
RES-2BE9D711E9,936,8,325,02-Dec-2025,08-Dec-2025,conf,2025-10-21 00:00:00
RES-61C2EF107B,1153,5,209,2025-04-18,2025-04-22,CHECKED_IN,02/04/2025 00:00
RES-B912D8EB01,410,4,156,05-04-2026,12-May-2026,cancelled,30/04/2026 00:00
RES-6BD445B9FF,310,14,633,2024/05/03,06/05/2024,PND,03-27-2024 12:00 AM
RES-535E039104,760,10,401,23-Oct-2024,2024-10-29,PND,24/09/2024 00:00
RES-D09DA25C49,255,11,428,2025-01-08,2025-01-14,pending,11-11-2024 12:00 AM
RES-A461565BA0,508,6,270,07-Jul-2026,2026-07-13,Checked Out,2026-06-01 00:00:00
RES-10882DE546,1089,7,300,2026/08/08,08-17-2026,CXL,12/06/2026 00:00
RES-527501CC38,45,13,524,09-26-2025,2025/10/04,Checked In,2025-08-03 00:00:00
RES-76367DF1BA,1149,1,20,05-17-2024,2024-05-27,CONFIRMED,02/05/2024 00:00
RES-322C483289,465,8,330,11/07/2025,18-Jul-2025,no-show,18/06/2025 00:00
RES-BC5297BEC8,581,2,35,02-18-2024,2024/02/26,checked_out,2024-02-12 00:00:00
RES-23D60E541C,658,11,437,2026-08-28,2026/09/02,checked_in,07-07-2026 12:00 AM
RES-F973E651BD,1132,15,679,30/01/2026,2026/02/07,NOSHOW,09/12/2025 00:00
RES-85444A8198,726,2,39,23/12/2025,29-Dec-2025,PND,2025-12-14 00:00:00
RES-8A928BDE43,937,5,217,29-Jul-2026,2026-08-06,CO,06-04-2026 12:00 AM
RES-9041FEA02C,801,8,346,2026/06/08,2026/06/17,no-show,2026-04-17 00:00:00
RES-49D2432A41,865,10,410,10/05/2026,16/05/2026,CI,16/04/2026 00:00
RES-C91D7E667A,31,15,667,29/05/2024,05-31-2024,Checked Out,2024-05-20 00:00:00
RES-3611ED8651,782,12,480,12-15-2025,2025/12/20,cancelled,02/11/2025 00:00
RES-B5DDBD0546,725,5,190,31/01/2026,2026/02/03,checked-in,12-13-2025 12:00 AM
RES-DB784B8415,200,5,194,2026-09-07,15/09/2026,CNF,2026-07-11 00:00:00
RES-04ED1B1DD6,877,14,575,07-23-2024,2024-07-26,Checked Out,07/06/2024 00:00
RES-B0008D67AF,879,15,666,02-Jan-2026,,checked-out,2026-01-01 00:00:00
RES-C677F59A1D,875,8,324,2024/06/13,17/06/2024,cancelled,2024-05-30 00:00:00
RES-3BA9EC444B,1022,5,236,10-Mar-2026,2026/03/14,NS,2026-01-19 00:00:00
RES-E49DA1F82D,430,13,1032,08-07-2026,2026-08-16,NOSHOW,07-20-2026 12:00 AM
RES-C9761B23E1,270,14,572,11-20-2025,2025/11/23,canceled,11-15-2025 12:00 AM
RES-76BEDD0F34,862,10,398,2024/12/03,2024-12-07,CI,11-15-2024 12:00 AM
RES-B9C98915F7,987,6,269,05-02-2026,2026-05-06,PND,12/03/2026 00:00
RES-95F108D096,504,6,273,11/08/2024,20/08/2024,CO,2024-06-27 00:00:00
RES-D19C22E50D,732,9,373,18-Nov-2025,20-Nov-2025,CHECKED_IN,17/10/2025 00:00
RES-C8D275D571,689,3,67,2026/01/01,01-02-2026,CO,07/12/2025 00:00
RES-4593E3C991,524,9,383,26-Oct-2025,29/10/2025,NS,29/09/2025 00:00
RES-3C317DBC2F,300,7,287,2025/03/27,2025-04-06,CXL,2025-02-19 00:00:00
RES-3CA2A09064,813,1,7,07-20-2025,22-Jul-2025,CI,07-10-2025 12:00 AM
RES-74E3645297,870,7,280,11-13-2024,2024-11-15,Pending,13/10/2024 00:00
RES-676946F315,370,4,169,13/01/2024,01-22-2024,No Show,2024-01-06 00:00:00
RES-4DDE8D82B2,1104,13,515,03-09-2024,2024-03-14,CI,2024-03-04 00:00:00
RES-EC5CB2551D,970,5,215,01-Feb-2025,04-Feb-2025,checked_in,11/01/2025 00:00
RES-CA2B09825F,1218,14,604,21-Apr-2024,2024/04/22,Checked In,03-12-2024 12:00 AM
RES-A0EADA4401,429,2,62,2025/09/03,2025-09-05,confirmed,07-19-2025 12:00 AM
RES-2ACC424DAB,1154,6,252,22/04/2026,28/04/2026,conf,04-05-2026 12:00 AM
RES-F29C26FFE8,825,9,366,05-Aug-2026,08-07-2026,cancelled,06-11-2026 12:00 AM
RES-2910FB5C61,1188,4,155,2026/01/19,21-Jan-2026,Confirmed,01-07-2026 12:00 AM
RES-FB6E569B3E,958,15,690,2024-06-06,06-12-2024,cancelled,08/05/2024 00:00
RES-443F0758D7,1082,6,262,02-17-2026,23/02/2026,checked-out,2026-01-22 00:00:00
RES-9E2E6CB891,276,8,339,2025-04-03,2025-04-04,NS,01/04/2025 00:00
RES-666A0EAFCA,1149,8,354,2024-06-20,2024/06/29,PND,2024-06-15 00:00:00
RES-4D283AF21F,839,13,524,2026/08/13,20-Aug-2026,Checked In,2026-07-08 00:00:00
RES-012C0A22E9,1204,12,511,2025-02-16,24-Feb-2025,No Show,2024-12-24 00:00:00
RES-592DB3332E,360,7,295,2024/11/25,2024/12/03,PENDING,11-11-2024 12:00 AM
RES-6775F2802F,1124,2,33,25/09/2026,10-01-2026,PND,08-31-2026 12:00 AM
RES-9267C51BD4,543,1,11,2026-03-01,03-10-2026,Cancelled,2026-01-05 00:00:00
RES-4A9725A545,138,6,274,11-07-2025,16-Nov-2025,CXL,22/09/2025 00:00
RES-F1F4AAA6AD,368,7,281,05-29-2026,2026/06/01,CXL,04-23-2026 12:00 AM
RES-E94A1C10F4,344,3,116,20-May-2024,27/05/2024,CO,25/03/2024 00:00
RES-057864CA96,12,13,531,23/03/2024,04-01-2024,no-show,2024-03-14 00:00:00
RES-45F90DA0AB,48,11,435,2024-09-24,2024/10/02,CONFIRMED,2024-08-10 00:00:00
RES-3BB3E167E6,656,8,339,11-11-2025,18/11/2025,Checked In,16/09/2025 00:00
RES-7E8458FF55,1001,15,651,26-Apr-2025,2025/05/06,no_show,2025-03-22 00:00:00
RES-1DAC87214C,236,3,130,2025-01-23,2025-01-24,CI,11-28-2024 12:00 AM
RES-021519C5DB,549,12,486,25/09/2025,05/10/2025,NS,08-23-2025 12:00 AM
RES-0AE5AFB4B0,671,10,418,06-Jul-2024,13/07/2024,checked-in,21/06/2024 00:00
RES-577C5C9E36,934,14,568,2026/03/19,29/03/2026,Confirmed,02-12-2026 12:00 AM
RES-B139F0352F,254,8,328,2025/07/04,07/07/2025,pending,31/05/2025 00:00
RES-F820E8B7DB,639,5,232,08/10/2026,18/10/2026,checked-out,13/09/2026 00:00
RES-421F677451,63,1,19,10/06/2024,2024/06/13,no_show,05-18-2024 12:00 AM
RES-53FE4C6D22,482,9,361,2024/06/12,06-17-2024,pending,2024-05-27 00:00:00
RES-910561AE06,1019,5,236,24-May-2026,2026/05/27,Checked In,03-26-2026 12:00 AM
RES-CA1CA5A272,1063,14,604,10-27-2024,10-28-2024,checked-in,30/08/2024 00:00
RES-DF4D39818B,81,7,286,2025-10-08,10-17-2025,canceled,2025-09-19 00:00:00
RES-AEBEE24F70,498,11,455,25-Aug-2025,28/08/2025,PENDING,02/07/2025 00:00
RES-3BFF5E2413,683,9,373,04-19-2024,29-Apr-2024,No Show,31/03/2024 00:00
RES-228D737ED3,355,14,610,09-02-2026,2026-09-07,confirmed,14/07/2026 00:00
RES-6F63572EEF,556,4,141,11-Jun-2025,15/06/2025,conf,06-10-2025 12:00 AM
RES-81AD6264AC,719,9,380,2024/03/13,20/03/2024,checked_out,18/02/2024 00:00
RES-014B113F08,770,5,198,03-22-2026,28/03/2026,no-show,02-26-2026 12:00 AM
RES-A7E40EC32E,43,3,86,05/07/2025,13-Jul-2025,PENDING,2025-06-29 00:00:00
RES-2B375F72B1,636,6,253,23/01/2025,30/01/2025,checked_in,12-17-2024 12:00 AM
RES-B90C104F57,223,2,59,2025-08-24,26-Aug-2025,Checked Out,08-03-2025 12:00 AM
RES-D0FEC46ED4,362,14,614,06/11/2025,2025-11-07,checked-in,2025-10-26 00:00:00
RES-8A0CAA6062,547,9,375,04-21-2025,30/04/2025,Confirmed,03-30-2025 12:00 AM
RES-9BAF7761E0,34,8,337,2025/10/22,23/10/2025,checked_in,13/10/2025 00:00
RES-9D7D9B4CE0,448,9,383,10-14-2024,16/10/2024,NOSHOW,2024-09-21 00:00:00
RES-2A5EB5031D,821,8,340,04-04-2026,2026/04/07,CO,03-29-2026 12:00 AM
RES-814DADE228,252,11,459,2026-03-18,2026/03/28,checked-in,09/03/2026 00:00
RES-FA7D7E8E66,182,10,396,12-13-2025,17-Dec-2025,CXL,2025-12-04 00:00:00
RES-50CE67DD3B,1014,10,401,2025/07/19,2025-07-21,cancelled,2025-06-18 00:00:00
RES-216534FE69,1172,12,511,2024/09/29,02-Oct-2024,conf,2024-08-14 00:00:00
RES-507E61DBDE,965,9,363,2024/11/12,2024-11-22,Pending,2024-10-08 00:00:00
RES-C0CC54B790,470,1,2,06-11-2026,2026/06/17,confirmed,28/04/2026 00:00
RES-940DC117A5,1028,3,83,2025/11/20,11-27-2025,NOSHOW,2025-11-12 00:00:00
RES-CBA07764FE,1026,12,474,2025-09-28,2025-10-02,CNF,2025-09-27 00:00:00
RES-8D223B4BDE,791,10,406,2025/02/11,02-12-2025,Cancelled,15/12/2024 00:00
RES-8BF81361A1,180,6,262,04-02-2024,03/04/2024,No Show,22/02/2024 00:00
RES-97D0BC0F54,970,6,249,02-Jul-2025,07-05-2025,CI,2025-05-11 00:00:00
RES-8BB6CB1894,588,5,193,2025/11/08,18/11/2025,CHECKED_OUT,2025-09-15 00:00:00
RES-EDC89524BF,1094,11,472,19-Jan-2025,2025-01-27,CO,12-28-2024 12:00 AM
RES-C66507858B,18,2,39,2025-10-05,2025/10/10,No Show,09-10-2025 12:00 AM
RES-7E5280A82E,77,6,263,2024/11/26,2024/12/02,CNF,10-03-2024 12:00 AM
RES-30F6F8FF2D,969,8,343,15/10/2026,24/10/2026,CNF,11/09/2026 00:00
RES-4FF87157E5,796,12,509,01-31-2025,02-01-2025,CHECKED_IN,12-06-2024 12:00 AM
RES-0143B5E896,236,11,430,2025/05/25,2025-05-29,CONFIRMED,05-03-2025 12:00 AM
RES-64C895C253,272,12,509,2025-10-25,10-27-2025,confirmed,08-27-2025 12:00 AM
RES-425FF92E4C,349,8,353,03/09/2024,09-10-2024,CONFIRMED,2024-07-21 00:00:00
RES-88F467EE31,901,12,485,14-Jul-2026,2026-07-17,pending,05-22-2026 12:00 AM
RES-75F910FE52,1098,3,86,07-Feb-2025,13-Feb-2025,PND,01-12-2025 12:00 AM
RES-8C106415C8,778,3,111,2025-10-04,2025-10-13,CI,09-12-2025 12:00 AM
RES-F629FD9E28,730,10,407,2026-01-01,06-Jan-2026,pending,2025-11-17 00:00:00
RES-AC6EB05C32,413,7,296,30/08/2025,2025-09-03,PND,07-31-2025 12:00 AM
RES-DA8E5949D3,105,10,409,2026-04-30,2026/05/06,CXL,2026-04-18 00:00:00
RES-1CAF242E14,608,4,161,02-20-2025,2025-02-28,CNF,12/01/2025 00:00
RES-6C9035322B,1051,4,144,04-18-2026,04-22-2026,Confirmed,03-30-2026 12:00 AM
RES-DE744CA85B,312,14,596,14/07/2024,21/07/2024,canceled,06-26-2024 12:00 AM
RES-14DE2CBE1D,663,1,30,2025-12-11,2025-12-16,checked_out,02/11/2025 00:00
RES-E0674E0201,1128,9,392,11-08-2025,17-Nov-2025,canceled,2025-10-27 00:00:00
RES-DB693670A1,1214,13,531,09-05-2026,06/09/2026,conf,31/08/2026 00:00
RES-1FDDEDDD49,1197,12,488,2025-09-26,,checked_in,01/08/2025 00:00
RES-91BF27EFF5,1163,13,528,05-Nov-2025,2025-11-14,CXL,2025-09-30 00:00:00
RES-DC260F7B65,774,6,252,2025-07-17,2025-07-21,conf,05-30-2025 12:00 AM
RES-AAEF2F3E55,793,1,18,03-28-2026,01-Apr-2026,cancelled,2026-03-22 00:00:00
RES-1D18AE8BAA,246,10,419,03-Nov-2024,2024-11-05,Checked Out,10/09/2024 00:00
RES-E8134C0F11,923,13,519,2026/10/04,10-08-2026,CHECKED_IN,06/09/2026 00:00
RES-5BBBD4F88F,707,12,498,2024/08/31,2024/09/06,CONFIRMED,2024-08-10 00:00:00
RES-B7ECC1F9C6,983,4,159,2025/01/03,12-Jan-2025,NOSHOW,2024-11-15 00:00:00
RES-92B819124B,575,5,180,2025-12-13,23/12/2025,PND,2025-11-09 00:00:00
RES-861EBE2BD3,532,12,490,19-Jun-2024,2024/06/28,No Show,04-25-2024 12:00 AM
RES-192054C614,800,15,690,2026-07-26,08-03-2026,conf,06-28-2026 12:00 AM
RES-096B22D80F,182,7,297,2025/12/13,2025/12/23,confirmed,11-01-2025 12:00 AM
RES-0A2BB16710,306,2,57,10-18-2025,2025-10-25,conf,10-06-2025 12:00 AM
RES-4ECA0E3540,208,6,250,05-24-2025,03/06/2025,CHECKED_IN,2025-04-30 00:00:00
RES-2821B8E0A8,210,14,622,07-Jun-2026,06-14-2026,confirmed,07/05/2026 00:00
RES-DAD23C7E63,313,3,84,05-03-2026,12-May-2026,CXL,2026-03-14 00:00:00
RES-DED3AFBDD6,236,9,392,05-29-2025,2025-06-04,NOSHOW,04-25-2025 12:00 AM
RES-E4A4457609,698,1,30,04/11/2025,2025-11-09,no-show,2025-09-14 00:00:00
RES-E9FC28A405,1235,8,327,05-23-2025,2025/05/31,cancelled,05-17-2025 12:00 AM
RES-8C9671838A,576,1,30,12-Oct-2024,2024-10-14,CANCELLED,09-18-2024 12:00 AM
RES-43CDBE9E22,502,12,487,2024/03/25,03-31-2024,pending,2024-03-18 00:00:00
RES-120FAD8526,1133,4,153,08/07/2026,11-Jul-2026,NS,2026-06-19 00:00:00
RES-8AB450D18B,467,6,268,2025-08-15,2025-08-20,pending,20/06/2025 00:00
RES-E9294810BD,368,5,239,2025/03/23,31-Mar-2025,no-show,08/03/2025 00:00
RES-D465797DAB,143,1,20,2025/01/10,2025/01/20,pending,29/12/2024 00:00
RES-598AD73953,552,4,138,2024/02/28,2024/03/03,PENDING,01/02/2024 00:00
RES-F0C684FEC4,695,6,248,09/05/2024,05-10-2024,checked_in,22/04/2024 00:00
RES-2451989C1A,377,14,602,11-Sep-2025,09-21-2025,CO,24/07/2025 00:00
RES-4288F85B4F,1084,2,33,11/02/2025,2025/02/19,no-show,01-12-2025 12:00 AM
RES-344A918192,497,5,231,2025-01-28,01-Feb-2025,Confirmed,28/12/2024 00:00
RES-792F96D500,800,12,482,2025/05/18,22-May-2025,Pending,05/04/2025 00:00
RES-9036B0C613,319,2,56,08-16-2026,2026-08-17,Checked Out,01/07/2026 00:00
RES-D9CCE87DF9,776,9,386,06/04/2026,2026-04-08,checked_in,2026-03-08 00:00:00
RES-CD99A57CFE,503,4,149,2024/10/28,01-Nov-2024,Confirmed,29/08/2024 00:00
RES-900D77BF82,761,15,649,2026/06/14,2026/06/19,CNF,03/05/2026 00:00
RES-1CCC1F303B,489,8,305,12-04-2025,09/12/2025,CI,2025-10-15 00:00:00
RES-80921110B2,417,13,524,2025/10/13,10-20-2025,checked-in,2025-09-22 00:00:00
RES-8557611AB2,695,8,320,26/04/2024,2024/04/28,CANCELLED,13/04/2024 00:00
RES-29E45006AC,1044,2,35,2026/04/12,04-21-2026,Checked Out,2026-02-14 00:00:00
RES-EB9DE689DF,1117,3,121,2026-06-20,2026-06-21,no_show,05-12-2026 12:00 AM
RES-B716679622,688,6,257,2026-09-18,2026/09/22,conf,08-11-2026 12:00 AM
RES-072C296DA9,1012,2,49,2026/06/08,09-Jun-2026,checked-out,03/05/2026 00:00
RES-39C1B30A56,343,8,357,2026-10-20,2026-10-24,conf,2026-09-14 00:00:00
RES-B6130C2E92,317,4,144,28/06/2024,2024-07-03,Pending,05-30-2024 12:00 AM
RES-48F6FCFF3E,729,8,307,2024/03/21,23/03/2024,PENDING,2024-01-27 00:00:00
RES-2530416545,98,3,132,26/09/2024,06/10/2024,checked-out,2024-09-11 00:00:00
RES-7A1D407465,70,7,279,12-21-2025,29/12/2025,CONFIRMED,12-14-2025 12:00 AM
RES-B7712C383D,456,5,205,16-Mar-2025,17-Mar-2025,pending,02-13-2025 12:00 AM
RES-28AF61C774,835,14,633,12-24-2024,2024-12-29,CHECKED_IN,15/12/2024 00:00
RES-01A5710CC4,911,13,515,2026/02/25,2026/03/06,NOSHOW,01-24-2026 12:00 AM
RES-7803C18483,102,8,310,2026/11/05,10/11/2026,NOSHOW,06/09/2026 00:00
RES-792F5CBFF4,968,6,258,12/08/2024,2024/08/20,Checked Out,08/08/2024 00:00
RES-1EEFCEBDED,365,11,471,10/03/2026,2026-03-12,CXL,29/01/2026 00:00
RES-ED923A873D,1000,13,550,07/10/2026,10/10/2026,Checked In,11/09/2026 00:00
RES-375B35AC1E,825,15,686,06/09/2024,16-Sep-2024,CNF,19/07/2024 00:00
RES-BB9B636001,402,7,287,2024-08-26,08-31-2024,NS,05/07/2024 00:00
RES-D8D3196E39,1204,14,614,13-Aug-2025,2025-08-18,CHECKED_OUT,01/07/2025 00:00
RES-45D3BFC61E,743,12,491,01/04/2025,2025-04-10,NS,03-12-2025 12:00 AM
RES-992C8DFCE0,107,13,519,2025-03-12,17/03/2025,PENDING,01-23-2025 12:00 AM
RES-7E54492DBE,578,7,288,10-24-2025,2025/11/02,checked_in,20/10/2025 00:00
RES-A40895FDE4,326,13,537,05-07-2024,2024/05/08,CONFIRMED,2024-04-12 00:00:00
RES-306F806227,939,7,288,2026/03/15,17-Mar-2026,Pending,2026-01-22 00:00:00
RES-8BA02F0E04,1002,5,194,2025-03-14,03-21-2025,Confirmed,2025-01-16 00:00:00
RES-7747E5B876,286,7,277,2024/07/20,2024-07-22,checked-out,03/07/2024 00:00
RES-7E062CCBBB,667,4,162,04-24-2025,25/04/2025,CHECKED_IN,03-16-2025 12:00 AM
RES-994AB1A2A3,1203,7,291,11-Jun-2024,2024-06-13,CO,2024-04-21 00:00:00
RES-C7C0E6A260,861,11,427,2024/10/16,26-Oct-2024,Checked Out,2024-09-03 00:00:00
RES-0D5620EE23,144,5,221,10-22-2025,2025/10/25,checked_out,2025-09-23 00:00:00
RES-0C3945AA0C,1053,3,85,2025/01/14,2025/01/17,CHECKED_IN,28/12/2024 00:00
RES-7D43A67419,1153,5,241,11-25-2025,2025-11-26,no-show,11-11-2025 12:00 AM
RES-113FBC23DA,92,2,39,22-Aug-2025,2025/08/28,checked_out,27/07/2025 00:00
RES-3E334A8750,272,2,48,29/08/2025,2025-09-02,PND,12/08/2025 00:00
RES-85070A27A6,991,15,643,03/04/2024,2024/04/11,checked_out,22/02/2024 00:00
RES-6FB02EF627,857,4,158,2025/01/09,,CNF,05/12/2024 00:00
RES-915BA15AD5,917,5,203,2024/07/10,07-11-2024,pending,08/06/2024 00:00
RES-225605DD04,470,7,286,05-29-2026,07-Jun-2026,confirmed,11/05/2026 00:00
RES-53F91BBFB7,115,13,540,29/03/2026,2026/04/07,Confirmed,03-11-2026 12:00 AM
RES-30AD6DA535,301,14,575,07-Jul-2026,07-13-2026,checked-out,21/05/2026 00:00
RES-E942E0CD7B,355,6,253,2024-06-29,2024-07-03,NOSHOW,05-23-2024 12:00 AM
RES-586216E918,124,13,533,07-11-2026,2026/07/17,Cancelled,06-05-2026 12:00 AM
RES-B0EE91048A,224,9,364,2026-08-12,08-16-2026,checked_out,07-17-2026 12:00 AM
RES-83BD8246C0,325,2,49,03-02-2024,07-Mar-2024,No Show,2024-01-15 00:00:00
RES-4002E431B9,252,2,35,2026/07/16,26/07/2026,checked_out,20/05/2026 00:00
RES-C198D89C98,962,14,577,07-30-2024,03-Aug-2024,canceled,07-15-2024 12:00 AM
RES-48F8F915A8,1051,5,190,01-26-2026,31/01/2026,NOSHOW,12-05-2025 12:00 AM
RES-45660F8D14,1026,10,414,27-Oct-2024,2024/10/30,checked_out,25/09/2024 00:00
RES-B17AC6DCDF,1119,14,617,2024/09/18,2024-09-22,NOSHOW,09-04-2024 12:00 AM
RES-3E86D1B509,1053,6,263,04-28-2025,2025/05/04,Confirmed,04/03/2025 00:00
RES-25E4C4223D,303,5,226,07-23-2025,31/07/2025,NOSHOW,06-16-2025 12:00 AM
RES-1B4AF3BAC0,336,9,365,2025/03/27,06/04/2025,PND,02-11-2025 12:00 AM
RES-EF55DEF5DB,909,7,293,2024/04/20,2024/04/27,checked-out,2024-04-01 00:00:00
RES-04EED9E56C,673,8,320,2025/03/01,02/03/2025,No Show,2025-01-02 00:00:00
RES-DF3DB47C73,666,4,146,05-Nov-2024,2024/11/10,NS,16/10/2024 00:00
RES-EA35BF21AF,1084,1,26,2024-07-08,2024/07/10,No Show,2024-05-26 00:00:00
RES-E8D9479F1F,758,14,579,01-08-2026,2026-01-15,No Show,12-04-2025 12:00 AM
RES-C8D19E38A4,124,11,446,2024-01-10,11/01/2024,confirmed,06/01/2024 00:00
RES-420BA026DE,99,5,197,2026-05-27,29/05/2026,no_show,17/04/2026 00:00
RES-0A21DFB91B,622,11,459,02-04-2026,12-Feb-2026,canceled,16/01/2026 00:00
RES-51889D6EA2,790,13,532,02/09/2026,2026-09-09,Cancelled,29/07/2026 00:00
RES-113EBC2C7F,25,12,492,2026/07/11,2026-07-19,conf,2026-07-08 00:00:00
RES-D9BC050693,998,3,129,16-Jan-2024,18-Jan-2024,CI,01-09-2024 12:00 AM
RES-D49383C189,83,8,320,2026-07-06,07-10-2026,checked-in,06-21-2026 12:00 AM
RES-EF1C810B8F,1135,12,484,27-Nov-2025,11-30-2025,CXL,2025-11-21 00:00:00
RES-7F12A564B5,199,13,514,2024-06-15,2024-06-20,checked-out,2024-05-13 00:00:00
RES-96E744DEDE,1022,5,208,12-07-2025,17/12/2025,NS,2025-10-08 00:00:00
RES-6AAEB09AE9,827,9,371,05-19-2024,25/05/2024,CXL,2024-03-28 00:00:00
RES-68A635CE8A,574,10,410,2026/07/23,2026/07/25,conf,2026-06-08 00:00:00
RES-4C3E3B8C3F,1177,11,444,20-May-2025,05-21-2025,Cancelled,21/04/2025 00:00
RES-D4BE622585,956,11,430,2026/01/31,2026-02-09,checked_in,17/01/2026 00:00
RES-B420DBBF50,328,7,284,03-Jun-2024,06-08-2024,CXL,05-16-2024 12:00 AM
RES-98BFACCD1C,697,15,686,29/09/2026,10-09-2026,pending,08-16-2026 12:00 AM
RES-2838D5C1A2,713,15,652,21/02/2026,26/02/2026,no_show,2025-12-29 00:00:00
RES-B0B76F4713,77,12,503,05-30-2025,06-02-2025,CHECKED_IN,2025-05-21 00:00:00
RES-840B6FD3CA,580,4,167,2026-05-05,,NS,03-26-2026 12:00 AM
RES-A6D867E538,714,8,348,2026/09/21,26/09/2026,NS,10/09/2026 00:00
RES-A82A0EA738,89,7,275,14-Jan-2026,01-24-2026,confirmed,19/12/2025 00:00
RES-FA18DFDE2E,928,5,192,2024-05-11,05-16-2024,checked_in,03-22-2024 12:00 AM
RES-82637D4B05,999,1,8,20-Jun-2025,2025-06-29,Cancelled,04-26-2025 12:00 AM
RES-47CA250C2F,326,11,449,2025-09-23,2025-10-03,checked-out,2025-09-19 00:00:00
RES-D7FC5342F8,899,4,148,03-Apr-2025,2025-04-04,Pending,03-20-2025 12:00 AM
RES-B5EDBE9BBE,804,15,677,29-Aug-2025,2025/09/08,canceled,07-24-2025 12:00 AM
RES-A69DD7772F,627,12,487,01-Sep-2026,09-10-2026,no_show,10/08/2026 00:00
RES-FF7F76C693,114,1,1,29-Mar-2026,2026-04-03,NS,22/03/2026 00:00
RES-962DCCA8F8,180,9,378,2024/05/10,14-May-2024,Confirmed,2024-03-22 00:00:00
RES-C658DB1628,790,13,520,06-Jul-2025,2025/07/11,confirmed,30/06/2025 00:00
RES-8142F89FD3,303,15,658,05-24-2026,26/05/2026,no-show,05-10-2026 12:00 AM
RES-969D524E02,1176,3,98,2024/05/11,05-15-2024,Cancelled,2024-04-17 00:00:00
RES-50DF6F5ED7,809,10,399,01-02-2026,01-09-2026,cancelled,2025-12-07 00:00:00
RES-CD621F26AF,490,4,138,2025-05-25,2025/05/26,canceled,05-06-2025 12:00 AM
RES-C1FECC4F8B,412,6,247,26-Dec-2025,27/12/2025,checked_in,25/12/2025 00:00
RES-DADB2AA636,1003,15,642,28-Dec-2024,03/01/2025,CHECKED_IN,11-10-2024 12:00 AM
RES-C858B1AC5A,640,6,259,10/10/2025,10-19-2025,CNF,09-04-2025 12:00 AM
RES-89C072B871,883,2,62,02-12-2024,2024/02/15,CHECKED_OUT,2024-01-15 00:00:00
RES-E2BE5C1B1C,241,5,211,12-Sep-2024,2024-09-19,checked_out,03/08/2024 00:00
RES-00D153D6E7,157,9,377,2025/01/16,21-Jan-2025,checked-out,10/01/2025 00:00
RES-E039A67002,178,9,379,25/10/2025,10-27-2025,cancelled,09-12-2025 12:00 AM
RES-46117B1CD2,63,7,286,2024-09-28,2024/09/30,NS,2024-08-01 00:00:00
RES-F7B76ADF62,969,10,400,25-Mar-2026,2026/04/01,NS,2026-02-04 00:00:00
RES-1D5F53F7AD,354,15,660,2024-04-24,2024-04-27,Cancelled,2024-04-07 00:00:00
RES-634E11CC9E,555,5,210,28/10/2024,2024-11-05,pending,2024-10-27 00:00:00
RES-8C4264DB79,927,6,274,22-Apr-2026,2026-04-28,no-show,03-07-2026 12:00 AM
RES-5923A8B2D4,825,6,248,2024/09/14,20-Sep-2024,CHECKED_IN,07/08/2024 00:00
RES-769D744A10,1010,9,391,08/07/2026,10-Jul-2026,Checked Out,2026-06-13 00:00:00
RES-D9EF2377C8,638,15,678,2026-06-04,2026-06-06,CO,2026-04-12 00:00:00
RES-23C064A211,139,1,6,30/09/2024,2024-10-07,checked_out,2024-09-03 00:00:00
RES-C24BAEB100,924,14,564,2025/01/17,2025/01/26,CHECKED_OUT,2025-01-09 00:00:00
RES-2BCE9C9D81,832,2,35,2024/01/18,01-19-2024,CANCELLED,2024-01-03 00:00:00
RES-107227BBE8,753,7,301,2024-06-05,11/06/2024,Pending,2024-04-28 00:00:00
RES-5B963627C8,683,11,448,2025-11-05,2025-11-14,pending,09-08-2025 12:00 AM
RES-87F6EB2A08,605,12,509,02-27-2026,02-28-2026,NS,11/01/2026 00:00
RES-9BE204B6DB,150,8,343,01-17-2024,2024-01-22,CXL,14/01/2024 00:00
RES-F52ABE1386,1038,4,159,01-Mar-2025,2025/03/10,PENDING,13/01/2025 00:00
RES-5FFAB2CC79,199,13,523,06-01-2025,06-Jun-2025,No Show,2025-04-15 00:00:00
RES-638A4D349D,1041,3,96,25-Mar-2026,31-Mar-2026,no-show,05/03/2026 00:00
RES-07057600FC,877,5,196,2026/09/26,2026-10-04,PENDING,2026-08-26 00:00:00
RES-5F97BF9225,903,10,413,08-Sep-2025,13-Sep-2025,CONFIRMED,14/07/2025 00:00
RES-271662D4A8,690,8,319,09-Apr-2024,18-Apr-2024,CANCELLED,2024-03-24 00:00:00
RES-0C3789E864,557,15,681,14/11/2026,17-Nov-2026,CONFIRMED,09-15-2026 12:00 AM
RES-314106E7AB,742,2,35,24/12/2025,28/12/2025,checked_out,2025-10-30 00:00:00
RES-31647B3876,110,9,372,08-13-2025,2025-08-17,checked-out,13/07/2025 00:00
RES-997466C41C,310,11,430,12/03/2026,2026/03/17,CHECKED_OUT,17/01/2026 00:00
RES-1AE0E55318,105,12,482,13-Jun-2024,06-14-2024,no_show,16/05/2024 00:00
RES-DC571090C9,895,13,518,07-02-2026,2026-07-05,checked_out,2026-06-26 00:00:00
RES-7E28111369,228,7,279,05-10-2026,2026/05/18,NOSHOW,25/03/2026 00:00
RES-FB9677DA6F,142,12,513,31/12/2025,2026-01-10,Pending,11-04-2025 12:00 AM
RES-2B0E229A18,473,10,405,2024/09/06,12-Sep-2024,No Show,2024-08-21 00:00:00
RES-B69CE3E752,19,4,158,23-Nov-2024,2024-12-02,conf,10-02-2024 12:00 AM
RES-80C59BC36B,1256,4,141,2026/03/06,2026/03/08,Pending,02-23-2026 12:00 AM
RES-03E2DC7D92,390,7,276,30-Jul-2024,2024-08-06,cancelled,06/07/2024 00:00
RES-8D242F5DB3,1181,3,67,2025/12/14,23/12/2025,PENDING,11-10-2025 12:00 AM
RES-7D53F6AC2E,233,3,126,22/05/2024,25/05/2024,No Show,2024-05-01 00:00:00
RES-EDE708C7D6,376,13,554,05-30-2025,2025/06/05,checked-in,2025-05-05 00:00:00
RES-30F909F3B7,548,14,593,2026/04/18,04-24-2026,Cancelled,03-20-2026 12:00 AM
RES-40D0184E57,217,3,132,30/08/2026,2026/09/05,CXL,2026-07-31 00:00:00
RES-68B88C572F,645,8,330,01-10-2025,13/01/2025,checked-out,2025-01-01 00:00:00
RES-C11803B3FB,880,9,380,14-Nov-2025,23/11/2025,Checked Out,11-12-2025 12:00 AM
RES-2D2084200C,852,2,33,24/11/2025,11-29-2025,Checked In,01/10/2025 00:00
RES-B5184728EF,761,11,449,09-03-2024,2024-09-12,checked-out,2024-08-21 00:00:00
RES-F12AAEB55F,245,15,656,2025/02/26,2025/03/02,CO,01-16-2025 12:00 AM
RES-E6D82FA5A4,601,8,345,2024/09/05,11/09/2024,CHECKED_OUT,2024-08-11 00:00:00
RES-4742F5AEF5,981,2,39,04-15-2026,2026/04/17,checked_in,17/02/2026 00:00
RES-C9E262FF05,1140,12,503,08-13-2024,2024-08-22,conf,15/06/2024 00:00
RES-2159D0483F,719,12,490,11-Oct-2024,2024-10-17,cancelled,10-08-2024 12:00 AM
RES-D7D66AC318,314,11,454,05-11-2026,2026/05/18,pending,19/04/2026 00:00
RES-01F823110C,713,13,529,09-02-2024,2024-09-09,canceled,15/08/2024 00:00
RES-20469B164B,21,12,486,2024/08/22,08-31-2024,Pending,2024-08-19 00:00:00
RES-A1A60338AA,1229,14,598,26-Sep-2024,04/10/2024,CHECKED_IN,2024-08-08 00:00:00
RES-D4A35A1F8E,386,9,392,12-27-2025,01-03-2026,Checked Out,08/11/2025 00:00
RES-91AB1EC2DA,1146,12,478,2026/06/28,2026-07-08,checked-out,15/06/2026 00:00
RES-B598B1671A,42,9,367,2024-06-13,2024-06-17,CI,05-23-2024 12:00 AM
RES-F2A7E23DDC,1183,5,209,04-26-2024,,CHECKED_OUT,10/03/2024 00:00
RES-F40796C651,560,10,400,11-01-2025,04/11/2025,CI,09-17-2025 12:00 AM
RES-BCCC4AEF80,755,14,570,08-05-2026,2026-08-12,no-show,07-24-2026 12:00 AM
RES-50B28C7018,1122,11,443,2026-04-02,11-Apr-2026,Checked Out,2026-03-07 00:00:00
RES-BEDE9CAD8B,643,1,13,02-Jul-2024,11/07/2024,cancelled,06-01-2024 12:00 AM
RES-997FCCE86C,527,5,232,01-14-2025,2025/01/23,no_show,2024-11-21 00:00:00
RES-CF7F845685,565,7,290,11/03/2026,16/03/2026,NS,2026-02-07 00:00:00
RES-0C47D3FC3F,3,5,220,05-Sep-2025,2025-09-06,Confirmed,08-07-2025 12:00 AM
RES-AE332DCF80,366,1,14,2024-03-22,2024/03/29,Confirmed,02-11-2024 12:00 AM
RES-7214A0E6FB,1150,7,293,19/02/2026,01/03/2026,checked_in,2026-01-10 00:00:00
RES-DE65726D5A,427,14,576,12-10-2025,2025-12-13,confirmed,11-26-2025 12:00 AM
RES-0A8EF7AA93,707,1,12,16/12/2025,23/12/2025,Checked In,2025-12-09 00:00:00
RES-78870ADF94,39,12,484,2025-02-17,2025-02-27,cancelled,2025-01-13 00:00:00
RES-383A5E8DE9,731,15,648,08/04/2026,04-09-2026,CNF,03-10-2026 12:00 AM
RES-B275A1C583,431,5,182,12-22-2025,12-30-2025,pending,21/12/2025 00:00
RES-53979AA7A8,652,13,554,03-14-2025,03-19-2025,CHECKED_IN,19/01/2025 00:00
RES-616F4FA76C,512,1,14,30-May-2024,01/06/2024,No Show,20/04/2024 00:00
RES-F89FF9DECE,451,9,392,2024-03-28,2024/04/06,CANCELLED,2024-03-08 00:00:00
RES-889A5F48AC,837,4,152,2025-10-17,2025-10-21,CO,2025-08-30 00:00:00
RES-B260E6EBB6,653,7,289,2025/06/28,2025-06-29,Checked Out,25/06/2025 00:00
RES-A68F48CF19,956,2,47,2026/01/23,2026/01/24,CHECKED_OUT,2026-01-07 00:00:00
RES-E6E58C483C,945,10,412,2025/06/28,07-04-2025,pending,15/06/2025 00:00
RES-F1C2A3DAE0,33,7,276,12/09/2025,2025-09-22,Confirmed,06/09/2025 00:00
RES-113609532B,1199,2,35,10-05-2026,10-Oct-2026,Cancelled,09-02-2026 12:00 AM
RES-D045D74E8B,276,14,575,10-27-2024,2024-10-28,canceled,13/10/2024 00:00
RES-ECDA2F1CE2,1214,12,509,28/01/2024,02-03-2024,pending,15/01/2024 00:00
RES-7F2B3F7EDA,146,5,217,2025-07-30,31/07/2025,no-show,07-09-2025 12:00 AM
RES-B5C9CECCED,841,10,397,2024-11-01,02-Nov-2024,Checked In,2024-09-30 00:00:00
RES-1FD6CBCAD2,434,9,393,2025-04-25,29-Apr-2025,pending,03-04-2025 12:00 AM
RES-BF74B76A3A,144,8,310,2024/06/05,06-06-2024,NS,04-07-2024 12:00 AM
RES-D62C05C2DD,1236,10,404,2026/08/30,05-Sep-2026,pending,25/07/2026 00:00
RES-135C40CAE9,108,10,411,2024-08-20,22-Aug-2024,Cancelled,07-09-2024 12:00 AM
RES-B30B9CEDF4,198,1,26,19-Sep-2025,23/09/2025,CO,09-05-2025 12:00 AM
RES-792522EEE7,1031,5,243,02-19-2025,02-27-2025,cancelled,2025-01-15 00:00:00
RES-0003E41B0D,767,5,238,03-Apr-2026,04-05-2026,NS,10/02/2026 00:00
RES-18ADD69037,623,11,448,2024-03-12,03-13-2024,no_show,2024-01-19 00:00:00
RES-C30144AA99,955,4,174,18-Feb-2025,20/02/2025,CHECKED_OUT,09/02/2025 00:00
RES-830378B179,456,2,42,12/01/2025,14-Jan-2025,no-show,12-01-2024 12:00 AM
RES-77CCA8D80F,579,1,25,2025/03/13,16-Mar-2025,Cancelled,01-15-2025 12:00 AM
RES-CB282E8D49,65,4,169,22-Dec-2024,2024/12/25,Confirmed,11-12-2024 12:00 AM
RES-A2F626254A,638,7,302,2026/05/29,2026-06-07,no_show,19/05/2026 00:00
RES-8980CD5524,426,7,295,08-Oct-2024,2024/10/18,PND,20/09/2024 00:00
RES-1E05408EF3,648,11,427,02-Feb-2025,2025-02-09,pending,2025-01-30 00:00:00
RES-1E0D44A16D,402,11,422,2026-11-10,2026-11-19,no-show,09-16-2026 12:00 AM
RES-5B03A9D98B,451,11,434,02-09-2025,19-Feb-2025,no_show,12-12-2024 12:00 AM
RES-9E821C684F,1164,7,282,2025/01/04,2025/01/12,CONFIRMED,12-07-2024 12:00 AM
RES-E26740E942,892,11,471,28-Mar-2026,04-03-2026,Checked In,2026-02-09 00:00:00
RES-C5D1880486,98,9,371,06/05/2026,10-May-2026,CNF,2026-03-09 00:00:00
RES-79CFE33525,1104,3,87,18/09/2025,2025/09/26,NS,18/08/2025 00:00
RES-3E49E315FD,388,3,137,20-Jan-2026,2026/01/25,CXL,12-20-2025 12:00 AM
RES-288CCE271D,431,9,363,2024/08/05,11/08/2024,pending,2024-07-03 00:00:00
RES-89303ABB49,816,5,206,12-Jun-2025,16-Jun-2025,conf,2025-04-30 00:00:00
RES-5DED17B376,554,4,141,2024/02/19,2024/02/22,checked-out,2024-02-15 00:00:00
RES-942572B8C8,596,9,364,03-Oct-2025,2025-10-05,Checked Out,2025-09-13 00:00:00
RES-95097FE398,668,9,373,01-09-2025,01-17-2025,no-show,22/11/2024 00:00
RES-4A376303E2,1016,11,438,07/07/2024,2024/07/12,checked-in,2024-07-05 00:00:00
RES-8B7F8E388A,570,4,161,2026/09/09,17-Sep-2026,CXL,05/08/2026 00:00
RES-7798A1DD8D,1070,15,677,15-Oct-2024,19-Oct-2024,no_show,10-01-2024 12:00 AM
RES-6BF1888DC9,886,12,473,2026-08-10,13-Aug-2026,PND,06-29-2026 12:00 AM
RES-59CABE113F,432,15,668,05-05-2025,2025-05-14,CNF,04-13-2025 12:00 AM
RES-A01A365A91,311,7,285,15/12/2025,2025/12/21,PENDING,31/10/2025 00:00
RES-5ABDB20D9E,616,12,510,08-19-2025,,CHECKED_IN,08-11-2025 12:00 AM
RES-F580D8393E,283,9,389,2025/02/21,2025/02/27,Pending,2025-01-30 00:00:00
RES-BE3066A0D5,505,14,576,20/08/2026,26/08/2026,confirmed,30/06/2026 00:00
RES-FDF565D178,726,15,684,30/04/2026,2026-05-05,Checked Out,04-16-2026 12:00 AM
RES-1E174F1B35,1059,8,342,2025/04/27,05-02-2025,checked-out,05/03/2025 00:00
RES-535ED3BE61,409,12,480,03-22-2025,2025-03-26,CHECKED_IN,2025-03-21 00:00:00
RES-FB3ABD0C6A,681,6,264,2024/10/19,2024-10-22,No Show,10-12-2024 12:00 AM
RES-3DB39DA306,126,4,158,09-Mar-2024,14-Mar-2024,CONFIRMED,2024-01-31 00:00:00
RES-C7103AB59B,436,2,47,09-20-2025,22-Sep-2025,checked_out,29/08/2025 00:00
RES-7715074640,1110,14,623,17-Apr-2024,04-22-2024,conf,04-05-2024 12:00 AM
RES-617520D952,1169,13,525,12-19-2024,21-Dec-2024,Pending,2024-12-09 00:00:00
RES-3FF6476239,748,5,231,09-02-2025,2025-09-11,no-show,08-06-2025 12:00 AM
RES-225932335B,1213,9,382,2025/10/28,10-29-2025,PND,09-18-2025 12:00 AM
RES-54679E9564,315,14,575,10-09-2026,13/10/2026,CHECKED_OUT,08-29-2026 12:00 AM
RES-B6978B76CD,967,8,327,2025/11/01,11-07-2025,CONFIRMED,25/10/2025 00:00
RES-141EFCA221,1225,10,411,06-Feb-2026,07-Feb-2026,CONFIRMED,2025-12-29 00:00:00
RES-D20A5012F4,1040,1,14,11-Mar-2026,2026-03-20,No Show,13/02/2026 00:00
RES-1BE83953F2,488,10,402,2026/01/02,11/01/2026,PND,11-06-2025 12:00 AM
RES-BDB86AD706,308,1,25,2025-09-16,26/09/2025,Checked In,2025-09-06 00:00:00
RES-A4C13FA6DC,555,8,321,2025/09/30,2025-10-10,No Show,2025-08-11 00:00:00
RES-C9FD406720,585,11,451,31-May-2024,2024-06-10,conf,2024-05-25 00:00:00
RES-F7C5448901,627,15,647,2025-03-22,03-27-2025,cancelled,2025-03-09 00:00:00
RES-549F4BFAA7,195,9,391,05-20-2025,05-22-2025,pending,26/03/2025 00:00
RES-1530F38C5A,806,2,50,07-Nov-2024,2024-11-16,Cancelled,10-14-2024 12:00 AM
RES-75B0AD7B28,1129,5,203,10/08/2026,2026-08-14,Checked In,07-01-2026 12:00 AM
RES-E534786BC6,653,12,506,19/06/2024,2024/06/22,PND,25/04/2024 00:00
RES-1EF66B63B3,56,4,167,20-Jul-2025,2025/07/21,NS,2025-06-23 00:00:00
RES-CDBCA3596B,366,4,162,11-Mar-2026,13-Mar-2026,no-show,02-17-2026 12:00 AM
RES-1356A32F13,491,7,296,2024/03/18,03-27-2024,CNF,20/01/2024 00:00
RES-EA80A83DCB,303,5,180,13/06/2025,2025-06-21,cancelled,2025-06-01 00:00:00
RES-7852F7B4AF,663,6,260,03-21-2026,03-24-2026,cancelled,03-17-2026 12:00 AM
RES-56542F41F2,763,9,368,2025-07-07,2025-07-13,NS,03/07/2025 00:00
RES-B01F1EBEC8,652,2,49,24/04/2026,05-04-2026,confirmed,27/02/2026 00:00
RES-C42209FA7E,110,15,662,02/06/2026,06-05-2026,Checked Out,04-30-2026 12:00 AM
RES-5940D66171,883,14,591,07-20-2026,25-Jul-2026,canceled,08/06/2026 00:00
RES-C3A24C4692,898,1,12,2026-09-12,2026-09-19,no_show,2026-09-03 00:00:00
RES-9A613DD194,27,9,368,19-Aug-2026,2026/08/20,pending,18/07/2026 00:00
RES-4CE6CBBE8D,815,10,397,10-Jan-2026,01-20-2026,No Show,12-24-2025 12:00 AM
RES-6A8DE91114,85,9,391,2025/04/17,22-Apr-2025,CI,2025-03-02 00:00:00
RES-25D3EB36C5,754,1,2,01/07/2026,07-07-2026,CXL,06-25-2026 12:00 AM
RES-D4581B75B5,1017,11,440,2024-10-11,,conf,2024-08-19 00:00:00
RES-23B0D5098D,1055,8,341,06/06/2026,08/06/2026,CO,2026-04-23 00:00:00
RES-39C360DDE0,611,10,412,03-Aug-2025,11/08/2025,CHECKED_IN,07-21-2025 12:00 AM
RES-B611A4A016,696,8,359,2025-03-28,2025-03-31,CNF,02-20-2025 12:00 AM
RES-B70BEADAC3,1014,5,178,2024/09/14,20-Sep-2024,Cancelled,01/08/2024 00:00
RES-B9B2F2318F,730,7,301,03-Apr-2026,07-Apr-2026,PENDING,27/02/2026 00:00
RES-63ACDF2FD2,391,5,216,23/03/2025,2025/03/24,checked-in,01-29-2025 12:00 AM
RES-CEF92C4DB5,261,13,546,05-01-2026,2026-05-03,CI,2026-04-05 00:00:00
RES-7AE29F0034,1161,5,240,2026-02-03,02-05-2026,CHECKED_OUT,01-26-2026 12:00 AM
RES-323B7E16F7,530,13,547,24-Apr-2026,30-Apr-2026,NS,21/03/2026 00:00
RES-66298B393C,437,12,479,15-Jun-2024,21/06/2024,Checked In,19/05/2024 00:00
RES-AF616DF92D,578,11,424,2024/07/10,07-15-2024,CONFIRMED,07-04-2024 12:00 AM
RES-82866EE23C,955,8,355,05-12-2026,2026-05-17,conf,04-15-2026 12:00 AM
RES-AE90AD5250,296,11,454,14/11/2026,11-21-2026,NOSHOW,09-18-2026 12:00 AM
RES-CC49716834,525,2,55,2025/12/07,2025/12/12,checked-out,27/10/2025 00:00
RES-DAFB0D2406,407,8,327,14/10/2024,2024-10-16,Pending,09-23-2024 12:00 AM
RES-FF48B8FDD8,50,11,457,22/03/2026,2026-03-30,CHECKED_IN,2026-02-01 00:00:00
RES-F28CA01A20,750,6,273,2024/06/02,07-Jun-2024,cancelled,2024-05-25 00:00:00
RES-02D18CAC96,958,7,288,2024-09-25,02-Oct-2024,conf,08-27-2024 12:00 AM
RES-E291DE37AC,312,10,395,08-05-2026,2026/08/08,canceled,06-14-2026 12:00 AM
RES-117BE1364B,919,5,211,29-Aug-2025,09-03-2025,no_show,18/07/2025 00:00
RES-8CFE422492,40,7,278,11/02/2026,02-12-2026,CONFIRMED,02-06-2026 12:00 AM
RES-C2C6D000F2,1234,14,591,2024-09-11,2024-09-18,PND,13/07/2024 00:00
RES-6087697378,957,8,331,03-28-2024,2024-04-01,Confirmed,13/03/2024 00:00
RES-39FCD0C2A2,718,3,94,2025/05/15,18-May-2025,checked_out,29/04/2025 00:00
RES-367198532C,549,11,469,2024-08-25,04/09/2024,checked_out,07-17-2024 12:00 AM
RES-E5FBB654E6,384,6,265,09-02-2024,10/09/2024,canceled,03/08/2024 00:00
RES-66B2F4255C,648,7,286,11-Jun-2024,06-14-2024,checked_in,2024-05-05 00:00:00
RES-210BDE25AA,1088,7,291,09/09/2024,09-16-2024,CONFIRMED,2024-08-22 00:00:00
RES-36128D28F3,823,10,396,19/08/2026,2026/08/20,CI,14/07/2026 00:00
RES-CF98621E15,502,5,181,06/11/2024,2024-11-13,CONFIRMED,10-28-2024 12:00 AM
RES-B34962AE05,1195,10,410,03-04-2026,14/03/2026,cancelled,02/02/2026 00:00
RES-8E7C80DAE5,310,7,276,2026/08/29,05/09/2026,no-show,2026-08-14 00:00:00
RES-AFE6B66ACD,723,1,24,2024/03/13,03-22-2024,no-show,2024-03-03 00:00:00
RES-862E9AA271,1092,13,528,2025/01/06,2025/01/07,CHECKED_OUT,11-13-2024 12:00 AM
RES-D90A67AA10,1071,2,45,24-Sep-2026,29-Sep-2026,Cancelled,2026-08-27 00:00:00
RES-F0E9BB9B84,205,15,657,16/06/2024,19-Jun-2024,confirmed,05-05-2024 12:00 AM
RES-E53A7DA8CF,912,3,91,2025/06/23,27/06/2025,checked_in,2025-05-11 00:00:00
RES-6F818633C8,195,14,581,2025-05-12,20/05/2025,checked-in,03-15-2025 12:00 AM
RES-581139E774,1213,8,336,01/06/2024,07/06/2024,PND,30/05/2024 00:00
RES-568FD626B2,916,4,171,17/09/2025,2025-09-21,Pending,2025-08-31 00:00:00
RES-F0BBACD56E,586,7,296,01-25-2026,02/02/2026,CO,24/01/2026 00:00
RES-89215B6E2D,966,9,362,15-Aug-2024,08-21-2024,no-show,24/06/2024 00:00
RES-9A0787AD20,1138,15,677,2025/10/07,,checked-out,2025-09-11 00:00:00
RES-6ADE79CFA0,350,1,11,25/03/2025,03-31-2025,CXL,2025-02-08 00:00:00
RES-B1F7121BD8,1152,2,36,11/04/2026,2026/04/16,Pending,2026-02-16 00:00:00
RES-D6684126E4,467,2,47,12-18-2024,,Checked Out,12-01-2024 12:00 AM
RES-4C49215250,891,8,352,2025/09/30,08-Oct-2025,NOSHOW,2025-08-27 00:00:00
RES-C36283FFEE,550,10,417,13/07/2024,2024/07/20,CHECKED_OUT,2024-06-14 00:00:00
RES-DB8921BA49,496,8,311,19-Mar-2024,29-Mar-2024,conf,2024-02-05 00:00:00
RES-2E0D5B4D1E,254,1,23,2026-06-15,06-19-2026,cancelled,16/05/2026 00:00
RES-6D254F3B34,744,10,406,18/02/2025,02-19-2025,no-show,01-05-2025 12:00 AM
RES-3152384D93,37,12,491,2025/08/03,13/08/2025,CXL,2025-07-27 00:00:00
RES-F79CA6F0A0,32,3,134,11-Mar-2025,03-17-2025,CI,2025-02-18 00:00:00
RES-F60ABEA7F4,209,10,401,17/06/2024,20/06/2024,CHECKED_OUT,2024-05-29 00:00:00
RES-5977815EB4,399,4,164,04-19-2026,04-29-2026,CI,02-24-2026 12:00 AM
RES-CFFCD17125,139,1,19,2024-06-27,07-05-2024,CO,13/06/2024 00:00
RES-75FBD2F5AA,691,4,157,2025/02/16,2025-02-19,pending,08/01/2025 00:00
RES-22520B73B9,750,5,205,07/05/2024,11-May-2024,cancelled,2024-03-31 00:00:00
RES-AC97CECDAB,1055,6,258,12/02/2025,2025/02/17,canceled,2025-01-02 00:00:00
RES-E600613DEB,64,6,259,04-18-2024,04-20-2024,no-show,14/04/2024 00:00
RES-5E21CBA5E7,289,5,234,25/02/2025,2025/03/01,checked_out,02-16-2025 12:00 AM
RES-1E383E9850,808,12,477,2025-02-14,24/02/2025,checked_out,26/12/2024 00:00
RES-3B94ED9287,66,12,513,2025-10-20,2025/10/25,PENDING,10-15-2025 12:00 AM
RES-118BEDFFB3,897,12,478,2024/03/10,2024-03-12,Checked In,2024-01-24 00:00:00
RES-09579F99A2,125,3,97,09-26-2024,2024/09/27,checked-out,2024-09-14 00:00:00
RES-BD4D9B10E1,383,11,464,23-Jun-2025,2025-07-03,Cancelled,06-09-2025 12:00 AM
RES-1C1C94386E,240,6,267,2026-08-25,2026-09-01,PENDING,2026-07-01 00:00:00
RES-BC7C15E476,727,14,610,2026-03-15,22/03/2026,checked_out,2026-01-30 00:00:00
RES-C63C079F37,539,1,26,07/09/2024,08-Sep-2024,PENDING,2024-08-19 00:00:00
RES-10F66D0BA2,1092,7,298,24-Feb-2026,2026-03-01,no_show,2026-02-03 00:00:00
RES-80ED934788,266,9,381,07-Apr-2026,15/04/2026,pending,07/02/2026 00:00
RES-ED52FABEC9,499,7,283,13-Nov-2025,2025/11/21,checked-out,10-25-2025 12:00 AM
RES-4335F90B45,428,9,387,2024/02/03,02-12-2024,pending,01-29-2024 12:00 AM
RES-392AE911AC,454,3,82,07-24-2024,08-03-2024,cancelled,2024-06-04 00:00:00
RES-6B30D5DD63,637,6,264,2024/08/05,,CHECKED_OUT,2024-06-25 00:00:00
RES-7250198034,347,9,371,04/05/2026,09/05/2026,confirmed,2026-03-11 00:00:00
RES-62170DAEAD,286,3,124,2026/09/29,06-Oct-2026,checked_out,08-31-2026 12:00 AM
RES-4359E90FB4,340,10,414,22-Feb-2024,2024/03/03,PENDING,01-31-2024 12:00 AM
RES-8F856E2723,975,12,493,2024/08/13,2024-08-19,cancelled,08-12-2024 12:00 AM
RES-31298F8313,1072,2,58,05-Feb-2025,11/02/2025,CO,30/12/2024 00:00
RES-3D0235459A,825,13,549,23/01/2025,25-Jan-2025,checked-out,12-15-2024 12:00 AM
RES-31BD739DFC,1139,9,388,02/02/2025,12/02/2025,NS,19/12/2024 00:00
RES-2A2F092454,1118,6,272,30/05/2024,2024/06/08,CANCELLED,04-28-2024 12:00 AM
RES-F4335F2ADA,708,9,384,05-21-2024,28-May-2024,no_show,13/04/2024 00:00
RES-881165621A,309,11,470,2024-07-26,07-31-2024,Cancelled,18/07/2024 00:00
RES-9EE9EF39B5,371,15,646,2026/09/09,18/09/2026,CONFIRMED,07-20-2026 12:00 AM
RES-94D8A84737,923,3,93,2026/07/08,2026-07-10,CO,06-19-2026 12:00 AM
RES-A7DA691F38,975,13,554,2024-04-22,04-27-2024,CONFIRMED,07/03/2024 00:00
RES-E3F580D46D,916,6,248,07-15-2025,24/07/2025,NOSHOW,05-30-2025 12:00 AM
RES-F54C3712F1,397,13,556,2025-02-18,20-Feb-2025,NS,26/01/2025 00:00
RES-8FAE4BE0F6,613,1,32,2024-02-14,02-16-2024,PENDING,01-30-2024 12:00 AM
RES-0A4D849A3F,1039,4,161,02-06-2025,07/02/2025,checked-out,03/01/2025 00:00
RES-F80BE907DC,612,10,411,21-Oct-2025,10-26-2025,Cancelled,08-29-2025 12:00 AM
RES-0FD9551559,667,8,311,12/08/2026,08-13-2026,cancelled,2026-07-25 00:00:00
RES-C182EA6D20,547,1,31,2025-05-05,06/05/2025,checked-in,04-27-2025 12:00 AM
RES-16D39E880B,534,2,59,26-Feb-2026,27/02/2026,checked-out,2026-01-21 00:00:00
RES-C5328E09E2,46,6,271,13/07/2026,15/07/2026,confirmed,2026-06-19 00:00:00
RES-10B34ED4AE,584,14,630,2025/11/23,24-Nov-2025,checked_out,2025-11-07 00:00:00
RES-CE2278203B,997,3,126,2025-05-05,05-10-2025,no-show,27/03/2025 00:00
RES-E87109A0C0,875,9,366,08-20-2024,2024-08-21,no_show,07-07-2024 12:00 AM
RES-456E9948FF,30,8,341,03-22-2025,01/04/2025,CO,27/02/2025 00:00
RES-8EF3E08746,441,12,493,27/03/2025,2025-03-29,confirmed,23/03/2025 00:00
RES-0B46528B0D,579,11,435,2024-07-12,20/07/2024,CHECKED_IN,2024-05-16 00:00:00
RES-67E8DE6C19,175,14,598,03-Dec-2024,2024/12/12,checked_in,2024-10-27 00:00:00
RES-264CBD2589,536,9,384,31-Jul-2025,08/08/2025,PND,06-21-2025 12:00 AM
RES-AD242C5558,1232,13,557,04/04/2024,05-Apr-2024,Checked Out,03-06-2024 12:00 AM
RES-35DCA164DB,342,10,396,04/04/2026,04-13-2026,PND,18/03/2026 00:00
RES-425942CA80,1011,13,515,02-04-2025,2025/02/11,PENDING,12-06-2024 12:00 AM
RES-7883565A51,429,15,651,24/06/2026,30/06/2026,CHECKED_OUT,27/04/2026 00:00
RES-2131FAF390,110,13,537,07-May-2024,05-08-2024,pending,2024-03-29 00:00:00
RES-7DB7CBEBA4,1195,15,659,03-Jan-2026,2026/01/10,checked_in,2025-11-09 00:00:00
RES-8E01A92158,651,14,597,2026/04/28,03-May-2026,PND,2026-03-21 00:00:00
RES-A6902996E8,700,15,676,2024-04-03,2024-04-04,CHECKED_OUT,15/03/2024 00:00
RES-AA6C71A099,140,4,161,06-17-2026,06-22-2026,Pending,2026-05-23 00:00:00
RES-DFE4F4BB04,1207,7,293,01-09-2025,12-Jan-2025,Cancelled,03/01/2025 00:00
RES-9B1E249D0E,381,10,407,2024-04-13,04-17-2024,CHECKED_IN,2024-03-10 00:00:00
RES-63DEA17410,418,4,173,10-03-2025,2025/10/12,checked_out,09-26-2025 12:00 AM
RES-8EB866D164,630,6,254,2025/05/25,2025-05-29,Confirmed,05-05-2025 12:00 AM
RES-10E6C121D7,1213,14,572,11-07-2024,14/11/2024,checked_in,10-12-2024 12:00 AM
RES-B719771F5B,606,3,123,27-Aug-2026,2026-08-28,conf,13/08/2026 00:00
RES-0A7729A12B,563,8,351,10-19-2025,26-Oct-2025,CANCELLED,30/08/2025 00:00
RES-D189B0E8B2,557,2,47,14-Mar-2024,2024/03/17,checked_in,16/01/2024 00:00
RES-1C59062B3D,147,10,415,05-15-2024,18-May-2024,pending,16/04/2024 00:00
RES-66AE30F76F,778,11,436,06-22-2026,2026-06-25,Confirmed,2026-05-13 00:00:00
RES-AE8714865F,734,3,137,2025-01-02,11-Jan-2025,checked-out,2024-11-11 00:00:00
RES-F974A60E34,88,11,457,2025-04-22,24-Apr-2025,PND,2025-04-11 00:00:00
RES-AD37BDED27,636,3,123,2025/02/24,25-Feb-2025,conf,02-14-2025 12:00 AM
RES-C0D48107E7,923,15,650,17/08/2026,2026/08/22,pending,06-23-2026 12:00 AM
RES-C7AAB1C53A,800,13,1182,2025-07-04,2025-07-05,canceled,2025-07-03 00:00:00
RES-519907AF7F,985,4,138,2026/09/15,2026-09-16,Pending,09-09-2026 12:00 AM
RES-C0EA453275,628,15,641,14/02/2024,21-Feb-2024,CI,24/01/2024 00:00
RES-1BC0415C91,1109,2,43,11-Jan-2025,2025/01/19,CNF,23/12/2024 00:00
RES-06CB593308,215,2,45,2025-03-07,17/03/2025,pending,12/01/2025 00:00
RES-4D9D1D3B3E,160,3,97,2026/06/30,07-03-2026,PND,2026-05-24 00:00:00
RES-00B850C14E,243,15,654,2024-11-06,2024-11-09,Pending,2024-11-03 00:00:00
RES-0D416FB0DB,774,11,463,10-Jun-2025,18/06/2025,conf,2025-05-15 00:00:00
RES-8271631B10,134,1,16,2026/01/22,25-Jan-2026,CO,2025-12-27 00:00:00
RES-9777070683,202,4,162,2025/05/13,22/05/2025,CI,2025-03-27 00:00:00
RES-95EA8F9A74,817,14,614,26-May-2026,2026/06/05,CI,2026-05-13 00:00:00
RES-2C2576CB17,502,6,248,2026/05/31,09-Jun-2026,PENDING,12/05/2026 00:00
RES-BA5A7D1032,38,15,658,30-May-2026,2026-06-03,no-show,2026-05-22 00:00:00
RES-6CD536FBF2,273,14,613,30/03/2025,2025-04-05,Checked In,2025-02-25 00:00:00
RES-9A04E1F92C,867,2,55,07-Nov-2024,2024/11/12,CHECKED_IN,16/09/2024 00:00
RES-7CAE5F2032,728,7,298,14-Jun-2024,2024-06-24,no-show,2024-05-08 00:00:00
RES-468EFFE479,258,2,47,05-07-2026,2026/05/10,conf,04-15-2026 12:00 AM
RES-C247647BDF,466,2,54,2024-11-17,2024/11/27,CO,07/11/2024 00:00
RES-B78D81AA6F,1166,3,82,11-14-2025,2025/11/16,Pending,2025-10-11 00:00:00
RES-7C9DF05153,172,5,199,23/10/2025,2025/10/28,NS,28/08/2025 00:00
RES-64C3A4A01F,1050,6,250,2025-04-09,16-Apr-2025,checked_out,03-29-2025 12:00 AM
RES-87288E646C,1131,13,535,21/04/2024,2024/04/25,PND,2024-03-07 00:00:00
RES-8E67D3E0FE,574,4,151,25/09/2026,10-04-2026,No Show,09-04-2026 12:00 AM
RES-4A61CD90BE,992,8,314,08-20-2025,08-24-2025,No Show,08-14-2025 12:00 AM
RES-03A3D407B7,777,4,142,06-Jan-2025,2025/01/15,CO,10/12/2024 00:00
RES-67476BB013,810,8,355,2026-01-28,02-02-2026,CXL,2026-01-12 00:00:00
RES-B59E27DB7E,618,10,408,28/04/2025,07/05/2025,Cancelled,03-08-2025 12:00 AM
RES-1876BF550A,734,13,519,02-06-2025,2025-02-10,NS,12-11-2024 12:00 AM
RES-86A937F6DC,531,11,447,16-Sep-2025,17/09/2025,PND,08-08-2025 12:00 AM
RES-BFAC9CE000,908,11,433,2026-01-31,01/02/2026,no_show,12-04-2025 12:00 AM
RES-D829A30BC7,587,7,285,2026/01/14,01-21-2026,checked-out,09/01/2026 00:00
RES-A1173A8040,948,8,303,2024/05/29,07/06/2024,Checked Out,17/04/2024 00:00
RES-678F9DBD85,1120,11,463,2024-05-20,2024-05-27,NS,15/05/2024 00:00
RES-DADEBB9B59,903,9,371,2026-05-22,2026-05-31,confirmed,2026-03-27 00:00:00
RES-0982A19E7B,990,8,318,08/11/2026,13/11/2026,no_show,09-09-2026 12:00 AM
RES-DF539B9015,562,4,163,30-Aug-2024,2024/09/02,No Show,15/08/2024 00:00
RES-78F9381E84,782,8,351,28-Jun-2024,06/07/2024,canceled,27/05/2024 00:00
RES-D82E1ED222,1053,1,28,06-01-2025,2025-06-07,NS,04-05-2025 12:00 AM
RES-EF1768FE18,147,3,103,2025-06-22,2025/06/30,Checked Out,05-11-2025 12:00 AM
RES-7CD8F660D2,1057,5,197,27-Mar-2024,28/03/2024,no_show,03-09-2024 12:00 AM
RES-276521F258,851,12,501,07-Jul-2025,10-Jul-2025,CHECKED_IN,06-22-2025 12:00 AM
RES-954820FD62,435,15,662,08-10-2025,08-17-2025,Pending,2025-06-13 00:00:00
RES-68E6D2CC94,1068,4,150,2026/09/27,2026/10/01,CHECKED_IN,18/08/2026 00:00
RES-607C0EC373,415,7,280,28/05/2025,31/05/2025,CANCELLED,03-30-2025 12:00 AM
RES-ABBD7D42C2,1152,1,6,16/04/2026,04-17-2026,no_show,03-17-2026 12:00 AM
RES-98EF6D74A3,464,8,315,01-05-2025,12/01/2025,CO,12-23-2024 12:00 AM
RES-CF58C07B9E,395,6,267,06-14-2026,2026-06-15,CO,08/05/2026 00:00
RES-25F264935F,552,7,287,2025/02/13,14/02/2025,Checked Out,2025-02-12 00:00:00
RES-FB17057656,889,12,513,02/10/2026,10-12-2026,No Show,2026-09-17 00:00:00
RES-7DD76B8744,1067,4,152,06-12-2025,20/06/2025,checked-in,04-30-2025 12:00 AM
RES-FD5789E6DC,744,14,615,2024/12/28,2025/01/03,CO,12-02-2024 12:00 AM
RES-9DB1DE856D,533,2,45,2024-09-22,10-01-2024,CHECKED_IN,08-28-2024 12:00 AM
RES-54826F284A,590,15,662,16-Jan-2025,2025-01-24,checked-in,2025-01-06 00:00:00
RES-CFD7BBC23C,828,12,484,09-28-2024,2024-10-05,PND,16/09/2024 00:00
RES-94825D72CA,851,3,79,08-29-2026,,no_show,08-08-2026 12:00 AM
RES-54FA5065E3,837,12,505,16/10/2025,2025/10/21,canceled,2025-10-02 00:00:00
RES-3BB1157586,895,12,505,30-Jun-2025,2025-07-04,CNF,05-13-2025 12:00 AM
RES-C646B0BF3E,822,3,63,2024-11-22,2024/11/27,Pending,2024-10-30 00:00:00
RES-3D29C96474,162,11,424,21-Nov-2024,11-24-2024,Confirmed,10-17-2024 12:00 AM
RES-412ADA571C,395,15,662,2025/07/22,07-24-2025,CHECKED_IN,2025-06-04 00:00:00
RES-20C7D706D6,679,10,413,2025/12/14,17-Dec-2025,NOSHOW,21/11/2025 00:00
RES-A692AB9B32,490,1,31,09/08/2025,2025/08/13,PND,06-24-2025 12:00 AM
RES-A51D10E744,499,13,521,09/08/2025,18/08/2025,PENDING,2025-06-20 00:00:00
RES-3B3A9F9E92,161,14,589,07-29-2026,03/08/2026,checked_out,01/06/2026 00:00
RES-D5AE0450A5,489,2,55,2024/11/17,23-Nov-2024,CHECKED_OUT,2024-11-05 00:00:00
RES-9A68555213,751,5,196,04-12-2024,2024/04/22,CO,08/04/2024 00:00
RES-E28F095D2A,906,12,474,07-22-2024,08-01-2024,No Show,04/07/2024 00:00
RES-3D323CD516,872,3,135,2026/05/18,05-26-2026,no-show,04-11-2026 12:00 AM
RES-55C0A9A392,322,10,399,2025-12-22,2025-12-31,CANCELLED,2025-11-01 00:00:00
RES-BAF53DE1F2,312,10,400,27-Jul-2025,2025/08/04,checked-out,2025-06-27 00:00:00
RES-41F55746D9,977,4,138,09-26-2024,2024-10-06,Pending,09-10-2024 12:00 AM
RES-CF0887E2E9,464,8,335,15-Sep-2026,09-16-2026,NS,08-29-2026 12:00 AM
RES-C470BF7474,207,9,386,08-Jul-2025,07-15-2025,canceled,06-24-2025 12:00 AM
RES-4A071328B2,1216,13,529,02/03/2025,03-Mar-2025,conf,31/01/2025 00:00
RES-9E0299C2BF,426,1,4,2026-06-10,14-Jun-2026,Confirmed,25/04/2026 00:00
RES-EBAA6947FB,158,12,497,2025-06-03,,no_show,2025-04-05 00:00:00
RES-1B34384DD6,40,3,134,18/11/2025,2025-11-25,CXL,11-08-2025 12:00 AM
RES-5F58EAF80C,773,1,27,05/03/2025,15/03/2025,Confirmed,2025-02-22 00:00:00
RES-CDA2FC7A8F,455,7,286,08-18-2024,22-Aug-2024,PND,07-18-2024 12:00 AM
RES-57CE8575B1,816,14,589,2026/02/04,2026-02-08,checked-in,2025-12-26 00:00:00
RES-A41178FE8F,1160,15,650,2025/10/20,24-Oct-2025,no-show,09-13-2025 12:00 AM
RES-D203BC1F6B,535,1,24,2026/01/24,02-02-2026,checked-in,2026-01-14 00:00:00
RES-3AA832702F,1053,2,56,29-Jan-2025,2025/02/08,CI,01-21-2025 12:00 AM
RES-7C0FB5AA63,22,2,51,2025/08/30,2025-09-01,checked_in,27/08/2025 00:00
RES-4080FC0F88,1133,11,429,2026/07/08,,checked_out,24/06/2026 00:00
RES-DE07FE150A,1015,11,472,2024/11/04,2024/11/08,CONFIRMED,2024-09-12 00:00:00
RES-6F60F77159,589,10,396,09/04/2026,2026-04-12,Checked In,20/02/2026 00:00
RES-91A49B1785,340,1,8,26-Jun-2025,04/07/2025,CONFIRMED,2025-05-11 00:00:00
RES-1532D4973B,807,14,590,2024-06-06,10-Jun-2024,Confirmed,2024-04-16 00:00:00
RES-4AF52C97E8,810,9,375,11-13-2025,22-Nov-2025,Cancelled,2025-11-08 00:00:00
RES-7827527AA8,417,7,279,07-09-2025,2025-07-15,CHECKED_OUT,01/06/2025 00:00
RES-519867E7ED,115,10,399,05-02-2026,2026-05-11,NS,23/04/2026 00:00
RES-7E84175337,549,15,654,2024/05/19,26-May-2024,Pending,05/05/2024 00:00
RES-BE151692DA,990,9,365,11-23-2025,24/11/2025,CONFIRMED,18/11/2025 00:00
RES-71E8CEE93A,145,3,134,11/10/2024,2024/10/16,Pending,20/08/2024 00:00
RES-92B21C8FEE,849,5,224,2026-04-22,2026-04-26,checked_in,18/04/2026 00:00
RES-A1793392A2,699,11,422,02-Nov-2025,2025-11-10,PND,09-16-2025 12:00 AM
RES-73F6692386,176,12,501,03-18-2024,03-25-2024,CANCELLED,28/02/2024 00:00
RES-18729FBF46,995,2,54,2025/03/30,09/04/2025,Checked Out,03-04-2025 12:00 AM
RES-9BB7058AF2,6,1,30,2026/07/15,20-Jul-2026,pending,2026-07-03 00:00:00
RES-A465CEEBA1,23,5,186,17-May-2024,18-May-2024,checked_in,19/04/2024 00:00
RES-D980022C2B,834,5,178,2024/11/01,08-Nov-2024,CHECKED_IN,2024-10-31 00:00:00
RES-AFCDD72937,923,4,146,08/03/2026,13-Mar-2026,conf,2026-02-11 00:00:00
RES-78F86BD676,1001,13,540,18/04/2025,04-24-2025,CHECKED_IN,02-17-2025 12:00 AM
RES-386324805C,668,10,416,2024-05-01,2024/05/10,conf,05/03/2024 00:00
RES-87421A8390,305,1,26,13/04/2025,04-16-2025,checked-in,03-31-2025 12:00 AM
RES-9AD01FA65E,613,4,158,12-25-2025,2025-12-28,checked-out,2025-12-09 00:00:00
RES-56C84EE8EB,319,9,388,03/03/2025,12-Mar-2025,NOSHOW,01-26-2025 12:00 AM
RES-CE2192C8D3,139,14,564,2026-01-24,2026/01/31,checked_out,01-09-2026 12:00 AM
RES-7C4872B5C6,974,15,674,26-Nov-2025,11-29-2025,NS,10-13-2025 12:00 AM
RES-E91857692F,1026,9,376,06/11/2024,11-13-2024,checked_in,2024-10-26 00:00:00
RES-183E11BBA9,979,9,384,15/04/2024,2024/04/24,Cancelled,13/04/2024 00:00
RES-E0EA232AB2,707,10,394,07/10/2024,14/10/2024,checked-in,14/09/2024 00:00
RES-9DC425F61E,781,2,50,08-09-2026,10-Aug-2026,conf,02/08/2026 00:00
RES-ECF04905AF,345,9,385,28/11/2024,12-05-2024,checked-out,11-20-2024 12:00 AM
RES-0CB4BC6EA0,114,15,685,17-Feb-2024,22-Feb-2024,No Show,03/01/2024 00:00
RES-7F44CBE318,1113,10,407,2026-05-11,2026/05/15,PENDING,2026-04-11 00:00:00
RES-439452AAEE,237,4,162,2024-12-27,01-03-2025,PENDING,09/12/2024 00:00
RES-5DC410163D,1019,14,633,2025-06-17,24-Jun-2025,no_show,16/05/2025 00:00
RES-FD9CDC84D4,39,3,77,25/02/2026,2026-03-04,no-show,2026-02-24 00:00:00
RES-880247ABD7,490,13,541,2026/09/19,2026/09/27,PENDING,08-15-2026 12:00 AM
RES-30E6400E19,1161,9,364,25-Dec-2024,01-Jan-2025,CHECKED_IN,2024-12-13 00:00:00
RES-A3031BD419,838,11,430,06-26-2026,2026/06/28,checked_in,18/05/2026 00:00
RES-17B9095F7F,588,5,237,04-Apr-2024,10/04/2024,PENDING,18/02/2024 00:00
RES-23CBEE0F90,290,15,645,2025/07/20,23-Jul-2025,checked_out,2025-06-17 00:00:00
RES-AF7000FECF,784,6,265,10-24-2025,03/11/2025,No Show,09-06-2025 12:00 AM
RES-FA85A1AAD5,611,15,684,08-24-2026,03/09/2026,CHECKED_OUT,03/08/2026 00:00
RES-9EA35174A4,138,13,555,19/01/2025,27/01/2025,pending,07/01/2025 00:00
RES-B9328426B2,292,3,124,22/04/2025,04-24-2025,No Show,16/04/2025 00:00
RES-39A5F2960D,459,12,483,12/12/2024,20/12/2024,checked_in,08/12/2024 00:00
RES-FB0907BDCB,1035,5,176,28/11/2025,2025-12-05,pending,11-17-2025 12:00 AM
RES-EE5D8EAEAA,1084,15,635,2024/05/04,2024/05/05,cancelled,23/04/2024 00:00
RES-040C29298C,486,13,539,06/02/2026,12-Feb-2026,checked-in,2025-12-13 00:00:00
RES-DD83B2DD63,1104,11,463,08/04/2026,16/04/2026,Confirmed,2026-03-18 00:00:00
RES-596B98F64E,1227,12,504,06-Jun-2024,06-16-2024,Checked In,04-08-2024 12:00 AM
RES-9BE4054CA5,786,5,176,2025/11/09,2025-11-13,PND,12/10/2025 00:00
RES-C945C2D0E5,760,3,85,03-11-2024,15/03/2024,Checked Out,22/02/2024 00:00
RES-338C6B7826,4,8,327,2024-03-13,2024-03-20,CHECKED_OUT,18/01/2024 00:00
RES-6E73E24782,295,4,172,2024/06/13,2024/06/21,CO,05-26-2024 12:00 AM
RES-9C0245F003,768,3,65,2025-11-24,03/12/2025,CI,2025-11-11 00:00:00
RES-67E5937D9F,29,10,411,25/06/2026,27-Jun-2026,Confirmed,05/06/2026 00:00
RES-C2658EFA9B,1145,15,645,07-09-2026,2026/07/19,confirmed,2026-05-26 00:00:00
RES-FCAE9CB1CC,1199,3,101,2024/10/20,21-Oct-2024,NOSHOW,09-19-2024 12:00 AM
RES-A88DF3210D,1131,12,479,05-Feb-2025,2025/02/08,no-show,12/01/2025 00:00
RES-5F5017CE9D,11,7,284,21/11/2025,2025-11-22,PENDING,10-07-2025 12:00 AM
RES-879C378CE7,1080,9,362,2025/06/18,26-Jun-2025,conf,04-20-2025 12:00 AM
RES-A4862FC61D,1201,2,45,2024-09-06,09-15-2024,Cancelled,08-23-2024 12:00 AM
RES-4787524BC0,419,12,485,2026-09-20,09-22-2026,Cancelled,2026-08-04 00:00:00
RES-7363700063,674,6,260,20/11/2025,2025-11-26,canceled,05/10/2025 00:00
RES-17FD0A9EC6,483,15,675,2026-09-12,09-21-2026,no-show,2026-07-19 00:00:00
RES-0B8E37966B,1234,9,383,07-26-2025,27/07/2025,CO,12/06/2025 00:00
RES-621B97CC6E,1172,11,431,11-21-2025,25-Nov-2025,confirmed,12/10/2025 00:00
RES-9FA791FABA,96,7,284,12-Jun-2026,2026/06/21,CHECKED_IN,2026-05-07 00:00:00
RES-39DE76DD5F,1007,11,453,07/07/2025,2025-07-14,cancelled,05-30-2025 12:00 AM
RES-DB6B1C2DBF,989,7,282,12-Nov-2026,15/11/2026,PND,2026-09-21 00:00:00
RES-5A57EF0175,599,8,354,11-Jul-2025,2025-07-12,conf,17/06/2025 00:00
RES-BF60B3F854,819,8,308,10-Feb-2024,2024/02/18,No Show,2024-02-01 00:00:00
RES-96C8FED030,411,4,165,2026-04-30,02-May-2026,CXL,2026-03-28 00:00:00
RES-D29D6DD710,229,7,288,2026/01/19,01-27-2026,CNF,2026-01-18 00:00:00
RES-FACDDE3D37,173,3,77,2025/07/27,31-Jul-2025,confirmed,08/07/2025 00:00
RES-55B44EC7B0,908,12,474,25/10/2026,10-28-2026,pending,07/09/2026 00:00
RES-D45C0CB41F,935,5,179,17/05/2026,27/05/2026,PND,03-21-2026 12:00 AM
RES-000FADF0E2,692,9,379,30/01/2026,09/02/2026,CONFIRMED,2026-01-13 00:00:00
RES-4953285E69,75,2,44,2024-10-23,30/10/2024,CXL,2024-09-17 00:00:00
RES-30E0D78B81,898,6,250,03-18-2026,22/03/2026,pending,03-12-2026 12:00 AM
RES-D48B2CCBE3,597,7,293,19-Jun-2026,29/06/2026,checked_in,24/05/2026 00:00
RES-44CA7B6825,908,9,364,17-Jul-2026,2026-07-23,PND,06-19-2026 12:00 AM
RES-1058609948,1202,13,544,05-03-2024,05-05-2024,confirmed,15/03/2024 00:00
RES-B7F7A677C5,596,10,408,10-Apr-2026,2026-04-11,Pending,03-20-2026 12:00 AM
RES-A2B3FF6D9C,1063,6,725,2026-09-28,2026-10-05,conf,08/08/2026 00:00
RES-4D9F9B70B9,1077,1,13,04-08-2026,04-09-2026,No Show,2026-03-16 00:00:00
RES-01126BB65E,872,3,112,08/04/2026,12-Apr-2026,checked-in,08/02/2026 00:00
RES-2A1246EED6,1265,10,399,09-27-2026,09-30-2026,CI,2026-09-08 00:00:00
RES-EDE56773CD,802,12,490,21/07/2025,2025/07/29,confirmed,18/07/2025 00:00
RES-C38389C61D,243,4,158,2026-07-01,2026-07-07,checked_in,06-30-2026 12:00 AM
RES-48FFFDFD26,418,14,632,03-26-2026,2026-03-31,CONFIRMED,02-08-2026 12:00 AM
RES-78760CAF15,1034,12,506,2025-06-07,15/06/2025,pending,22/04/2025 00:00
RES-B596D33E63,754,12,511,2024/02/21,02-24-2024,PND,2024-01-29 00:00:00
RES-708268D366,497,6,262,01-May-2025,2025-05-08,no_show,2025-03-02 00:00:00
RES-755F5887B2,564,10,415,07-17-2026,07-27-2026,canceled,2026-05-27 00:00:00
RES-A4B462F089,219,14,610,2024-11-23,11-28-2024,CO,11/10/2024 00:00
RES-39A12BECDB,667,15,690,2024-07-09,07-19-2024,CXL,2024-06-14 00:00:00
RES-5689F34465,988,8,327,04-30-2026,2026/05/06,confirmed,2026-04-01 00:00:00
RES-38C9749DED,1099,9,371,02/11/2024,05-Nov-2024,checked_in,09-10-2024 12:00 AM
RES-C152CB30EB,1072,2,46,2024-04-28,2024/05/05,conf,03-29-2024 12:00 AM
RES-FB4E3DE203,225,5,226,16/03/2024,03-17-2024,Pending,2024-03-03 00:00:00
RES-8016225EF1,540,4,138,2026/09/07,09-08-2026,checked_out,08-29-2026 12:00 AM
RES-893EA395B4,186,2,62,12-20-2025,21-Dec-2025,checked_in,12-05-2025 12:00 AM
RES-05419FC1D8,288,15,648,2024/04/06,10-Apr-2024,CXL,03-23-2024 12:00 AM
RES-6761652E51,394,8,330,2025-01-13,17/01/2025,canceled,13/12/2024 00:00
RES-1B8F59866D,1154,1,21,03/09/2026,04-Sep-2026,CANCELLED,23/07/2026 00:00
RES-8B5DBC9F16,989,6,264,2026-10-23,2026-10-24,NS,2026-09-01 00:00:00
RES-6D2CC53D85,30,8,345,21/02/2024,2024/02/25,confirmed,2024-01-11 00:00:00
RES-C5D55A387F,315,1,30,05-13-2026,23-May-2026,CHECKED_IN,03-25-2026 12:00 AM
RES-279764E6E1,151,10,403,18/12/2025,2025-12-26,Confirmed,12-15-2025 12:00 AM
RES-77ADDDEC32,4,13,550,28-Nov-2025,11-30-2025,no-show,2025-10-02 00:00:00
RES-54916CEC56,355,3,113,2026/02/21,2026-03-01,confirmed,2026-01-19 00:00:00
RES-9EFBE9AFB6,202,6,247,17-Jun-2024,2024-06-18,Cancelled,23/05/2024 00:00
RES-2F79B9200B,1048,9,366,2024/08/24,08-28-2024,checked-out,2024-08-19 00:00:00
RES-96759F92A6,956,4,166,08-26-2024,03-Sep-2024,Checked Out,2024-08-06 00:00:00
RES-E51307BC45,727,3,64,25/12/2024,2024-12-27,CXL,2024-11-10 00:00:00
RES-4C6F5BD01B,807,6,265,2024-04-13,2024-04-20,Confirmed,2024-03-01 00:00:00
RES-87C6A6AE74,280,7,293,2025/02/07,2025-02-15,Confirmed,2024-12-25 00:00:00
RES-E66632C9D2,761,2,47,2026-04-06,16-Apr-2026,checked_out,02-17-2026 12:00 AM
RES-C7621C2CB6,1178,12,501,2024-04-16,20-Apr-2024,CI,28/03/2024 00:00
RES-BCF7E279CD,1011,6,270,04-21-2025,2025/04/26,PND,2025-03-29 00:00:00
RES-E0C691EAEC,164,11,452,2025/03/20,24-Mar-2025,No Show,21/02/2025 00:00
RES-192241090C,111,11,433,2025/05/02,07-May-2025,CANCELLED,03-15-2025 12:00 AM
RES-6E3377AEC9,1171,1,14,2026-06-18,2026-06-23,PENDING,27/04/2026 00:00
RES-34DA204B52,780,10,397,19-Apr-2025,04-20-2025,confirmed,2025-02-24 00:00:00
RES-CA7EE1DE09,295,14,561,09/09/2026,18-Sep-2026,CHECKED_IN,2026-07-16 00:00:00
RES-A46DA4F93D,829,1,15,10-30-2026,31/10/2026,No Show,2026-09-19 00:00:00
RES-E06B9B7192,139,1,5,2024-12-25,02/01/2025,confirmed,2024-11-21 00:00:00
RES-2114050EC9,465,3,80,03-03-2024,04-Mar-2024,Confirmed,01-24-2024 12:00 AM
RES-46EBE7D5D5,749,7,277,2025-10-11,19-Oct-2025,checked-out,12/08/2025 00:00
RES-4B26DA92CD,161,8,311,09-Feb-2025,02-16-2025,checked_in,2024-12-29 00:00:00
RES-F3901F41D5,855,15,676,2025-08-29,05/09/2025,checked_out,19/07/2025 00:00
RES-D4B80B08CC,928,7,296,05-Sep-2025,14-Sep-2025,CI,14/07/2025 00:00
RES-9F36529D51,873,15,647,2024/07/17,2024-07-23,CO,06-21-2024 12:00 AM
RES-A6CC6AA82D,1223,7,277,2025/12/17,2025/12/21,checked_in,10-19-2025 12:00 AM
RES-88460A2E76,336,3,110,2024/09/08,09-Sep-2024,checked-out,2024-08-04 00:00:00
RES-453613B546,488,2,57,27/05/2025,06-01-2025,Cancelled,06/04/2025 00:00
RES-E133B649CA,522,5,236,2025/02/16,24/02/2025,CHECKED_IN,02-07-2025 12:00 AM
RES-E53627858F,1125,13,538,24/05/2025,05-28-2025,canceled,04/04/2025 00:00
RES-3490B87FF7,932,12,490,16/03/2026,2026-03-19,Pending,2026-03-05 00:00:00
RES-54D4F633C3,686,14,559,08-02-2024,2024/08/12,no-show,15/06/2024 00:00
RES-5F2BFBCAAB,892,13,552,10-23-2024,27/10/2024,canceled,2024-10-19 00:00:00
RES-FA2A38A607,288,4,142,21/09/2024,2024/09/30,Pending,15/08/2024 00:00
RES-14BFCD4901,1275,9,364,10-09-2024,13/10/2024,CXL,10-03-2024 12:00 AM
RES-DEC0C2B53A,88,12,474,2024-03-20,2024/03/30,Checked Out,02/02/2024 00:00
RES-C62CFA5904,77,10,395,2024-05-21,2024-05-29,checked_out,04-13-2024 12:00 AM
RES-A7F2D85864,480,8,350,28-Dec-2024,02-Jan-2025,CHECKED_IN,06/12/2024 00:00
RES-6620B22109,796,8,305,2024-10-30,2024/11/07,Checked In,2024-10-13 00:00:00
RES-4CC0856C36,575,8,333,29-Oct-2024,2024-10-30,CNF,10-21-2024 12:00 AM
RES-7D280EFC13,75,5,192,16-Oct-2024,25-Oct-2024,PENDING,2024-08-30 00:00:00
RES-76AE7D12ED,780,10,410,17/04/2024,2024/04/20,no-show,07/04/2024 00:00
RES-15FBB5CB40,585,12,479,03-23-2024,30/03/2024,CXL,2024-02-04 00:00:00
RES-36AC80B9D4,446,7,290,04-07-2025,2025-04-16,Checked Out,09/03/2025 00:00
RES-F55393CD3F,531,4,166,24/09/2024,,CNF,17/08/2024 00:00
RES-F55F604C70,725,1,12,11-12-2025,2025/11/14,CO,2025-11-06 00:00:00
RES-01356F4887,217,11,437,2026/01/10,2026/01/14,NS,2025-11-20 00:00:00
RES-50D32AD262,621,11,453,12-05-2025,2025/12/07,No Show,2025-10-07 00:00:00
RES-3B41B49E31,575,14,568,07-Mar-2025,03-17-2025,canceled,01-21-2025 12:00 AM
RES-ECB48D6775,963,8,323,15/11/2024,19/11/2024,checked_in,2024-09-25 00:00:00
RES-28A2B50222,744,13,525,2024/06/14,19-Jun-2024,checked_in,2024-04-15 00:00:00
RES-A6B59E1D4B,491,3,96,27/01/2026,2026-01-30,NOSHOW,2025-12-09 00:00:00
RES-12AE5DF5B2,578,9,375,30-Dec-2025,08/01/2026,pending,12-07-2025 12:00 AM
RES-32E7917C4C,82,11,466,2025/05/12,2025-05-20,NOSHOW,04/05/2025 00:00
RES-5A758F640E,1010,10,403,08-11-2024,15/08/2024,CXL,30/07/2024 00:00
RES-E036A38374,669,2,53,04-30-2025,10/05/2025,pending,04-16-2025 12:00 AM
RES-B98AEDFDAA,601,11,472,08-30-2024,08/09/2024,CI,13/08/2024 00:00
RES-7F089EA927,1106,8,343,13/12/2024,12-15-2024,CO,10-21-2024 12:00 AM
RES-80F5CC7BB9,691,15,637,02-16-2024,20/02/2024,Cancelled,17/01/2024 00:00
RES-6D932FFB63,1217,5,218,08/08/2025,2025/08/10,confirmed,2025-07-14 00:00:00
RES-7C8C9EACF1,342,5,196,08-Feb-2025,13-Feb-2025,conf,30/01/2025 00:00
RES-1E98623533,498,12,499,2025-07-04,2025-07-07,PENDING,05-22-2025 12:00 AM
RES-78D6AD9F19,851,12,490,2025-12-28,04-Jan-2026,confirmed,11-21-2025 12:00 AM
RES-E0FF3D87B7,385,5,243,07/10/2026,17-Oct-2026,PND,10/08/2026 00:00
RES-4221B494D6,1040,7,287,2026/10/07,2026/10/13,CANCELLED,2026-09-15 00:00:00
RES-470A64E6D3,1148,14,601,15-Jan-2025,2025/01/23,Cancelled,2025-01-01 00:00:00
RES-4B76A785E1,719,8,319,27/06/2024,2024-06-29,PENDING,05-21-2024 12:00 AM
RES-B7CE877500,422,9,362,2026/06/30,2026-07-01,CO,05-05-2026 12:00 AM
RES-2857596860,1028,10,395,10-13-2026,20-Oct-2026,canceled,09-02-2026 12:00 AM
RES-70DCFC95EF,514,5,222,2026-03-19,27-Mar-2026,Cancelled,02/02/2026 00:00
RES-58FD3CE507,1131,12,511,2024-12-05,2024-12-08,checked-in,12-03-2024 12:00 AM
RES-4ED9065CBC,329,6,254,2026/05/01,07-May-2026,CHECKED_IN,18/03/2026 00:00
RES-F4E05DC397,221,2,42,2025-07-16,2025-07-25,checked_in,05-27-2025 12:00 AM
RES-E2DBCBBF2F,1133,11,443,27-Jan-2024,04/02/2024,canceled,01-01-2024 12:00 AM
RES-DCEF5A987A,625,1,21,2024-06-22,2024-06-26,Cancelled,2024-06-11 00:00:00
RES-006B0FF5B9,36,3,91,2025-05-05,06/05/2025,Cancelled,03-26-2025 12:00 AM
RES-A8FB21BD16,437,3,122,06/03/2025,03-10-2025,no_show,02-08-2025 12:00 AM
RES-082E677AE0,989,2,61,07-02-2026,2026-07-11,canceled,19/05/2026 00:00
RES-AB1EFC4BFE,406,9,393,29/06/2024,2024/07/04,confirmed,12/05/2024 00:00
RES-AEE23E7A01,306,7,278,2025-07-20,2025/07/30,canceled,03/07/2025 00:00
RES-8A76EB3DE3,728,3,137,09-16-2025,2025-09-22,PND,2025-09-01 00:00:00
RES-BD789BEA28,73,13,533,25-Nov-2025,03/12/2025,confirmed,2025-10-04 00:00:00
RES-8AD76171E6,1184,1,18,21-Oct-2024,2024/10/29,checked_out,2024-10-12 00:00:00
RES-087A5BB204,984,2,57,04-05-2026,2026-04-10,NS,09/03/2026 00:00
RES-FCE654DA73,906,12,480,04-12-2024,2024-04-14,pending,28/03/2024 00:00
RES-CDE26C7494,1176,3,120,08-Nov-2024,2024/11/11,canceled,2024-11-03 00:00:00
RES-15B079FCBC,421,5,204,2025-10-02,2025-10-10,CO,2025-08-22 00:00:00
RES-2246C01D05,396,13,526,31-Oct-2024,04/11/2024,canceled,09-15-2024 12:00 AM
RES-3D223CCC96,791,9,391,05/07/2024,2024/07/10,Cancelled,2024-05-26 00:00:00
RES-A0AD3F62EE,872,3,87,15-Dec-2025,12-16-2025,canceled,05/11/2025 00:00
RES-E32B90B194,1087,8,336,23-May-2024,05-27-2024,no-show,04/05/2024 00:00
RES-784C557410,1069,8,306,12-14-2024,12-15-2024,CHECKED_IN,28/10/2024 00:00
RES-E379E8709D,799,10,411,2025-06-12,2025/06/15,Checked In,05/05/2025 00:00
RES-D0BFC297C5,45,2,55,2025-01-08,2025/01/18,CHECKED_OUT,12-08-2024 12:00 AM
RES-0F2826665D,861,2,35,2026-05-03,2026-05-07,PND,10/04/2026 00:00
RES-FF273E5D08,1060,11,470,07-27-2025,04/08/2025,PENDING,07-25-2025 12:00 AM
RES-301A6FE06E,780,3,72,24/05/2026,26/05/2026,conf,15/05/2026 00:00
RES-B52E0E0253,1137,4,170,10-27-2024,10-31-2024,checked_out,10-19-2024 12:00 AM
RES-C46B84CACB,447,2,48,08-17-2024,25-Aug-2024,NS,08-02-2024 12:00 AM
RES-7E4EC08BDA,458,5,215,13-Sep-2025,16-Sep-2025,CXL,2025-08-20 00:00:00
RES-0885CD448B,529,14,606,2024/11/23,27/11/2024,no-show,09/10/2024 00:00
RES-7BF26BC790,721,10,411,2024-11-22,11-27-2024,CO,2024-11-20 00:00:00
RES-58FA3FE657,82,13,517,15/03/2025,03-25-2025,no-show,02-13-2025 12:00 AM
RES-BAD3B0B499,675,3,134,2024/03/14,03-21-2024,NS,23/02/2024 00:00
RES-8D98F4F094,405,13,529,12-Jul-2025,2025/07/17,CO,20/05/2025 00:00
RES-1A63AF4DC4,319,9,393,25/01/2025,2025-02-03,CNF,2024-11-27 00:00:00
RES-788D073AB8,359,11,428,21/02/2024,2024/03/02,Pending,05/02/2024 00:00
RES-4BFB5B9A07,881,4,146,13-May-2025,14/05/2025,CO,2025-04-22 00:00:00
RES-7AA0E42B40,539,13,555,2026-09-01,2026/09/06,NOSHOW,2026-08-29 00:00:00
RES-613D46AF4F,1011,4,150,2024-11-26,12-01-2024,checked_out,10/11/2024 00:00
RES-1E140ADD11,348,11,448,23/05/2025,2025/05/29,Confirmed,2025-05-09 00:00:00
RES-5D0449B169,1202,5,204,07-22-2026,2026/07/27,checked_in,2026-06-27 00:00:00
RES-131798A7CC,851,5,232,2026-05-06,2026-05-09,NS,04-12-2026 12:00 AM
RES-D97CA1E26C,645,5,183,21-Oct-2025,10-24-2025,No Show,2025-09-14 00:00:00
RES-2F056F0974,317,1,25,2024-03-13,03-17-2024,PENDING,30/01/2024 00:00
RES-BC84B00344,1077,6,267,30-Mar-2026,2026/04/07,CNF,2026-03-11 00:00:00
RES-8D15272E19,892,14,629,2024-08-08,2024-08-12,NS,2024-07-09 00:00:00
RES-61DE702BB2,1043,11,456,2026-04-08,13-Apr-2026,CANCELLED,22/02/2026 00:00
RES-C220694783,475,12,473,05-Sep-2025,09-12-2025,no-show,2025-08-13 00:00:00
RES-DD5ED8D5D8,315,14,595,05-22-2026,2026-05-24,PND,2026-03-26 00:00:00
RES-A15A142EC0,618,3,133,2025/04/30,08/05/2025,No Show,2025-03-05 00:00:00
RES-44BC170641,218,8,359,10-Apr-2026,20/04/2026,checked_in,03-21-2026 12:00 AM
RES-EED270CBF4,856,12,477,2026-10-26,2026/11/03,Pending,09-14-2026 12:00 AM
RES-623275A2C8,271,9,380,2025/12/01,12-04-2025,CANCELLED,2025-11-19 00:00:00
RES-B728885A3F,425,15,654,2025/02/06,2025-02-14,no_show,12-21-2024 12:00 AM
RES-13D9422FB1,577,1,3,04/02/2024,13-Feb-2024,no_show,13/01/2024 00:00
RES-4D504D7B99,848,1,8,27-Aug-2025,02/09/2025,checked_in,2025-08-23 00:00:00
RES-B648580BD1,306,5,198,2024-12-04,11-Dec-2024,CANCELLED,11-16-2024 12:00 AM
RES-29FB55861C,766,9,375,05-Aug-2026,2026/08/15,CNF,04/08/2026 00:00
RES-7B73E0EE09,107,12,503,08-22-2024,29-Aug-2024,Confirmed,2024-07-24 00:00:00
RES-443DCFF3D9,333,10,409,2025-03-25,2025-03-27,conf,02-16-2025 12:00 AM
RES-BD65312587,977,12,496,2025-02-23,27-Feb-2025,NS,01-28-2025 12:00 AM
RES-43985B8196,510,7,295,04-05-2025,2025-04-06,conf,2025-03-07 00:00:00
RES-FD226768D4,687,15,683,03-30-2024,31-Mar-2024,Cancelled,03-04-2024 12:00 AM
RES-CF0A65AF36,601,2,38,09-06-2026,2026-09-15,CO,20/07/2026 00:00
RES-F45A383796,983,7,288,2025-05-21,2025/05/23,Cancelled,2025-04-22 00:00:00
RES-090A4D4619,483,1,8,2024-05-21,2024/05/28,pending,20/05/2024 00:00
RES-9698DAAB7D,214,15,664,2025-11-15,11-18-2025,cancelled,10-29-2025 12:00 AM
RES-3F2D47D14F,1027,3,70,18-Jan-2026,27/01/2026,PENDING,01/01/2026 00:00
RES-B4BF0736FF,1010,15,677,04-Dec-2024,08/12/2024,PENDING,17/11/2024 00:00
RES-45315FD469,663,2,38,2024-07-05,07-Jul-2024,checked-out,28/06/2024 00:00
RES-6BFB706E63,1076,7,275,12/04/2024,2024/04/17,checked-in,13/02/2024 00:00
RES-66AB8A1C0E,881,14,569,2024/02/19,2024-02-23,CNF,2024-01-29 00:00:00
RES-18388D94C3,1074,14,630,2024/04/20,04-27-2024,CHECKED_IN,04/04/2024 00:00
RES-2927D95F68,1132,7,282,08-15-2024,21/08/2024,conf,16/06/2024 00:00
RES-1505BE3780,256,7,289,09-Jan-2026,01-14-2026,conf,2025-11-24 00:00:00
RES-10C54430C3,65,15,676,2025/09/11,2025-09-14,Checked Out,13/07/2025 00:00
RES-36C83AEF6C,870,5,226,22-Aug-2026,01/09/2026,confirmed,2026-07-18 00:00:00
RES-F6DD005232,810,4,174,10-Jul-2024,2024/07/20,checked-in,06-14-2024 12:00 AM
RES-EC0C90EA94,806,7,288,2024/07/18,20-Jul-2024,PND,05-21-2024 12:00 AM
RES-3A4D1A7ECB,346,1,8,07/07/2026,09/07/2026,NOSHOW,29/06/2026 00:00
RES-9C7BF2BF40,544,3,69,2025-03-01,06-Mar-2025,CHECKED_IN,01-24-2025 12:00 AM
RES-5328E33180,162,4,153,26-Mar-2026,27/03/2026,no-show,10/02/2026 00:00
RES-4FC58D0FC4,877,1,21,2026-03-03,03-07-2026,CANCELLED,02/03/2026 00:00
RES-BF3A3C5B9D,318,13,523,2024-09-30,05-Oct-2024,cancelled,09-26-2024 12:00 AM
RES-329E097CF7,122,7,282,2025/12/08,16/12/2025,cancelled,10-14-2025 12:00 AM
RES-AD6B16FB96,402,8,307,2026-06-26,04/07/2026,checked_out,05-23-2026 12:00 AM
RES-F1AFD8A8AB,681,4,145,2026/04/11,16-Apr-2026,Cancelled,02-22-2026 12:00 AM
RES-947F186532,728,1,13,23/05/2025,05-25-2025,Checked In,2025-04-12 00:00:00
RES-1557D61A97,890,3,110,2026-06-25,2026-07-01,Checked Out,09/05/2026 00:00
RES-1260737AB6,466,10,399,2024/11/12,2024-11-14,checked_in,13/10/2024 00:00
RES-EBC5F6658E,175,10,415,2025-01-08,2025/01/13,checked_in,12-20-2024 12:00 AM
RES-1B7DE566BA,690,3,128,2026/10/09,2026-10-19,NOSHOW,2026-09-12 00:00:00
RES-F4A6DFEA55,800,1,22,01-21-2025,23-Jan-2025,NS,11-28-2024 12:00 AM
RES-61150D3D19,897,3,113,2025/06/05,2025-06-07,PND,2025-04-21 00:00:00
RES-1E7F169F0C,517,3,115,2024/09/22,24-Sep-2024,pending,2024-08-08 00:00:00
RES-94C94D0272,617,6,262,10-02-2025,10-12-2025,confirmed,2025-08-22 00:00:00
RES-C2B6EAD215,824,3,137,2025-07-26,31-Jul-2025,NS,2025-05-29 00:00:00
RES-A6ECD5C8CF,502,9,389,2026/07/25,2026/08/02,confirmed,2026-06-21 00:00:00
RES-EAD0585C1E,722,14,615,2025-08-31,2025-09-03,CANCELLED,2025-07-18 00:00:00
RES-6D17BF8517,42,13,538,28-Dec-2025,2025-12-31,PND,11-18-2025 12:00 AM
RES-97164597B8,1115,12,512,06-17-2026,2026/06/20,no_show,19/04/2026 00:00
RES-34C3D99815,98,10,400,08-23-2024,08-25-2024,no-show,08-09-2024 12:00 AM
RES-E725721773,1013,6,252,01-24-2024,2024/01/30,CHECKED_IN,11/01/2024 00:00
RES-EA2A790263,560,2,55,26/12/2024,01-Jan-2025,pending,06/11/2024 00:00
RES-BE3FFAA684,491,8,356,02-01-2024,02-08-2024,cancelled,2024-01-07 00:00:00
RES-8E109F5471,620,7,289,2024/09/20,25-Sep-2024,Pending,10/09/2024 00:00
RES-01A7113F18,952,8,354,2024/06/02,2024-06-09,checked_in,04-06-2024 12:00 AM
RES-7782F75356,188,8,330,2026/02/10,15-Feb-2026,CONFIRMED,12-21-2025 12:00 AM
RES-96265A55FB,242,14,613,16-Oct-2024,10-22-2024,checked-in,2024-09-17 00:00:00
RES-004DDE9313,223,11,451,27/02/2025,2025/03/08,CANCELLED,05/02/2025 00:00
RES-A0D182E69A,1163,11,432,2026/05/06,05-12-2026,Confirmed,03-18-2026 12:00 AM
RES-58AF43DACF,570,12,490,2026-01-07,2026/01/15,CHECKED_OUT,05/12/2025 00:00
RES-567B5C3259,893,11,453,15-Feb-2024,19/02/2024,checked-out,2024-01-07 00:00:00
RES-E7AEA35616,547,6,268,12-May-2025,2025-05-20,CANCELLED,04-07-2025 12:00 AM
RES-C45DB014B7,790,2,39,2025-08-14,23/08/2025,no_show,2025-07-04 00:00:00
RES-9D0B1972A6,786,11,444,2025-04-22,23-Apr-2025,Pending,2025-04-11 00:00:00
RES-F1E9810D88,358,9,375,06-18-2024,06-21-2024,confirmed,04-26-2024 12:00 AM
RES-58A3AEAA93,750,4,157,2025/12/05,2025-12-12,CNF,11-22-2025 12:00 AM
RES-ED9B79D1A3,591,8,355,2025/03/27,03-29-2025,checked_out,2025-02-26 00:00:00
RES-7CAF6F04BF,498,6,247,2024/04/23,2024-04-24,Checked Out,2024-03-02 00:00:00
RES-805CC92CE4,581,13,544,07-07-2026,2026-07-16,checked-out,06-25-2026 12:00 AM
RES-F9441B4586,423,3,127,29-Jun-2026,07-07-2026,checked-out,06-02-2026 12:00 AM
RES-41A01F2242,227,9,377,2025-09-25,2025/10/05,conf,2025-08-10 00:00:00
RES-60443FB5E6,485,2,37,2025-12-01,12-05-2025,pending,21/11/2025 00:00
RES-012D5ABC1F,718,11,449,15/09/2026,,CHECKED_OUT,08-19-2026 12:00 AM
RES-495ABBE367,762,8,323,15-Dec-2024,20-Dec-2024,checked_in,14/12/2024 00:00
RES-57840BA86E,274,14,602,03-Mar-2025,03-08-2025,CNF,2025-01-21 00:00:00
RES-74E4235401,166,10,420,17/12/2024,24/12/2024,CNF,2024-11-02 00:00:00
RES-5C07DD9C97,1120,11,431,2025/01/03,2025-01-09,checked-in,13/11/2024 00:00
RES-421242F5EE,155,8,307,20-Jun-2024,28-Jun-2024,no-show,2024-05-04 00:00:00
RES-FC76681601,408,13,518,07/05/2025,17/05/2025,PENDING,2025-04-14 00:00:00
RES-38003B1B69,949,4,168,11-22-2024,27/11/2024,No Show,2024-11-17 00:00:00
RES-CC0810AE20,514,9,385,2025/04/20,30-Apr-2025,CO,18/04/2025 00:00
RES-41E6ADD577,702,4,158,12/02/2025,15/02/2025,CI,2025-01-25 00:00:00
RES-FE5A1DC62C,742,9,390,2024/04/25,29-Apr-2024,no_show,03-01-2024 12:00 AM
RES-25F2882861,837,7,280,2025/08/29,2025-09-05,CO,07/08/2025 00:00
RES-028BAA48EC,877,12,486,06/06/2024,13/06/2024,conf,02/06/2024 00:00
RES-C7BDCCB1DA,576,1,31,11-01-2026,07/11/2026,Pending,09-02-2026 12:00 AM
RES-E5B46ECDF8,53,14,633,2025-01-13,2025/01/17,pending,23/11/2024 00:00
RES-3BD2AB8470,307,10,414,02-23-2024,02-28-2024,NS,2024-01-24 00:00:00
RES-B35BE5C7D5,279,1,23,2024/02/25,29-Feb-2024,pending,30/01/2024 00:00
RES-248434A12F,772,14,568,09-Jul-2026,07-17-2026,PENDING,05-16-2026 12:00 AM
RES-55BDACE707,544,8,357,08-21-2026,2026/08/29,NOSHOW,29/07/2026 00:00
RES-AA8EDEF270,1234,4,156,02-17-2025,21/02/2025,Confirmed,01-08-2025 12:00 AM
RES-067AA278ED,528,8,331,2025-01-16,26/01/2025,confirmed,21/12/2024 00:00
RES-7165D0A49E,106,4,165,05-26-2026,2026/06/02,CI,19/04/2026 00:00
RES-BD37336B0C,205,7,277,13/11/2024,2024/11/23,NOSHOW,10-07-2024 12:00 AM
RES-FE4F064883,1025,6,246,2025/05/11,19-May-2025,confirmed,07/05/2025 00:00
RES-B3E89EE4B2,951,14,604,2025/03/07,03-13-2025,checked_in,2025-01-26 00:00:00
RES-7335586D3B,399,8,322,2024-06-27,07-06-2024,CNF,25/06/2024 00:00
RES-3D76100677,619,2,45,2024/06/08,14-Jun-2024,CXL,26/05/2024 00:00
RES-56E7CD5068,1049,13,524,2025/06/08,13/06/2025,No Show,05-18-2025 12:00 AM
RES-5A86194A69,494,14,578,29-Jul-2024,05/08/2024,checked_out,06-10-2024 12:00 AM
RES-3CF9AE286B,834,5,198,2024/10/19,2024/10/21,no_show,2024-09-05 00:00:00
RES-95D5D37AD3,62,6,255,2026-02-13,02-14-2026,PENDING,01-24-2026 12:00 AM
RES-6A2D94B870,543,1,4,14-May-2026,16/05/2026,Pending,27/04/2026 00:00
RES-A7109B626D,704,9,379,11-Feb-2026,18/02/2026,PND,12-16-2025 12:00 AM
RES-1320B70847,593,2,36,08-Oct-2024,10-10-2024,Checked Out,09-16-2024 12:00 AM
RES-4AB4923B85,174,7,298,2024-12-05,2024/12/06,CI,19/10/2024 00:00
RES-0108FE2C1F,1147,4,153,2024-12-13,21-Dec-2024,PENDING,2024-11-19 00:00:00
RES-6CE5313607,306,7,282,11-Sep-2026,2026/09/15,Confirmed,27/08/2026 00:00
RES-6D6CBC6B28,315,14,575,2025/03/05,08/03/2025,CI,2025-02-09 00:00:00
RES-016C8C7817,524,4,147,2024/03/05,10-Mar-2024,Checked Out,01-16-2024 12:00 AM
RES-AADD53B617,268,5,185,2026-01-17,2026-01-25,checked-in,13/01/2026 00:00
RES-EF86075A0A,1114,7,293,2026-04-09,04-18-2026,checked_out,03-07-2026 12:00 AM
RES-8E35D18B09,152,3,82,2024/07/13,07-18-2024,PND,17/06/2024 00:00
RES-431660030B,556,2,40,2026/05/05,14-May-2026,CHECKED_IN,2026-05-01 00:00:00
RES-08FC34314C,498,9,383,13/01/2026,01-19-2026,CO,2025-11-30 00:00:00
RES-E745F8C6B6,1106,2,34,23-Aug-2026,2026-09-02,checked_in,06-25-2026 12:00 AM
RES-A0C1877682,728,6,249,06-Jan-2025,2025/01/11,checked_out,01/01/2025 00:00
RES-6D8B904AAA,216,7,292,14-Jul-2026,20-Jul-2026,confirmed,2026-06-25 00:00:00
RES-E4304E8675,572,3,100,25/12/2024,27/12/2024,checked_out,31/10/2024 00:00
RES-9A7FA7DF0A,1103,14,589,02-14-2025,21/02/2025,CONFIRMED,12/01/2025 00:00
RES-7CE337C353,603,14,607,05-16-2026,2026-05-23,canceled,20/04/2026 00:00
RES-38BF3B63CE,989,5,183,2024-02-20,02-23-2024,checked-out,01-25-2024 12:00 AM
RES-4ED07807FE,689,15,668,08-22-2025,27-Aug-2025,Checked Out,2025-07-31 00:00:00
RES-1494CBDB5E,374,7,283,04/05/2025,13-May-2025,conf,2025-03-26 00:00:00
RES-8259B658FD,410,3,121,04/04/2026,05-Apr-2026,CI,23/03/2026 00:00
RES-7846BA5295,1062,14,561,12-09-2024,2024-12-19,Confirmed,2024-12-02 00:00:00
RES-5781A47270,773,6,263,2025-01-13,2025/01/23,canceled,2024-12-28 00:00:00
RES-1D2FF72F7B,839,8,347,2024/11/19,2024-11-23,Pending,2024-09-29 00:00:00
RES-7596294AFD,996,11,471,2024/09/05,2024-09-10,NS,08-12-2024 12:00 AM
RES-FE9432583F,122,4,163,01-29-2025,2025-01-31,checked-in,01-27-2025 12:00 AM
RES-B856C76EA9,179,6,262,07-May-2024,2024-05-10,no_show,23/04/2024 00:00
RES-3D19D3381A,386,10,400,2024-09-18,2024-09-20,NOSHOW,07-31-2024 12:00 AM
RES-93389C0469,744,9,372,25/08/2026,09-01-2026,CXL,2026-08-04 00:00:00
RES-E424F6FA64,390,11,432,29/07/2026,2026/08/08,CHECKED_IN,06-26-2026 12:00 AM
RES-B9B963566B,998,14,628,2024/04/25,04-30-2024,CHECKED_IN,03-15-2024 12:00 AM
RES-D74FC74D3F,814,12,488,22-Aug-2026,2026/08/24,Cancelled,2026-08-20 00:00:00
RES-262D332993,31,13,548,08-Aug-2025,09/08/2025,Pending,2025-07-01 00:00:00
RES-BFF3409A2A,786,12,482,26/08/2024,2024-08-28,Pending,05/08/2024 00:00
RES-C7B6CB8EDD,132,7,284,2024/06/17,2024-06-24,CO,2024-05-02 00:00:00
RES-5B8A983F2F,61,10,406,20/01/2026,2026/01/29,confirmed,12-10-2025 12:00 AM
RES-BA1D0B8C8D,835,8,324,2026/07/18,23/07/2026,CONFIRMED,2026-07-11 00:00:00
RES-4EB944AE76,844,6,255,2025/06/11,18/06/2025,canceled,2025-05-20 00:00:00
RES-5FE9EFCE90,1109,10,401,12-May-2026,17-May-2026,no-show,14/03/2026 00:00
RES-3AF9134456,1132,15,642,2026-11-16,11-17-2026,pending,22/09/2026 00:00
RES-5CC4AF064D,245,8,313,2026-04-20,27/04/2026,CONFIRMED,17/03/2026 00:00
RES-6296B1A334,1231,12,489,2026/02/21,2026-02-28,checked-in,2025-12-27 00:00:00
RES-4CDF098E4A,1076,8,322,2026-09-28,03/10/2026,Checked In,23/09/2026 00:00
RES-F495794BEF,975,7,301,2025-04-24,2025/04/25,checked_in,04-14-2025 12:00 AM
RES-ECCAB537C2,736,9,383,08/07/2024,14/07/2024,NS,06-05-2024 12:00 AM
RES-E496D87887,335,9,369,29/10/2024,2024/11/06,checked_out,21/09/2024 00:00
RES-18B7478EDC,637,13,516,2026/02/04,2026/02/05,CI,01-12-2026 12:00 AM
RES-7E2B44A2B5,734,2,48,2026/05/22,05-24-2026,checked-out,2026-03-27 00:00:00
RES-32BCBC05DE,547,13,544,14-Mar-2026,21-Mar-2026,Checked In,2026-03-04 00:00:00
RES-646ED08880,79,9,373,09-17-2024,21/09/2024,CI,07-24-2024 12:00 AM
RES-63259DC0F8,719,3,127,2026/04/15,04-24-2026,Confirmed,03-05-2026 12:00 AM
RES-A9A49902A5,916,10,395,25/02/2025,2025/03/06,checked-out,28/12/2024 00:00
RES-1DB06048F7,290,4,165,2026/08/16,2026/08/22,CONFIRMED,2026-08-13 00:00:00
RES-8AC4456BD2,180,14,559,29/09/2024,2024/10/01,no_show,2024-08-29 00:00:00
RES-BAC2A57820,879,1,13,13/04/2026,04-23-2026,No Show,14/03/2026 00:00
RES-1BBA5AA3D4,689,11,436,06-19-2025,2025-06-29,canceled,06-02-2025 12:00 AM
RES-A414E3D9BC,684,10,411,26-May-2026,05-29-2026,No Show,2026-05-23 00:00:00
RES-D103132AD6,1072,7,276,11/06/2025,2025/06/12,NOSHOW,04-19-2025 12:00 AM
RES-92190D1CAA,939,9,387,07-Jul-2024,11/07/2024,cancelled,2024-06-27 00:00:00
RES-645618E142,744,11,444,06-May-2025,09-May-2025,no_show,2025-05-02 00:00:00
RES-8946686640,176,10,408,27-Oct-2026,2026-10-29,CI,2026-09-09 00:00:00
RES-3A3135B057,336,2,53,2025-04-28,2025-05-04,NS,2025-03-04 00:00:00
RES-3B7976EEB1,633,6,274,2024-12-11,2024-12-19,pending,2024-10-12 00:00:00
RES-54556E9077,302,10,416,28-Mar-2026,2026/04/02,cancelled,2026-02-05 00:00:00
RES-3CD4A8A8C2,442,7,302,17-May-2026,2026-05-23,checked_in,11/05/2026 00:00
RES-0636088274,1015,10,418,05-03-2024,2024-05-07,CI,23/04/2024 00:00
RES-C950D42220,590,8,322,22-Sep-2025,30/09/2025,Pending,2025-09-09 00:00:00
RES-E81D870F5D,638,1,23,27-Aug-2025,09-04-2025,PENDING,2025-08-21 00:00:00
RES-8933358BC5,475,8,326,04-Apr-2025,04-13-2025,Confirmed,13/03/2025 00:00
RES-202655DC87,516,1,28,15-Apr-2026,2026/04/19,CHECKED_IN,03-28-2026 12:00 AM
RES-124377C750,561,1,26,12-15-2024,16/12/2024,checked-out,29/11/2024 00:00
RES-4A36C56EB8,1218,8,316,2026-05-24,06-03-2026,NOSHOW,05-13-2026 12:00 AM
RES-90A24F2CF1,996,6,272,27-Aug-2025,2025/09/05,checked-in,08-25-2025 12:00 AM
RES-BE27693380,321,9,392,2025/12/26,12-29-2025,pending,2025-12-05 00:00:00
RES-A5E36F9159,583,11,430,2025/04/21,30/04/2025,conf,25/03/2025 00:00
RES-CAC57A8F8A,805,1,13,2024/09/04,2024/09/12,CO,07-15-2024 12:00 AM
RES-54ED736AAF,935,15,640,2026-01-22,2026/01/25,canceled,01-09-2026 12:00 AM
RES-29EFF43CE4,356,7,290,19-Jun-2025,26/06/2025,canceled,05-06-2025 12:00 AM
RES-6DD872F022,886,14,559,2024-06-04,2024/06/13,CHECKED_OUT,29/04/2024 00:00
RES-A41FBB58EF,847,14,608,2026-03-11,12-Mar-2026,confirmed,01-30-2026 12:00 AM
RES-D763458968,123,11,467,07-09-2026,2026-07-14,CI,29/06/2026 00:00
RES-EB52E0A46C,470,9,364,13/12/2025,20/12/2025,pending,2025-12-06 00:00:00
RES-6FF2C8399F,1170,12,478,25/09/2024,30/09/2024,conf,08-07-2024 12:00 AM
RES-D174DEF5B0,758,5,178,2024-05-26,02-Jun-2024,NS,04-30-2024 12:00 AM
RES-2BFEBB7825,1208,7,301,08-Jul-2026,07-15-2026,pending,23/06/2026 00:00
RES-9A256E5DF4,799,6,261,2025/03/08,03-12-2025,conf,2025-02-05 00:00:00
RES-7C0529DDEC,551,5,196,2025-12-21,2025/12/23,PENDING,2025-11-13 00:00:00
RES-976045A4F9,550,10,403,2024/11/10,2024-11-12,CHECKED_OUT,10-24-2024 12:00 AM
RES-2B13CAFE8A,964,4,173,02-06-2024,2024/02/13,NS,2024-02-02 00:00:00
RES-18911F1FF9,996,4,152,27/05/2024,2024/06/03,CO,25/05/2024 00:00
RES-4C8037C29E,117,10,398,10-19-2024,28/10/2024,CXL,03/10/2024 00:00
RES-18FCB1BEFE,488,4,163,2025/08/09,18-Aug-2025,CANCELLED,07/07/2025 00:00
RES-02FD218C60,543,9,376,12-Nov-2026,2026/11/19,Cancelled,20/09/2026 00:00
RES-D7E2C61A2C,1227,5,216,07-27-2024,05/08/2024,PND,06/06/2024 00:00
RES-3B2D7541D7,292,6,261,03-06-2024,2024-03-10,PENDING,01-30-2024 12:00 AM
RES-A75BDC7EAB,680,4,162,21-Dec-2025,2025/12/25,no_show,10/11/2025 00:00
RES-999CC5C94F,871,10,408,05-14-2025,20-May-2025,no_show,11/04/2025 00:00
RES-5A576FA0E4,1058,8,336,27/10/2026,2026/11/01,Cancelled,09-10-2026 12:00 AM
RES-8FFEFDDF00,785,7,280,16/10/2025,18/10/2025,no_show,05/09/2025 00:00
RES-09CBC0B053,35,1,16,07-12-2024,21/07/2024,PND,06-19-2024 12:00 AM
RES-D9E770B64F,119,4,145,2024/09/20,26/09/2024,PENDING,27/07/2024 00:00
RES-F11A14060A,1106,4,160,2024/10/17,19/10/2024,CHECKED_IN,09-03-2024 12:00 AM
RES-1BDDED77F8,969,5,196,14/05/2025,17-May-2025,cancelled,09/04/2025 00:00
RES-180FCB2110,639,4,138,2026/04/13,17-Apr-2026,CO,14/02/2026 00:00
RES-B64EFCA91E,515,15,676,31-Jan-2024,2024-02-01,canceled,01-28-2024 12:00 AM
RES-AC35B5AB5F,429,3,111,07-31-2026,08-02-2026,checked-out,10/06/2026 00:00
RES-4FB810EA76,736,3,85,03-Nov-2025,11-08-2025,confirmed,10-09-2025 12:00 AM
RES-48211AB5A3,55,15,653,05-17-2025,2025-05-25,PENDING,01/04/2025 00:00
RES-C8DADB1971,314,7,291,01/10/2024,2024-10-02,CXL,2024-08-12 00:00:00
RES-ED298D67AC,970,5,227,2025-11-11,2025-11-21,PENDING,10-26-2025 12:00 AM
RES-A4D43F58DB,409,5,182,09/12/2024,10/12/2024,Checked In,10-30-2024 12:00 AM
RES-D17521B153,1140,1,5,09/09/2026,12/09/2026,checked-in,08-09-2026 12:00 AM
RES-076CEBAF30,1122,1,27,2024-07-27,06-Aug-2024,Confirmed,24/06/2024 00:00
RES-88E60C7447,1091,14,572,20/11/2025,30/11/2025,Pending,2025-10-31 00:00:00
RES-E14913CCFD,597,6,260,2024/12/02,09/12/2024,Cancelled,10/11/2024 00:00
RES-99852D0C5C,894,2,39,2025/08/25,02-Sep-2025,PND,2025-07-20 00:00:00
RES-621567B2CF,582,2,36,10-31-2024,2024/11/01,CO,10-23-2024 12:00 AM
RES-95ABC5CD5A,813,15,648,04-28-2024,2024/05/03,Checked Out,03-12-2024 12:00 AM
RES-AC39639131,130,4,152,2026-08-22,08-24-2026,checked_out,25/06/2026 00:00
RES-BB1F8B3215,1156,13,552,30-Jan-2026,2026/02/05,Checked Out,12-27-2025 12:00 AM
RES-4D6E1C015E,679,9,389,2025-03-23,2025/03/26,checked_in,02-04-2025 12:00 AM
RES-0CA42276D2,310,7,290,11-18-2024,27/11/2024,Confirmed,2024-10-27 00:00:00
RES-4BB26F131C,875,11,460,2026-06-13,06-14-2026,Confirmed,2026-05-09 00:00:00
RES-E6FEFD28C5,131,5,187,05/04/2024,09-Apr-2024,CHECKED_OUT,02-21-2024 12:00 AM
RES-6F7B5B5CD4,961,11,437,04-Nov-2026,11/11/2026,NOSHOW,09-06-2026 12:00 AM
RES-6063F0E37B,65,1,13,2025-04-08,12-Apr-2025,checked_out,02-09-2025 12:00 AM
RES-36EB917329,583,3,133,06-Dec-2024,08-Dec-2024,conf,2024-10-13 00:00:00
RES-2CDF8B2CB3,1207,10,413,12-26-2024,31-Dec-2024,no-show,13/12/2024 00:00
RES-F40B1F030D,1080,14,577,08-10-2024,19/08/2024,canceled,24/07/2024 00:00
RES-9F34DD89AE,105,3,128,2024/03/14,2024-03-16,CXL,21/01/2024 00:00
RES-3F43578CF2,172,13,557,27-Dec-2025,01/01/2026,canceled,2025-11-08 00:00:00
RES-27E02CB7E5,460,11,463,10-10-2025,,PENDING,09-16-2025 12:00 AM
RES-BEBE115B15,707,14,603,06/05/2024,2024-05-12,checked-out,2024-04-19 00:00:00
RES-EC638F274B,903,1,1,10-06-2024,10-13-2024,Checked In,09-05-2024 12:00 AM
RES-4E3DD028DA,354,14,609,02-Apr-2026,2026/04/06,No Show,17/02/2026 00:00
RES-7E97CDD6B1,367,12,506,2025-10-16,26/10/2025,CXL,2025-08-21 00:00:00
RES-C24FA83D1D,562,3,85,14-Jan-2024,16-Jan-2024,no-show,08/01/2024 00:00
RES-3A876F23B7,1105,10,401,05-17-2026,05-23-2026,NOSHOW,2026-03-26 00:00:00
RES-E2A29F73ED,670,13,557,2026-02-09,2026-02-15,CHECKED_OUT,12-23-2025 12:00 AM
RES-1E4AC93298,1195,10,395,28-May-2026,29/05/2026,CO,2026-04-10 00:00:00
RES-5D8ABCF194,1041,15,634,2026/06/24,06-30-2026,CNF,06-14-2026 12:00 AM
RES-97F954B724,592,7,293,12/03/2026,03-14-2026,NS,02-22-2026 12:00 AM
RES-B588249457,727,3,108,2025/03/11,2025/03/14,conf,01-14-2025 12:00 AM
RES-F9C632E39C,504,8,359,13-Feb-2024,2024/02/22,CHECKED_IN,2024-02-01 00:00:00
RES-52D1D5A391,935,7,300,18/10/2025,24/10/2025,PND,11/09/2025 00:00
RES-758E68420B,149,9,386,26/02/2025,06-Mar-2025,NOSHOW,20/02/2025 00:00
RES-1A133FA04C,1053,5,200,2026/02/27,2026-03-02,Pending,2026-02-07 00:00:00
RES-4090F1F98E,474,5,185,2026-06-24,06-27-2026,confirmed,2026-06-18 00:00:00
RES-0C8ECE5652,283,8,339,14-Jun-2026,06-21-2026,Checked Out,2026-04-25 00:00:00
RES-922C8B4486,1128,10,419,05-12-2026,2026-05-19,CI,2026-05-09 00:00:00
RES-92FEA35B60,1221,15,658,03-05-2026,2026/03/09,CI,15/02/2026 00:00
RES-D3E517DD0D,493,10,418,2026-05-14,2026-05-22,checked-out,04-24-2026 12:00 AM
RES-E4BFAB8528,2,14,619,2025/11/24,12-02-2025,Cancelled,20/11/2025 00:00
RES-B1BA7A82B0,884,4,143,2024-04-10,19-Apr-2024,canceled,03-29-2024 12:00 AM
RES-096879EBD2,813,15,678,2026/08/02,08-Aug-2026,no-show,2026-06-05 00:00:00
RES-74EF4E11CD,29,3,74,2026/07/01,2026/07/11,pending,05/05/2026 00:00
RES-03A98465B3,762,11,442,2026-07-17,2026/07/22,no_show,16/06/2026 00:00
RES-0208587539,179,4,165,2026/04/28,06-May-2026,CI,2026-03-24 00:00:00
RES-E5F3D93261,844,15,646,2024-08-09,,checked_out,2024-07-28 00:00:00
RES-6845C41EBC,323,2,42,2026-04-07,2026-04-09,confirmed,02-20-2026 12:00 AM
RES-0164B38F5C,424,13,514,2026/08/12,2026/08/13,pending,14/07/2026 00:00
RES-8ED1CA4F24,1116,3,85,2024/08/16,2024/08/19,Checked Out,07/08/2024 00:00
RES-88D199344F,927,2,33,14-May-2024,2024-05-24,PND,15/03/2024 00:00
RES-8300BC8749,775,3,119,05-Mar-2025,12/03/2025,checked-out,01-04-2025 12:00 AM
RES-56FA6576CB,685,14,584,08-18-2026,2026-08-21,no_show,19/07/2026 00:00
RES-246938F7B9,1141,10,397,2025/01/07,16-Jan-2025,Checked In,11/12/2024 00:00
RES-4AF9765D17,486,13,518,09/01/2026,2026-01-19,CHECKED_OUT,11-23-2025 12:00 AM
RES-201746AE30,273,9,387,01-19-2025,28-Jan-2025,Pending,2024-12-02 00:00:00
RES-53BE43197C,374,5,225,21-May-2025,2025-05-29,PND,2025-04-16 00:00:00
RES-5AD9A01A4B,125,6,262,31/03/2024,04-05-2024,CHECKED_OUT,17/03/2024 00:00
RES-58E39BBAF9,1114,4,145,2024-05-29,01-Jun-2024,cancelled,2024-04-25 00:00:00
RES-DAAFBF6394,1104,1,1,02-Jan-2026,2026/01/11,no_show,11-19-2025 12:00 AM
RES-772D6173F6,44,10,410,06-14-2026,18/06/2026,CI,13/06/2026 00:00
RES-4763CC99FB,389,8,334,05-16-2025,23-May-2025,pending,05-08-2025 12:00 AM
RES-59F376386B,502,8,347,2024-02-17,27/02/2024,cancelled,2024-02-06 00:00:00
RES-EA31DB0780,1166,13,551,07-Dec-2024,14/12/2024,confirmed,31/10/2024 00:00
RES-24F8C3A5E4,742,1,26,2025/12/11,2025-12-16,CO,2025-10-31 00:00:00
RES-5A280AD94B,1174,11,441,2026/05/22,26-May-2026,checked_out,29/03/2026 00:00
RES-065BC35BB7,233,14,610,09-23-2025,2025/09/30,cancelled,2025-09-19 00:00:00
RES-E43E3BFF6C,816,15,673,12-Aug-2024,2024-08-18,No Show,07-17-2024 12:00 AM
RES-0ADFD908AC,526,9,371,2025-07-30,2025-08-05,no-show,07-17-2025 12:00 AM
RES-A597B0C8A0,883,11,433,01-Jan-2025,02/01/2025,CHECKED_OUT,2024-11-25 00:00:00
RES-5C1857A999,314,7,301,12-Jul-2026,2026/07/18,Checked Out,14/06/2026 00:00
RES-97B3D8B9D0,1050,13,537,07-01-2024,2024-07-04,Pending,05-29-2024 12:00 AM
RES-90CC0FFE6B,360,12,478,11/02/2026,12-Feb-2026,no_show,01-12-2026 12:00 AM
RES-FA302B217A,800,15,657,24/07/2024,26-Jul-2024,Pending,06-11-2024 12:00 AM
RES-7D9852E297,682,5,213,10-28-2026,2026-11-06,Checked Out,09-16-2026 12:00 AM
RES-ECFD71ABAF,513,9,382,2024-09-14,09-23-2024,no_show,08-23-2024 12:00 AM
RES-02CB1F08FB,894,9,370,07-04-2026,2026/07/12,CHECKED_OUT,2026-05-19 00:00:00
RES-20F30E4B4F,219,3,73,16-Aug-2024,08-17-2024,cancelled,2024-06-18 00:00:00
RES-08283C1B00,244,6,268,04-05-2025,04-12-2025,confirmed,03-29-2025 12:00 AM
RES-ADBD09C425,440,3,106,02-20-2026,2026-03-01,checked_in,01-01-2026 12:00 AM
RES-58D8E6F9DF,1116,3,81,18-Nov-2025,2025/11/20,Cancelled,11-11-2025 12:00 AM
RES-F7B8E14553,349,12,485,21/08/2025,08-25-2025,conf,2025-08-17 00:00:00
RES-E384062934,210,11,463,08-22-2026,08-31-2026,checked_out,2026-07-24 00:00:00
RES-B7C8912EA6,929,1,20,2026/01/12,2026/01/16,checked-in,12-15-2025 12:00 AM
RES-EB2EEE8B95,58,4,165,30/04/2025,06-May-2025,cancelled,27/03/2025 00:00
RES-80721BC31B,247,11,433,2025-09-23,01/10/2025,Checked Out,12/09/2025 00:00
RES-29A0100EC8,219,1,19,02-18-2025,2025/02/26,PND,01-12-2025 12:00 AM
RES-FC4FE101C2,216,11,439,2024-08-29,09-05-2024,CNF,2024-07-08 00:00:00
RES-E71A22CF3E,475,6,246,29/07/2026,2026/07/31,No Show,07-06-2026 12:00 AM
RES-4E737018C6,883,11,459,13-Mar-2025,03-16-2025,CI,22/01/2025 00:00
RES-6DD4DC528E,53,4,153,23/09/2025,10-02-2025,CNF,08-17-2025 12:00 AM
RES-10DC52F398,670,8,319,17/07/2025,2025/07/26,canceled,21/06/2025 00:00
RES-17F7685D41,138,8,353,2024/09/05,09/09/2024,conf,08-19-2024 12:00 AM
RES-7A536A2C61,518,10,414,2026-06-07,15-Jun-2026,CNF,05-02-2026 12:00 AM
RES-8CC032D614,1113,6,251,2025/04/11,19-Apr-2025,canceled,2025-04-05 00:00:00
RES-084A2591BC,1012,8,340,22-Dec-2025,12-31-2025,PND,25/10/2025 00:00
RES-81BFEBD8DF,1051,12,493,2026/04/27,02/05/2026,CHECKED_IN,11/03/2026 00:00
RES-7BEA440C00,515,9,364,01/10/2025,11-Oct-2025,CANCELLED,08-12-2025 12:00 AM
RES-AD3FAA05BB,1057,11,466,03-29-2026,2026-04-01,Confirmed,03-07-2026 12:00 AM
RES-5ABA634328,925,14,595,2026/01/15,2026/01/21,Pending,22/12/2025 00:00
RES-E4DE059FC8,141,4,148,05/01/2025,01-14-2025,Pending,2024-12-25 00:00:00
RES-D58643DB0C,903,1,15,01-Jun-2024,2024-06-04,CHECKED_OUT,04-30-2024 12:00 AM
RES-C8E8B93186,102,1,1,04/02/2025,2025/02/06,CONFIRMED,30/12/2024 00:00
RES-1A0D321099,33,10,400,08-Feb-2026,11/02/2026,canceled,21/01/2026 00:00
RES-9F6F71DD96,894,2,49,2026/03/12,19/03/2026,Pending,2026-03-11 00:00:00
RES-864ABEE1AE,417,9,381,20-Oct-2024,23/10/2024,checked-out,10-12-2024 12:00 AM
RES-AE4E35F2A4,15,2,36,2026/04/21,26-Apr-2026,checked_out,02-27-2026 12:00 AM
RES-FB9DD56AB8,358,3,69,2026-04-26,04-27-2026,NS,03-04-2026 12:00 AM
RES-25F676A6D3,877,12,497,2026/03/02,2026-03-09,CXL,09/02/2026 00:00
RES-3FC71CF279,461,1,24,25-Jun-2025,27-Jun-2025,CHECKED_IN,2025-04-28 00:00:00
RES-717BBC0ED9,606,9,372,2024-05-03,05-12-2024,checked_out,03-09-2024 12:00 AM
RES-469B3A6EF7,212,9,375,24-Apr-2024,04-27-2024,PENDING,18/04/2024 00:00
RES-999EA6DC29,807,1,21,2024-03-06,03-09-2024,Checked Out,10/02/2024 00:00
RES-E8DEF2D3A9,819,10,408,08-02-2025,10/08/2025,CHECKED_OUT,2025-07-12 00:00:00
RES-020C472397,574,6,270,2024-12-02,2024/12/11,CXL,2024-11-26 00:00:00
RES-801CB64A03,412,11,436,2026-04-26,2026-05-01,PENDING,19/04/2026 00:00
RES-BC389F323E,183,9,378,2026/09/18,28-Sep-2026,Pending,2026-07-26 00:00:00
RES-736F6F91E8,931,11,454,05-26-2024,2024-06-01,NOSHOW,05-20-2024 12:00 AM
RES-CDC46C2227,1138,9,368,04-22-2024,2024-04-30,PENDING,03-18-2024 12:00 AM
RES-949A4D37E2,765,3,68,02/11/2025,2025-11-09,Pending,10-09-2025 12:00 AM
RES-AB0D49CEF5,397,5,222,2024/04/21,04-30-2024,PENDING,13/03/2024 00:00
RES-C0429CD024,87,15,677,01/05/2025,2025-05-09,CONFIRMED,26/04/2025 00:00
RES-26719F1951,1203,12,479,14-Nov-2024,11-22-2024,Checked In,18/09/2024 00:00
RES-5BA845542C,645,7,297,2024-02-29,2024-03-09,PND,02-01-2024 12:00 AM
RES-A9337C9118,906,14,583,20/10/2024,10-25-2024,confirmed,2024-09-06 00:00:00
RES-970BE9BA02,938,12,487,10/03/2024,2024/03/18,canceled,02-21-2024 12:00 AM
RES-8AD6303EF5,1161,9,367,2024/09/07,2024/09/10,NOSHOW,09/08/2024 00:00
RES-FA7D9F5CC8,207,4,147,08-20-2025,08-22-2025,no-show,2025-06-21 00:00:00
RES-8B1D19A8FD,558,7,293,16/08/2024,2024-08-24,No Show,26/06/2024 00:00
RES-AC59CD84C3,974,4,149,11-06-2024,11-09-2024,checked-out,2024-09-17 00:00:00
RES-69A1265998,136,1,31,21-Mar-2026,2026/03/27,CHECKED_OUT,2026-01-29 00:00:00
RES-3993B4530F,730,12,498,10-May-2024,13-May-2024,pending,23/04/2024 00:00
RES-770DE66C6D,18,4,174,2024-09-29,2024/09/30,NS,08-13-2024 12:00 AM
RES-B09608A85F,995,4,145,07/11/2024,2024/11/12,pending,10-23-2024 12:00 AM
RES-36B323A505,359,5,198,27/04/2024,05/05/2024,checked_out,04-23-2024 12:00 AM
RES-07F91B6D8D,1088,13,540,2025/12/20,2025/12/28,canceled,11-01-2025 12:00 AM
RES-E078FFDF49,372,8,314,2024/08/25,29-Aug-2024,PENDING,2024-08-03 00:00:00
RES-A6758B99B0,675,3,131,2026-10-23,30-Oct-2026,CO,09-04-2026 12:00 AM
RES-B6679D2BF4,839,2,40,2025/07/02,2025/07/04,Checked In,2025-06-14 00:00:00
RES-E811998AE0,1001,9,367,2026-09-29,2026/09/30,pending,19/08/2026 00:00
RES-B01306E185,153,9,362,14/09/2024,09-19-2024,NOSHOW,2024-08-05 00:00:00
RES-2F83212DED,239,4,157,28/12/2025,07-Jan-2026,Cancelled,11-08-2025 12:00 AM
RES-3FAECDCFAA,730,5,214,2026-01-18,21/01/2026,NOSHOW,12-21-2025 12:00 AM
RES-00272A47A9,662,7,275,2025-11-22,2025-11-26,conf,19/10/2025 00:00
RES-57001E4FE1,132,13,528,07/07/2024,2024-07-11,pending,06-02-2024 12:00 AM
RES-B63D1943DA,644,7,293,2024/07/22,2024-07-27,pending,05-23-2024 12:00 AM
RES-D697219DF1,128,15,683,08/03/2024,10/03/2024,cancelled,2024-01-30 00:00:00
RES-3E7D3CB638,949,3,69,2024-08-18,2024-08-26,pending,06-22-2024 12:00 AM
RES-8866073B2F,54,6,273,29/10/2024,10-30-2024,No Show,04/09/2024 00:00
RES-1A621FE7BD,579,6,270,02-18-2026,2026-02-19,Confirmed,21/01/2026 00:00
RES-80E0E3B55D,101,14,564,06-04-2026,2026-06-09,CHECKED_OUT,31/05/2026 00:00
RES-DA907A1613,623,10,411,2024-09-14,2024-09-21,Cancelled,08-14-2024 12:00 AM
RES-F238E8F878,908,5,195,01-02-2026,2026/01/04,Pending,22/11/2025 00:00
RES-5940C9C73F,1215,13,520,2025/11/14,2025-11-17,No Show,19/09/2025 00:00
RES-E68EA85B37,151,12,513,2024/03/11,03-21-2024,no-show,02-11-2024 12:00 AM
RES-A2338BFC51,1189,2,41,29-Apr-2025,2025-05-02,no-show,22/03/2025 00:00
RES-A8C2FF77C5,461,4,168,09/09/2024,15-Sep-2024,Cancelled,07-24-2024 12:00 AM
RES-98A9702159,711,7,288,06-Sep-2024,11/09/2024,pending,19/07/2024 00:00
RES-9C02DA6796,201,9,371,18/04/2025,22/04/2025,checked_in,03-27-2025 12:00 AM
RES-436CE79BC4,499,4,154,22/04/2026,26/04/2026,Checked Out,2026-04-20 00:00:00
RES-80F37A7524,316,9,368,06/03/2024,16-Mar-2024,NOSHOW,01-06-2024 12:00 AM
RES-E884587A1E,1147,10,418,07-21-2024,24/07/2024,no_show,12/06/2024 00:00
RES-63A7D3D1D1,1002,4,174,25/09/2024,28/09/2024,confirmed,2024-08-17 00:00:00
RES-FF026626DD,190,7,296,15/05/2026,2026-05-20,CNF,03-31-2026 12:00 AM
RES-8132831BE5,132,14,564,01-15-2026,2026/01/20,NOSHOW,15/12/2025 00:00
RES-9C74B922D5,360,14,613,08-22-2024,2024/08/28,CNF,20/08/2024 00:00
RES-5DCA9D77C4,300,3,115,2025/07/27,2025/07/30,CO,20/07/2025 00:00
RES-61D9A83B9D,154,9,361,14-May-2025,15/05/2025,checked-out,2025-04-08 00:00:00
RES-EC94F46421,342,13,548,2026/03/28,04-05-2026,confirmed,12/02/2026 00:00
RES-6F2C6731D4,992,13,546,01-22-2026,2026/01/30,Confirmed,03/12/2025 00:00
RES-18F6D1DEC8,389,7,280,05-Aug-2026,14-Aug-2026,CNF,07-17-2026 12:00 AM
RES-DEB225419F,309,9,365,07-13-2025,2025/07/22,pending,2025-05-20 00:00:00
RES-11A782E217,447,14,560,04-13-2026,2026-04-22,no_show,26/03/2026 00:00
RES-FC6A7726EB,306,8,340,2025-04-11,17-Apr-2025,no-show,2025-02-10 00:00:00
RES-9034A81022,453,11,445,21-Jun-2025,2025-06-24,no-show,2025-05-18 00:00:00
RES-BE6AA590B7,843,10,396,2025/04/02,2025/04/12,CNF,08/03/2025 00:00
RES-00D02C49EA,157,14,603,07-23-2025,2025-07-24,Pending,06-06-2025 12:00 AM
RES-F19707A10F,803,3,120,11-06-2024,11/11/2024,CONFIRMED,12/09/2024 00:00
RES-9754C85016,579,1,8,08-07-2026,08-14-2026,canceled,31/07/2026 00:00
RES-4734268B54,883,9,380,01-31-2026,02-09-2026,CANCELLED,2026-01-27 00:00:00
RES-4892D5AD49,813,15,676,2026-03-10,2026-03-19,CHECKED_IN,01-11-2026 12:00 AM
RES-B72442E042,486,5,218,05-22-2024,25-May-2024,checked_out,2024-04-19 00:00:00
RES-113E4FCAD0,733,8,309,2024-10-11,2024/10/14,Confirmed,27/09/2024 00:00
RES-353A5BB282,673,5,180,10-Jul-2025,16-Jul-2025,Confirmed,2025-05-16 00:00:00
RES-7849B34F12,594,2,43,2024/07/22,01/08/2024,PND,2024-05-26 00:00:00
RES-984621353C,524,10,414,19/09/2026,2026/09/27,checked-out,2026-08-16 00:00:00
RES-EE9AF76B82,916,8,332,08-14-2025,2025-08-20,cancelled,11/08/2025 00:00
RES-9C2FC348F1,498,10,417,18/10/2024,25-Oct-2024,CONFIRMED,2024-09-04 00:00:00
RES-9956A3BF25,193,8,322,02-14-2024,22-Feb-2024,checked-in,26/01/2024 00:00
RES-3F83953CE5,296,14,608,20/03/2026,,conf,2026-02-23 00:00:00
RES-FA9468CE8E,204,13,556,28/10/2026,01/11/2026,Checked In,08-31-2026 12:00 AM
RES-83591521C0,625,8,305,2024/08/27,2024/08/29,NOSHOW,07-09-2024 12:00 AM
RES-79DB615C2D,499,1,5,28-Oct-2024,11-03-2024,pending,2024-09-11 00:00:00
RES-BCDFE076B5,100,3,92,15/02/2026,2026/02/25,pending,02-10-2026 12:00 AM
RES-700E8B1DEE,266,14,624,2024-03-04,2024/03/10,CO,2024-02-10 00:00:00
RES-C0DF0C6856,544,9,384,05/08/2024,07/08/2024,CO,2024-07-09 00:00:00
RES-47890C41D0,196,9,366,2024-10-19,20/10/2024,Cancelled,02/09/2024 00:00
RES-87171CB21B,589,3,94,16/04/2025,2025-04-22,Confirmed,19/03/2025 00:00
RES-12DA0ED1AE,67,15,648,2026/08/05,08-12-2026,NOSHOW,2026-07-06 00:00:00
RES-AD3EF4F197,214,12,509,2025-08-17,2025-08-26,cancelled,2025-07-02 00:00:00
RES-C59003C9D7,1099,13,522,01/06/2024,10-Jun-2024,Pending,23/04/2024 00:00
RES-60BCECA5FC,1078,9,370,22-Aug-2024,31-Aug-2024,CHECKED_IN,14/07/2024 00:00
RES-B9FF8EACB6,244,2,59,02-23-2024,27-Feb-2024,Pending,2024-01-04 00:00:00
RES-1A0347D159,464,6,246,17/07/2025,23-Jul-2025,checked_out,01/07/2025 00:00
RES-7180E6D108,773,2,51,02-Jul-2024,2024-07-10,Confirmed,14/05/2024 00:00
RES-9853F9D917,1045,7,283,2025-05-27,2025/06/05,Cancelled,06/04/2025 00:00
RES-86207ADDDB,499,15,656,2026/04/08,09/04/2026,canceled,04-07-2026 12:00 AM
RES-918327D177,384,13,551,27-Jan-2026,01-31-2026,CXL,14/01/2026 00:00
RES-CC830D547F,789,8,318,08-19-2024,22/08/2024,CHECKED_OUT,07-31-2024 12:00 AM
RES-80BF3E7B26,448,1,29,02-Feb-2025,08/02/2025,checked_in,20/12/2024 00:00
RES-4EED0E4EC3,681,10,400,2026/04/17,2026/04/26,No Show,02-21-2026 12:00 AM
RES-DDDBF812B4,332,6,257,09/03/2024,13-Mar-2024,PND,02-12-2024 12:00 AM
RES-69423D195D,668,14,594,2026/05/10,20-May-2026,cancelled,04-08-2026 12:00 AM
RES-35E0C2F91C,61,14,630,11/08/2025,08-12-2025,NS,29/06/2025 00:00
RES-D0AD6F2FF7,345,2,60,03-14-2026,21-Mar-2026,CONFIRMED,01-21-2026 12:00 AM
RES-D8A2F82B93,311,6,254,11-17-2024,21-Nov-2024,NS,01/10/2024 00:00
RES-14AC7F7C00,571,8,310,2025-02-11,02-19-2025,checked_in,2025-01-03 00:00:00
RES-C4F740C657,732,5,179,06-Sep-2024,12-Sep-2024,checked-out,21/08/2024 00:00
RES-62B9FB32CA,350,13,536,04-07-2026,2026/04/16,Cancelled,15/03/2026 00:00
RES-38014C8D32,660,11,426,2026/06/07,,CI,04-17-2026 12:00 AM
RES-A8C6978BE6,1225,12,485,03-Apr-2025,05-Apr-2025,checked-in,2025-02-08 00:00:00
RES-BCF69D807A,272,10,407,2026/08/03,2026/08/08,CHECKED_OUT,06-18-2026 12:00 AM
RES-44502CD38D,1101,5,218,2024/03/25,2024-04-02,Checked Out,02-28-2024 12:00 AM
RES-C914618A51,1209,10,403,06-20-2024,2024/06/29,pending,2024-06-03 00:00:00
RES-9697992EF9,576,7,286,20-Sep-2024,2024-09-27,NS,2024-08-25 00:00:00
RES-98E81AD848,150,15,662,05-19-2026,2026/05/28,checked_in,29/03/2026 00:00
RES-174178FF02,379,10,415,19/01/2025,2025/01/26,Pending,2024-12-25 00:00:00
RES-26AA26476B,707,12,487,29/10/2026,02-Nov-2026,checked-out,07/09/2026 00:00
RES-41E464899D,339,11,446,17-Mar-2024,2024-03-26,NS,2024-02-11 00:00:00
RES-D13D727E56,411,6,248,2026/04/02,08-Apr-2026,Cancelled,08/02/2026 00:00
RES-A5A0CA1985,627,10,412,2024-05-16,24-May-2024,PND,03-29-2024 12:00 AM
RES-141DFB71F9,8,5,203,2024-11-17,2024-11-18,pending,2024-11-07 00:00:00
RES-608BE2AF0E,778,6,258,2024/03/14,18-Mar-2024,checked_out,16/02/2024 00:00
RES-6F65AF0CDE,902,8,356,17/10/2026,2026-10-18,PENDING,2026-09-16 00:00:00
RES-59478ED5F9,935,2,54,2026/03/02,06-Mar-2026,CXL,2026-02-23 00:00:00
RES-4E6D62D2DD,411,11,468,2026/11/03,09-Nov-2026,no_show,2026-09-21 00:00:00
RES-710C2471D7,671,15,668,12-Dec-2024,18/12/2024,Pending,2024-12-09 00:00:00
RES-4B679BB88B,1148,12,506,20-Mar-2024,21/03/2024,CXL,15/03/2024 00:00
RES-1285EA45C0,191,13,532,15/06/2026,2026/06/17,checked-out,2026-04-19 00:00:00
RES-166E37F398,279,15,677,20/04/2026,2026/04/30,no_show,2026-03-28 00:00:00
RES-AC433A68CF,1089,3,117,31/08/2026,04/09/2026,pending,07-19-2026 12:00 AM
RES-DE864EAF01,10,15,658,2025-09-01,2025/09/07,CONFIRMED,07-21-2025 12:00 AM
RES-AF6FA16870,556,8,326,05-31-2024,2024-06-01,cancelled,2024-04-21 00:00:00
RES-8200142D83,1181,7,279,30/03/2025,2025/04/07,cancelled,02-23-2025 12:00 AM
RES-E28A6B5799,1119,15,666,2025/08/28,2025/09/06,CXL,2025-07-16 00:00:00
RES-967A57D2C0,482,12,495,2025-08-20,25/08/2025,checked-out,09/08/2025 00:00
RES-B4A35F6692,888,5,226,2024-04-11,16-Apr-2024,CNF,03-09-2024 12:00 AM
RES-F0BD789889,198,8,315,2024-04-16,21/04/2024,Pending,15/03/2024 00:00
RES-E25A602508,437,1,31,17-Oct-2024,2024-10-27,no-show,16/10/2024 00:00
RES-5500629FEB,304,8,337,22-Apr-2024,29/04/2024,CNF,04-04-2024 12:00 AM
RES-078001A40D,981,7,301,2024/07/17,26-Jul-2024,No Show,2024-07-03 00:00:00
RES-B4917B139E,1049,12,513,2026/02/14,2026-02-19,confirmed,02-06-2026 12:00 AM
RES-C37F3FD50C,235,13,519,06-Nov-2025,2025-11-14,no_show,10-10-2025 12:00 AM
RES-5C4E0F12DF,32,3,87,05/08/2024,2024/08/15,pending,2024-07-29 00:00:00
RES-46833111A5,988,14,589,2024-05-09,05-13-2024,PND,27/04/2024 00:00
RES-61385FF7DF,154,1,15,07-Oct-2025,16/10/2025,cancelled,09-25-2025 12:00 AM
RES-85D2502C27,49,1,6,2025-10-10,2025/10/15,CNF,09-05-2025 12:00 AM
RES-90C651FB64,1152,4,156,2025/08/10,17/08/2025,conf,07-19-2025 12:00 AM
RES-C148DE01E4,1094,9,387,2024/11/02,04/11/2024,CNF,09-12-2024 12:00 AM
RES-ADC2A49E5C,695,9,374,2026-10-11,2026-10-16,checked_out,04/09/2026 00:00
RES-83078EA81A,1157,7,282,12-29-2025,2025/12/30,CONFIRMED,21/11/2025 00:00
RES-B5E139D488,207,12,494,08-16-2024,18-Aug-2024,checked_in,2024-07-28 00:00:00
RES-94EAC97C94,843,5,209,28/06/2026,2026-07-08,CHECKED_OUT,05-14-2026 12:00 AM
RES-6EFB265C19,900,2,38,2025/11/30,01/12/2025,Checked In,10-07-2025 12:00 AM
RES-AEDFD9BD4E,991,8,358,27-Sep-2026,2026-10-05,Checked In,09-17-2026 12:00 AM
RES-BF5199EE78,1007,1,21,2025-11-01,2025/11/05,CHECKED_OUT,25/10/2025 00:00
RES-2FEA65EE9D,51,11,429,31-May-2025,06-10-2025,PND,2025-05-30 00:00:00
RES-4580888812,1177,7,297,2024-10-04,2024/10/11,CXL,2024-08-16 00:00:00
RES-5021C7C703,808,5,202,25-Sep-2025,02/10/2025,CHECKED_OUT,2025-09-06 00:00:00
RES-A5F8EB8662,1120,11,455,06/03/2025,08/03/2025,CANCELLED,2025-02-07 00:00:00
RES-4B541F42FB,1105,9,373,12/11/2025,18-Nov-2025,Cancelled,09-27-2025 12:00 AM
RES-FBC3BD7C53,273,5,198,09-Apr-2024,11-Apr-2024,NOSHOW,2024-03-15 00:00:00
RES-DD0EB94A03,991,13,536,2024/10/23,10-25-2024,Confirmed,2024-10-02 00:00:00
RES-6BA32D5042,416,12,500,02-Oct-2024,2024/10/04,NS,2024-09-13 00:00:00
RES-95371B80AE,326,7,294,2026-05-01,09/05/2026,Pending,2026-03-24 00:00:00
RES-E6A9B30031,1250,4,145,27-Oct-2024,2024-10-31,Cancelled,09-10-2024 12:00 AM
RES-DCFE20F107,446,4,145,2025/10/18,27/10/2025,checked_in,2025-08-22 00:00:00
RES-2EFA1E308E,316,2,54,31-May-2025,08/06/2025,checked-in,2025-04-09 00:00:00
RES-6853E7C709,872,8,346,25-Apr-2024,2024/04/28,confirmed,04-10-2024 12:00 AM
RES-0119F7D64D,89,5,176,22/02/2025,04/03/2025,CANCELLED,23/01/2025 00:00
RES-74FC41726E,222,1,16,02-11-2024,2024-02-13,Cancelled,01-20-2024 12:00 AM
RES-1F0ADCE20A,348,1,10,01-19-2025,21-Jan-2025,conf,2024-12-06 00:00:00
RES-F27C502056,488,15,683,19-Feb-2026,2026-03-01,conf,2026-01-10 00:00:00
RES-0D166398F6,236,6,265,25/09/2026,26/09/2026,canceled,2026-08-03 00:00:00
RES-42EF143E43,895,14,628,2024-05-03,,CNF,04/03/2024 00:00
RES-8BC65EF2DF,1185,4,154,24/07/2024,08-03-2024,NS,06-22-2024 12:00 AM
RES-3740181A79,799,12,505,2025/11/09,2025/11/11,cancelled,10/09/2025 00:00
RES-E529773EA4,748,10,417,15/09/2025,2025-09-25,CHECKED_OUT,09-08-2025 12:00 AM
RES-5676F25007,939,6,268,2026/03/17,2026/03/25,checked-in,2026-02-17 00:00:00
RES-B146DD6A83,516,1,26,2026-04-02,12/04/2026,checked_out,03-26-2026 12:00 AM
RES-4F76F6F204,217,12,496,11-21-2024,27-Nov-2024,canceled,09-24-2024 12:00 AM
RES-0E7F798C2E,814,11,458,27/09/2024,2024-10-05,checked_in,2024-08-04 00:00:00
RES-C5DF99C7BE,403,12,486,2025-07-17,25/07/2025,no-show,2025-05-19 00:00:00
RES-3D3F615673,697,12,493,2025-02-04,02-10-2025,confirmed,12-26-2024 12:00 AM
RES-21546AB34D,509,11,444,2025/11/23,2025/11/24,CO,2025-10-24 00:00:00
RES-C4DDDAE27A,44,3,132,2024/09/17,2024-09-21,no-show,19/08/2024 00:00
RES-DFC866178E,81,2,38,27/01/2026,31/01/2026,cancelled,14/12/2025 00:00
RES-13B0CD80B1,1090,10,396,04-30-2026,2026/05/05,canceled,2026-04-22 00:00:00
RES-18001B82E4,41,11,445,29-Dec-2024,01-Jan-2025,No Show,01/11/2024 00:00
RES-03995E0629,1008,3,76,2026/07/03,07-06-2026,checked-out,06-22-2026 12:00 AM
RES-E3F7662B32,925,7,294,2026-03-14,22-Mar-2026,no_show,02-16-2026 12:00 AM
RES-2E9C82F4A1,963,5,241,07-26-2026,08-02-2026,NS,2026-06-23 00:00:00
RES-B6543E1706,322,5,183,2025-07-25,2025-08-04,confirmed,15/07/2025 00:00
RES-78ADB08E6D,767,4,158,09/08/2026,2026/08/11,checked_out,16/06/2026 00:00
RES-5FF6B0595B,395,13,524,01/06/2025,06-06-2025,NS,2025-04-12 00:00:00
RES-1688ADF02D,1009,3,70,04/10/2024,08-Oct-2024,canceled,2024-09-21 00:00:00
RES-A74D00EE67,947,1,4,12-02-2025,12-05-2025,PENDING,11-03-2025 12:00 AM
RES-F57A623E5D,280,2,59,2024-03-16,03-22-2024,NOSHOW,2024-03-02 00:00:00
RES-FBC920E166,531,5,216,2025-11-16,23-Nov-2025,CANCELLED,09-23-2025 12:00 AM
RES-B8F3DAD8BC,488,8,330,2025-03-09,12-Mar-2025,checked_in,2025-02-01 00:00:00
RES-B56D10EBC7,734,5,230,19-May-2026,2026-05-28,pending,26/03/2026 00:00
RES-1E16E277B6,186,3,135,2025-10-29,2025/11/06,CONFIRMED,10-14-2025 12:00 AM
RES-05D76C2526,831,14,605,22/05/2025,29/05/2025,PENDING,05-07-2025 12:00 AM
RES-66EB2C6F67,893,14,582,2025/04/10,15/04/2025,PND,04-02-2025 12:00 AM
RES-22755327E8,645,6,251,09/03/2026,2026/03/17,Confirmed,05/02/2026 00:00
RES-9A87F81BC9,840,2,38,2025-02-20,2025/02/28,CXL,12-23-2024 12:00 AM
RES-4A22A57CFA,1120,14,591,2025/05/11,17-May-2025,conf,06/04/2025 00:00
RES-3ACBCC6064,1135,9,385,2024-06-29,06-30-2024,cancelled,2024-05-03 00:00:00
RES-0509DB4A7B,1220,3,63,2025/03/16,03-18-2025,checked-out,21/02/2025 00:00
RES-F626AB40B8,1193,11,441,15-Jul-2026,2026-07-17,checked-in,06-26-2026 12:00 AM
RES-2752B62EA7,553,8,304,2025-03-05,08/03/2025,Pending,01-28-2025 12:00 AM
RES-5ADFF62FE9,139,12,510,19/10/2026,2026/10/27,Confirmed,09-06-2026 12:00 AM
RES-7A1C7B8776,1158,3,126,10/07/2024,2024-07-13,cancelled,06-01-2024 12:00 AM
RES-A6665D5C07,747,2,38,13-May-2024,18-May-2024,checked_out,08/05/2024 00:00
RES-3A4C00FB67,696,11,430,10-14-2025,23/10/2025,checked_in,2025-09-28 00:00:00
RES-AD14BB75DC,168,9,391,15-Nov-2024,11-16-2024,CHECKED_IN,11-03-2024 12:00 AM
RES-BA7415B215,1086,13,539,2024-03-08,2024-03-12,Confirmed,01-12-2024 12:00 AM
RES-CF05CA6AAA,850,12,476,2024-06-27,07-Jul-2024,CHECKED_IN,06-16-2024 12:00 AM
RES-E3340D8CAB,718,1,16,03-Jul-2025,07-11-2025,Checked Out,05-21-2025 12:00 AM
RES-1601620562,461,4,166,10-25-2025,02/11/2025,Pending,08/09/2025 00:00
RES-B538D35BBE,97,8,327,2026/04/15,04-16-2026,checked_in,18/02/2026 00:00
RES-44A96DDCD7,78,9,374,15/04/2025,2025/04/24,No Show,2025-03-02 00:00:00
RES-11D642F836,96,3,65,04-23-2024,2024/05/03,PND,01/04/2024 00:00
RES-ED68AEB8B8,770,12,511,01/02/2025,02-10-2025,No Show,26/12/2024 00:00
RES-5BE252CD17,355,7,288,09-29-2024,2024/09/30,CANCELLED,25/08/2024 00:00
RES-E5BE6B062A,1048,7,275,12-15-2025,2025/12/19,Pending,25/11/2025 00:00
RES-5BC86DC737,458,12,506,2024/04/29,05-05-2024,PENDING,04-18-2024 12:00 AM
RES-FDFDB83103,571,4,151,29/09/2026,2026/09/30,confirmed,08-09-2026 12:00 AM
RES-441EE07FD7,625,11,461,23/07/2026,01/08/2026,pending,05-31-2026 12:00 AM
RES-778136BEC0,1180,4,153,04-30-2026,08/05/2026,CO,04-28-2026 12:00 AM
RES-C543116138,579,13,523,07-15-2025,2025/07/17,CO,01/06/2025 00:00
RES-38A9C60B25,327,10,396,2026/02/04,05/02/2026,PENDING,12-25-2025 12:00 AM
RES-204F796CAA,333,2,62,2026-03-11,13-Mar-2026,CHECKED_IN,24/02/2026 00:00
RES-C1D5E474B9,209,12,494,04/01/2026,13/01/2026,checked-out,12-29-2025 12:00 AM
RES-899873BFA0,1153,9,391,2026-09-10,15/09/2026,PND,2026-07-24 00:00:00
RES-FB47E1AF0D,16,14,622,2025-04-21,04-28-2025,CONFIRMED,03-31-2025 12:00 AM
RES-8650323599,274,9,379,03-23-2024,04-02-2024,Checked In,2024-03-12 00:00:00
RES-FFF9484EA8,1020,1,6,2026-03-23,2026/04/01,NOSHOW,2026-02-16 00:00:00
RES-9DAA3AE162,594,8,352,2025-01-25,2025-01-31,No Show,12-29-2024 12:00 AM
RES-E6C579468A,1094,8,342,2024/11/29,2024-11-30,checked_in,10-30-2024 12:00 AM
RES-483AACD1AC,915,15,676,07-24-2025,02/08/2025,checked-out,07-08-2025 12:00 AM
RES-03FFA3FE01,701,6,251,2026/05/01,11/05/2026,pending,08/03/2026 00:00
RES-C7A7744CD0,154,4,140,18/11/2025,11-20-2025,no_show,2025-10-01 00:00:00
RES-376EC8B337,746,11,460,29-Nov-2024,2024-12-02,CHECKED_OUT,10-07-2024 12:00 AM
RES-3B074B70C9,132,11,426,2024-09-21,09-23-2024,CHECKED_IN,05/09/2024 00:00
RES-F509A788AA,440,7,277,2025/04/25,2025-04-29,NS,04/03/2025 00:00
RES-BA6FAF380B,1,2,59,2024/06/28,2024/07/07,Checked In,08/06/2024 00:00
RES-79921A262A,548,13,550,2026/10/23,2026/10/27,Cancelled,05/09/2026 00:00
RES-BD7BE06ADC,1222,5,244,17-Aug-2026,08-25-2026,PENDING,09/07/2026 00:00
RES-B90AB0DC5F,284,13,544,2026-07-17,,No Show,06-29-2026 12:00 AM
RES-68C33E950F,128,5,207,04-11-2025,2025-04-17,conf,2025-03-18 00:00:00
RES-E7F31B133F,254,9,369,18-Nov-2025,2025/11/19,PENDING,11-16-2025 12:00 AM
RES-CD2E4A5D98,994,3,132,29-Feb-2024,2024/03/03,checked_in,2024-02-18 00:00:00
RES-A7BB677C5F,549,8,311,22/01/2026,23-Jan-2026,CNF,2025-12-13 00:00:00
RES-C9E4AF1AE2,614,15,669,2025/11/29,07-Dec-2025,Pending,10-29-2025 12:00 AM
RES-5D127C4B7A,633,13,529,08-13-2025,08-23-2025,PND,01/07/2025 00:00
RES-0216DF2774,43,2,33,13/04/2026,04-21-2026,canceled,03-26-2026 12:00 AM
RES-BF4C916AD8,652,12,487,2024-03-23,02/04/2024,conf,01-29-2024 12:00 AM
RES-282F72F6B7,1236,6,246,05-23-2026,01/06/2026,checked_in,04-26-2026 12:00 AM
RES-56EA75C0CD,949,11,460,09-13-2024,2024/09/20,NOSHOW,28/08/2024 00:00
RES-D52A7F6127,611,12,483,20-Apr-2024,2024/04/22,Cancelled,22/02/2024 00:00
RES-2AAB46BFE1,835,8,306,2025/10/15,18/10/2025,CANCELLED,23/08/2025 00:00
RES-48EBE528B0,377,13,539,04-22-2026,05-02-2026,conf,03-15-2026 12:00 AM
RES-DD9B58BA82,1218,15,650,04-Jul-2024,07-14-2024,CHECKED_OUT,2024-05-17 00:00:00
RES-0F6687297B,125,13,520,26/03/2026,2026-04-04,CO,15/03/2026 00:00
RES-6C5C7D269F,221,12,488,2025/05/01,05-07-2025,Pending,01/04/2025 00:00
RES-7730884A9B,213,2,58,2025/05/04,2025/05/14,no_show,03-12-2025 12:00 AM
RES-2090493CAD,390,5,214,2026-02-16,25-Feb-2026,CHECKED_IN,01-31-2026 12:00 AM
RES-09FDE919D2,757,14,622,08-Dec-2024,2024-12-13,PENDING,02/12/2024 00:00
RES-757C697CE7,883,13,546,2024-06-15,22/06/2024,checked-in,06-07-2024 12:00 AM
RES-584F9DD443,212,7,279,09/09/2026,14/09/2026,CI,07-25-2026 12:00 AM
RES-D2C1CFB53B,13,12,504,2024-03-03,2024/03/13,Cancelled,06/02/2024 00:00
RES-9E9956214C,364,13,519,31-Mar-2025,08/04/2025,NS,24/02/2025 00:00
RES-62592E204F,777,5,231,02/07/2024,2024/07/10,pending,06-02-2024 12:00 AM
RES-8F06D1AC0A,632,13,523,2026/02/17,2026-02-24,canceled,07/02/2026 00:00
RES-99E1AE0121,1043,13,549,06-02-2026,06-05-2026,PND,18/05/2026 00:00
RES-5683424FB9,1085,7,291,09-May-2025,05-14-2025,Checked Out,04-11-2025 12:00 AM
RES-719194389E,893,13,527,2025/08/13,2025/08/19,checked_out,2025-06-20 00:00:00
RES-DD50918826,571,9,367,19/01/2026,22/01/2026,checked_in,12-09-2025 12:00 AM
RES-49ACB3AB69,241,2,44,20-Mar-2024,22-Mar-2024,conf,2024-02-02 00:00:00
RES-EE9C8C5714,386,11,425,01-23-2025,25-Jan-2025,NOSHOW,2024-11-26 00:00:00
RES-BB50873FE9,890,12,473,2024/06/20,06-25-2024,CXL,06-09-2024 12:00 AM
RES-FABAFA6858,1061,7,275,19/12/2024,12-25-2024,Cancelled,16/12/2024 00:00
RES-C6D8D8BB77,1201,4,148,05-04-2025,2025-05-06,CI,04-10-2025 12:00 AM
RES-8CE1D90936,355,11,431,04-02-2024,10/04/2024,Pending,12/02/2024 00:00
RES-2EBF0CAE9F,246,6,251,01/09/2024,2024-09-11,pending,07-25-2024 12:00 AM
RES-AB1D207AEF,696,12,481,04-17-2025,2025/04/26,cancelled,20/02/2025 00:00
RES-F93E87EE99,1215,10,397,24/07/2026,27-Jul-2026,no_show,06-03-2026 12:00 AM
RES-5C075B4CE7,527,14,580,16/01/2025,2025/01/26,Checked In,12-05-2024 12:00 AM
RES-0A8AA3DDFB,568,1,16,18-Jun-2026,2026-06-21,CHECKED_OUT,2026-05-15 00:00:00
RES-C47EF5AA7A,310,15,676,04-25-2026,05-03-2026,Confirmed,03-09-2026 12:00 AM
RES-0C328788B1,37,2,33,2025/04/10,2025/04/16,No Show,2025-03-19 00:00:00
RES-B23151DE51,561,12,509,2026/01/20,2026-01-22,confirmed,09/01/2026 00:00
RES-515B8638F2,160,15,635,21/09/2024,09-28-2024,CHECKED_OUT,2024-08-11 00:00:00
RES-6F750340C9,1061,1,22,2024-06-19,2024/06/20,CXL,05-16-2024 12:00 AM
RES-4EAF14BE2B,602,10,403,2025/06/20,2025/06/23,canceled,04/05/2025 00:00
RES-01A9BDD010,847,4,154,20/04/2026,24/04/2026,CI,04-17-2026 12:00 AM
RES-34E247A511,150,4,155,02-Apr-2025,2025-04-03,Checked In,2025-03-14 00:00:00
RES-DE6325596E,990,1,7,10-Aug-2026,08-16-2026,PENDING,2026-06-21 00:00:00
RES-33ACD0519C,1075,6,266,2024-06-18,2024-06-27,CANCELLED,07/06/2024 00:00
RES-FE23E0AC1D,280,4,150,03-30-2026,02-Apr-2026,checked_out,02-06-2026 12:00 AM
RES-94A52B3240,966,2,33,2026-01-06,16-Jan-2026,CO,05/12/2025 00:00
RES-4E04833BD5,1148,12,487,2026/02/22,2026/02/25,CHECKED_OUT,02-20-2026 12:00 AM
RES-1AC5F5E7E2,102,8,328,01-02-2025,10/01/2025,checked-in,05/12/2024 00:00
RES-1EBDD99366,700,5,199,17/07/2026,2026/07/22,checked_out,2026-07-05 00:00:00
RES-7F3D094B9D,114,14,583,2026/06/27,07-01-2026,no-show,2026-05-07 00:00:00
RES-526DFBF712,421,15,670,2025/05/09,10/05/2025,CANCELLED,2025-04-02 00:00:00
RES-6ABEF340DC,613,10,402,25-Feb-2026,2026-03-05,CONFIRMED,2026-02-15 00:00:00
RES-850BCB7F2C,483,12,498,13-Jul-2026,2026/07/21,Confirmed,07-08-2026 12:00 AM
RES-700D5308EC,160,14,591,24-Nov-2025,2025/11/26,PND,17/10/2025 00:00
RES-E80042B739,727,2,40,09/08/2024,2024/08/19,canceled,06-19-2024 12:00 AM
RES-04CF4EDD44,4,8,360,2025/10/21,26/10/2025,CI,2025-09-09 00:00:00
RES-07698DEF7A,63,13,550,2024-10-22,2024/10/25,conf,2024-08-26 00:00:00
RES-42F5D3FC69,629,5,243,2025-12-30,06-Jan-2026,Cancelled,12-03-2025 12:00 AM
RES-10ADA8A900,522,1,30,2024-11-22,26-Nov-2024,CHECKED_IN,2024-11-11 00:00:00
RES-44D8A3FBD8,973,15,658,12-26-2024,01/01/2025,CANCELLED,12-16-2024 12:00 AM
RES-294864B2B8,8,6,250,2026-02-19,2026/02/21,CXL,19/01/2026 00:00
RES-0AD9B950C2,1031,2,45,12-27-2024,30/12/2024,CONFIRMED,13/12/2024 00:00
RES-44C334CC8A,206,11,443,23-Mar-2025,2025-04-01,CHECKED_OUT,2025-02-05 00:00:00
RES-5EE4EE1E08,433,5,187,30-Apr-2026,07-May-2026,no_show,11/04/2026 00:00
RES-5C52C29EA9,650,10,410,2025/01/28,02-Feb-2025,Cancelled,2024-12-18 00:00:00
RES-4E3012A038,130,14,598,2026/04/08,2026/04/16,CI,21/03/2026 00:00
RES-7F84968499,417,9,389,06-29-2025,2025-07-01,confirmed,24/06/2025 00:00
RES-0BDEC6002C,426,2,41,2026/04/24,25-Apr-2026,PND,03-10-2026 12:00 AM
RES-740860B00D,715,9,388,10-28-2025,03-Nov-2025,PENDING,10-05-2025 12:00 AM
RES-121AFEC76A,1206,13,552,2025-04-02,09-Apr-2025,CANCELLED,03-03-2025 12:00 AM
RES-64AB1D59AF,393,13,533,16/01/2026,01-25-2026,no_show,01/12/2025 00:00
RES-F7149E2B28,182,3,67,25-Oct-2025,04-Nov-2025,Checked In,2025-10-23 00:00:00
RES-F3AFA46920,215,8,311,2026-07-20,22/07/2026,Cancelled,07-02-2026 12:00 AM
RES-29FA40B492,311,12,491,18/04/2024,04-25-2024,Pending,02-22-2024 12:00 AM
RES-BFB442819C,484,15,678,2026-09-29,09/10/2026,Checked Out,09-13-2026 12:00 AM
RES-979DA64D30,463,2,38,2024-09-17,20-Sep-2024,No Show,08-23-2024 12:00 AM
RES-D3FC93610F,32,6,258,09-24-2024,2024/09/28,Checked In,2024-08-14 00:00:00
RES-DEF22AE94D,986,5,178,10/01/2026,18-Jan-2026,CANCELLED,2025-12-18 00:00:00
RES-21D09D0FB7,341,8,307,2025/04/25,05/05/2025,CXL,2025-04-21 00:00:00
RES-9A8222F4B3,550,8,315,11-Apr-2025,04-19-2025,confirmed,03-01-2025 12:00 AM
RES-6255C9E92A,834,9,392,04-08-2024,2024/04/09,Cancelled,2024-03-15 00:00:00
RES-21F36874D4,215,10,401,15-Sep-2026,20-Sep-2026,CO,26/07/2026 00:00
RES-81E2ED0914,360,6,271,20/06/2025,2025-06-23,checked-in,04-24-2025 12:00 AM
RES-97C7D6B644,181,8,334,05-28-2026,03-Jun-2026,CXL,05-16-2026 12:00 AM
RES-810A01F626,204,4,174,2025/09/16,19/09/2025,CNF,24/08/2025 00:00
RES-938281267C,1067,1,8,2024-10-31,06-Nov-2024,confirmed,24/10/2024 00:00
RES-8C5898944A,1052,10,416,12-22-2024,12-31-2024,confirmed,12-20-2024 12:00 AM
RES-38CB0895D5,269,12,483,09-09-2026,09-16-2026,NOSHOW,08-12-2026 12:00 AM
RES-C6CC0B85EC,1110,5,218,2025/12/12,18-Dec-2025,No Show,10-23-2025 12:00 AM
RES-F1821F384A,324,3,110,01-Dec-2024,12-02-2024,Pending,01/11/2024 00:00
RES-92CDD5F781,21,3,122,04-18-2025,2025/04/21,CI,2025-03-06 00:00:00
RES-8AAA65F63F,1036,14,591,17/04/2025,04-27-2025,checked-in,23/03/2025 00:00
RES-6607521A83,212,10,416,16/09/2025,23-Sep-2025,CXL,2025-07-19 00:00:00
RES-AC6AE83947,1105,14,601,03-30-2024,04-07-2024,CANCELLED,11/03/2024 00:00
RES-633F8A3DF0,418,5,232,2026-05-03,2026-05-04,confirmed,2026-03-14 00:00:00
RES-55C34156F2,467,8,329,11-May-2024,17-May-2024,checked_out,2024-04-28 00:00:00
RES-2112F41A1A,272,12,487,02-Oct-2024,2024-10-11,CHECKED_OUT,2024-09-22 00:00:00
RES-D562E6DB89,760,4,164,04/02/2025,2025/02/07,Checked Out,2025-01-10 00:00:00
RES-0D9D04FDFB,996,6,273,2025-06-12,06-19-2025,conf,06-08-2025 12:00 AM
RES-5688598690,261,7,296,2025-02-06,12/02/2025,conf,2024-12-25 00:00:00
RES-696CC3867D,1079,13,552,03-23-2026,24/03/2026,CONFIRMED,03-06-2026 12:00 AM
RES-D3B57E5C66,1175,8,316,01/12/2024,07-Dec-2024,checked-in,16/11/2024 00:00
RES-C1EAF7BFA9,1048,3,106,29-Nov-2024,2024-11-30,checked-out,2024-10-28 00:00:00
RES-83EC470FDC,133,7,287,03-30-2024,09-Apr-2024,checked_in,2024-03-08 00:00:00
RES-E99952745E,429,10,410,2024/01/29,08/02/2024,CHECKED_OUT,2024-01-24 00:00:00
RES-5E7AC9FC4C,753,15,666,2026-02-25,2026/03/04,CO,20/02/2026 00:00
RES-75C3F5C96E,325,10,410,08-19-2025,2025/08/21,Checked In,21/07/2025 00:00
RES-CA7A968516,901,8,324,2024/04/24,2024/05/02,CNF,2024-03-17 00:00:00
RES-FA06D5688D,1022,12,492,2026/08/07,09-Aug-2026,CXL,07-13-2026 12:00 AM
RES-EF4489A53E,986,3,121,09/07/2026,13-Jul-2026,checked_out,2026-05-17 00:00:00
RES-A4A8936304,835,11,465,10-Feb-2026,17-Feb-2026,CHECKED_IN,2026-01-12 00:00:00
RES-B8655E54F0,291,13,543,2024/06/02,11/06/2024,NOSHOW,04/05/2024 00:00
RES-C46CEF5C18,1156,5,223,2024/06/21,29/06/2024,CHECKED_OUT,10/06/2024 00:00
RES-1386AED7C5,1045,9,381,12/04/2024,19-Apr-2024,cancelled,2024-03-30 00:00:00
RES-9CC8AAA7EF,206,8,342,06-17-2025,06-21-2025,checked-out,17/05/2025 00:00
RES-13CFE0435D,1171,10,402,2026-08-25,30/08/2026,CHECKED_OUT,2026-08-07 00:00:00
RES-4FD941CC14,1023,3,88,03-14-2024,18/03/2024,cancelled,03-10-2024 12:00 AM
RES-AF39340215,959,1,12,28/06/2024,29/06/2024,NS,29/04/2024 00:00
RES-09391F336E,136,9,391,2024-04-26,2024/04/27,canceled,22/03/2024 00:00
RES-516BA8EB52,175,15,687,2025/09/08,09-18-2025,CHECKED_OUT,17/08/2025 00:00
RES-E6DFB9C2DF,684,7,284,2024/08/26,09-05-2024,no-show,08/08/2024 00:00
RES-F504D5633A,939,13,528,20/04/2025,29/04/2025,NS,07/03/2025 00:00
RES-6775C53C73,576,3,136,2024-06-17,19-Jun-2024,checked_in,04-30-2024 12:00 AM
RES-4A4E89D48A,939,14,581,20-Dec-2025,30-Dec-2025,Checked Out,24/11/2025 00:00
RES-0939699D92,1202,7,291,16/04/2025,17/04/2025,Cancelled,02-26-2025 12:00 AM
RES-04BEB42C0D,396,4,161,14-Oct-2025,2025-10-24,Checked In,2025-08-29 00:00:00
RES-116338B490,1008,15,648,26/04/2024,04-May-2024,no_show,25/03/2024 00:00
RES-5831935110,128,14,607,11-01-2025,2025/11/03,pending,10-05-2025 12:00 AM
RES-0D8F45118F,454,14,605,2026/05/17,21/05/2026,confirmed,2026-05-13 00:00:00
RES-F1E342F16C,224,3,95,2025/10/21,27/10/2025,checked-in,2025-09-08 00:00:00
RES-8247725E70,233,3,135,2026-04-10,2026-04-15,checked-in,2026-03-06 00:00:00
RES-E7F60234B0,891,8,315,2026/05/25,27-May-2026,checked-in,20/04/2026 00:00
RES-BB8C4CA84C,1206,7,289,2026/03/28,2026/04/01,checked-in,02-07-2026 12:00 AM
RES-C4DD6D914C,836,6,265,03-15-2025,2025-03-22,Confirmed,02-08-2025 12:00 AM
RES-716FF58308,339,12,483,19-Jul-2025,27-Jul-2025,CXL,06-14-2025 12:00 AM
RES-E923F65D81,303,9,369,12-Sep-2026,2026-09-14,CONFIRMED,08-21-2026 12:00 AM
RES-C9B05960ED,1236,11,445,2024/09/02,2024-09-10,conf,07-17-2024 12:00 AM
RES-2F26B44A39,1086,15,684,2025-10-07,10-12-2025,cancelled,08-22-2025 12:00 AM
RES-676022D15B,203,7,281,2024-01-22,24/01/2024,No Show,01-11-2024 12:00 AM
RES-B05E692AF2,206,3,92,05-05-2026,14-May-2026,checked-in,11/04/2026 00:00
RES-A03CEEE1D4,1235,15,674,2026-05-20,26-May-2026,canceled,2026-05-10 00:00:00
RES-FC7400F168,1093,11,465,08/01/2025,18-Jan-2025,confirmed,11-16-2024 12:00 AM
RES-0A0F0A8073,948,14,588,20/11/2025,26-Nov-2025,checked-in,10-24-2025 12:00 AM
RES-949CF94D5B,765,1,16,2024/11/13,2024-11-19,CNF,2024-10-01 00:00:00
RES-F4725CEBB1,651,14,633,10-16-2025,2025/10/22,pending,2025-09-17 00:00:00
RES-5DAA1209DF,1193,2,61,05/05/2026,05-06-2026,confirmed,2026-04-25 00:00:00
RES-B546DAB9E9,72,2,48,2026-03-12,19-Mar-2026,checked_in,2026-02-18 00:00:00
RES-0804EC0D0E,75,2,41,2024-06-14,06-17-2024,CANCELLED,12/05/2024 00:00
RES-EE67FDB5A8,872,9,393,07-22-2026,2026-07-25,no-show,07-05-2026 12:00 AM
RES-A06E742F7A,813,2,50,11/03/2025,16/03/2025,PENDING,26/01/2025 00:00
RES-D7752C954B,168,15,650,04-20-2026,04-25-2026,checked-out,29/03/2026 00:00
RES-2A398C5FD5,631,2,40,08-25-2025,2025/08/29,No Show,2025-07-19 00:00:00
RES-DA51FA8E4E,253,1,30,17-Apr-2025,04-20-2025,CO,2025-03-19 00:00:00
RES-55DEDA1E0F,1135,8,348,27/06/2025,07-05-2025,pending,05-03-2025 12:00 AM
RES-45E6CE93BE,777,5,203,12-Apr-2025,2025-04-22,Checked Out,2025-03-18 00:00:00
RES-2E5BEF4C81,315,10,406,2024/10/29,01-Nov-2024,checked_in,10-02-2024 12:00 AM
RES-9B0C502200,154,12,474,2026/03/26,2026/04/03,PND,02-06-2026 12:00 AM
RES-408450B695,874,1,14,2025-06-26,2025-07-03,CI,22/05/2025 00:00
RES-09E07FCA7C,413,5,229,2025/06/24,2025-06-27,pending,19/06/2025 00:00
RES-640DF0BCAE,942,12,506,2026/08/16,20/08/2026,CXL,2026-07-14 00:00:00
RES-5CAB77DA8C,1067,4,156,06-05-2025,06-Jun-2025,Checked Out,22/05/2025 00:00
RES-F162E3436E,1022,6,267,2024-02-01,2024-02-06,Cancelled,2024-01-08 00:00:00
RES-22D4CA8AA0,390,15,688,2024-08-20,2024/08/25,CHECKED_IN,2024-07-17 00:00:00
RES-5D7895DF5F,577,13,549,2024/04/02,12-Apr-2024,PND,2024-03-10 00:00:00
RES-8708ABA5E0,743,14,631,01-May-2024,09/05/2024,CXL,12/04/2024 00:00
RES-4120685838,886,7,285,2025-03-24,2025/03/25,conf,2025-02-25 00:00:00
RES-227771ABDD,260,7,276,20/03/2026,23-Mar-2026,NS,03-19-2026 12:00 AM
RES-B952FC0655,996,2,38,2026-05-23,,canceled,2026-04-24 00:00:00
RES-0258953B4C,163,10,404,09-03-2025,10-Sep-2025,Pending,2025-08-12 00:00:00
RES-0C90147536,336,9,373,06-24-2025,2025-06-29,CNF,2025-05-30 00:00:00
RES-E6B56A778F,881,10,402,2025/01/29,01-30-2025,checked-in,09/12/2024 00:00
RES-7AF2BCC1DA,70,12,492,08-Sep-2024,09-11-2024,CNF,2024-07-17 00:00:00
RES-B4CC302577,466,5,176,2024-03-01,2024-03-05,pending,01-26-2024 12:00 AM
RES-FDF9EFD7A5,275,9,382,06-01-2026,06-11-2026,PENDING,28/04/2026 00:00
RES-8C480688C9,1099,4,140,29/06/2025,07-05-2025,PENDING,05-27-2025 12:00 AM
RES-F1FBC58DD7,54,13,552,2024/06/09,06-14-2024,conf,05-09-2024 12:00 AM
RES-979E6E1CD6,150,7,291,2026-03-02,07-Mar-2026,checked-in,2026-02-10 00:00:00
RES-29D53B4392,155,6,250,2024-10-23,2024-10-24,CANCELLED,02/09/2024 00:00
RES-77BB699497,660,3,136,06-30-2025,08/07/2025,checked-out,2025-06-20 00:00:00
RES-C29AE62670,655,12,477,2026/09/08,18/09/2026,CI,07-31-2026 12:00 AM
RES-E6A45BE212,649,5,229,03-29-2025,08-Apr-2025,confirmed,02-26-2025 12:00 AM
RES-612C957934,532,9,381,2025-06-06,2025/06/14,PENDING,2025-04-24 00:00:00
RES-860178B064,823,5,186,08-05-2024,08-07-2024,confirmed,20/07/2024 00:00
RES-AD14BB75DC,168,9,391,15-Nov-2024,11-16-2024,CHECKED_IN,11-03-2024 12:00 AM
RES-6C9DB04F86,28,4,140,23/11/2024,26/11/2024,Checked Out,2024-09-30 00:00:00
RES-7595D538AA,864,12,509,2024-03-11,2024/03/15,CO,17/02/2024 00:00
RES-0F8D02B892,659,13,516,2026-01-17,2026-01-26,no_show,12-08-2025 12:00 AM
RES-302FD60732,820,14,608,2026-06-04,2026/06/09,CO,26/05/2026 00:00
RES-FFC84E6EA7,672,3,80,23/06/2024,01-Jul-2024,conf,04-28-2024 12:00 AM
RES-CF2ECEDD62,642,7,275,2024/11/29,12-07-2024,checked-in,07/11/2024 00:00
RES-D52A7F6127,611,12,483,20-Apr-2024,2024/04/22,Cancelled,22/02/2024 00:00
RES-9093674E79,969,15,675,2025/03/24,29-Mar-2025,CHECKED_IN,03-11-2025 12:00 AM
RES-0D0207D47A,840,11,469,2025-11-22,11-26-2025,Pending,10-01-2025 12:00 AM
RES-11C249236C,649,15,655,25/12/2024,30/12/2024,checked_in,24/12/2024 00:00
RES-9395AE6909,212,1,26,08-05-2026,08-06-2026,checked_out,06-30-2026 12:00 AM
RES-0182338F8B,1046,7,281,28-Aug-2026,2026-09-05,PND,08-27-2026 12:00 AM
RES-08FAB28EFD,1131,10,397,2025/04/06,09-Apr-2025,checked_out,03-01-2025 12:00 AM
RES-91B507BB6C,1081,12,475,17/03/2024,03-24-2024,NOSHOW,2024-02-05 00:00:00
RES-CD07CB72F0,41,8,326,16-Apr-2025,19/04/2025,checked-out,15/02/2025 00:00
RES-54D54A2643,312,12,478,14-Nov-2025,2025/11/23,checked_in,2025-10-30 00:00:00
RES-D2033283FA,923,7,294,2025-11-16,24/11/2025,checked_in,2025-10-13 00:00:00
RES-118BEDFFB3,897,12,478,2024/03/10,2024-03-12,Checked In,2024-01-24 00:00:00
RES-74E3645297,870,7,280,11-13-2024,2024-11-15,Pending,13/10/2024 00:00
RES-C23C33816B,1028,2,57,2026/09/05,09-10-2026,Confirmed,14/08/2026 00:00
RES-7E1DC5E383,225,4,145,20/04/2025,2025/04/30,Checked In,28/03/2025 00:00
RES-BFD13DCED9,571,4,141,2024-04-12,2024-04-15,NS,23/03/2024 00:00
RES-960E3D0857,892,1,18,02/03/2026,2026/03/10,PENDING,02/02/2026 00:00
RES-B9C98915F7,987,6,269,05-02-2026,2026-05-06,PND,12/03/2026 00:00
RES-6676A921D0,1005,14,583,2026-06-06,08-Jun-2026,No Show,05-20-2026 12:00 AM
RES-5931EA8EE5,1196,14,614,24/01/2026,01-30-2026,no_show,12-02-2025 12:00 AM
RES-113609532B,1199,2,35,10-05-2026,10-Oct-2026,Cancelled,09-02-2026 12:00 AM
RES-3D223CCC96,791,9,391,05/07/2024,2024/07/10,Cancelled,2024-05-26 00:00:00
RES-ABE676D96A,537,11,454,24/04/2025,26-Apr-2025,No Show,2025-04-08 00:00:00
RES-939B822E1B,928,4,146,2025-12-06,12-07-2025,CI,21/10/2025 00:00
RES-A0AD3F62EE,872,3,87,15-Dec-2025,12-16-2025,canceled,05/11/2025 00:00
RES-143A221E5A,910,7,276,2026-01-03,01-12-2026,PENDING,12/11/2025 00:00
RES-0F63AADE39,237,11,443,04-16-2024,22/04/2024,Cancelled,2024-04-02 00:00:00
RES-7CAE5F2032,728,7,298,14-Jun-2024,2024-06-24,no-show,2024-05-08 00:00:00
RES-82D2374903,250,15,640,10/03/2024,03-18-2024,CANCELLED,01-24-2024 12:00 AM
RES-1CBB5083EA,656,2,35,2025-02-25,2025/03/05,CNF,19/02/2025 00:00
RES-3BC6D2B230,169,12,475,04-07-2026,12-Apr-2026,CHECKED_IN,09/03/2026 00:00
RES-3E1FFDD2AD,952,3,91,2024-10-29,04/11/2024,NOSHOW,2024-09-16 00:00:00
RES-4385815D60,415,6,252,03/02/2024,13-Feb-2024,CNF,01-04-2024 12:00 AM
RES-5B963627C8,683,11,448,2025-11-05,2025-11-14,pending,09-08-2025 12:00 AM
RES-9ED4FFE16E,637,9,392,2025/05/24,2025/06/03,Cancelled,2025-04-25 00:00:00
RES-88920B9E6D,304,13,538,2025/01/26,2025/02/04,CI,2025-01-25 00:00:00
RES-F1B83CA1DE,746,8,341,12-Nov-2025,18/11/2025,PENDING,27/09/2025 00:00
RES-03995E0629,1008,3,76,2026/07/03,07-06-2026,checked-out,06-22-2026 12:00 AM
RES-28CC2AB5B0,164,7,277,11-08-2026,2026/11/14,PENDING,2026-09-22 00:00:00
RES-6DAE8FF1FE,369,13,525,2026-10-21,10-30-2026,cancelled,09-08-2026 12:00 AM
RES-8ED1CA4F24,1116,3,85,2024/08/16,2024/08/19,Checked Out,07/08/2024 00:00
RES-9D6217C022,633,9,391,11-02-2025,11-06-2025,Pending,2025-10-31 00:00:00
RES-F19E40152C,1077,7,297,13/11/2026,23/11/2026,confirmed,09-22-2026 12:00 AM
RES-8BE7E61A7E,336,10,415,2024/03/24,2024/03/25,Checked In,14/03/2024 00:00
RES-C92399F401,407,11,429,08-07-2025,2025/08/10,Pending,07-18-2025 12:00 AM
RES-E6DFB9C2DF,684,7,284,2024/08/26,09-05-2024,no-show,08/08/2024 00:00
RES-B6559F7B5D,732,12,507,2025-06-03,06-06-2025,pending,25/05/2025 00:00
RES-E1FC8335EB,28,10,405,04-10-2025,17/04/2025,checked_out,2025-04-01 00:00:00
RES-DE65726D5A,427,14,576,12-10-2025,2025-12-13,confirmed,11-26-2025 12:00 AM
RES-D12D4D47C0,174,4,142,12-02-2024,08-Dec-2024,no_show,2024-10-08 00:00:00
RES-38522988AB,317,14,624,13-Jan-2025,16-Jan-2025,pending,07/01/2025 00:00
RES-9794EC213A,956,14,610,2025-12-14,12-15-2025,PND,27/10/2025 00:00
RES-A4BD929D75,983,12,487,29/08/2026,01-Sep-2026,CXL,2026-07-04 00:00:00
RES-D000690F00,357,9,372,2024-01-29,2024/01/31,checked_out,16/01/2024 00:00
RES-DEFFB2D951,299,13,520,2024/05/17,2024/05/24,canceled,06/05/2024 00:00
RES-79DB1E3679,620,15,690,2026-05-31,2026-06-10,Checked Out,2026-05-17 00:00:00
RES-9A37F9A64E,1163,7,284,11-21-2024,2024/11/30,NS,02/10/2024 00:00
RES-0E9840DB33,92,5,242,2026/09/19,2026-09-28,No Show,08-07-2026 12:00 AM
RES-0512D51663,353,12,479,01/11/2025,05/11/2025,No Show,09-11-2025 12:00 AM
RES-0A5384B3C8,1104,4,159,15/07/2025,19/07/2025,CI,2025-06-11 00:00:00
RES-87229CF1D0,182,13,519,01-Feb-2025,02-03-2025,pending,19/12/2024 00:00
RES-107227BBE8,753,7,301,2024-06-05,11/06/2024,Pending,2024-04-28 00:00:00
RES-5BD5659702,555,3,64,12/07/2025,07-15-2025,conf,04/07/2025 00:00
RES-CEBFDBA5DF,820,13,517,2024/02/20,2024-02-22,PENDING,2024-02-08 00:00:00
RES-BB19E1A98E,449,14,606,06-Oct-2026,09/10/2026,PND,08-26-2026 12:00 AM
RES-954820FD62,435,15,662,08-10-2025,08-17-2025,Pending,2025-06-13 00:00:00
RES-87935AA280,1129,9,393,05/05/2026,2026-05-15,canceled,04-27-2026 12:00 AM
RES-12CD494B68,360,6,252,08-28-2024,2024-09-03,NS,2024-08-11 00:00:00
RES-CFEC22A652,1032,12,494,2026-05-02,05-10-2026,Pending,2026-03-13 00:00:00
RES-91C33CA836,636,8,315,06-04-2024,2024/06/10,No Show,2024-04-06 00:00:00
RES-BE573BA883,396,13,540,02-Jul-2024,2024-07-03,No Show,2024-05-22 00:00:00
RES-96E38594BE,335,2,49,2024/04/29,02/05/2024,CANCELLED,2024-03-28 00:00:00
RES-FC76681601,408,13,518,07/05/2025,17/05/2025,PENDING,2025-04-14 00:00:00
RES-A612315CB0,254,5,220,07-Feb-2025,09-Feb-2025,NOSHOW,07/01/2025 00:00
RES-6E89DF4071,733,3,102,2024/08/13,08-16-2024,NS,06-20-2024 12:00 AM
RES-C7103AB59B,436,2,47,09-20-2025,22-Sep-2025,checked_out,29/08/2025 00:00
RES-8EEF9171BB,360,8,354,2026/03/17,2026-03-24,confirmed,12/02/2026 00:00
RES-5550BC37AF,379,4,145,07-15-2024,2024/07/20,checked_in,2024-06-21 00:00:00
RES-A8FB21BD16,437,3,122,06/03/2025,03-10-2025,no_show,02-08-2025 12:00 AM
RES-56E59EABC1,218,1,11,09-27-2026,05/10/2026,Pending,2026-08-14 00:00:00
RES-51B49EE263,1199,4,158,2025/03/07,2025-03-12,CONFIRMED,02-21-2025 12:00 AM
RES-451748E94C,931,12,497,2026/04/19,27-Apr-2026,PENDING,03-21-2026 12:00 AM
RES-1177136012,252,6,263,27/10/2024,2024/11/01,CONFIRMED,2024-08-28 00:00:00
RES-9360EF196B,145,9,361,26-Jun-2025,2025-07-03,Cancelled,2025-06-06 00:00:00
RES-1420F44697,539,12,510,03-Feb-2024,02-09-2024,Confirmed,2024-01-31 00:00:00
RES-C78E103A8D,175,11,439,2026/04/22,2026/05/02,CO,2026-04-12 00:00:00
RES-B0D7BE9710,915,10,412,01-27-2025,01-30-2025,no-show,2024-12-12 00:00:00
RES-B403526BC1,175,14,602,09-27-2025,10-06-2025,CHECKED_IN,31/08/2025 00:00
RES-3F2D47D14F,1027,3,70,18-Jan-2026,27/01/2026,PENDING,01/01/2026 00:00
RES-A0CE67E9E5,927,8,321,2025-08-05,2025-08-06,PND,07-25-2025 12:00 AM
RES-222284985D,135,5,182,23/07/2026,28/07/2026,No Show,2026-06-06 00:00:00
RES-B0A6DD7420,865,11,461,2024/04/14,21-Apr-2024,CONFIRMED,03-25-2024 12:00 AM
RES-599A8A828B,193,3,74,2026-10-13,2026-10-21,PENDING,07/09/2026 00:00
RES-BAE7FFB716,480,2,43,2025-10-11,20-Oct-2025,conf,09-22-2025 12:00 AM
RES-2C926EF2CD,1063,3,98,17/06/2024,2024-06-25,Checked Out,05-18-2024 12:00 AM
RES-5940D66171,883,14,591,07-20-2026,25-Jul-2026,canceled,08/06/2026 00:00
RES-B849868831,1208,14,626,2025-05-30,2025/06/01,checked-out,31/03/2025 00:00
RES-2E9EC1CB9D,264,10,419,2026-05-17,05-20-2026,Cancelled,2026-03-26 00:00:00
RES-2B375F72B1,636,6,253,23/01/2025,30/01/2025,checked_in,12-17-2024 12:00 AM
RES-67F92091F3,931,8,336,18-Dec-2024,22/12/2024,CHECKED_IN,06/11/2024 00:00
RES-C5AF972A4A,550,10,412,01/04/2024,2024-04-10,CANCELLED,02-17-2024 12:00 AM
RES-0CB4ABB418,125,8,336,2024-04-14,,no_show,2024-03-01 00:00:00
RES-CFEE7FBE52,706,10,405,2025-04-10,2025-04-13,Checked Out,2025-04-07 00:00:00
RES-82FEF08BC6,1087,1,18,18/10/2024,27/10/2024,checked-out,2024-10-11 00:00:00
RES-43D60C35A3,648,15,636,18/08/2024,08-23-2024,confirmed,2024-06-21 00:00:00
RES-CAC0EDFC6B,712,11,457,10-06-2026,07-Oct-2026,Confirmed,2026-08-24 00:00:00
RES-FE53F479FF,615,12,499,18/07/2025,28/07/2025,Checked Out,2025-06-13 00:00:00
RES-072C296DA9,1012,2,49,2026/06/08,09-Jun-2026,checked-out,03/05/2026 00:00
RES-7B84B19197,776,7,284,2025/11/22,2025/12/02,CI,2025-10-12 00:00:00
RES-D7752C954B,168,15,650,04-20-2026,04-25-2026,checked-out,29/03/2026 00:00
RES-643CE8547E,410,9,389,22-Jul-2026,07-23-2026,canceled,18/07/2026 00:00
